JENIS,NOFAKTUR,TGL,NOSO,TUTUPSO,JATUHTEMPO,KODECUSTOMER,NAMACUSTOMER,ALAMATCUSTOMER,KODESALESMAN,NAMASALESMAN,KODEGUDANG,NAMAGUDANG,KODEBARANG,NAMABARANG,QTY,HARGAJUAL,SATUANKECIL,PDISCOUNTITEM,PDISCOUNTITEM2,PDISCOUNTITEM3,DISCOUNTITEM,NETTO,KETERANGAN,KODESUPLIER,NAMASUPLIER
JUAL,261.005.418,11/05/2026 0:00,2605060123,T,,H.343,BAROS JAYA,JL.RH DIDI SUKARDI 156 SUKABUMI,H,YANSENG,1,GUDANG BAIK,2200139,Kingkong Wall Paint Super White 4.5Kg,40.00,"84,000.00",GLN,7.50,0.00,0.00,"252,000.00","3,108,000.00",,1,"INDOWIRA, PT"
JUAL,261.005.421,11/05/2026 0:00,2605080215,T,,H.733C,SUMBER USAHA,GUNUNG PUTRI,H,YANSENG,1,GUDANG BAIK,2104192,Wiratex Wall Paint Super White 5KG,40.00,"93,000.00",GL,7.50,0.00,0.00,"279,000.00","3,441,000.00",,1,"INDOWIRA, PT"
JUAL,261.005.421,11/05/2026 0:00,2605080215,T,,H.733C,SUMBER USAHA,GUNUNG PUTRI,H,YANSENG,1,GUDANG BAIK,2104113,Wiratex Wall Paint 806 Cream 25 KG,2.00,"435,000.00",PL,7.50,0.00,0.00,"65,250.00","804,750.00",,1,"INDOWIRA, PT"
JUAL,261.005.422,11/05/2026 0:00,2605070161,T,,N.966,CV.KARYA BAJA ESTETIKA,ARIA WIRATANU DATAR NO.25 RT.20 RW.003 MUKA CIANJUR,13,BU RINI,1,GUDANG BAIK,2100049,Adler Polyester Putty 3002  1 KG SET,36.00,"72,000.00",KL,0.00,0.00,0.00,0.00,"2,592,000.00",,1,"INDOWIRA, PT"
JUAL,261.005.423,11/05/2026 0:00,2605110237,T,,H.729,DUNIA BANGUNAN,JL.TUMENGGUNG WIRADIREJA RT.02 RW07 CIMAHFAR BOGOR UTARA,H,YANSENG,1,GUDANG BAIK,2103810,Shintex Cat Genteng 301 Black 4KG,4.00,"204,000.00",GLN,7.50,0.00,0.00,"61,200.00","754,800.00",,1,"INDOWIRA, PT"
JUAL,261.005.424,11/05/2026 0:00,2605110265,T,,D.131,SINAR MAS,TKI III D4 NO.17,D,WILLY,1,GUDANG BAIK,2104147,Wiratex Wall Paint Putih Salju 25 KG,5.00,"435,000.00",PL,7.50,0.00,0.00,"163,125.00","2,011,875.00",,1,"INDOWIRA, PT"
JUAL,262.000.613,11/05/2026 0:00,2605110236,T,,G.199,PULAU INDAH,JL.VETERAN PAMANUKAN,C,YONATHAN,1,GUDANG BAIK,2300024,Kingkong Wall Paint 126 Bali Gr 4.5KG,4.00,"84,000.00",GLN,7.50,0.00,0.00,"25,200.00","310,800.00",U/PENGGANTI TUKARAN,1,"INDOWIRA, PT"
JUAL,262.000.614,11/05/2026 0:00,2605110232,T,,K.323,TK.SINAR SURYA,JL.TERUSAN PASIR KOJA NO.108 A SEBELAH MATERIAL NANJUNG,R,SIMON QIRENE,1,GUDANG BAIK,2104937,Bonus Kuas,4.00,0.00,PCS,0.00,0.00,0.00,0.00,0.00,,1,"INDOWIRA, PT"
JUAL,262.000.614,11/05/2026 0:00,2605110232,T,,K.323,TK.SINAR SURYA,JL.TERUSAN PASIR KOJA NO.108 A SEBELAH MATERIAL NANJUNG,R,SIMON QIRENE,1,GUDANG BAIK,2104949,Bonus Roller,2.00,0.00,PCS,0.00,0.00,0.00,0.00,0.00,,1,"INDOWIRA, PT"
JUAL,262.000.615,11/05/2026 0:00,2605040041,T,,M.108,TISNA(OPLOSAN),,M,UMUM,1,GUDANG BAIK,2103145,Petalac Thinner PU  1 LTR,1.00,0.00,KL,0.00,0.00,0.00,0.00,0.00,,1,"INDOWIRA, PT"
JUAL,262.000.616,11/05/2026 0:00,2605110246,T,,M.104,DEPO KUNINGAN,,M,UMUM,1,GUDANG BAIK,2104175,Wiratex Wall Paint 834 Warm Gr 5KG,2.00,"93,000.00",GL,10.00,10.00,2.00,"38,353.20","147,646.80",PO26050041 KIOS 60,1,"INDOWIRA, PT"
JUAL,262.000.616,11/05/2026 0:00,2605110246,T,,M.104,DEPO KUNINGAN,,M,UMUM,1,GUDANG BAIK,2200166,Kingkong Wall paint Black 4.5KG,2.00,"84,000.00",GLN,10.00,10.00,2.00,"34,641.60","133,358.40",PO26050041 KIOS 60,1,"INDOWIRA, PT"
JUAL,262.000.616,11/05/2026 0:00,2605110246,T,,M.104,DEPO KUNINGAN,,M,UMUM,1,GUDANG BAIK,2200331,Kingkong Wall Paint 116 Orchid 4.5KG,2.00,"84,000.00",GLN,10.00,10.00,2.00,"34,641.60","133,358.40",PO26050041 KIOS 60,1,"INDOWIRA, PT"
JUAL,262.000.616,11/05/2026 0:00,2605110246,T,,M.104,DEPO KUNINGAN,,M,UMUM,1,GUDANG BAIK,2200250,Kingkong Wall Paint 124 Blue La 4.5KG,2.00,"84,000.00",GLN,10.00,10.00,2.00,"34,641.60","133,358.40",PO26050041 KIOS 60,1,"INDOWIRA, PT"
JUAL,262.000.617,11/05/2026 0:00,2605110247,T,,M.104,DEPO KUNINGAN,,M,UMUM,1,GUDANG BAIK,2102061,Meiji Zinc Chromate Primer  1 KG,6.00,"57,500.00",KL,10.00,10.00,2.00,"71,139.00","273,861.00",PO26050036 BUDI AGUNG,1,"INDOWIRA, PT"
JUAL,262.000.618,11/05/2026 0:00,2605110249,T,,N.970,CIMENTENG MOTOR,JL.ARIA WIRATANU DATAR CIANJUR,13,BU RINI,1,GUDANG BAIK,2102178,Mascot Wall Paint Super White 5 KG,1.00,0.00,GLN,0.00,0.00,0.00,0.00,0.00,U/SAMPLE,1,"INDOWIRA, PT"
JUAL,262.000.619,11/05/2026 0:00,2605080215,T,,H.733C,SUMBER USAHA,GUNUNG PUTRI,H,YANSENG,1,GUDANG BAIK,2104937,Bonus Kuas,12.00,0.00,PCS,0.00,0.00,0.00,0.00,0.00,,1,"INDOWIRA, PT"
JUAL,261.005.435,12/05/2026 0:00,2605120271,T,,L.125,TSJ AUTO,TRS.BUAH BATU NO.32,L,RUDI *,1,GUDANG BAIK,2105139,DALTONE CLEAR COAT HS8021 1.5LTS,1.00,"220,000.00",KL,10.00,0.00,0.00,"22,000.00","198,000.00",,1,"INDOWIRA, PT"
JUAL,261.005.436,12/05/2026 0:00,2605110264,T,,G.519,TB.CAHAYA FAMILY,JL.KOLMAS GG.SARI LAKSANA NO.4 PARONGPON,G,JULIANTO,1,GUDANG BAIK,2104184,Wiratex Wall Paint 849 5KG,4.00,"93,000.00",GL,7.50,0.00,0.00,"27,900.00","344,100.00",,1,"INDOWIRA, PT"
JUAL,261.005.436,12/05/2026 0:00,2605110264,T,,G.519,TB.CAHAYA FAMILY,JL.KOLMAS GG.SARI LAKSANA NO.4 PARONGPON,G,JULIANTO,1,GUDANG BAIK,2104186,Wiratex Wall paint 851 5KG,4.00,"93,000.00",GL,7.50,0.00,0.00,"27,900.00","344,100.00",,1,"INDOWIRA, PT"
JUAL,261.005.436,12/05/2026 0:00,2605110264,T,,G.519,TB.CAHAYA FAMILY,JL.KOLMAS GG.SARI LAKSANA NO.4 PARONGPON,G,JULIANTO,1,GUDANG BAIK,2104164,Wiratex Wall Paint 822 Palazo 5KG,4.00,"93,000.00",GL,7.50,0.00,0.00,"27,900.00","344,100.00",,1,"INDOWIRA, PT"
JUAL,261.005.436,12/05/2026 0:00,2605110264,T,,G.519,TB.CAHAYA FAMILY,JL.KOLMAS GG.SARI LAKSANA NO.4 PARONGPON,G,JULIANTO,1,GUDANG BAIK,2104163,Wiratex Wall Paint 820 Apple W 5KG,4.00,"93,000.00",GL,7.50,0.00,0.00,"27,900.00","344,100.00",,1,"INDOWIRA, PT"
JUAL,261.005.436,12/05/2026 0:00,2605110264,T,,G.519,TB.CAHAYA FAMILY,JL.KOLMAS GG.SARI LAKSANA NO.4 PARONGPON,G,JULIANTO,1,GUDANG BAIK,2104171,Wiratex Wall Paint 830 Blue Be 5KG,4.00,"93,000.00",GL,7.50,0.00,0.00,"27,900.00","344,100.00",,1,"INDOWIRA, PT"
JUAL,261.005.436,12/05/2026 0:00,2605110264,T,,G.519,TB.CAHAYA FAMILY,JL.KOLMAS GG.SARI LAKSANA NO.4 PARONGPON,G,JULIANTO,1,GUDANG BAIK,2104180,Wiratex Wall Paint 845 River S 5KG,4.00,"93,000.00",GL,7.50,0.00,0.00,"27,900.00","344,100.00",,1,"INDOWIRA, PT"
JUAL,261.005.436,12/05/2026 0:00,2605110264,T,,G.519,TB.CAHAYA FAMILY,JL.KOLMAS GG.SARI LAKSANA NO.4 PARONGPON,G,JULIANTO,1,GUDANG BAIK,2104191,Wiratex Wall Paint Putih Salju 5KG,20.00,"93,000.00",GL,7.50,0.00,0.00,"139,500.00","1,720,500.00",,1,"INDOWIRA, PT"
JUAL,261.005.436,12/05/2026 0:00,2605110264,T,,G.519,TB.CAHAYA FAMILY,JL.KOLMAS GG.SARI LAKSANA NO.4 PARONGPON,G,JULIANTO,1,GUDANG BAIK,2104192,Wiratex Wall Paint Super White 5KG,20.00,"93,000.00",GL,7.50,0.00,0.00,"139,500.00","1,720,500.00",,1,"INDOWIRA, PT"
JUAL,261.005.436,12/05/2026 0:00,2605110264,T,,G.519,TB.CAHAYA FAMILY,JL.KOLMAS GG.SARI LAKSANA NO.4 PARONGPON,G,JULIANTO,1,GUDANG BAIK,2104113,Wiratex Wall Paint 806 Cream 25 KG,1.00,"435,000.00",PL,7.50,0.00,0.00,"32,625.00","402,375.00",,1,"INDOWIRA, PT"
JUAL,261.005.436,12/05/2026 0:00,2605110264,T,,G.519,TB.CAHAYA FAMILY,JL.KOLMAS GG.SARI LAKSANA NO.4 PARONGPON,G,JULIANTO,1,GUDANG BAIK,2104147,Wiratex Wall Paint Putih Salju 25 KG,5.00,"435,000.00",PL,7.50,0.00,0.00,"163,125.00","2,011,875.00",,1,"INDOWIRA, PT"
JUAL,261.005.436,12/05/2026 0:00,2605110264,T,,G.519,TB.CAHAYA FAMILY,JL.KOLMAS GG.SARI LAKSANA NO.4 PARONGPON,G,JULIANTO,1,GUDANG BAIK,2104148,Wiratex Wall Paint Super White 25 KG,5.00,"435,000.00",PL,7.50,0.00,0.00,"163,125.00","2,011,875.00",,1,"INDOWIRA, PT"
JUAL,261.005.437,12/05/2026 0:00,2605110260,T,,J.611,SINAR WARNA,MOH TOHA 250C,L,RUDI *,1,GUDANG BAIK,2100049,Adler Polyester Putty 3002  1 KG SET,48.00,"72,000.00",KL,10.00,0.00,0.00,"345,600.00","3,110,400.00",,1,"INDOWIRA, PT"
JUAL,261.005.438,12/05/2026 0:00,2605110259,T,,N.136,CAPRIFARMINDO,JL.PURNAWARMAN NO.47,13,BU RINI,1,GUDANG BAIK,2102076,Meiji Zinc Chromate Primer  5 KG,2.00,"258,000.00",GLN,7.50,0.00,0.00,"38,700.00","477,300.00",U/P.NASRUL HIDAYAT,1,"INDOWIRA, PT"
JUAL,261.005.439,12/05/2026 0:00,2605120273,T,,N.666,PT.ALMEGA JAYA,JL.SEKEKUKUMBUNG 77,13,BU RINI,1,GUDANG BAIK,2101915,Meiji Epoxy Filler  1 LTR SET,10.00,"93,000.00",KL,0.00,0.00,0.00,0.00,"930,000.00",,1,"INDOWIRA, PT"
JUAL,261.005.440,12/05/2026 0:00,2605080204,T,,K.405,MAESTRO LAMP,JL.SASTRA NO.3,L,RUDI *,1,GUDANG BAIK,2101363,Crystal Coat Candytone Copper 1Lts,2.00,"700,000.00",KL,10.00,0.00,0.00,"140,000.00","1,260,000.00",,1,"INDOWIRA, PT"
JUAL,261.005.441,12/05/2026 0:00,2605040028,T,,R.571,PERUM BUMI CITRA INDAH 4,CIPATIK,R,SIMON QIRENE,1,GUDANG BAIK,2102109,Mascot Wall Paint Super White 200 KG,2.00,"1,620,000.00",DRM,0.00,0.00,0.00,0.00,"3,240,000.00",,1,"INDOWIRA, PT"
JUAL,261.005.442,12/05/2026 0:00,2605060115,T,,R.571,PERUM BUMI CITRA INDAH 4,CIPATIK,R,SIMON QIRENE,1,GUDANG BAIK,2105145,SHINTEX WALL PAINT 999 ADINDA 200KG,5.00,"3,172,500.00",DRUM,0.00,0.00,0.00,0.00,"15,862,500.00",,1,"INDOWIRA, PT"
JUAL,261.005.443,12/05/2026 0:00,2605110241,T,,D.507,INTI LOGAM,PASAR ATAS 38,U,GANIS,1,GUDANG BAIK,2101915,Meiji Epoxy Filler  1 LTR SET,12.00,"93,000.00",KL,7.50,0.00,0.00,"83,700.00","1,032,300.00",,1,"INDOWIRA, PT"
JUAL,261.005.443,12/05/2026 0:00,2605110241,T,,D.507,INTI LOGAM,PASAR ATAS 38,U,GANIS,1,GUDANG BAIK,2101917,Meiji Epoxy Filler White 1 LTR SET,12.00,"93,000.00",KL,7.50,0.00,0.00,"83,700.00","1,032,300.00",,1,"INDOWIRA, PT"
JUAL,261.005.444,12/05/2026 0:00,2605110252,T,,J.511,YANTO/ADIKREASI,JL.CIHANJUANG 253,J,FRANSISKUS,1,GUDANG BAIK,2102837,Petalac 2K PU Hardener Normal  200CC,1.00,"67,710.00",KL,10.00,0.00,0.00,"6,771.00","60,939.00",,1,"INDOWIRA, PT"
JUAL,261.005.444,12/05/2026 0:00,2605110252,T,,J.511,YANTO/ADIKREASI,JL.CIHANJUANG 253,J,FRANSISKUS,1,GUDANG BAIK,2200046,Petalac 2K PU Clear Gloss Base 0.8LT,1.00,"133,200.00",KL,10.00,0.00,0.00,"13,320.00","119,880.00",,1,"INDOWIRA, PT"
JUAL,261.005.444,12/05/2026 0:00,2605110252,T,,J.511,YANTO/ADIKREASI,JL.CIHANJUANG 253,J,FRANSISKUS,1,GUDANG BAIK,2102840,Petalac 2K PU Hardener Special  200 CC,1.00,"67,710.00",KL,10.00,0.00,0.00,"6,771.00","60,939.00",,1,"INDOWIRA, PT"
JUAL,261.005.444,12/05/2026 0:00,2605110252,T,,J.511,YANTO/ADIKREASI,JL.CIHANJUANG 253,J,FRANSISKUS,1,GUDANG BAIK,2200050,"Petalac 2K PU Clear Matt MV3 Base 0,8Lt",1.00,"138,750.00",KL,10.00,0.00,0.00,"13,875.00","124,875.00",,1,"INDOWIRA, PT"
JUAL,261.005.445,12/05/2026 0:00,2605080218,T,,L.428,DERISYA INTERIOR U/P.UJANG RUS,KAMP.CUKANG KAWUNG NO.33 DS.PAKUHAJI NGAMPRAH KETUA RT.04/05,L,RUDI *,1,GUDANG BAIK,2102837,Petalac 2K PU Hardener Normal  200CC,17.00,"61,000.00",KL,10.00,0.00,0.00,"103,700.00","933,300.00",,1,"INDOWIRA, PT"
JUAL,261.005.445,12/05/2026 0:00,2605080218,T,,L.428,DERISYA INTERIOR U/P.UJANG RUS,KAMP.CUKANG KAWUNG NO.33 DS.PAKUHAJI NGAMPRAH KETUA RT.04/05,L,RUDI *,1,GUDANG BAIK,2600089,Petalac 2K PU CO Base DX Stone Harbor Matt 0.8L,17.00,"160,000.00",KL,10.00,0.00,0.00,"272,000.00","2,448,000.00",,1,"INDOWIRA, PT"
JUAL,261.005.445,12/05/2026 0:00,2.605.080.218,T,,L.428,DERISYA INTERIOR U/P.UJANG RUS,KAMP.CUKANG KAWUNG NO.33 DS.PAKUHAJI NGAMPRAH KETUA RT.04/05,L,RUDI *,1,GUDANG BAIK,2103148,Petalac Thinner PU  20 LTR,1.00,"1,084,500.00",JRG,0.00,0.00,0.00,0.00,"1,084,500.00",,1,"INDOWIRA, PT"
JUAL,261.005.446,12/05/2026 0:00,2605080188,T,,L.428,DERISYA INTERIOR U/P.UJANG RUS,KAMP.CUKANG KAWUNG NO.33 DS.PAKUHAJI NGAMPRAH KETUA RT.04/05,L,RUDI *,1,GUDANG BAIK,2102837,Petalac 2K PU Hardener Normal  200CC,10.00,"61,000.00",KL,10.00,0.00,0.00,"61,000.00","549,000.00",,1,"INDOWIRA, PT"
JUAL,261.005.446,12/05/2026 0:00,2605080188,T,,L.428,DERISYA INTERIOR U/P.UJANG RUS,KAMP.CUKANG KAWUNG NO.33 DS.PAKUHAJI NGAMPRAH KETUA RT.04/05,L,RUDI *,1,GUDANG BAIK,2200178,Petalac 2K PU Colour Special White Satin Base 0.8L,10.00,"148,000.00",KL,10.00,0.00,0.00,"148,000.00","1,332,000.00",,1,"INDOWIRA, PT"
JUAL,261.005.447,12/05/2026 0:00,2605120272,T,,N.663,PT.MAHA MEGA JAYA,JL.PEMUDA CIJATI MAJALENGKA,13,BU RINI,1,GUDANG BAIK,2103519,Petalux Wall Paint 608 Butter 25 KG,1.00,"800,000.00",PL,0.00,0.00,0.00,0.00,"800,000.00",K/ALMEGA JAYA,1,"INDOWIRA, PT"
JUAL,261.005.448,12/05/2026 0:00,2.605.080.205,T,,C.506,INDAH,KALIPAH APO 96,Y,KEN - Y,1,GUDANG BAIK,2104075,Tawon Kembang Meni Kayu & Besi  4.5 KG,4.00,"220,000.00",GLN,7.50,0.00,0.00,"66,000.00","814,000.00",,1,"INDOWIRA, PT"
JUAL,261.005.449,12/05/2026 0:00,2605060116,T,,K.527,PT.AKD,SADANG,14,DEPO BANDUNG,1,GUDANG BAIK,2600045,Petalac 2K PU CO Base White On White 0.8LT,18.00,"155,000.00",KL,10.00,0.00,0.00,"279,000.00","2,511,000.00",,1,"INDOWIRA, PT"
JUAL,261.005.450,12/05/2026 0:00,2605110254,T,,K.527,PT.AKD,SADANG,14,DEPO BANDUNG,1,GUDANG BAIK,2102837,Petalac 2K PU Hardener Normal  200CC,6.00,"61,000.00",KL,10.00,0.00,0.00,"36,600.00","329,400.00",,1,"INDOWIRA, PT"
JUAL,261.005.450,12/05/2026 0:00,2605110254,T,,K.527,PT.AKD,SADANG,14,DEPO BANDUNG,1,GUDANG BAIK,2100049,Adler Polyester Putty 3002  1 KG SET,60.00,"72,000.00",KL,10.00,0.00,0.00,"432,000.00","3,888,000.00",,1,"INDOWIRA, PT"
JUAL,261.005.450,12/05/2026 0:00,2605110254,T,,K.527,PT.AKD,SADANG,14,DEPO BANDUNG,1,GUDANG BAIK,2200071,Petalac 2K PU Colour P.002 Black Base 0.8Lt,6.00,"140,000.00",KL,10.00,0.00,0.00,"84,000.00","756,000.00",,1,"INDOWIRA, PT"
JUAL,261.005.451,12/05/2026 0:00,2605080199,T,,N.100,PROYEK BU RINI,,13,BU RINI,1,GUDANG BAIK,2103700,Petalux Wall Paint 643 Irish W 5KG,1.00,"168,000.00",GLN,5.00,0.00,0.00,"8,400.00","159,600.00",BU NOVI / FAJAR INDAH,1,"INDOWIRA, PT"
JUAL,261.005.452,12/05/2026 0:00,2605070169,T,,N.790,PADI HIJAU BUANA,GUDANG 5 PATARUMAN,14,DEPO BANDUNG,1,GUDANG BAIK,2600088,Attaboy Weatherguard CM11268 IW Orange PHB 20LT,3.00,"4,083,000.00",PAIL,10.00,10.00,10.00,"3,319,479.00","8,929,521.00",,1,"INDOWIRA, PT"
JUAL,261.005.452,12/05/2026 0:00,2605070169,T,,N.790,PADI HIJAU BUANA,GUDANG 5 PATARUMAN,14,DEPO BANDUNG,1,GUDANG BAIK,2100933,Attaboy Weatherguard NCS S3560-R90B,4.00,"2,817,000.00",PL,10.00,10.00,10.00,"3,053,628.00","8,214,372.00",,1,"INDOWIRA, PT"
JUAL,261.005.452,12/05/2026 0:00,2605070169,T,,N.790,PADI HIJAU BUANA,GUDANG 5 PATARUMAN,14,DEPO BANDUNG,1,GUDANG BAIK,2105310,ATTABOY WEATHERGUARD NCS S 4500N 20LT,5.00,"2,535,000.00",PL,10.00,10.00,10.00,"3,434,925.00","9,240,075.00",,1,"INDOWIRA, PT"
JUAL,261.005.459,12/05/2026 0:00,2605050075,T,,D.211,KARYA AGUNG,LEUWIGAJAH 55,G,JULIANTO,1,GUDANG BAIK,2102066,Meiji Zinc Chromate Primer  20 KG,1.00,"962,000.00",PL,7.50,0.00,0.00,"72,150.00","889,850.00",,1,"INDOWIRA, PT"
JUAL,261.005.460,12/05/2026 0:00,2605050092,T,,N.136,CAPRIFARMINDO,JL.PURNAWARMAN NO.47,13,BU RINI,1,GUDANG BAIK,2600085,SHINTEX SYNTETIX ENAMEL 102 LIGHT GREY 20LT,3.00,"1,450,000.00",PAIL,0.00,0.00,0.00,0.00,"4,350,000.00",U/P.BUKHORI,1,"INDOWIRA, PT"
JUAL,261.005.461,12/05/2026 0:00,2605050092,T,,N.136,CAPRIFARMINDO,JL.PURNAWARMAN NO.47,13,BU RINI,1,GUDANG BAIK,2600085,SHINTEX SYNTETIX ENAMEL 102 LIGHT GREY 20LT,3.00,"1,450,000.00",PAIL,0.00,0.00,0.00,0.00,"4,350,000.00",U/P.BUKHORI,1,"INDOWIRA, PT"
JUAL,261.005.462,12/05/2026 0:00,2605120276,T,,J.100,INDUSTRI/FRANSISKUS,,J,FRANSISKUS,1,GUDANG BAIK,2103735,Petalux Wall Paint Putih hemat 06 5KG,1.00,"168,000.00",GLN,0.00,0.00,0.00,0.00,"168,000.00",CAFE MIMITI - JLCILIWUNG,1,"INDOWIRA, PT"
JUAL,261.005.463,12/05/2026 0:00,2605040062,T,,GB.50,TB.AFIYAT II,JL.RAYA BOJONG SAWIT PURWAKARTA 026-7015426,G,JULIANTO,1,GUDANG BAIK,2100011,AlFa Polyester Putty  3KG,24.00,"120,000.00",GLN,5.00,0.00,0.00,"144,000.00","2,736,000.00",,1,"INDOWIRA, PT"
JUAL,261.005.464,12/05/2026 0:00,2605110263,T,,GB.23,TB.SKJ,JL.RAYA CITALANG TEGAL WARU PLERED PWK,G,JULIANTO,1,GUDANG BAIK,2100011,AlFa Polyester Putty  3KG,36.00,"120,000.00",GLN,5.00,0.00,0.00,"216,000.00","4,104,000.00",,1,"INDOWIRA, PT"
JUAL,261.005.465,12/05/2026 0:00,2605110250,T,,G.111,BARAYA,PLERED,G,JULIANTO,1,GUDANG BAIK,2100011,AlFa Polyester Putty  3KG,30.00,"120,000.00",GLN,5.00,0.00,0.00,"180,000.00","3,420,000.00",.,1,"INDOWIRA, PT"
JUAL,261.005.467,12/05/2026 0:00,2605110261,T,,H.733D,SUMBER USAHA,KARAWANG TIMUR,H,YANSENG,1,GUDANG BAIK,2102076,Meiji Zinc Chromate Primer  5 KG,16.00,"258,000.00",GLN,7.50,0.00,0.00,"309,600.00","3,818,400.00",,1,"INDOWIRA, PT"
JUAL,261.005.467,12/05/2026 0:00,2605110261,T,,H.733D,SUMBER USAHA,KARAWANG TIMUR,H,YANSENG,1,GUDANG BAIK,2200139,Kingkong Wall Paint Super White 4.5Kg,16.00,"84,000.00",GLN,7.50,0.00,0.00,"100,800.00","1,243,200.00",,1,"INDOWIRA, PT"
JUAL,261.005.467,12/05/2026 0:00,2605110261,T,,H.733D,SUMBER USAHA,KARAWANG TIMUR,H,YANSENG,1,GUDANG BAIK,2102066,Meiji Zinc Chromate Primer  20 KG,5.00,"962,000.00",PL,7.50,0.00,0.00,"360,750.00","4,449,250.00",,1,"INDOWIRA, PT"
JUAL,261.005.468,12/05/2026 0:00,2605050080,T,,G.171,SAUYUNAN,BY PASS BARU KRW,G,JULIANTO,1,GUDANG BAIK,2200139,Kingkong Wall Paint Super White 4.5Kg,16.00,"84,000.00",GLN,7.50,0.00,0.00,"100,800.00","1,243,200.00",,1,"INDOWIRA, PT"
JUAL,261.005.470,12/05/2026 0:00,2605110262,T,,GE.101,PD.MW,JL.CITEKO PLERED,G,JULIANTO,1,GUDANG BAIK,2100011,AlFa Polyester Putty  3KG,18.00,"120,000.00",GLN,5.00,0.00,0.00,"108,000.00","2,052,000.00",,1,"INDOWIRA, PT"
JUAL,261.005.470,12/05/2026 0:00,2605110262,T,,GE.101,PD.MW,JL.CITEKO PLERED,G,JULIANTO,1,GUDANG BAIK,2100006,Alfa Polyester Putty  1 KG,24.00,"47,500.00",KL,5.00,0.00,0.00,"57,000.00","1,083,000.00",,1,"INDOWIRA, PT"
JUAL,261.005.471,12/05/2026 0:00,2605040053,T,,GE.103,WARNA WARNI,JL.JEND A YANI NO.130 PURWAKARTA,G,JULIANTO,1,GUDANG BAIK,2100011,AlFa Polyester Putty  3KG,60.00,"120,000.00",GLN,5.00,0.00,0.00,"360,000.00","6,840,000.00",,1,"INDOWIRA, PT"
JUAL,261.005.471,12/05/2026 0:00,2605040053,T,,GE.103,WARNA WARNI,JL.JEND A YANI NO.130 PURWAKARTA,G,JULIANTO,1,GUDANG BAIK,2300100,Daltone PU Base Coat D010 White 1Lt,6.00,"165,000.00",KL,5.00,0.00,0.00,"49,500.00","940,500.00",,1,"INDOWIRA, PT"
JUAL,261.005.471,12/05/2026 0:00,2605040053,T,,GE.103,WARNA WARNI,JL.JEND A YANI NO.130 PURWAKARTA,G,JULIANTO,1,GUDANG BAIK,2300181,Daltone PU Base Coat D021 Tinting Black 1Lt,6.00,"165,000.00",KL,5.00,0.00,0.00,"49,500.00","940,500.00",,1,"INDOWIRA, PT"
JUAL,261.005.472,12/05/2026 0:00,2603310709,T,,G.138,JAYA,RENGAS DENGKLOK,G,JULIANTO,1,GUDANG BAIK,2103693,Petalux Wall Paint 6333 5KG,4.00,"158,000.00",GLN,7.50,0.00,0.00,"47,400.00","584,600.00",,1,"INDOWIRA, PT"
JUAL,261.005.472,12/05/2026 0:00,2603310709,T,,G.138,JAYA,RENGAS DENGKLOK,G,JULIANTO,1,GUDANG BAIK,2103655,Petalux Wall Paint 612 Cream 5KG,4.00,"158,000.00",GLN,7.50,0.00,0.00,"47,400.00","584,600.00",,1,"INDOWIRA, PT"
JUAL,261.005.472,12/05/2026 0:00,2603310709,T,,G.138,JAYA,RENGAS DENGKLOK,G,JULIANTO,1,GUDANG BAIK,2103681,Petalux Wall Paint 6320 Fresh 5KG,4.00,"158,000.00",GLN,7.50,0.00,0.00,"47,400.00","584,600.00",,1,"INDOWIRA, PT"
JUAL,261.005.472,12/05/2026 0:00,2603310709,T,,G.138,JAYA,RENGAS DENGKLOK,G,JULIANTO,1,GUDANG BAIK,2103666,Petalux Wall Paint 6305 Hazel 5KG,4.00,"158,000.00",GLN,7.50,0.00,0.00,"47,400.00","584,600.00",,1,"INDOWIRA, PT"
JUAL,261.005.472,12/05/2026 0:00,2603310709,T,,G.138,JAYA,RENGAS DENGKLOK,G,JULIANTO,1,GUDANG BAIK,2103683,Petalux Wall Paint 6322 Earl g 5KG,4.00,"158,000.00",GLN,7.50,0.00,0.00,"47,400.00","584,600.00",,1,"INDOWIRA, PT"
JUAL,261.005.472,12/05/2026 0:00,2603310709,T,,G.138,JAYA,RENGAS DENGKLOK,G,JULIANTO,1,GUDANG BAIK,2103667,Petalux Wall Paint 6306 Orange 5KG,4.00,"158,000.00",GLN,7.50,0.00,0.00,"47,400.00","584,600.00",,1,"INDOWIRA, PT"
JUAL,261.005.472,12/05/2026 0:00,2603310709,T,,G.138,JAYA,RENGAS DENGKLOK,G,JULIANTO,1,GUDANG BAIK,2103669,Petalux Wall Paint 6308 Golden 5KG,4.00,"158,000.00",GLN,7.50,0.00,0.00,"47,400.00","584,600.00",,1,"INDOWIRA, PT"
JUAL,261.005.472,12/05/2026 0:00,2603310709,T,,G.138,JAYA,RENGAS DENGKLOK,G,JULIANTO,1,GUDANG BAIK,2103700,Petalux Wall Paint 643 Irish W 5KG,8.00,"158,000.00",GLN,7.50,0.00,0.00,"94,800.00","1,169,200.00",,1,"INDOWIRA, PT"
JUAL,261.005.472,12/05/2026 0:00,2603310709,T,,G.138,JAYA,RENGAS DENGKLOK,G,JULIANTO,1,GUDANG BAIK,2103708,Petalux Wall Paint 674 Valenti 5KG,4.00,"158,000.00",GLN,7.50,0.00,0.00,"47,400.00","584,600.00",,1,"INDOWIRA, PT"
JUAL,261.005.473,12/05/2026 0:00,2603310709,T,,G.138,JAYA,RENGAS DENGKLOK,G,JULIANTO,1,GUDANG BAIK,2103552,PETALUX WALL PAINT 6326 Pinky 25 KG,1.00,"765,000.00",PL,7.50,0.00,0.00,"57,375.00","707,625.00",,1,"INDOWIRA, PT"
JUAL,261.005.473,12/05/2026 0:00,2603310709,T,,G.138,JAYA,RENGAS DENGKLOK,G,JULIANTO,1,GUDANG BAIK,2103546,Petalux Wall Paint 6320 Fresh 25 KG,1.00,"765,000.00",PL,7.50,0.00,0.00,"57,375.00","707,625.00",,1,"INDOWIRA, PT"
JUAL,261.005.473,12/05/2026 0:00,2603310709,T,,G.138,JAYA,RENGAS DENGKLOK,G,JULIANTO,1,GUDANG BAIK,2103541,Petalux Wall Paint 6316 Spring 25 KG,1.00,"765,000.00",PL,7.50,0.00,0.00,"57,375.00","707,625.00",,1,"INDOWIRA, PT"
JUAL,261.005.473,12/05/2026 0:00,2603310709,T,,G.138,JAYA,RENGAS DENGKLOK,G,JULIANTO,1,GUDANG BAIK,2103544,Petalux Wall Paint 6319 Golden 25 KG,1.00,"765,000.00",PL,7.50,0.00,0.00,"57,375.00","707,625.00",,1,"INDOWIRA, PT"
JUAL,261.005.474,12/05/2026 0:00,2605070155,T,,G.129,GUNUNG MAS,JL.TARUMA NEGARA ARAH TOL KRW BARAT,G,JULIANTO,1,GUDANG BAIK,2300315,Shintex Base A 25KG,5.00,"520,000.00",PAIL,12.50,0.00,0.00,"325,000.00","2,275,000.00",,1,"INDOWIRA, PT"
JUAL,261.005.474,12/05/2026 0:00,2605070155,T,,G.129,GUNUNG MAS,JL.TARUMA NEGARA ARAH TOL KRW BARAT,G,JULIANTO,1,GUDANG BAIK,2300317,Shintex Base B 25KG,3.00,"485,000.00",PAIL,12.50,0.00,0.00,"181,875.00","1,273,125.00",,1,"INDOWIRA, PT"
JUAL,261.005.474,12/05/2026 0:00,2605070155,T,,G.129,GUNUNG MAS,JL.TARUMA NEGARA ARAH TOL KRW BARAT,G,JULIANTO,1,GUDANG BAIK,2300319,Shintex Base C 25KG,3.00,"433,000.00",PAIL,12.50,0.00,0.00,"162,375.00","1,136,625.00",,1,"INDOWIRA, PT"
JUAL,261.005.474,12/05/2026 0:00,2605070155,T,,G.129,GUNUNG MAS,JL.TARUMA NEGARA ARAH TOL KRW BARAT,G,JULIANTO,1,GUDANG BAIK,2300314,Shintex Base A 5KG,20.00,"120,000.00",GLN,12.50,0.00,0.00,"300,000.00","2,100,000.00",,1,"INDOWIRA, PT"
JUAL,261.005.474,12/05/2026 0:00,2605070155,T,,G.129,GUNUNG MAS,JL.TARUMA NEGARA ARAH TOL KRW BARAT,G,JULIANTO,1,GUDANG BAIK,2300316,Shintex Base B 5KG,12.00,"110,000.00",GLN,12.50,0.00,0.00,"165,000.00","1,155,000.00",,1,"INDOWIRA, PT"
JUAL,261.005.474,12/05/2026 0:00,2605070155,T,,G.129,GUNUNG MAS,JL.TARUMA NEGARA ARAH TOL KRW BARAT,G,JULIANTO,1,GUDANG BAIK,2300318,Shintex Base C 5KG,8.00,"100,000.00",GLN,12.50,0.00,0.00,"100,000.00","700,000.00",,1,"INDOWIRA, PT"
JUAL,261.005.474,12/05/2026 0:00,2605070155,T,,G.129,GUNUNG MAS,JL.TARUMA NEGARA ARAH TOL KRW BARAT,G,JULIANTO,1,GUDANG BAIK,2300334,Attaboy Colorant Bright Red HL 1Liter,1.00,"860,000.00",KL,0.00,0.00,0.00,0.00,"860,000.00",,1,"INDOWIRA, PT"
JUAL,261.005.475,12/05/2026 0:00,2603310711,T,,G.129,GUNUNG MAS,JL.TARUMA NEGARA ARAH TOL KRW BARAT,G,JULIANTO,1,GUDANG BAIK,2300317,Shintex Base B 25KG,1.00,"485,000.00",PAIL,12.50,0.00,0.00,"60,625.00","424,375.00",,1,"INDOWIRA, PT"
JUAL,261.005.475,12/05/2026 0:00,2603310711,T,,G.129,GUNUNG MAS,JL.TARUMA NEGARA ARAH TOL KRW BARAT,G,JULIANTO,1,GUDANG BAIK,2300319,Shintex Base C 25KG,1.00,"433,000.00",PAIL,12.50,0.00,0.00,"54,125.00","378,875.00",,1,"INDOWIRA, PT"
JUAL,261.005.475,12/05/2026 0:00,2.603.310.711,T,,G.129,GUNUNG MAS,JL.TARUMA NEGARA ARAH TOL KRW BARAT,G,JULIANTO,1,GUDANG BAIK,2300314,Shintex Base A 5KG,10.00,"120,000.00",GLN,12.50,0.00,0.00,"150,000.00","1,050,000.00",,1,"INDOWIRA, PT"
JUAL,261.005.481,12/05/2026 0:00,2604200477,T,,K.527,PT.AKD,SADANG,14,DEPO BANDUNG,1,GUDANG BAIK,2600078,Petalac 2K PU CO Base Pink Keramik 0.8LT,1.00,"155,000.00",KL,10.00,0.00,0.00,"15,500.00","139,500.00",,1,"INDOWIRA, PT"
JUAL,261.005.482,12/05/2026 0:00,2605110266,T,,GB.66,LANGGENG JAYA,DEPAN PERTOKOAN BUMI JAYA MUNJUL JAYA PURWAKARTA,G,JULIANTO,1,GUDANG BAIK,2101607,Kingkong Wall Putty Instant Powder  25 KG,20.00,"146,300.00",ZAK,7.50,0.00,0.00,"219,450.00","2,706,550.00",,1,"INDOWIRA, PT"
JUAL,261.005.483,12/05/2026 0:00,2605110268,T,,GB.66,LANGGENG JAYA,DEPAN PERTOKOAN BUMI JAYA MUNJUL JAYA PURWAKARTA,G,JULIANTO,1,GUDANG BAIK,2101608,Kingkong Wall Putty Instant Powder  5 KG,12.00,"38,000.00",BKS,5.00,0.00,0.00,"22,800.00","433,200.00",,1,"INDOWIRA, PT"
JUAL,261.005.484,12/05/2026 0:00,2605120270,T,,N.870,PT.KSS,JL.PATARUMAN,13,BU RINI,1,GUDANG BAIK,2200096,Synteix 115 Yellow Canary 20KG,1.00,"1,590,000.00",PL,0.00,0.00,0.00,0.00,"1,590,000.00",,1,"INDOWIRA, PT"
JUAL,261.005.485,12/05/2026 0:00,2605050094,T,,J.103,PT.AKARA INTER DESAIN,JL.INDUSTRI II NO.7A RT.006 RW.009 UTAMA,J,FRANSISKUS,1,GUDANG BAIK,2200086,Petalac 2K Surfacer FD 21 Base 1LT,4.00,"89,000.00",KL,10.00,0.00,0.00,"35,600.00","320,400.00",,1,"INDOWIRA, PT"
JUAL,261.005.485,12/05/2026 0:00,2605050094,T,,J.103,PT.AKARA INTER DESAIN,JL.INDUSTRI II NO.7A RT.006 RW.009 UTAMA,J,FRANSISKUS,1,GUDANG BAIK,2200087,Petalac Hardener Surfacer FD 0.5LT,4.00,"66,000.00",KL,10.00,0.00,0.00,"26,400.00","237,600.00",,1,"INDOWIRA, PT"
JUAL,261.005.487,12/05/2026 0:00,2605120285,T,,K.201,AGUS CENDANA,KIRCON 141,L,RUDI *,1,GUDANG BAIK,2101917,Meiji Epoxy Filler White 1 LTR SET,12.00,"93,000.00",KL,10.00,0.00,0.00,"111,600.00","1,004,400.00",,1,"INDOWIRA, PT"
JUAL,262.000.621,12/05/2026 0:00,2605050071,T,,M.104,DEPO KUNINGAN,,M,UMUM,1,GUDANG BAIK,2104157,Wiratex Wall Paint 806 Cream 5KG,2.00,"93,000.00",GL,10.00,10.00,2.00,"38,353.20","147,646.80",PO26050012 KIOS 60,1,"INDOWIRA, PT"
JUAL,262.000.621,12/05/2026 0:00,2605050071,T,,M.104,DEPO KUNINGAN,,M,UMUM,1,GUDANG BAIK,2104182,Wiratex Wall Paint 847 Spring 5KG,1.00,"93,000.00",GL,10.00,10.00,2.00,"19,176.60","73,823.40",PO26050012 KIOS 60,1,"INDOWIRA, PT"
JUAL,262.000.621,12/05/2026 0:00,2605050071,T,,M.104,DEPO KUNINGAN,,M,UMUM,1,GUDANG BAIK,2104163,Wiratex Wall Paint 820 Apple W 5KG,1.00,"93,000.00",GL,10.00,10.00,2.00,"19,176.60","73,823.40",PO26050012 KIOS 60,1,"INDOWIRA, PT"
JUAL,262.000.621,12/05/2026 0:00,2605050071,T,,M.104,DEPO KUNINGAN,,M,UMUM,1,GUDANG BAIK,2104172,Wiratex Wall Paint 831 Fresh B 5KG,1.00,"93,000.00",GL,10.00,10.00,2.00,"19,176.60","73,823.40",PO26050012 KIOS 60,1,"INDOWIRA, PT"
JUAL,262.000.621,12/05/2026 0:00,2605050071,T,,M.104,DEPO KUNINGAN,,M,UMUM,1,GUDANG BAIK,2104158,Wiratex Wall Paint 807 Ice Ber 5KG,1.00,"93,000.00",GL,10.00,10.00,2.00,"19,176.60","73,823.40",PO26050012 KIOS 60,1,"INDOWIRA, PT"
JUAL,262.000.621,12/05/2026 0:00,2605050071,T,,M.104,DEPO KUNINGAN,,M,UMUM,1,GUDANG BAIK,2200297,Kingkong Wall Paint 109 Aple W 4.5KG,2.00,"84,000.00",GLN,10.00,10.00,2.00,"34,641.60","133,358.40",PO26050012 KIOS 60,1,"INDOWIRA, PT"
JUAL,262.000.621,12/05/2026 0:00,2605050071,T,,M.104,DEPO KUNINGAN,,M,UMUM,1,GUDANG BAIK,2200252,Kingkong Wall Paint 128 Minimal 4.5KG,2.00,"84,000.00",GLN,10.00,10.00,2.00,"34,641.60","133,358.40",PO26050012 KIOS 60,1,"INDOWIRA, PT"
JUAL,262.000.623,12/05/2026 0:00,2605110264,T,,G.519,TB.CAHAYA FAMILY,JL.KOLMAS GG.SARI LAKSANA NO.4 PARONGPON,G,JULIANTO,1,GUDANG BAIK,2104937,Bonus Kuas,20.00,0.00,PCS,0.00,0.00,0.00,0.00,0.00,,1,"INDOWIRA, PT"
JUAL,262.000.623,12/05/2026 0:00,2605110264,T,,G.519,TB.CAHAYA FAMILY,JL.KOLMAS GG.SARI LAKSANA NO.4 PARONGPON,G,JULIANTO,1,GUDANG BAIK,2104949,Bonus Roller,3.00,0.00,PCS,0.00,0.00,0.00,0.00,0.00,,1,"INDOWIRA, PT"
JUAL,262.000.624,12/05/2026 0:00,2605050091,T,,M.104,DEPO KUNINGAN,,M,UMUM,1,GUDANG BAIK,2101583,Kingkong Cat Genteng 703 Chocola 4 KG,4.00,"228,000.00",GLN,10.00,10.00,2.00,"188,054.40","723,945.60",PO26050020 MASA INDAH GROUP,1,"INDOWIRA, PT"
JUAL,261.005.488,13/05/2026 0:00,2605080183,T,,K.312,STUDIO 8,SURYANI DALAM 49,L,RUDI *,1,GUDANG BAIK,2102837,Petalac 2K PU Hardener Normal  200CC,4.00,"61,000.00",KL,10.00,0.00,0.00,"24,400.00","219,600.00",,1,"INDOWIRA, PT"
JUAL,261.005.488,13/05/2026 0:00,2605080183,T,,K.312,STUDIO 8,SURYANI DALAM 49,L,RUDI *,1,GUDANG BAIK,2200058,Petalac 2K PU Colour Sparkling Base 0.8Lt,4.00,"180,000.00",KL,10.00,0.00,0.00,"72,000.00","648,000.00",,1,"INDOWIRA, PT"
JUAL,261.005.489,13/05/2026 0:00,2605080200,T,,D.428,CAHAYA BARU,JL.PAGARSIH 269,D,WILLY,1,GUDANG BAIK,2102143,Mascot Wall Paint 209 Spanish 25 KG,2.00,"317,000.00",PL,7.50,0.00,0.00,"47,550.00","586,450.00",,1,"INDOWIRA, PT"
JUAL,261.005.490,13/05/2026 0:00,2605120301,T,,A.209,NETRAL,PASIRKALIKI 6,Y,KEN - Y,1,GUDANG BAIK,2100006,Alfa Polyester Putty  1 KG,12.00,"47,500.00",KL,5.00,0.00,0.00,"28,500.00","541,500.00",,1,"INDOWIRA, PT"
JUAL,261.005.491,13/05/2026 0:00,2605120302,T,,K.331,ATEP,JL.MANGLID NO.10,L,RUDI *,1,GUDANG BAIK,2104494,Daltone Clear CoaT MS 4100 1LTS,6.00,"128,000.00",KL,10.00,0.00,0.00,"76,800.00","691,200.00",,1,"INDOWIRA, PT"
JUAL,261.005.492,13/05/2026 0:00,2605110257,T,,J.417,VANZA WARNA,TERUSAN BUAH BATU NO.125,C,YONATHAN,1,GUDANG BAIK,2105067,DALTONE PU SURFACER FD 1 LTS,12.00,"105,000.00",KLG,7.50,0.00,0.00,"94,500.00","1,165,500.00",,1,"INDOWIRA, PT"
JUAL,261.005.493,13/05/2026 0:00,2605120277,T,,J.202,GLOBAL KRIYA NUSANTARA/AL IKHS,JL.GOLF TAMAN CINTA/INSPEKSI NO.2,J,FRANSISKUS,1,GUDANG BAIK,2101365,Crystal Coat Candytone Golden Lacq 1 LITER,18.00,"700,000.00",KL,10.00,5.00,0.00,"1,827,000.00","10,773,000.00",,1,"INDOWIRA, PT"
JUAL,261.005.494,13/05/2026 0:00,2605120278,T,,R.487,TK.ARVIAN,JL.CIBIRU CEBEK SOREANG,U,GANIS,1,GUDANG BAIK,2103863,Shintex Wall Filler  1 KG,12.00,"26,000.00",KL,7.50,0.00,0.00,"23,400.00","288,600.00",,1,"INDOWIRA, PT"
JUAL,261.005.495,13/05/2026 0:00,2605120279,T,,D.131,SINAR MAS,TKI III D4 NO.17,D,WILLY,1,GUDANG BAIK,2101608,Kingkong Wall Putty Instant Powder  5 KG,6.00,"38,000.00",BKS,5.00,0.00,0.00,"11,400.00","216,600.00",,1,"INDOWIRA, PT"
JUAL,261.005.496,13/05/2026 0:00,2605120280,T,,D.223,TB.PUTRA ABADI,JL.BIMA NO.129 022-6123038,Y,KEN - Y,1,GUDANG BAIK,2104192,Wiratex Wall Paint Super White 5KG,12.00,"93,000.00",GL,7.50,0.00,0.00,"83,700.00","1,032,300.00",,1,"INDOWIRA, PT"
JUAL,261.005.499,13/05/2026 0:00,2605120286,T,,K.104,KAROSERI SANGGAR KARYA,BANJARAN,J,FRANSISKUS,1,GUDANG BAIK,2100029,Adler Epoxy Undercoat  1 LITER,30.00,"122,000.00",KL,10.00,0.00,0.00,"366,000.00","3,294,000.00",,1,"INDOWIRA, PT"
JUAL,261.005.500,13/05/2026 0:00,2605120289,T,,K.521,TOPIC,JATAYU,L,RUDI *,1,GUDANG BAIK,2102837,Petalac 2K PU Hardener Normal  200CC,18.00,"61,000.00",KL,10.00,0.00,0.00,"109,800.00","988,200.00",,1,"INDOWIRA, PT"
JUAL,261.005.500,13/05/2026 0:00,2605120289,T,,K.521,TOPIC,JATAYU,L,RUDI *,1,GUDANG BAIK,2200050,"Petalac 2K PU Clear Matt MV3 Base 0,8Lt",18.00,"125,000.00",KL,10.00,0.00,0.00,"225,000.00","2,025,000.00",,1,"INDOWIRA, PT"
JUAL,261.005.501,13/05/2026 0:00,2605120292,T,,Y.284,PUTRA SEJATI 3,RANCA BENTANG NO.3,Y,KEN - Y,1,GUDANG BAIK,2104162,Wiratex Wall Paint 814 Adinda 5KG,4.00,"93,000.00",GL,7.50,0.00,0.00,"27,900.00","344,100.00",,1,"INDOWIRA, PT"
JUAL,261.005.501,13/05/2026 0:00,2605120292,T,,Y.284,PUTRA SEJATI 3,RANCA BENTANG NO.3,Y,KEN - Y,1,GUDANG BAIK,2104160,Wiratex Wall Paint 809 Jonquil 5KG,4.00,"93,000.00",GL,7.50,0.00,0.00,"27,900.00","344,100.00",,1,"INDOWIRA, PT"
JUAL,261.005.501,13/05/2026 0:00,2605120292,T,,Y.284,PUTRA SEJATI 3,RANCA BENTANG NO.3,Y,KEN - Y,1,GUDANG BAIK,2104153,Wiratex Wall Paint 801 Spanish 5KG,4.00,"93,000.00",GL,7.50,0.00,0.00,"27,900.00","344,100.00",,1,"INDOWIRA, PT"
JUAL,261.005.501,13/05/2026 0:00,2605120292,T,,Y.284,PUTRA SEJATI 3,RANCA BENTANG NO.3,Y,KEN - Y,1,GUDANG BAIK,2104191,Wiratex Wall Paint Putih Salju 5KG,8.00,"93,000.00",GL,7.50,0.00,0.00,"55,800.00","688,200.00",,1,"INDOWIRA, PT"
JUAL,261.005.503,13/05/2026 0:00,2605120297,T,,J.313,ART DECO,JL.SEKEKUKUMBUNG 103 TKI II,J,FRANSISKUS,1,GUDANG BAIK,2102837,Petalac 2K PU Hardener Normal  200CC,5.00,"61,000.00",KL,10.00,0.00,0.00,"30,500.00","274,500.00",,1,"INDOWIRA, PT"
JUAL,261.005.503,13/05/2026 0:00,2605120297,T,,J.313,ART DECO,JL.SEKEKUKUMBUNG 103 TKI II,J,FRANSISKUS,1,GUDANG BAIK,2200050,"Petalac 2K PU Clear Matt MV3 Base 0,8Lt",5.00,"125,000.00",KL,10.00,0.00,0.00,"62,500.00","562,500.00",,1,"INDOWIRA, PT"
JUAL,261.005.504,13/05/2026 0:00,2605080207,T,,R.400,TB.SUMBER REJEKI,JL.CIAWI TALI DEPAN PERUMAHAN BUMI CITEU,R,SIMON QIRENE,1,GUDANG BAIK,2102138,Mascot Wall Paint 203 Cream 25 KG,1.00,"317,000.00",PL,7.50,0.00,0.00,"23,775.00","293,225.00",,1,"INDOWIRA, PT"
JUAL,261.005.505,13/05/2026 0:00,2605110240,T,,R.400,TB.SUMBER REJEKI,JL.CIAWI TALI DEPAN PERUMAHAN BUMI CITEU,R,SIMON QIRENE,1,GUDANG BAIK,2103735,Petalux Wall Paint Putih hemat 06 5KG,2.00,"168,000.00",GLN,7.50,0.00,0.00,"25,200.00","310,800.00",,1,"INDOWIRA, PT"
JUAL,261.005.508,13/05/2026 0:00,2605110253,T,,K.527,PT.AKD,SADANG,14,DEPO BANDUNG,1,GUDANG BAIK,2600014,Petalac 2k PU CO Base Snow Field 0.8LT,4.00,"156,000.00",KL,10.00,0.00,0.00,"62,400.00","561,600.00",,1,"INDOWIRA, PT"
JUAL,261.005.509,13/05/2026 0:00,2605120296,T,,N.1005A,AGUS,PERUM GMA,R,SIMON QIRENE,1,GUDANG BAIK,2103618,Petalux Wall Paint Putih Hemat 01 25 KG,3.00,"800,000.00",PL,5.00,0.00,0.00,"120,000.00","2,280,000.00",,1,"INDOWIRA, PT"
JUAL,261.005.510,13/05/2026 0:00,2605120293,T,,B.404,BARU,RAYA 494 CIMAHI,C,YONATHAN,1,GUDANG BAIK,2104191,Wiratex Wall Paint Putih Salju 5KG,4.00,"93,000.00",GL,7.50,0.00,0.00,"27,900.00","344,100.00",,1,"INDOWIRA, PT"
JUAL,261.005.510,13/05/2026 0:00,2605120293,T,,B.404,BARU,RAYA 494 CIMAHI,C,YONATHAN,1,GUDANG BAIK,2104147,Wiratex Wall Paint Putih Salju 25 KG,2.00,"435,000.00",PL,7.50,0.00,0.00,"65,250.00","804,750.00",,1,"INDOWIRA, PT"
JUAL,261.005.511,13/05/2026 0:00,2605120295,T,,U.259,TB.HM,JL.DAGO GOLF ATAS 5-7,U,GANIS,1,GUDANG BAIK,2103810,Shintex Cat Genteng 301 Black 4KG,4.00,"204,000.00",GLN,7.50,0.00,0.00,"61,200.00","754,800.00",,1,"INDOWIRA, PT"
JUAL,261.005.511,13/05/2026 0:00,2605120295,T,,U.259,TB.HM,JL.DAGO GOLF ATAS 5-7,U,GANIS,1,GUDANG BAIK,2103816,Shintex Cat Genteng 310 Willow 4KG,4.00,"204,000.00",GLN,7.50,0.00,0.00,"61,200.00","754,800.00",,1,"INDOWIRA, PT"
JUAL,261.005.511,13/05/2026 0:00,2605120295,T,,U.259,TB.HM,JL.DAGO GOLF ATAS 5-7,U,GANIS,1,GUDANG BAIK,2103812,Shintex Cat Genteng 304 Orange 4KG,8.00,"204,000.00",GLN,7.50,0.00,0.00,"122,400.00","1,509,600.00",,1,"INDOWIRA, PT"
JUAL,261.005.511,13/05/2026 0:00,2605120295,T,,U.259,TB.HM,JL.DAGO GOLF ATAS 5-7,U,GANIS,1,GUDANG BAIK,2103814,Shintex Cat Genteng 308 Tile Re 4KG,4.00,"204,000.00",GLN,7.50,0.00,0.00,"61,200.00","754,800.00",,1,"INDOWIRA, PT"
JUAL,261.005.511,13/05/2026 0:00,2605120295,T,,U.259,TB.HM,JL.DAGO GOLF ATAS 5-7,U,GANIS,1,GUDANG BAIK,2103837,Shintex Cat Genteng Sp 313 Special 4 KG,4.00,"236,000.00",GLN,7.50,0.00,0.00,"70,800.00","873,200.00",,1,"INDOWIRA, PT"
JUAL,261.005.511,13/05/2026 0:00,2605120295,T,,U.259,TB.HM,JL.DAGO GOLF ATAS 5-7,U,GANIS,1,GUDANG BAIK,2102155,Mascot Wall Paint Super White 25 KG,3.00,"317,000.00",PL,7.50,0.00,0.00,"71,325.00","879,675.00",,1,"INDOWIRA, PT"
JUAL,261.005.512,13/05/2026 0:00,2605120298,T,,A.209,NETRAL,PASIRKALIKI 6,Y,KEN - Y,1,GUDANG BAIK,2103625,Petalux Wall Paint Putih Wangi 25 KG,2.00,"800,000.00",PL,7.50,0.00,0.00,"120,000.00","1,480,000.00",,1,"INDOWIRA, PT"
JUAL,261.005.514,13/05/2026 0:00,2605120304,T,,Y.285,KENARI JAYA,JL.SINDANG SARI NO.3 CIJERAH,Y,KEN - Y,1,GUDANG BAIK,2104137,Wiratex Wall Paint 846 25 KG,1.00,"435,000.00",PL,7.50,0.00,0.00,"32,625.00","402,375.00",,1,"INDOWIRA, PT"
JUAL,261.005.514,13/05/2026 0:00,2605120304,T,,Y.285,KENARI JAYA,JL.SINDANG SARI NO.3 CIJERAH,Y,KEN - Y,1,GUDANG BAIK,2104119,Wiratex Wall Paint 820 Apple W 25 KG,1.00,"435,000.00",PL,7.50,0.00,0.00,"32,625.00","402,375.00",,1,"INDOWIRA, PT"
JUAL,261.005.514,13/05/2026 0:00,2605120304,T,,Y.285,KENARI JAYA,JL.SINDANG SARI NO.3 CIJERAH,Y,KEN - Y,1,GUDANG BAIK,2104109,Wiratex Wall Paint 801 Spanish 25 KG,1.00,"435,000.00",PL,7.50,0.00,0.00,"32,625.00","402,375.00",,1,"INDOWIRA, PT"
JUAL,261.005.515,13/05/2026 0:00,2605120305,T,,U.288,TB.GMS,JL.TERUSAN NANJUNG KP.SUKABIRUS RT.01/09 NO.22 B,U,GANIS,1,GUDANG BAIK,2102095,Mascot Wall Filler  4 KG,8.00,"55,000.00",GLN,7.50,0.00,0.00,"33,000.00","407,000.00",,1,"INDOWIRA, PT"
JUAL,261.005.515,13/05/2026 0:00,2605120305,T,,U.288,TB.GMS,JL.TERUSAN NANJUNG KP.SUKABIRUS RT.01/09 NO.22 B,U,GANIS,1,GUDANG BAIK,2102173,Mascot Wall Paint 2156 Garden 5 KG,8.00,"73,000.00",GLN,7.50,0.00,0.00,"43,800.00","540,200.00",,1,"INDOWIRA, PT"
JUAL,261.005.516,13/05/2026 0:00,2605120306,T,,T.283,TB.LEO SUGANDA,JL.GEMPOL SARI NO.91 E,U,GANIS,1,GUDANG BAIK,2104191,Wiratex Wall Paint Putih Salju 5KG,4.00,"93,000.00",GL,7.50,0.00,0.00,"27,900.00","344,100.00",,1,"INDOWIRA, PT"
JUAL,261.005.516,13/05/2026 0:00,2605120306,T,,T.283,TB.LEO SUGANDA,JL.GEMPOL SARI NO.91 E,U,GANIS,1,GUDANG BAIK,2102178,Mascot Wall Paint Super White 5 KG,8.00,"73,000.00",GLN,7.50,0.00,0.00,"43,800.00","540,200.00",,1,"INDOWIRA, PT"
JUAL,261.005.516,13/05/2026 0:00,2605120306,T,,T.283,TB.LEO SUGANDA,JL.GEMPOL SARI NO.91 E,U,GANIS,1,GUDANG BAIK,2101627,Kingkong Wall Paint 119 Canary 1 KG,3.00,"31,000.00",KL,7.50,0.00,0.00,"6,975.00","86,025.00",,1,"INDOWIRA, PT"
JUAL,261.005.516,13/05/2026 0:00,2605120306,T,,T.283,TB.LEO SUGANDA,JL.GEMPOL SARI NO.91 E,U,GANIS,1,GUDANG BAIK,2101632,Kingkong Wall Paint 124 BLUE LA 1 KG,3.00,"31,000.00",KL,7.50,0.00,0.00,"6,975.00","86,025.00",,1,"INDOWIRA, PT"
JUAL,261.005.516,13/05/2026 0:00,2605120306,T,,T.283,TB.LEO SUGANDA,JL.GEMPOL SARI NO.91 E,U,GANIS,1,GUDANG BAIK,2101634,Kingkong Wall Paint 126 Bali Gr 1 KG,3.00,"31,000.00",KL,7.50,0.00,0.00,"6,975.00","86,025.00",,1,"INDOWIRA, PT"
JUAL,261.005.516,13/05/2026 0:00,2605120306,T,,T.283,TB.LEO SUGANDA,JL.GEMPOL SARI NO.91 E,U,GANIS,1,GUDANG BAIK,2101636,Kingkong Wall Paint 128 Minimal 1 KG,3.00,"31,000.00",KL,7.50,0.00,0.00,"6,975.00","86,025.00",,1,"INDOWIRA, PT"
JUAL,261.005.516,13/05/2026 0:00,2605120306,T,,T.283,TB.LEO SUGANDA,JL.GEMPOL SARI NO.91 E,U,GANIS,1,GUDANG BAIK,2102129,Mascot Wall Paint Super White 20 KG,2.00,"249,000.00",PL,7.50,0.00,0.00,"37,350.00","460,650.00",,1,"INDOWIRA, PT"
JUAL,261.005.517,13/05/2026 0:00,2605080195,T,,K.304,"HEGAR SUMBER KREASI,PT",JL.PARALON 1 NO.1 CIJERAH,L,RUDI *,1,GUDANG BAIK,2104090,Wiratex Ceiling & Gypsum Paint Putih Prima 20 KG,2.00,"338,000.00",PL,7.50,0.00,0.00,"50,700.00","625,300.00",,1,"INDOWIRA, PT"
JUAL,261.005.518,13/05/2026 0:00,2605120307,T,,K.304,"HEGAR SUMBER KREASI,PT",JL.PARALON 1 NO.1 CIJERAH,L,RUDI *,1,GUDANG BAIK,2103280,Petalux Alkali Resistant Wall Sealer White 20 KG,2.00,"688,000.00",PL,7.50,0.00,0.00,"103,200.00","1,272,800.00",,1,"INDOWIRA, PT"
JUAL,261.005.519,13/05/2026 0:00,2605120308,T,,J.334,TEGUH JAYA MANDIRI,JL.ANDIR KATAPANG KP.CIPATAT NO.75 SAMPING MESJID AL-HIDAYAH,J,FRANSISKUS,1,GUDANG BAIK,2100011,AlFa Polyester Putty  3KG,6.00,"120,000.00",GLN,5.00,0.00,0.00,"36,000.00","684,000.00",,1,"INDOWIRA, PT"
JUAL,261.005.520,13/05/2026 0:00,2605120309,T,,N.1099,BUDI,PODOMORO PARK JL.BOULEVARD SELATAN KAVLING S6,13,BU RINI,1,GUDANG BAIK,2102081,Meiji Zinc Chromate Primer Dark Grey 5 KG,2.00,"258,000.00",GLN,0.00,0.00,0.00,0.00,"516,000.00",,1,"INDOWIRA, PT"
JUAL,261.005.520,13/05/2026 0:00,2605120309,T,,N.1099,BUDI,PODOMORO PARK JL.BOULEVARD SELATAN KAVLING S6,13,BU RINI,1,GUDANG BAIK,2104540,Meiji Zinc Chromate Primer Broken White 5kg,2.00,"258,000.00",GLN,0.00,0.00,0.00,0.00,"516,000.00",,1,"INDOWIRA, PT"
JUAL,261.005.529,13/05/2026 0:00,2605120312,T,,G.332,CV.LAUTAN BAJA TEKNIK,KP.MALAKA JALAN RAYA MALAKA RT.03 RW.01 CILILIN,G,JULIANTO,1,GUDANG BAIK,2102073,Meiji Zinc Chromate Primer Black 20 KG,1.00,"962,000.00",PL,0.00,0.00,0.00,0.00,"962,000.00",,1,"INDOWIRA, PT"
JUAL,261.005.530,13/05/2026 0:00,2604200415,T,,N.425,PADI HIJAU BUANA,JL.UNPAR 2 NO.12 PASTEUR,14,DEPO BANDUNG,1,GUDANG BAIK,2100710,Attaboy OS Super Primer White 2 LITER,1.00,"200,000.00",GL,10.00,10.00,10.00,"54,200.00","145,800.00",,1,"INDOWIRA, PT"
JUAL,261.005.530,13/05/2026 0:00,2604200415,T,,N.425,PADI HIJAU BUANA,JL.UNPAR 2 NO.12 PASTEUR,14,DEPO BANDUNG,1,GUDANG BAIK,2100913,Attaboy Thinner OS 2000  1 LITER,1.00,"60,000.00",KL,10.00,10.00,10.00,"16,260.00","43,740.00",,1,"INDOWIRA, PT"
JUAL,261.005.531,13/05/2026 0:00,2604200436,T,,N.425,PADI HIJAU BUANA,JL.UNPAR 2 NO.12 PASTEUR,14,DEPO BANDUNG,1,GUDANG BAIK,2103625,Petalux Wall Paint Putih Wangi 25 KG,1.00,"800,000.00",PL,10.00,10.00,10.00,"216,800.00","583,200.00",Pengganti NF : 261.004435,1,"INDOWIRA, PT"
JUAL,261.005.531,13/05/2026 0:00,2604200436,T,,N.425,PADI HIJAU BUANA,JL.UNPAR 2 NO.12 PASTEUR,14,DEPO BANDUNG,1,GUDANG BAIK,2103621,Petalux Wall Paint Putih hemat 04 25 KG,1.00,"800,000.00",PL,10.00,10.00,10.00,"216,800.00","583,200.00",Pengganti NF : 261.004435,1,"INDOWIRA, PT"
JUAL,261.005.542,13/05/2026 0:00,2605120317,T,,K.201,AGUS CENDANA,KIRCON 141,L,RUDI *,1,GUDANG BAIK,2101924,Meiji Gum Sealer  1 LTR SET,6.00,"182,000.00",KL,10.00,0.00,0.00,"109,200.00","982,800.00",,1,"INDOWIRA, PT"
JUAL,261.005.543,13/05/2026 0:00,2605120318,T,,D.131,SINAR MAS,TKI III D4 NO.17,D,WILLY,1,GUDANG BAIK,2104147,Wiratex Wall Paint Putih Salju 25 KG,10.00,"435,000.00",PL,7.50,0.00,0.00,"326,250.00","4,023,750.00",,1,"INDOWIRA, PT"
JUAL,261.005545A,13/05/2026 0:00,2605120290,T,,G.185,SUBUR JAYA,JEND.A.YANI 12 HAURGEULIS,C,YONATHAN,1,GUDANG BAIK,2100011,AlFa Polyester Putty  3KG,6.00,"120,000.00",GLN,5.00,0.00,0.00,"36,000.00","684,000.00",,1,"INDOWIRA, PT"
JUAL,261.005545A,13/05/2026 0:00,2605120290,T,,G.185,SUBUR JAYA,JEND.A.YANI 12 HAURGEULIS,C,YONATHAN,1,GUDANG BAIK,2105067,DALTONE PU SURFACER FD 1 LTS,12.00,"105,000.00",KLG,5.00,0.00,0.00,"63,000.00","1,197,000.00",,1,"INDOWIRA, PT"
JUAL,261.005546A,13/05/2026 0:00,2604300754,T,,GB.87,TB.INTI WARNA II,JL.PEJUANG 45 NO.72 SUBANG,C,YONATHAN,1,GUDANG BAIK,2105295,ALFA ZINC CHROMATE PRIMER BLACK 20KG,25.00,"820,000.00",PAIL,7.50,0.00,0.00,"1,537,500.00","18,962,500.00",,1,"INDOWIRA, PT"
JUAL,261.005547A,13/05/2026 0:00,2605040031,T,,G.188,SUMBER ALAM,ION MARTASASMITA PAMANUKAN,C,YONATHAN,1,GUDANG BAIK,2200167,Kingkong Wall Paint Putih Metro 18KG,2.00,"323,000.00",PAIL,7.50,0.00,0.00,"48,450.00","597,550.00",,1,"INDOWIRA, PT"
JUAL,261.005547A,13/05/2026 0:00,2605040031,T,,G.188,SUMBER ALAM,ION MARTASASMITA PAMANUKAN,C,YONATHAN,1,GUDANG BAIK,2200162,Kingkong Wall paint Super White 18KG,2.00,"323,000.00",PAIL,7.50,0.00,0.00,"48,450.00","597,550.00",,1,"INDOWIRA, PT"
JUAL,261.005547A,13/05/2026 0:00,2605040031,T,,G.188,SUMBER ALAM,ION MARTASASMITA PAMANUKAN,C,YONATHAN,1,GUDANG BAIK,2200139,Kingkong Wall Paint Super White 4.5Kg,8.00,"84,000.00",GLN,7.50,0.00,0.00,"50,400.00","621,600.00",,1,"INDOWIRA, PT"
JUAL,261.005547A,13/05/2026 0:00,2605040031,T,,G.188,SUMBER ALAM,ION MARTASASMITA PAMANUKAN,C,YONATHAN,1,GUDANG BAIK,2200222,Kingkong Wall Paint Putih Metropolitan 4.5KG,8.00,"84,000.00",GLN,7.50,0.00,0.00,"50,400.00","621,600.00",,1,"INDOWIRA, PT"
JUAL,261.005547A,13/05/2026 0:00,2605040031,T,,G.188,SUMBER ALAM,ION MARTASASMITA PAMANUKAN,C,YONATHAN,1,GUDANG BAIK,2103863,Shintex Wall Filler  1 KG,6.00,"26,000.00",KL,7.50,0.00,0.00,"11,700.00","144,300.00",,1,"INDOWIRA, PT"
JUAL,261.005547A,13/05/2026 0:00,2605040031,T,,G.188,SUMBER ALAM,ION MARTASASMITA PAMANUKAN,C,YONATHAN,1,GUDANG BAIK,2103782,Shintex Cat Bak 001 Aquarin 1 KG,6.00,"64,000.00",KL,7.50,0.00,0.00,"28,800.00","355,200.00",,1,"INDOWIRA, PT"
JUAL,261.005547A,13/05/2026 0:00,2605040031,T,,G.188,SUMBER ALAM,ION MARTASASMITA PAMANUKAN,C,YONATHAN,1,GUDANG BAIK,2103783,Shintex Cat Bak 009 Sky Blu 1 KG,6.00,"64,000.00",KL,7.50,0.00,0.00,"28,800.00","355,200.00",,1,"INDOWIRA, PT"
JUAL,261.005547A,13/05/2026 0:00,2605040031,T,,G.188,SUMBER ALAM,ION MARTASASMITA PAMANUKAN,C,YONATHAN,1,GUDANG BAIK,2103806,Shintex Cat Genteng 312 White 20 KG,1.00,"957,000.00",PL,7.50,0.00,0.00,"71,775.00","885,225.00",,1,"INDOWIRA, PT"
JUAL,261.005548A,13/05/2026 0:00,2603300597,T,,GF.101,LANGGENG QUICK,JL.RAYA KESAMBI DEPAN MASJID KESAMBI DESA KADUNG WUNGU KEC.ANJATAN IND,C,YONATHAN,1,GUDANG BAIK,2101913,Meiji Epoxy Filler  0.25 LTR SET,12.00,"26,500.00",KL,7.50,0.00,0.00,"23,850.00","294,150.00",,1,"INDOWIRA, PT"
JUAL,261.005549A,13/05/2026 0:00,2605050088,T,,G.124,DUNIA BESI,A.YANI 8 HAUR GEULIS,C,YONATHAN,1,GUDANG BAIK,2200139,Kingkong Wall Paint Super White 4.5Kg,12.00,"84,000.00",GLN,7.50,0.00,0.00,"75,600.00","932,400.00",,1,"INDOWIRA, PT"
JUAL,261.005549A,13/05/2026 0:00,2605050088,T,,G.124,DUNIA BESI,A.YANI 8 HAUR GEULIS,C,YONATHAN,1,GUDANG BAIK,2200222,Kingkong Wall Paint Putih Metropolitan 4.5KG,8.00,"84,000.00",GLN,7.50,0.00,0.00,"50,400.00","621,600.00",,1,"INDOWIRA, PT"
JUAL,261.005.550,13/05/2026 0:00,2605120320,T,,GF.102,BERKAH MANDIRI,JL.RAYA SILIWANGI HAUR GEULIS INDRAMAYU,C,YONATHAN,1,GUDANG BAIK,2102129,Mascot Wall Paint Super White 20 KG,25.00,"249,000.00",PL,7.50,0.00,0.00,"466,875.00","5,758,125.00",,1,"INDOWIRA, PT"
JUAL,261.005.552,13/05/2026 0:00,2605120327,T,,J.351,HERRY,SETRA DUTA RAYA NO.35,J,FRANSISKUS,1,GUDANG BAIK,2100049,Adler Polyester Putty 3002  1 KG SET,1.00,"72,000.00",KL,0.00,0.00,0.00,0.00,"72,000.00",,1,"INDOWIRA, PT"
JUAL,261.005.552,13/05/2026 0:00,2605120327,T,,J.351,HERRY,SETRA DUTA RAYA NO.35,J,FRANSISKUS,1,GUDANG BAIK,2100068,Adler Primer Surfacer EP 1050  2 LITER SET,3.00,"250,000.00",KL,0.00,0.00,0.00,0.00,"750,000.00",,1,"INDOWIRA, PT"
JUAL,262.000.625,13/05/2026 0:00,2605120292,T,,Y.284,PUTRA SEJATI 3,RANCA BENTANG NO.3,Y,KEN - Y,1,GUDANG BAIK,2104937,Bonus Kuas,4.00,0.00,PCS,0.00,0.00,0.00,0.00,0.00,,1,"INDOWIRA, PT"
JUAL,262.000.626,13/05/2026 0:00,2605120296,T,,N.1005A,AGUS,PERUM GMA,R,SIMON QIRENE,1,GUDANG BAIK,2400131,COFFEE GAJAH,10.00,0.00,BKS,0.00,0.00,0.00,0.00,0.00,,1,"INDOWIRA, PT"
JUAL,262.000.627,13/05/2026 0:00,2605120295,T,,U.259,TB.HM,JL.DAGO GOLF ATAS 5-7,U,GANIS,1,GUDANG BAIK,2104937,Bonus Kuas,12.00,0.00,PCS,0.00,0.00,0.00,0.00,0.00,,1,"INDOWIRA, PT"
JUAL,262.000.628,13/05/2026 0:00,2605120298,T,,A.209,NETRAL,PASIRKALIKI 6,Y,KEN - Y,1,GUDANG BAIK,2104949,Bonus Roller,1.00,0.00,PCS,0.00,0.00,0.00,0.00,0.00,,1,"INDOWIRA, PT"
JUAL,262.000.629,13/05/2026 0:00,2605120318,T,,D.131,SINAR MAS,TKI III D4 NO.17,D,WILLY,1,GUDANG BAIK,2104949,Bonus Roller,3.00,0.00,PCS,0.00,0.00,0.00,0.00,0.00,,1,"INDOWIRA, PT"
JUAL,262.000.632,13/05/2026 0:00,2605120340,T,,M.100,UMUM,,14,DEPO BANDUNG,1,GUDANG BAIK,2104937,Bonus Kuas,1.00,0.00,PCS,0.00,0.00,0.00,0.00,0.00,HAVANA U/PENGECATAN RUANG SUPIR,1,"INDOWIRA, PT"
JUAL,261.005.566,15/05/2026 0:00,2605120341,T,,M.100,UMUM,,14,DEPO BANDUNG,1,GUDANG BAIK,2101608,Kingkong Wall Putty Instant Powder  5 KG,1.00,"38,000.00",BKS,5.00,0.00,0.00,"1,900.00","36,100.00",JULYANTO,1,"INDOWIRA, PT"
JUAL,261.005.567,15/05/2026 0:00,2605150342,T,,A.114,HS.JAYA,RANCABALI NO.37 DEPAN MESJID ISTIQOMAH,Y,KEN - Y,1,GUDANG BAIK,2200254,Kingkong Wall Paint 132 4.5KG,4.00,"84,000.00",GLN,7.50,0.00,0.00,"25,200.00","310,800.00",,1,"INDOWIRA, PT"
JUAL,261.005.567,15/05/2026 0:00,2605150342,T,,A.114,HS.JAYA,RANCABALI NO.37 DEPAN MESJID ISTIQOMAH,Y,KEN - Y,1,GUDANG BAIK,2300050,Kingkong Wall Paint 104 Cream 4.5KG,4.00,"84,000.00",GLN,7.50,0.00,0.00,"25,200.00","310,800.00",,1,"INDOWIRA, PT"
JUAL,261.005.567,15/05/2026 0:00,2605150342,T,,A.114,HS.JAYA,RANCABALI NO.37 DEPAN MESJID ISTIQOMAH,Y,KEN - Y,1,GUDANG BAIK,2200252,Kingkong Wall Paint 128 Minimal 4.5KG,4.00,"84,000.00",GLN,7.50,0.00,0.00,"25,200.00","310,800.00",,1,"INDOWIRA, PT"
JUAL,261.005.567,15/05/2026 0:00,2605150342,T,,A.114,HS.JAYA,RANCABALI NO.37 DEPAN MESJID ISTIQOMAH,Y,KEN - Y,1,GUDANG BAIK,2300026,Kingkong Wall Paint 129 River Stone 4.5KG,4.00,"84,000.00",GLN,7.50,0.00,0.00,"25,200.00","310,800.00",,1,"INDOWIRA, PT"
JUAL,261.005.568,15/05/2026 0:00,2605150343,T,,D.223,TB.PUTRA ABADI,JL.BIMA NO.129 022-6123038,Y,KEN - Y,1,GUDANG BAIK,2104157,Wiratex Wall Paint 806 Cream 5KG,8.00,"93,000.00",GL,7.50,0.00,0.00,"55,800.00","688,200.00",,1,"INDOWIRA, PT"
JUAL,261.005.569,15/05/2026 0:00,2605070154,T,,H.224,ROYAL,JL. Siliwangi no.396 Kab.Sukabumi,H1,MIMING,1,GUDANG BAIK,2104059,Shintex Wall Paint Warna Khusus B Merah 1KG,3.00,"42,000.00",KL,7.50,0.00,0.00,"9,450.00","116,550.00",,1,"INDOWIRA, PT"
JUAL,261.005.570,15/05/2026 0:00,2605120338,T,,H.342,MITRA TEKNIK,JL.RAYA CIAPUS KOTA BATU KEC.CIOMAS BOGOR,H1,MIMING,1,GUDANG BAIK,2400109,Meiji Zinc Chromate Primer Blue 20KG,4.00,"962,000.00",PAIL,7.50,0.00,0.00,"288,600.00","3,559,400.00",,1,"INDOWIRA, PT"
JUAL,261.005.572,15/05/2026 0:00,2605150348,T,,X.247,JAYA BARU,TERUSAN CIBADUYUT 101,R,SIMON QIRENE,1,GUDANG BAIK,2103737,Petalux Wall Paint Putih Wangi 5KG,8.00,"168,000.00",GLN,7.50,0.00,0.00,"100,800.00","1,243,200.00",,1,"INDOWIRA, PT"
JUAL,261.005.572,15/05/2026 0:00,2605150348,T,,X.247,JAYA BARU,TERUSAN CIBADUYUT 101,R,SIMON QIRENE,1,GUDANG BAIK,2103730,Petalux Wall Paint Putih Hemat 01 5KG,8.00,"168,000.00",GLN,7.50,0.00,0.00,"100,800.00","1,243,200.00",,1,"INDOWIRA, PT"
JUAL,261.005.572,15/05/2026 0:00,2605150348,T,,X.247,JAYA BARU,TERUSAN CIBADUYUT 101,R,SIMON QIRENE,1,GUDANG BAIK,2103618,Petalux Wall Paint Putih Hemat 01 25 KG,5.00,"800,000.00",PL,7.50,0.00,0.00,"300,000.00","3,700,000.00",,1,"INDOWIRA, PT"
JUAL,261.005.573,15/05/2026 0:00,2605150347,T,,C.408,LANGGENG CEMERLANG,JL.GADOBANGKONG NO.2 CIMAHI,R,SIMON QIRENE,1,GUDANG BAIK,2100011,AlFa Polyester Putty  3KG,6.00,"120,000.00",GLN,5.00,0.00,0.00,"36,000.00","684,000.00",,1,"INDOWIRA, PT"
JUAL,261.005.574,15/05/2026 0:00,2605150346,T,,K.410,SUMBER JAYA,PUNGKUR 21,L,RUDI *,1,GUDANG BAIK,2101367,Crystal Coat Candytone Golden Oran 1 LITER,12.00,"700,000.00",KL,10.00,0.00,0.00,"840,000.00","7,560,000.00",,1,"INDOWIRA, PT"
JUAL,261.005.575,15/05/2026 0:00,2605150345,T,,L.427,SANTI,SUMBER SARI,L,RUDI *,1,GUDANG BAIK,2101917,Meiji Epoxy Filler White 1 LTR SET,4.00,"93,000.00",KL,10.00,0.00,0.00,"37,200.00","334,800.00",,1,"INDOWIRA, PT"
JUAL,261.005.575,15/05/2026 0:00,2605150345,T,,L.427,SANTI,SUMBER SARI,L,RUDI *,1,GUDANG BAIK,2102840,Petalac 2K PU Hardener Special  200 CC,2.00,"61,000.00",KL,10.00,0.00,0.00,"12,200.00","109,800.00",,1,"INDOWIRA, PT"
JUAL,261.005.575,15/05/2026 0:00,2605150345,T,,L.427,SANTI,SUMBER SARI,L,RUDI *,1,GUDANG BAIK,2200068,Petalac 2K PU Colour P.101 Special White Base 0.8L,2.00,"140,000.00",KL,10.00,0.00,0.00,"28,000.00","252,000.00",,1,"INDOWIRA, PT"
JUAL,261.005.576,15/05/2026 0:00,2605150350,T,,L.427,SANTI,SUMBER SARI,L,RUDI *,1,GUDANG BAIK,2101917,Meiji Epoxy Filler White 1 LTR SET,2.00,"93,000.00",KL,10.00,0.00,0.00,"18,600.00","167,400.00",,1,"INDOWIRA, PT"
JUAL,261.005.577,15/05/2026 0:00,2605150344,T,,K.304,"HEGAR SUMBER KREASI,PT",JL.PARALON 1 NO.1 CIJERAH,L,RUDI *,1,GUDANG BAIK,2103625,Petalux Wall Paint Putih Wangi 25 KG,1.00,"800,000.00",PL,7.50,0.00,0.00,"60,000.00","740,000.00",K/PROYEK LAP PADEL TAMAN HOLIS,1,"INDOWIRA, PT"
JUAL,261.005.577,15/05/2026 0:00,2605150344,T,,K.304,"HEGAR SUMBER KREASI,PT",JL.PARALON 1 NO.1 CIJERAH,L,RUDI *,1,GUDANG BAIK,2104090,Wiratex Ceiling & Gypsum Paint Putih Prima 20 KG,2.00,"338,000.00",PL,7.50,0.00,0.00,"50,700.00","625,300.00",K/PROYEK LAP PADEL TAMAN HOLIS,1,"INDOWIRA, PT"
JUAL,261.005.578,15/05/2026 0:00,2605150351,T,,J.303,ASTA ARTHA/DIRGANTARA YUDHA,JL.KOPO JAYA II NO.13A,J,FRANSISKUS,1,GUDANG BAIK,2200370,Kingkong Wall Paint 110 Irish W 18KG,1.00,"323,000.00",PAIL,7.50,0.00,0.00,"24,225.00","298,775.00",,1,"INDOWIRA, PT"
JUAL,261.005.580,15/05/2026 0:00,2605150353,T,,K.311,PIPING,KEBON KOPI 76,13,BU RINI,1,GUDANG BAIK,2102837,Petalac 2K PU Hardener Normal  200CC,4.00,"61,000.00",KL,10.00,0.00,0.00,"24,400.00","219,600.00",,1,"INDOWIRA, PT"
JUAL,261.005.580,15/05/2026 0:00,2605150353,T,,K.311,PIPING,KEBON KOPI 76,13,BU RINI,1,GUDANG BAIK,2200074,Petalac 2K PU Colour Special White Matt Base 0.8Lt,4.00,"148,000.00",KL,10.00,0.00,0.00,"59,200.00","532,800.00",,1,"INDOWIRA, PT"
JUAL,261.005.582,15/05/2026 0:00,2605120321,T,,U.196,TB.SUMBER REJEKI,JL.KOLONEL MASTURI NO.161 LEMBANG,U,GANIS,1,GUDANG BAIK,2102093,Mascot Wall Filler  25 KG,2.00,"268,000.00",PL,7.50,0.00,0.00,"40,200.00","495,800.00",,1,"INDOWIRA, PT"
JUAL,261.005.582,15/05/2026 0:00,2605120321,T,,U.196,TB.SUMBER REJEKI,JL.KOLONEL MASTURI NO.161 LEMBANG,U,GANIS,1,GUDANG BAIK,2104147,Wiratex Wall Paint Putih Salju 25 KG,10.00,"435,000.00",PL,7.50,0.00,0.00,"326,250.00","4,023,750.00",,1,"INDOWIRA, PT"
JUAL,261.005.583,15/05/2026 0:00,2605120322,T,,D.116,TB.BAROKAH,JL.SULAKSANA ANTAPANI NO.39 TLP:08122183,U,GANIS,1,GUDANG BAIK,2103863,Shintex Wall Filler  1 KG,10.00,"26,000.00",KL,7.50,0.00,0.00,"19,500.00","240,500.00",,1,"INDOWIRA, PT"
JUAL,261.005.583,15/05/2026 0:00,2605120322,T,,D.116,TB.BAROKAH,JL.SULAKSANA ANTAPANI NO.39 TLP:08122183,U,GANIS,1,GUDANG BAIK,2101643,Kingkong Wall Paint Super White 1 KG,12.00,"31,000.00",KL,7.50,0.00,0.00,"27,900.00","344,100.00",,1,"INDOWIRA, PT"
JUAL,261.005.583,15/05/2026 0:00,2605120322,T,,D.116,TB.BAROKAH,JL.SULAKSANA ANTAPANI NO.39 TLP:08122183,U,GANIS,1,GUDANG BAIK,2104073,Tawon Kembang Meni Kayu & Besi 0.8 KG,12.00,"48,000.00",KL,7.50,0.00,0.00,"43,200.00","532,800.00",,1,"INDOWIRA, PT"
JUAL,261.005.584,15/05/2026 0:00,2605150355,T,,D.129,PB.PADASURTI 3,JL.SINDANG LAYA ATAS KOMP.PAMOYANAN RT.0,U,GANIS,1,GUDANG BAIK,2102178,Mascot Wall Paint Super White 5 KG,12.00,"73,000.00",GLN,7.50,0.00,0.00,"65,700.00","810,300.00",,1,"INDOWIRA, PT"
JUAL,261.005.584,15/05/2026 0:00,2605150355,T,,D.129,PB.PADASURTI 3,JL.SINDANG LAYA ATAS KOMP.PAMOYANAN RT.0,U,GANIS,1,GUDANG BAIK,2102129,Mascot Wall Paint Super White 20 KG,1.00,"249,000.00",PL,7.50,0.00,0.00,"18,675.00","230,325.00",,1,"INDOWIRA, PT"
JUAL,261.005.587,15/05/2026 0:00,2605120281,T,,N.841,UJANG DANI,KP.WALINI RT.09/RW.13 SEBELUM SD BABAKAN SUKAMULYA RANCAEKEK,13,BU RINI,1,GUDANG BAIK,2102109,Mascot Wall Paint Super White 200 KG,5.00,"2,000,000.00",DRM,5.00,0.00,0.00,"500,000.00","9,500,000.00",,1,"INDOWIRA, PT"
JUAL,261.005.589,15/05/2026 0:00,2605150359,T,,K.527,PT.AKD,SADANG,14,DEPO BANDUNG,1,GUDANG BAIK,2200050,"Petalac 2K PU Clear Matt MV3 Base 0,8Lt",60.00,"125,000.00",KL,10.00,0.00,0.00,"750,000.00","6,750,000.00",,1,"INDOWIRA, PT"
JUAL,261.005.589,15/05/2026 0:00,2605150359,T,,K.527,PT.AKD,SADANG,14,DEPO BANDUNG,1,GUDANG BAIK,2103148,Petalac Thinner PU  20 LTR,5.00,"1,084,500.00",JRG,0.00,0.00,0.00,0.00,"5,422,500.00",,1,"INDOWIRA, PT"
JUAL,261.005.590,15/05/2026 0:00,2605150360,T,,A.311,SINAR RAJAWALI,RAJAWALI BARAT 37,U,GANIS,1,GUDANG BAIK,2104073,Tawon Kembang Meni Kayu & Besi 0.8 KG,12.00,"48,000.00",KL,7.50,0.00,0.00,"43,200.00","532,800.00",,1,"INDOWIRA, PT"
JUAL,261.005.591,15/05/2026 0:00,2605150361,T,,C.124,MAKMUR,TKI 1 NO.29,C,YONATHAN,1,GUDANG BAIK,2104147,Wiratex Wall Paint Putih Salju 25 KG,6.00,"435,000.00",PL,7.50,0.00,0.00,"195,750.00","2,414,250.00",,1,"INDOWIRA, PT"
JUAL,261.005.592,15/05/2026 0:00,2605120337,T,,D.136,DELI JAYA STEEL,JL.RAYA LASWI 214 MANGGAHANG KEC.BALE ENDAH,D,WILLY,1,GUDANG BAIK,2102064,Meiji Zinc Chromate Primer Grey 1 KG,8.00,"57,500.00",KL,7.50,0.00,0.00,"34,500.00","425,500.00",,1,"INDOWIRA, PT"
JUAL,261.005.593,15/05/2026 0:00,2605120314,T,,A.311,SINAR RAJAWALI,RAJAWALI BARAT 37,U,GANIS,1,GUDANG BAIK,2104191,Wiratex Wall Paint Putih Salju 5KG,8.00,"93,000.00",GL,7.50,0.00,0.00,"55,800.00","688,200.00",,1,"INDOWIRA, PT"
JUAL,261.005.593,15/05/2026 0:00,2605120314,T,,A.311,SINAR RAJAWALI,RAJAWALI BARAT 37,U,GANIS,1,GUDANG BAIK,2104147,Wiratex Wall Paint Putih Salju 25 KG,3.00,"435,000.00",PL,7.50,0.00,0.00,"97,875.00","1,207,125.00",,1,"INDOWIRA, PT"
JUAL,261.005.594,15/05/2026 0:00,2605120310,T,,D.513,PUTRA REJEKI,RAJAWALI BARAT 45,U,GANIS,1,GUDANG BAIK,2104075,Tawon Kembang Meni Kayu & Besi  4.5 KG,4.00,"220,000.00",GLN,7.50,0.00,0.00,"66,000.00","814,000.00",,1,"INDOWIRA, PT"
JUAL,261.005.594,15/05/2026 0:00,2605120310,T,,D.513,PUTRA REJEKI,RAJAWALI BARAT 45,U,GANIS,1,GUDANG BAIK,2104147,Wiratex Wall Paint Putih Salju 25 KG,5.00,"435,000.00",PL,7.50,0.00,0.00,"163,125.00","2,011,875.00",,1,"INDOWIRA, PT"
JUAL,261.005.595,15/05/2026 0:00,2605120326,T,,A.411,MENARA,HOLIS 171 H (CIBUNTU SELATAN),Y,KEN - Y,1,GUDANG BAIK,2101330,Attaboy Wall Putty Instant Powder  2 KG,12.00,"38,000.00",BKS,7.50,0.00,0.00,"34,200.00","421,800.00",,1,"INDOWIRA, PT"
JUAL,261.005.596,15/05/2026 0:00,2605120324,T,,Y.279,PD.BERKAH AMANAH,KP.CILIMUS PADA ASIH CISARUA,Y,KEN - Y,1,GUDANG BAIK,2104183,Wiratex Wall paint 848 5KG,2.00,"93,000.00",GL,7.50,0.00,0.00,"13,950.00","172,050.00",,1,"INDOWIRA, PT"
JUAL,261.005.596,15/05/2026 0:00,2605120324,T,,Y.279,PD.BERKAH AMANAH,KP.CILIMUS PADA ASIH CISARUA,Y,KEN - Y,1,GUDANG BAIK,2103810,Shintex Cat Genteng 301 Black 4KG,2.00,"204,000.00",GLN,7.50,0.00,0.00,"30,600.00","377,400.00",,1,"INDOWIRA, PT"
JUAL,261.005.596,15/05/2026 0:00,2605120324,T,,Y.279,PD.BERKAH AMANAH,KP.CILIMUS PADA ASIH CISARUA,Y,KEN - Y,1,GUDANG BAIK,2103819,Shintex Cat Genteng 316 Minimal Grey 4KG,4.00,"204,000.00",GLN,7.50,0.00,0.00,"61,200.00","754,800.00",,1,"INDOWIRA, PT"
JUAL,261.005.596,15/05/2026 0:00,2605120324,T,,Y.279,PD.BERKAH AMANAH,KP.CILIMUS PADA ASIH CISARUA,Y,KEN - Y,1,GUDANG BAIK,2103786,Shintex Cat Bak White 1 KG,3.00,"64,000.00",KL,7.50,0.00,0.00,"14,400.00","177,600.00",,1,"INDOWIRA, PT"
JUAL,261.005.596,15/05/2026 0:00,2605120324,T,,Y.279,PD.BERKAH AMANAH,KP.CILIMUS PADA ASIH CISARUA,Y,KEN - Y,1,GUDANG BAIK,2103783,Shintex Cat Bak 009 Sky Blu 1 KG,3.00,"64,000.00",KL,7.50,0.00,0.00,"14,400.00","177,600.00",,1,"INDOWIRA, PT"
JUAL,261.005.597,15/05/2026 0:00,2605150362,T,,K.405,MAESTRO LAMP,JL.SASTRA NO.3,L,RUDI *,1,GUDANG BAIK,2101419,Crystal Coat Thinner  5 LITER,1.00,"313,000.00",GLN,0.00,0.00,0.00,0.00,"313,000.00",,1,"INDOWIRA, PT"
JUAL,261.005.598,15/05/2026 0:00,2605150363,T,,U.288,TB.GMS,JL.TERUSAN NANJUNG KP.SUKABIRUS RT.01/09 NO.22 B,U,GANIS,1,GUDANG BAIK,2102095,Mascot Wall Filler  4 KG,8.00,"55,000.00",GLN,7.50,0.00,0.00,"33,000.00","407,000.00",,1,"INDOWIRA, PT"
JUAL,261.005.598,15/05/2026 0:00,2605150363,T,,U.288,TB.GMS,JL.TERUSAN NANJUNG KP.SUKABIRUS RT.01/09 NO.22 B,U,GANIS,1,GUDANG BAIK,2102173,Mascot Wall Paint 2156 Garden 5 KG,8.00,"73,000.00",GLN,7.50,0.00,0.00,"43,800.00","540,200.00",,1,"INDOWIRA, PT"
JUAL,261.005.599,15/05/2026 0:00,2605150364,T,,D.507,INTI LOGAM,PASAR ATAS 38,U,GANIS,1,GUDANG BAIK,2101915,Meiji Epoxy Filler  1 LTR SET,12.00,"93,000.00",KL,7.50,0.00,0.00,"83,700.00","1,032,300.00",,1,"INDOWIRA, PT"
JUAL,261.005.600,15/05/2026 0:00,2605120332,T,,C.138,AL-BAROKAH,JL.POJOK SELATAN 226 CIMAHI,C,YONATHAN,1,GUDANG BAIK,2104863,Shintex Wall Filler 4 KG,4.00,"62,000.00",GL,7.50,0.00,0.00,"18,600.00","229,400.00",,1,"INDOWIRA, PT"
JUAL,261.005.601,15/05/2026 0:00,2605120334,T,,N.254,"SANBE FARMA ,PT",JL.TAMAN SARI NO.10,13,BU RINI,1,GUDANG BAIK,2102066,Meiji Zinc Chromate Primer  20 KG,1.00,"962,000.00",PL,7.50,0.00,0.00,"72,150.00","889,850.00",U/P.NASRUL HIDAYAT,1,"INDOWIRA, PT"
JUAL,261.005.602,15/05/2026 0:00,2605150365,T,,R.574,TB.RIZKY GYPSUM,JL.CIMENTENG MARTASIK CIPAGERAN RT.01/11,R,SIMON QIRENE,1,GUDANG BAIK,2104185,Wiratex Wall Paint 850 5KG,2.00,"93,000.00",GL,7.50,0.00,0.00,"13,950.00","172,050.00",,1,"INDOWIRA, PT"
JUAL,261.005.602,15/05/2026 0:00,2605150365,T,,R.574,TB.RIZKY GYPSUM,JL.CIMENTENG MARTASIK CIPAGERAN RT.01/11,R,SIMON QIRENE,1,GUDANG BAIK,2104188,Wiratex Wall Paint 853 5KG,2.00,"93,000.00",GL,7.50,0.00,0.00,"13,950.00","172,050.00",,1,"INDOWIRA, PT"
JUAL,261.005.602,15/05/2026 0:00,2605150365,T,,R.574,TB.RIZKY GYPSUM,JL.CIMENTENG MARTASIK CIPAGERAN RT.01/11,R,SIMON QIRENE,1,GUDANG BAIK,2104157,Wiratex Wall Paint 806 Cream 5KG,3.00,"93,000.00",GL,7.50,0.00,0.00,"20,925.00","258,075.00",,1,"INDOWIRA, PT"
JUAL,261.005.602,15/05/2026 0:00,2605150365,T,,R.574,TB.RIZKY GYPSUM,JL.CIMENTENG MARTASIK CIPAGERAN RT.01/11,R,SIMON QIRENE,1,GUDANG BAIK,2104170,Wiratex Wall Paint 829 Deep Pi 5KG,1.00,"93,000.00",GL,7.50,0.00,0.00,"6,975.00","86,025.00",,1,"INDOWIRA, PT"
JUAL,261.005.602,15/05/2026 0:00,2605150365,T,,R.574,TB.RIZKY GYPSUM,JL.CIMENTENG MARTASIK CIPAGERAN RT.01/11,R,SIMON QIRENE,1,GUDANG BAIK,2104160,Wiratex Wall Paint 809 Jonquil 5KG,2.00,"93,000.00",GL,7.50,0.00,0.00,"13,950.00","172,050.00",,1,"INDOWIRA, PT"
JUAL,261.005.602,15/05/2026 0:00,2605150365,T,,R.574,TB.RIZKY GYPSUM,JL.CIMENTENG MARTASIK CIPAGERAN RT.01/11,R,SIMON QIRENE,1,GUDANG BAIK,2104165,Wiratex Wall Paint 823 Poppy O 5KG,2.00,"93,000.00",GL,7.50,0.00,0.00,"13,950.00","172,050.00",,1,"INDOWIRA, PT"
JUAL,261.005.602,15/05/2026 0:00,2605150365,T,,R.574,TB.RIZKY GYPSUM,JL.CIMENTENG MARTASIK CIPAGERAN RT.01/11,R,SIMON QIRENE,1,GUDANG BAIK,2104093,Wiratex Ceiling & Gypsum Paint Putih Prima 5 KG,4.00,"91,000.00",GLN,7.50,0.00,0.00,"27,300.00","336,700.00",,1,"INDOWIRA, PT"
JUAL,261.005.604,15/05/2026 0:00,2605070153,T,,N.136,CAPRIFARMINDO,JL.PURNAWARMAN NO.47,13,BU RINI,1,GUDANG BAIK,2300135,Petalux Acrylic Enamel Sanbe Grey 7203 20KG,3.00,"2,550,000.00",PAIL,0.00,0.00,0.00,0.00,"7,650,000.00",U/P MUHAMMAD SULAEMI,1,"INDOWIRA, PT"
JUAL,261.005.604,15/05/2026 0:00,2605070153,T,,N.136,CAPRIFARMINDO,JL.PURNAWARMAN NO.47,13,BU RINI,1,GUDANG BAIK,2103423,Petalux Thinner Acrylic Enamel Paint  1LTR,12.00,"60,000.00",KL,0.00,0.00,0.00,0.00,"720,000.00",U/P MUHAMMAD SULAEMI,1,"INDOWIRA, PT"
JUAL,261.005.611,15/05/2026 0:00,2605150382,T,,A.605,MAJU JAYA,ANDIR 103,Y,KEN - Y,1,GUDANG BAIK,2102081,Meiji Zinc Chromate Primer Dark Grey 5 KG,1.00,"258,000.00",GLN,7.50,0.00,0.00,"19,350.00","238,650.00",,1,"INDOWIRA, PT"
JUAL,261.005.611,15/05/2026 0:00,2605150382,T,,A.605,MAJU JAYA,ANDIR 103,Y,KEN - Y,1,GUDANG BAIK,2100006,Alfa Polyester Putty  1 KG,6.00,"47,500.00",KL,5.00,0.00,0.00,"14,250.00","270,750.00",,1,"INDOWIRA, PT"
JUAL,261.005.615,15/05/2026 0:00,2605060115,T,,R.571,PERUM BUMI CITRA INDAH 4,CIPATIK,R,SIMON QIRENE,1,GUDANG BAIK,2105145,SHINTEX WALL PAINT 999 ADINDA 200KG,3.00,"3,172,500.00",DRUM,0.00,0.00,0.00,0.00,"9,517,500.00",,1,"INDOWIRA, PT"
JUAL,261.005.615,15/05/2026 0:00,2605060115,T,,R.571,PERUM BUMI CITRA INDAH 4,CIPATIK,R,SIMON QIRENE,1,GUDANG BAIK,2200201,Shintex Wall paint 9101 Orange 200KG,2.00,"3,172,500.00",DRUM,0.00,0.00,0.00,0.00,"6,345,000.00",,1,"INDOWIRA, PT"
JUAL,261.005.616,15/05/2026 0:00,2605150383,T,,R.485,TB.WAHANA BANGUNAN,CIBADUYUT RAYA NO.165 SEBELAH GG H.RUSDI,D,WILLY,1,GUDANG BAIK,2102074,Meiji Zinc Chromate Light Grey 20 KG,2.00,"962,000.00",PL,7.50,0.00,0.00,"144,300.00","1,779,700.00",,1,"INDOWIRA, PT"
JUAL,261.005.617,15/05/2026 0:00,2605150345,T,,L.427,SANTI,SUMBER SARI,L,RUDI *,1,GUDANG BAIK,2102837,Petalac 2K PU Hardener Normal  200CC,2.00,"61,000.00",KL,10.00,0.00,0.00,"12,200.00","109,800.00",,1,"INDOWIRA, PT"
JUAL,261.005.617,15/05/2026 0:00,2605150345,T,,L.427,SANTI,SUMBER SARI,L,RUDI *,1,GUDANG BAIK,2600095,Petalac 2K PU CO Base P.120 Soft Pink 0.8LT,2.00,"159,000.00",KL,10.00,0.00,0.00,"31,800.00","286,200.00",,1,"INDOWIRA, PT"
JUAL,261.005.618,15/05/2026 0:00,2605150395,T,,M.100,UMUM,,14,DEPO BANDUNG,1,GUDANG BAIK,2101608,Kingkong Wall Putty Instant Powder  5 KG,1.00,"38,000.00",BKS,5.00,0.00,0.00,"1,900.00","36,100.00",CI LILIS,1,"INDOWIRA, PT"
JUAL,261.005.619,15/05/2026 0:00,2605150394,T,,G.227,MUTIARA WARNA,JL.SOMAWINATA 14 TANI MULYA,G,JULIANTO,1,GUDANG BAIK,2104042,Shintex Wall Paint Super White 5KG,4.00,"118,000.00",GLN,7.50,0.00,0.00,"35,400.00","436,600.00",,1,"INDOWIRA, PT"
JUAL,261.005.619,15/05/2026 0:00,2605150394,T,,G.227,MUTIARA WARNA,JL.SOMAWINATA 14 TANI MULYA,G,JULIANTO,1,GUDANG BAIK,2102138,Mascot Wall Paint 203 Cream 25 KG,1.00,"317,000.00",PL,7.50,0.00,0.00,"23,775.00","293,225.00",,1,"INDOWIRA, PT"
JUAL,261.005.619,15/05/2026 0:00,2605150394,T,,G.227,MUTIARA WARNA,JL.SOMAWINATA 14 TANI MULYA,G,JULIANTO,1,GUDANG BAIK,2104113,Wiratex Wall Paint 806 Cream 25 KG,1.00,"435,000.00",PL,7.50,0.00,0.00,"32,625.00","402,375.00",,1,"INDOWIRA, PT"
JUAL,262.000.633,15/05/2026 0:00,2605150348,T,,X.247,JAYA BARU,TERUSAN CIBADUYUT 101,R,SIMON QIRENE,1,GUDANG BAIK,2104937,Bonus Kuas,8.00,0.00,PCS,0.00,0.00,0.00,0.00,0.00,,1,"INDOWIRA, PT"
JUAL,262.000.633,15/05/2026 0:00,2605150348,T,,X.247,JAYA BARU,TERUSAN CIBADUYUT 101,R,SIMON QIRENE,1,GUDANG BAIK,2104949,Bonus Roller,2.00,0.00,PCS,0.00,0.00,0.00,0.00,0.00,,1,"INDOWIRA, PT"
JUAL,262.000.635,15/05/2026 0:00,2605120321,T,,U.196,TB.SUMBER REJEKI,JL.KOLONEL MASTURI NO.161 LEMBANG,U,GANIS,1,GUDANG BAIK,2104949,Bonus Roller,3.00,0.00,PCS,0.00,0.00,0.00,0.00,0.00,,1,"INDOWIRA, PT"
JUAL,262.000.636,15/05/2026 0:00,2605150361,T,,C.124,MAKMUR,TKI 1 NO.29,C,YONATHAN,1,GUDANG BAIK,2104949,Bonus Roller,2.00,0.00,PCS,0.00,0.00,0.00,0.00,0.00,,1,"INDOWIRA, PT"
JUAL,262.000.637,15/05/2026 0:00,2605120314,T,,A.311,SINAR RAJAWALI,RAJAWALI BARAT 37,U,GANIS,1,GUDANG BAIK,2104949,Bonus Roller,1.00,0.00,PCS,0.00,0.00,0.00,0.00,0.00,,1,"INDOWIRA, PT"
JUAL,262.000.638,15/05/2026 0:00,2605120310,T,,D.513,PUTRA REJEKI,RAJAWALI BARAT 45,U,GANIS,1,GUDANG BAIK,2104949,Bonus Roller,1.00,0.00,PCS,0.00,0.00,0.00,0.00,0.00,,1,"INDOWIRA, PT"
JUAL,262.000.639,15/05/2026 0:00,2605150365,T,,R.574,TB.RIZKY GYPSUM,JL.CIMENTENG MARTASIK CIPAGERAN RT.01/11,R,SIMON QIRENE,1,GUDANG BAIK,2104937,Bonus Kuas,4.00,0.00,PCS,0.00,0.00,0.00,0.00,0.00,,1,"INDOWIRA, PT"
JUAL,261.005.677,18/05/2026 0:00,2605180399,T,,G.205,ALPIN JAYA,JL.PUSAKA (PANTURA) BELAKANG RM.TAMAN SA,C,YONATHAN,1,GUDANG BAIK,2200162,Kingkong Wall paint Super White 18KG,10.00,"323,000.00",PAIL,7.50,0.00,0.00,"242,250.00","2,987,750.00",,1,"INDOWIRA, PT"
JUAL,261.005.677,18/05/2026 0:00,2605180399,T,,G.205,ALPIN JAYA,JL.PUSAKA (PANTURA) BELAKANG RM.TAMAN SA,C,YONATHAN,1,GUDANG BAIK,2102129,Mascot Wall Paint Super White 20 KG,10.00,"249,000.00",PL,7.50,0.00,0.00,"186,750.00","2,303,250.00",,1,"INDOWIRA, PT"
JUAL,261.005.678,18/05/2026 0:00,2605180404,T,,GA.109,TB.MATRIAL JAYA,JL.RA KARTINI NO.1 SUBANG,C,YONATHAN,1,GUDANG BAIK,2200199,Kingkong Wall Paint Special 507 Poppy O 4.5KG,4.00,"84,000.00",GLN,7.50,0.00,0.00,"25,200.00","310,800.00",,1,"INDOWIRA, PT"
JUAL,261.005.679,18/05/2026 0:00,2605180408,T,,G.199,PULAU INDAH,JL.VETERAN PAMANUKAN,C,YONATHAN,1,GUDANG BAIK,2200162,Kingkong Wall paint Super White 18KG,5.00,"323,000.00",PAIL,7.50,0.00,0.00,"121,125.00","1,493,875.00",,1,"INDOWIRA, PT"
JUAL,261.005.680,18/05/2026 0:00,2605180407,T,,Y.280,ABDI JAYA,KOMP.MEKAR WANGI JL.MEKAR SEJAHTERA POS 16,Y,KEN - Y,1,GUDANG BAIK,2300180,Daltone PU Base Coat D020 Deep Black 1Lt,6.00,"175,000.00",KL,10.00,0.00,0.00,"105,000.00","945,000.00",,1,"INDOWIRA, PT"
JUAL,261.005.681,18/05/2026 0:00,2605180406,T,,D.616,PB.BAROKAH,CIPANJAR 242 CIWARUGA CIGUGUR GIRANG,Y,KEN - Y,1,GUDANG BAIK,2104042,Shintex Wall Paint Super White 5KG,20.00,"118,000.00",GLN,7.50,0.00,0.00,"177,000.00","2,183,000.00",,1,"INDOWIRA, PT"
JUAL,261.005.682,18/05/2026 0:00,2605180405,T,,A.411,MENARA,HOLIS 171 H (CIBUNTU SELATAN),Y,KEN - Y,1,GUDANG BAIK,2104075,Tawon Kembang Meni Kayu & Besi  4.5 KG,4.00,"220,000.00",GLN,7.50,0.00,0.00,"66,000.00","814,000.00",,1,"INDOWIRA, PT"
JUAL,261.005.682,18/05/2026 0:00,2.605.180.405,T,,A.411,MENARA,HOLIS 171 H (CIBUNTU SELATAN),Y,KEN - Y,1,GUDANG BAIK,2104073,Tawon Kembang Meni Kayu & Besi 0.8 KG,12.00,"48,000.00",KL,7.50,0.00,0.00,"43,200.00","532,800.00",,1,"INDOWIRA, PT"
JUAL,261.005.683,18/05/2026 0:00,2.605.180.403,T,,A.427,TB.ABADI MULYA 8,JL.RAYA NANJUNG NO.77,Y,KEN - Y,1,GUDANG BAIK,2101607,Kingkong Wall Putty Instant Powder  25 KG,3.00,"146,300.00",ZAK,7.50,0.00,0.00,"32,917.50","405,982.50",,1,"INDOWIRA, PT"
JUAL,261.005.684,18/05/2026 0:00,2.605.180.402,T,,W.429,PT.VISTA KREASINDO,JL.LASWI NO.146,13,BU RINI,1,GUDANG BAIK,2103564,Petalux Wall Paint 643 Irish W 25 KG,1.00,"800,000.00",PL,0.00,0.00,0.00,0.00,"800,000.00",K/KOPITIAM 146,1,"INDOWIRA, PT"
JUAL,261.005.685,18/05/2026 0:00,2.605.180.401,T,,B.421,BOGA SENI BERKAH,"JL.RADIO,CILILIN BANDUNG BARAT",C,YONATHAN,1,GUDANG BAIK,2104160,Wiratex Wall Paint 809 Jonquil 5KG,12.00,"93,000.00",GL,7.50,0.00,0.00,"83,700.00","1,032,300.00",,1,"INDOWIRA, PT"
JUAL,261.005.685,18/05/2026 0:00,2.605.180.401,T,,B.421,BOGA SENI BERKAH,"JL.RADIO,CILILIN BANDUNG BARAT",C,YONATHAN,1,GUDANG BAIK,2104115,Wiratex Wall Paint 809 Jonquil 25 KG,2.00,"435,000.00",PL,7.50,0.00,0.00,"65,250.00","804,750.00",,1,"INDOWIRA, PT"
JUAL,261.005.687,18/05/2026 0:00,2605180415,T,,D.131,SINAR MAS,TKI III D4 NO.17,D,WILLY,1,GUDANG BAIK,2104147,Wiratex Wall Paint Putih Salju 25 KG,10.00,"435,000.00",PL,7.50,0.00,0.00,"326,250.00","4,023,750.00",,1,"INDOWIRA, PT"
JUAL,261.005.688,18/05/2026 0:00,2.605.180.414,T,,C.208,KURNIA,CIBEUREUM 90,D,WILLY,1,GUDANG BAIK,2100011,AlFa Polyester Putty  3KG,6.00,"120,000.00",GLN,5.00,0.00,0.00,"36,000.00","684,000.00",,1,"INDOWIRA, PT"
JUAL,261.005.694,18/05/2026 0:00,2605180413,T,,D.513,PUTRA REJEKI,RAJAWALI BARAT 45,U,GANIS,1,GUDANG BAIK,2104183,Wiratex Wall paint 848 5KG,8.00,"93,000.00",GL,7.50,0.00,0.00,"55,800.00","688,200.00",,1,"INDOWIRA, PT"
JUAL,261.005.694,18/05/2026 0:00,2605180413,T,,D.513,PUTRA REJEKI,RAJAWALI BARAT 45,U,GANIS,1,GUDANG BAIK,2104182,Wiratex Wall Paint 847 Spring 5KG,8.00,"93,000.00",GL,7.50,0.00,0.00,"55,800.00","688,200.00",,1,"INDOWIRA, PT"
JUAL,261.005.694,18/05/2026 0:00,2605180413,T,,D.513,PUTRA REJEKI,RAJAWALI BARAT 45,U,GANIS,1,GUDANG BAIK,2104179,Wiratex Wall Paint 844 Terraco 5KG,8.00,"93,000.00",GL,7.50,0.00,0.00,"55,800.00","688,200.00",,1,"INDOWIRA, PT"
JUAL,261.005.694,18/05/2026 0:00,2605180413,T,,D.513,PUTRA REJEKI,RAJAWALI BARAT 45,U,GANIS,1,GUDANG BAIK,2104191,Wiratex Wall Paint Putih Salju 5KG,16.00,"93,000.00",GL,7.50,0.00,0.00,"111,600.00","1,376,400.00",,1,"INDOWIRA, PT"
JUAL,261.005.694,18/05/2026 0:00,2605180413,T,,D.513,PUTRA REJEKI,RAJAWALI BARAT 45,U,GANIS,1,GUDANG BAIK,2104138,Wiratex Wall Paint 847 25 KG,2.00,"435,000.00",PL,7.50,0.00,0.00,"65,250.00","804,750.00",,1,"INDOWIRA, PT"
JUAL,261.005.694,18/05/2026 0:00,2605180413,T,,D.513,PUTRA REJEKI,RAJAWALI BARAT 45,U,GANIS,1,GUDANG BAIK,2104139,Wiratex Wall Paint 848 25 KG,2.00,"435,000.00",PL,7.50,0.00,0.00,"65,250.00","804,750.00",,1,"INDOWIRA, PT"
JUAL,261.005.695,18/05/2026 0:00,2605180412,T,,U.161,TB.MAKMUR 2,JL.CIHANJUANG RAHAYU RT.01/06 KAMPUNG TU,U,GANIS,1,GUDANG BAIK,2104191,Wiratex Wall Paint Putih Salju 5KG,8.00,"93,000.00",GL,7.50,0.00,0.00,"55,800.00","688,200.00",,1,"INDOWIRA, PT"
JUAL,261.005.695,18/05/2026 0:00,2605180412,T,,U.161,TB.MAKMUR 2,JL.CIHANJUANG RAHAYU RT.01/06 KAMPUNG TU,U,GANIS,1,GUDANG BAIK,2102095,Mascot Wall Filler  4 KG,4.00,"55,000.00",GLN,7.50,0.00,0.00,"16,500.00","203,500.00",,1,"INDOWIRA, PT"
JUAL,261.005.695,18/05/2026 0:00,2605180412,T,,U.161,TB.MAKMUR 2,JL.CIHANJUANG RAHAYU RT.01/06 KAMPUNG TU,U,GANIS,1,GUDANG BAIK,2100006,Alfa Polyester Putty  1 KG,6.00,"47,500.00",KL,5.00,0.00,0.00,"14,250.00","270,750.00",,1,"INDOWIRA, PT"
JUAL,261.005.695,18/05/2026 0:00,2605180412,T,,U.161,TB.MAKMUR 2,JL.CIHANJUANG RAHAYU RT.01/06 KAMPUNG TU,U,GANIS,1,GUDANG BAIK,2101643,Kingkong Wall Paint Super White 1 KG,6.00,"31,000.00",KL,7.50,0.00,0.00,"13,950.00","172,050.00",,1,"INDOWIRA, PT"
JUAL,261.005.696,18/05/2026 0:00,2605180411,T,,A.313,TEGUH,CIROYOM 49,U,GANIS,1,GUDANG BAIK,2600073,Alfa Zinc Chromate Primer Black Gloss 20KG,6.00,"858,000.00",PAIL,7.50,0.00,0.00,"386,100.00","4,761,900.00",,1,"INDOWIRA, PT"
JUAL,261.005.696,18/05/2026 0:00,2605180411,T,,A.313,TEGUH,CIROYOM 49,U,GANIS,1,GUDANG BAIK,2104191,Wiratex Wall Paint Putih Salju 5KG,4.00,"93,000.00",GL,7.50,0.00,0.00,"27,900.00","344,100.00",,1,"INDOWIRA, PT"
JUAL,261.005.697,18/05/2026 0:00,2605180427,T,,G.519,TB.CAHAYA FAMILY,JL.KOLMAS GG.SARI LAKSANA NO.4 PARONGPON,G,JULIANTO,1,GUDANG BAIK,2104185,Wiratex Wall Paint 850 5KG,4.00,"93,000.00",GL,7.50,0.00,0.00,"27,900.00","344,100.00",,1,"INDOWIRA, PT"
JUAL,261.005.697,18/05/2026 0:00,2605180427,T,,G.519,TB.CAHAYA FAMILY,JL.KOLMAS GG.SARI LAKSANA NO.4 PARONGPON,G,JULIANTO,1,GUDANG BAIK,2104188,Wiratex Wall Paint 853 5KG,8.00,"93,000.00",GL,7.50,0.00,0.00,"55,800.00","688,200.00",,1,"INDOWIRA, PT"
JUAL,261.005.697,18/05/2026 0:00,2605180427,T,,G.519,TB.CAHAYA FAMILY,JL.KOLMAS GG.SARI LAKSANA NO.4 PARONGPON,G,JULIANTO,1,GUDANG BAIK,2104157,Wiratex Wall Paint 806 Cream 5KG,4.00,"93,000.00",GL,7.50,0.00,0.00,"27,900.00","344,100.00",,1,"INDOWIRA, PT"
JUAL,261.005.697,18/05/2026 0:00,2605180427,T,,G.519,TB.CAHAYA FAMILY,JL.KOLMAS GG.SARI LAKSANA NO.4 PARONGPON,G,JULIANTO,1,GUDANG BAIK,2104162,Wiratex Wall Paint 814 Adinda 5KG,4.00,"93,000.00",GL,7.50,0.00,0.00,"27,900.00","344,100.00",,1,"INDOWIRA, PT"
JUAL,261.005.697,18/05/2026 0:00,2605180427,T,,G.519,TB.CAHAYA FAMILY,JL.KOLMAS GG.SARI LAKSANA NO.4 PARONGPON,G,JULIANTO,1,GUDANG BAIK,2104182,Wiratex Wall Paint 847 Spring 5KG,4.00,"93,000.00",GL,7.50,0.00,0.00,"27,900.00","344,100.00",,1,"INDOWIRA, PT"
JUAL,261.005.697,18/05/2026 0:00,2605180427,T,,G.519,TB.CAHAYA FAMILY,JL.KOLMAS GG.SARI LAKSANA NO.4 PARONGPON,G,JULIANTO,1,GUDANG BAIK,2104170,Wiratex Wall Paint 829 Deep Pi 5KG,8.00,"93,000.00",GL,7.50,0.00,0.00,"55,800.00","688,200.00",,1,"INDOWIRA, PT"
JUAL,261.005.698,18/05/2026 0:00,2605180426,T,,J.140,PT.INDONESIA RABBONI GARMEN,JL.BANJARAN 102 (EX UNILON),J,FRANSISKUS,1,GUDANG BAIK,2103219,Protar Cat Proteksi Tahan air 7203 20 KG,5.00,"1,188,000.00",PL,0.00,0.00,0.00,0.00,"5,940,000.00",,1,"INDOWIRA, PT"
JUAL,261.005.699,18/05/2026 0:00,2605180424,T,,J.202,GLOBAL KRIYA NUSANTARA/AL IKHS,JL.GOLF TAMAN CINTA/INSPEKSI NO.2,J,FRANSISKUS,1,GUDANG BAIK,2101365,Crystal Coat Candytone Golden Lacq 1 LITER,18.00,"700,000.00",KL,10.00,5.00,0.00,"1,827,000.00","10,773,000.00",,1,"INDOWIRA, PT"
JUAL,261.005.700,18/05/2026 0:00,2605180423,T,,GA.27,TB.PUTRA SIMPANG,KOMP.BTN BALITSA BLOK.N NO.38 CIKOLE M/D,G,JULIANTO,1,GUDANG BAIK,2102061,Meiji Zinc Chromate Primer  1 KG,6.00,"57,500.00",KL,7.50,0.00,0.00,"25,875.00","319,125.00",,1,"INDOWIRA, PT"
JUAL,261.005.700,18/05/2026 0:00,2605180423,T,,GA.27,TB.PUTRA SIMPANG,KOMP.BTN BALITSA BLOK.N NO.38 CIKOLE M/D,G,JULIANTO,1,GUDANG BAIK,2104539,Meiji Zinc Chromate Light Grey 1 Kg,6.00,"57,500.00",KL,7.50,0.00,0.00,"25,875.00","319,125.00",,1,"INDOWIRA, PT"
JUAL,261.005.701,18/05/2026 0:00,2605180410,T,,A.418,SUBUR BERSAMA,GEMPOL 349A,R,SIMON QIRENE,1,GUDANG BAIK,2104075,Tawon Kembang Meni Kayu & Besi  4.5 KG,4.00,"220,000.00",GLN,7.50,0.00,0.00,"66,000.00","814,000.00",,1,"INDOWIRA, PT"
JUAL,261.005.701,18/05/2026 0:00,2605180410,T,,A.418,SUBUR BERSAMA,GEMPOL 349A,R,SIMON QIRENE,1,GUDANG BAIK,2104073,Tawon Kembang Meni Kayu & Besi 0.8 KG,12.00,"48,000.00",KL,7.50,0.00,0.00,"43,200.00","532,800.00",,1,"INDOWIRA, PT"
JUAL,261.005.702,18/05/2026 0:00,2605180421,T,,Y.291,BERKAH ABADI 2,PERTIGAAN PATROL - PARONGPONG,Y,KEN - Y,1,GUDANG BAIK,2104183,Wiratex Wall paint 848 5KG,2.00,"93,000.00",GL,7.50,0.00,0.00,"13,950.00","172,050.00",,1,"INDOWIRA, PT"
JUAL,261.005.702,18/05/2026 0:00,2605180421,T,,Y.291,BERKAH ABADI 2,PERTIGAAN PATROL - PARONGPONG,Y,KEN - Y,1,GUDANG BAIK,2104191,Wiratex Wall Paint Putih Salju 5KG,2.00,"93,000.00",GL,7.50,0.00,0.00,"13,950.00","172,050.00",,1,"INDOWIRA, PT"
JUAL,261.005.702,18/05/2026 0:00,2605180421,T,,Y.291,BERKAH ABADI 2,PERTIGAAN PATROL - PARONGPONG,Y,KEN - Y,1,GUDANG BAIK,2104192,Wiratex Wall Paint Super White 5KG,4.00,"93,000.00",GL,7.50,0.00,0.00,"27,900.00","344,100.00",,1,"INDOWIRA, PT"
JUAL,261.005.702,18/05/2026 0:00,2605180421,T,,Y.291,BERKAH ABADI 2,PERTIGAAN PATROL - PARONGPONG,Y,KEN - Y,1,GUDANG BAIK,2103807,Shintex Cat Genteng 315 Side Gr 20 KG,1.00,"957,000.00",PL,7.50,0.00,0.00,"71,775.00","885,225.00",,1,"INDOWIRA, PT"
JUAL,261.005.702,18/05/2026 0:00,2605180421,T,,Y.291,BERKAH ABADI 2,PERTIGAAN PATROL - PARONGPONG,Y,KEN - Y,1,GUDANG BAIK,2103808,Shintex Cat Genteng 316 Minimal Grey 20 KG,1.00,"957,000.00",PL,7.50,0.00,0.00,"71,775.00","885,225.00",,1,"INDOWIRA, PT"
JUAL,261.005.703,18/05/2026 0:00,2605150390,T,,C.209,LANGGANAN BARU,SINDANG SARI BARAT 27 CIJERAH,C,YONATHAN,1,GUDANG BAIK,2102077,Meiji Zinc Chromate Primer Black 5 KG,8.00,"258,000.00",GLN,7.50,0.00,0.00,"154,800.00","1,909,200.00",,1,"INDOWIRA, PT"
JUAL,261.005.704,18/05/2026 0:00,2605150392,T,,K.405,MAESTRO LAMP,JL.SASTRA NO.3,L,RUDI *,1,GUDANG BAIK,2101419,Crystal Coat Thinner  5 LITER,4.00,"313,000.00",GLN,0.00,0.00,0.00,0.00,"1,252,000.00",,1,"INDOWIRA, PT"
JUAL,261.005.704,18/05/2026 0:00,2605150392,T,,K.405,MAESTRO LAMP,JL.SASTRA NO.3,L,RUDI *,1,GUDANG BAIK,2101363,Crystal Coat Candytone Copper 1Lts,2.00,"700,000.00",KL,10.00,0.00,0.00,"140,000.00","1,260,000.00",,1,"INDOWIRA, PT"
JUAL,261.005.704,18/05/2026 0:00,2605150392,T,,K.405,MAESTRO LAMP,JL.SASTRA NO.3,L,RUDI *,1,GUDANG BAIK,2101365,Crystal Coat Candytone Golden Lacq 1 LITER,6.00,"700,000.00",KL,10.00,0.00,0.00,"420,000.00","3,780,000.00",,1,"INDOWIRA, PT"
JUAL,261.005.705,18/05/2026 0:00,2605150398,T,,D.114,HIDUP SEJAHTERA,CIMAHI BARAT NO.785,C,YONATHAN,1,GUDANG BAIK,2104191,Wiratex Wall Paint Putih Salju 5KG,4.00,"93,000.00",GL,7.50,0.00,0.00,"27,900.00","344,100.00",,1,"INDOWIRA, PT"
JUAL,261.005.708,18/05/2026 0:00,2605180419,T,,W.354,PT.MENTARI AGUNG MANDIRI,JL.RAYA DAYEUH KOLOT O.341C RT 001 RW 006,R,SIMON QIRENE,1,GUDANG BAIK,2103625,Petalux Wall Paint Putih Wangi 25 KG,1.00,"556,000.00",PL,0.00,0.00,0.00,0.00,"556,000.00",U/P.ICA,1,"INDOWIRA, PT"
JUAL,261.005.709,18/05/2026 0:00,2605180420,T,,W.354,PT.MENTARI AGUNG MANDIRI,JL.RAYA DAYEUH KOLOT O.341C RT 001 RW 006,R,SIMON QIRENE,1,GUDANG BAIK,2103625,Petalux Wall Paint Putih Wangi 25 KG,2.00,"556,000.00",PL,0.00,0.00,0.00,0.00,"1,112,000.00",U/P.ICA,1,"INDOWIRA, PT"
JUAL,261.005.710,18/05/2026 0:00,2605150385,T,,N.666,PT.ALMEGA JAYA,JL.SEKEKUKUMBUNG 77,13,BU RINI,1,GUDANG BAIK,2101915,Meiji Epoxy Filler  1 LTR SET,12.00,"93,000.00",KL,0.00,0.00,0.00,0.00,"1,116,000.00",,1,"INDOWIRA, PT"
JUAL,261.005.711,18/05/2026 0:00,2605180435,T,,K.103,HOWARDI,KAMPUNG CIKAREES DEPAN KANTOR KELURAHAN,L,RUDI *,1,GUDANG BAIK,2103149,Petalac Thinner PU  5 LTR,1.00,"286,000.00",GLN,0.00,0.00,0.00,0.00,"286,000.00",,1,"INDOWIRA, PT"
JUAL,261.005.711,18/05/2026 0:00,2605180435,T,,K.103,HOWARDI,KAMPUNG CIKAREES DEPAN KANTOR KELURAHAN,L,RUDI *,1,GUDANG BAIK,2102840,Petalac 2K PU Hardener Special  200 CC,3.00,"61,000.00",KL,10.00,0.00,0.00,"18,300.00","164,700.00",,1,"INDOWIRA, PT"
JUAL,261.005.711,18/05/2026 0:00,2605180435,T,,K.103,HOWARDI,KAMPUNG CIKAREES DEPAN KANTOR KELURAHAN,L,RUDI *,1,GUDANG BAIK,2200068,Petalac 2K PU Colour P.101 Special White Base 0.8L,3.00,"140,000.00",KL,10.00,0.00,0.00,"42,000.00","378,000.00",,1,"INDOWIRA, PT"
JUAL,261.005.712,18/05/2026 0:00,2605180431,T,,K.331,ATEP,JL.MANGLID NO.10,L,RUDI *,1,GUDANG BAIK,2200350,Daltone Clear Coat Doff 1Lts,1.00,"165,000.00",KL,10.00,0.00,0.00,"16,500.00","148,500.00",,1,"INDOWIRA, PT"
JUAL,261.005.713,18/05/2026 0:00,2605150389,T,,B.510,PADA SURTI,KIRCON 346,D,WILLY,1,GUDANG BAIK,2104192,Wiratex Wall Paint Super White 5KG,12.00,"93,000.00",GL,7.50,0.00,0.00,"83,700.00","1,032,300.00",,1,"INDOWIRA, PT"
JUAL,261.005.713,18/05/2026 0:00,2605150389,T,,B.510,PADA SURTI,KIRCON 346,D,WILLY,1,GUDANG BAIK,2101643,Kingkong Wall Paint Super White 1 KG,12.00,"31,000.00",KL,7.50,0.00,0.00,"27,900.00","344,100.00",,1,"INDOWIRA, PT"
JUAL,261.005.714,18/05/2026 0:00,2605180429,T,,J.303,ASTA ARTHA/DIRGANTARA YUDHA,JL.KOPO JAYA II NO.13A,J,FRANSISKUS,1,GUDANG BAIK,2103516,Petalux Wall Paint 602 Berlian 25 KG,3.00,"800,000.00",PL,7.50,0.00,0.00,"180,000.00","2,220,000.00",K/GEREJA KATOLIK JL.PANDU NO.4,1,"INDOWIRA, PT"
JUAL,261.005.715,18/05/2026 0:00,2605150396,T,,N.888,SUMBER WARNA,PUNGKUR,14,DEPO BANDUNG,1,GUDANG BAIK,2100049,Adler Polyester Putty 3002  1 KG SET,120.00,"72,000.00",KL,7.50,2.50,0.00,"847,800.00","7,792,200.00",,1,"INDOWIRA, PT"
JUAL,261.005.715,18/05/2026 0:00,2605150396,T,,N.888,SUMBER WARNA,PUNGKUR,14,DEPO BANDUNG,1,GUDANG BAIK,2102069,Meiji Zinc Chromate Primer Grey 20 KG,5.00,"962,000.00",PL,7.50,2.50,0.00,"471,981.25","4,338,018.75",,1,"INDOWIRA, PT"
JUAL,261.005.716,18/05/2026 0:00,2605150397,T,,N.888,SUMBER WARNA,PUNGKUR,14,DEPO BANDUNG,1,GUDANG BAIK,2103145,Petalac Thinner PU  1 LTR,30.00,"66,500.00",KL,0.00,0.00,0.00,0.00,"1,995,000.00",,1,"INDOWIRA, PT"
JUAL,261.005.716,18/05/2026 0:00,2605150397,T,,N.888,SUMBER WARNA,PUNGKUR,14,DEPO BANDUNG,1,GUDANG BAIK,2101917,Meiji Epoxy Filler White 1 LTR SET,240.00,"93,000.00",KL,7.50,2.50,0.00,"2,190,148.80","20,129,851.20",,1,"INDOWIRA, PT"
JUAL,261.005.716,18/05/2026 0:00,2605150397,T,,N.888,SUMBER WARNA,PUNGKUR,14,DEPO BANDUNG,1,GUDANG BAIK,2102837,Petalac 2K PU Hardener Normal  200CC,24.00,"61,000.00",KL,7.50,2.50,0.00,"143,654.88","1,320,345.12",,1,"INDOWIRA, PT"
JUAL,261.005.716,18/05/2026 0:00,2605150397,T,,N.888,SUMBER WARNA,PUNGKUR,14,DEPO BANDUNG,1,GUDANG BAIK,2102840,Petalac 2K PU Hardener Special  200 CC,18.00,"61,000.00",KL,7.50,2.50,0.00,"107,741.16","990,258.84",,1,"INDOWIRA, PT"
JUAL,261.005.716,18/05/2026 0:00,2605150397,T,,N.888,SUMBER WARNA,PUNGKUR,14,DEPO BANDUNG,1,GUDANG BAIK,2200303,Petalac Ext 4:1 Special White Matt Base 0.8LT,24.00,"160,000.00",KL,7.50,2.50,0.00,"376,800.00","3,463,200.00",,1,"INDOWIRA, PT"
JUAL,261.005.716,18/05/2026 0:00,2605150397,T,,N.888,SUMBER WARNA,PUNGKUR,14,DEPO BANDUNG,1,GUDANG BAIK,2200068,Petalac 2K PU Colour P.101 Special White Base 0.8L,18.00,"140,000.00",KL,7.50,2.50,0.00,"247,275.00","2,272,725.00",,1,"INDOWIRA, PT"
JUAL,261.005.719,18/05/2026 0:00,2605180409,T,,Q.142,GAN PROPERTI,GREEN VALLEY JL.JATIHANDAP,R,SIMON QIRENE,1,GUDANG BAIK,2101330,Attaboy Wall Putty Instant Powder  2 KG,24.00,"38,000.00",BKS,0.00,0.00,0.00,0.00,"912,000.00",U/P.FAJAR 081322807856,1,"INDOWIRA, PT"
JUAL,261.005.720,18/05/2026 0:00,2605180400,T,,B.102,BUANA INDAH II,RUKO TAMAN RAHAYU 24,C,YONATHAN,1,GUDANG BAIK,2104148,Wiratex Wall Paint Super White 25 KG,5.00,"435,000.00",PL,7.50,0.00,0.00,"163,125.00","2,011,875.00",,1,"INDOWIRA, PT"
JUAL,261.005.721,18/05/2026 0:00,2605180432,T,,P.244,PT.METROPOLITAN HORISON DEVELO,HOTEL HORISON JL.PELAJAR PEJUANG 45 NO.121,13,BU RINI,1,GUDANG BAIK,2103640,Petalux Wall Paint Super White 25 KG,1.00,"850,000.00",PL,0.00,0.00,0.00,0.00,"850,000.00",,1,"INDOWIRA, PT"
JUAL,261.005.722,18/05/2026 0:00,2605150387,T,,A.218,SAWARGI,JL.KOPO 220 PARAPATAN PETTA,L,RUDI *,1,GUDANG BAIK,2104148,Wiratex Wall Paint Super White 25 KG,2.00,"435,000.00",PL,7.50,0.00,0.00,"65,250.00","804,750.00",,1,"INDOWIRA, PT"
JUAL,261.005.723,18/05/2026 0:00,2605180422,T,,K.201,AGUS CENDANA,KIRCON 141,L,RUDI *,1,GUDANG BAIK,2102840,Petalac 2K PU Hardener Special  200 CC,6.00,"61,000.00",KL,10.00,0.00,0.00,"36,600.00","329,400.00",,1,"INDOWIRA, PT"
JUAL,261.005.723,18/05/2026 0:00,2605180422,T,,K.201,AGUS CENDANA,KIRCON 141,L,RUDI *,1,GUDANG BAIK,2200068,Petalac 2K PU Colour P.101 Special White Base 0.8L,6.00,"140,000.00",KL,10.00,0.00,0.00,"84,000.00","756,000.00",,1,"INDOWIRA, PT"
JUAL,261.005.729,18/05/2026 0:00,2605180442,T,,H.223,MULUS,JL. Raya Drmaga,H1,MIMING,1,GUDANG BAIK,2104191,Wiratex Wall Paint Putih Salju 5KG,20.00,"93,000.00",GL,7.50,0.00,0.00,"139,500.00","1,720,500.00",,1,"INDOWIRA, PT"
JUAL,261.005.730,18/05/2026 0:00,2605180441,T,,H.231,YUDHA BAJA,JL. Veteran 2 Teluk Pinang Ciawi,H1,MIMING,1,GUDANG BAIK,2100006,Alfa Polyester Putty  1 KG,120.00,"47,500.00",KL,5.00,0.00,0.00,"285,000.00","5,415,000.00",,1,"INDOWIRA, PT"
JUAL,261.005.731,18/05/2026 0:00,2605180439,T,,H.341,PT.KREASI METALLO BERSAMA,JL.RAYA PARUNG KM.32 SAWANAGN DEPOK,H,YANSENG,1,GUDANG BAIK,2101419,Crystal Coat Thinner  5 LITER,6.00,"313,000.00",GLN,0.00,0.00,0.00,0.00,"1,878,000.00",,1,"INDOWIRA, PT"
JUAL,261.005.732,18/05/2026 0:00,2605120328,T,,H.231,YUDHA BAJA,JL. Veteran 2 Teluk Pinang Ciawi,H1,MIMING,1,GUDANG BAIK,2100011,AlFa Polyester Putty  3KG,30.00,"120,000.00",GLN,5.00,0.00,0.00,"180,000.00","3,420,000.00",,1,"INDOWIRA, PT"
JUAL,261.005.732,18/05/2026 0:00,2605120328,T,,H.231,YUDHA BAJA,JL. Veteran 2 Teluk Pinang Ciawi,H1,MIMING,1,GUDANG BAIK,2100006,Alfa Polyester Putty  1 KG,120.00,"47,500.00",KL,5.00,0.00,0.00,"285,000.00","5,415,000.00",,1,"INDOWIRA, PT"
JUAL,261.005.733,18/05/2026 0:00,2605120311,T,,H.228,SUBUR JAYA/HELEN (PRIMA),JL. Raya Pahlawan No.126 rt.01 rw.17 Empang  Bogor,H1,MIMING,1,GUDANG BAIK,2100006,Alfa Polyester Putty  1 KG,12.00,"47,500.00",KL,5.00,0.00,0.00,"28,500.00","541,500.00",,1,"INDOWIRA, PT"
JUAL,261.005.733,18/05/2026 0:00,2605120311,T,,H.228,SUBUR JAYA/HELEN (PRIMA),JL. Raya Pahlawan No.126 rt.01 rw.17 Empang  Bogor,H1,MIMING,1,GUDANG BAIK,2102061,Meiji Zinc Chromate Primer  1 KG,24.00,"57,500.00",KL,7.50,0.00,0.00,"103,500.00","1,276,500.00",,1,"INDOWIRA, PT"
JUAL,261.005.734,18/05/2026 0:00,2605120313,T,,H.810,BIMA RAYA,JL.MAYOR OKING SMPNG POS 3 SEMEN 3 RODA,H,YANSENG,1,GUDANG BAIK,2300180,Daltone PU Base Coat D020 Deep Black 1Lt,6.00,"175,000.00",KL,5.00,0.00,0.00,"52,500.00","997,500.00",,1,"INDOWIRA, PT"
JUAL,261.005.736,18/05/2026 0:00,2605150375,T,,H.733C,SUMBER USAHA,GUNUNG PUTRI,H,YANSENG,1,GUDANG BAIK,2104185,Wiratex Wall Paint 850 5KG,8.00,"93,000.00",GL,7.50,0.00,0.00,"55,800.00","688,200.00",,1,"INDOWIRA, PT"
JUAL,261.005.736,18/05/2026 0:00,2605150375,T,,H.733C,SUMBER USAHA,GUNUNG PUTRI,H,YANSENG,1,GUDANG BAIK,2104184,Wiratex Wall Paint 849 5KG,8.00,"93,000.00",GL,7.50,0.00,0.00,"55,800.00","688,200.00",,1,"INDOWIRA, PT"
JUAL,261.005.736,18/05/2026 0:00,2605150375,T,,H.733C,SUMBER USAHA,GUNUNG PUTRI,H,YANSENG,1,GUDANG BAIK,2104183,Wiratex Wall paint 848 5KG,8.00,"93,000.00",GL,7.50,0.00,0.00,"55,800.00","688,200.00",,1,"INDOWIRA, PT"
JUAL,261.005.736,18/05/2026 0:00,2605150375,T,,H.733C,SUMBER USAHA,GUNUNG PUTRI,H,YANSENG,1,GUDANG BAIK,2104157,Wiratex Wall Paint 806 Cream 5KG,12.00,"93,000.00",GL,7.50,0.00,0.00,"83,700.00","1,032,300.00",,1,"INDOWIRA, PT"
JUAL,261.005.736,18/05/2026 0:00,2605150375,T,,H.733C,SUMBER USAHA,GUNUNG PUTRI,H,YANSENG,1,GUDANG BAIK,2104166,Wiratex Wall Paint 824 Durian 5KG,4.00,"93,000.00",GL,7.50,0.00,0.00,"27,900.00","344,100.00",,1,"INDOWIRA, PT"
JUAL,261.005.736,18/05/2026 0:00,2605150375,T,,H.733C,SUMBER USAHA,GUNUNG PUTRI,H,YANSENG,1,GUDANG BAIK,2104163,Wiratex Wall Paint 820 Apple W 5KG,4.00,"93,000.00",GL,7.50,0.00,0.00,"27,900.00","344,100.00",,1,"INDOWIRA, PT"
JUAL,261.005.736,18/05/2026 0:00,2605150375,T,,H.733C,SUMBER USAHA,GUNUNG PUTRI,H,YANSENG,1,GUDANG BAIK,2104161,Wiratex Wall Paint 812 Ice Blu 5KG,8.00,"93,000.00",GL,7.50,0.00,0.00,"55,800.00","688,200.00",,1,"INDOWIRA, PT"
JUAL,261.005.736,18/05/2026 0:00,2605150375,T,,H.733C,SUMBER USAHA,GUNUNG PUTRI,H,YANSENG,1,GUDANG BAIK,2104180,Wiratex Wall Paint 845 River S 5KG,12.00,"93,000.00",GL,7.50,0.00,0.00,"83,700.00","1,032,300.00",,1,"INDOWIRA, PT"
JUAL,261.005.736,18/05/2026 0:00,2605150375,T,,H.733C,SUMBER USAHA,GUNUNG PUTRI,H,YANSENG,1,GUDANG BAIK,2104179,Wiratex Wall Paint 844 Terraco 5KG,4.00,"93,000.00",GL,7.50,0.00,0.00,"27,900.00","344,100.00",,1,"INDOWIRA, PT"
JUAL,261.005.737,18/05/2026 0:00,2605150371,T,,H.733C,SUMBER USAHA,GUNUNG PUTRI,H,YANSENG,1,GUDANG BAIK,2104187,Wiratex Wall Paint 852 5KG,4.00,"93,000.00",GL,7.50,0.00,0.00,"27,900.00","344,100.00",,1,"INDOWIRA, PT"
JUAL,261.005.737,18/05/2026 0:00,2605150371,T,,H.733C,SUMBER USAHA,GUNUNG PUTRI,H,YANSENG,1,GUDANG BAIK,2102076,Meiji Zinc Chromate Primer  5 KG,20.00,"258,000.00",GLN,7.50,0.00,0.00,"387,000.00","4,773,000.00",,1,"INDOWIRA, PT"
JUAL,261.005.737,18/05/2026 0:00,2605150371,T,,H.733C,SUMBER USAHA,GUNUNG PUTRI,H,YANSENG,1,GUDANG BAIK,2102061,Meiji Zinc Chromate Primer  1 KG,48.00,"57,500.00",KL,7.50,0.00,0.00,"207,000.00","2,553,000.00",,1,"INDOWIRA, PT"
JUAL,261.005.737,18/05/2026 0:00,2605150371,T,,H.733C,SUMBER USAHA,GUNUNG PUTRI,H,YANSENG,1,GUDANG BAIK,2101556,Kingkong Cat Genteng 701 Deep Bl 1 KG,6.00,"68,000.00",KL,7.50,0.00,0.00,"30,600.00","377,400.00",,1,"INDOWIRA, PT"
JUAL,261.005.737,18/05/2026 0:00,2605150371,T,,H.733C,SUMBER USAHA,GUNUNG PUTRI,H,YANSENG,1,GUDANG BAIK,2101557,Kingkong Cat Genteng 703 Chocola 1 KG,6.00,"68,000.00",KL,7.50,0.00,0.00,"30,600.00","377,400.00",,1,"INDOWIRA, PT"
JUAL,261.005.737,18/05/2026 0:00,2605150371,T,,H.733C,SUMBER USAHA,GUNUNG PUTRI,H,YANSENG,1,GUDANG BAIK,2104138,Wiratex Wall Paint 847 25 KG,1.00,"435,000.00",PL,7.50,0.00,0.00,"32,625.00","402,375.00",,1,"INDOWIRA, PT"
JUAL,261.005.737,18/05/2026 0:00,2605150371,T,,H.733C,SUMBER USAHA,GUNUNG PUTRI,H,YANSENG,1,GUDANG BAIK,2104119,Wiratex Wall Paint 820 Apple W 25 KG,2.00,"435,000.00",PL,7.50,0.00,0.00,"65,250.00","804,750.00",,1,"INDOWIRA, PT"
JUAL,261.005.737,18/05/2026 0:00,2605150371,T,,H.733C,SUMBER USAHA,GUNUNG PUTRI,H,YANSENG,1,GUDANG BAIK,2104148,Wiratex Wall Paint Super White 25 KG,5.00,"435,000.00",PL,7.50,0.00,0.00,"163,125.00","2,011,875.00",,1,"INDOWIRA, PT"
JUAL,261.005.738,18/05/2026 0:00,2605120330,T,,H.216,CV.DWI SAPTA JAYA,JL.SHOLEH ISKANDAR K KELURAHAN NO.77 RT.06 RW.03 KEDUNG BADAK BOGOR,H1,MIMING,1,GUDANG BAIK,2100011,AlFa Polyester Putty  3KG,6.00,"120,000.00",GLN,5.00,0.00,0.00,"36,000.00","684,000.00",,1,"INDOWIRA, PT"
JUAL,261.005.739,18/05/2026 0:00,2605110256,T,,H.187,PURA BAJA (PONCOL JAYA 2),"DEPAN MATRIAL SINAR JAYA BANGUNAN JL.RAYA TONJONG ,CIMANGGIS ",H1,MIMING,1,GUDANG BAIK,2100006,Alfa Polyester Putty  1 KG,24.00,"47,500.00",KL,5.00,0.00,0.00,"57,000.00","1,083,000.00",,1,"INDOWIRA, PT"
JUAL,261.005.740,18/05/2026 0:00,2605120331,T,,H.228,SUBUR JAYA/HELEN (PRIMA),JL. Raya Pahlawan No.126 rt.01 rw.17 Empang  Bogor,H1,MIMING,1,GUDANG BAIK,2102076,Meiji Zinc Chromate Primer  5 KG,4.00,"258,000.00",GLN,7.50,0.00,0.00,"77,400.00","954,600.00",,1,"INDOWIRA, PT"
JUAL,261.005.741,18/05/2026 0:00,2605120316,T,,H.223,MULUS,JL. Raya Drmaga,H1,MIMING,1,GUDANG BAIK,2104147,Wiratex Wall Paint Putih Salju 25 KG,5.00,"435,000.00",PL,7.50,0.00,0.00,"163,125.00","2,011,875.00",,1,"INDOWIRA, PT"
JUAL,261.005.742,18/05/2026 0:00,2605150367,T,,H.205,CAHAYA JAYA WARNA,Pondok Kaso samping Alfa Cidahu Cicurug,H1,MIMING,1,GUDANG BAIK,2200162,Kingkong Wall paint Super White 18KG,10.00,"323,000.00",PAIL,7.50,0.00,0.00,"242,250.00","2,987,750.00",,1,"INDOWIRA, PT"
JUAL,261.005.742,18/05/2026 0:00,2605150367,T,,H.205,CAHAYA JAYA WARNA,Pondok Kaso samping Alfa Cidahu Cicurug,H1,MIMING,1,GUDANG BAIK,2200139,Kingkong Wall Paint Super White 4.5Kg,20.00,"84,000.00",GLN,7.50,0.00,0.00,"126,000.00","1,554,000.00",,1,"INDOWIRA, PT"
JUAL,261.005.743,18/05/2026 0:00,2603310720,T,,H.328,DUCO JAYA PAINT,JL.RAYA PUNCAK GADOG,H1,MIMING,1,GUDANG BAIK,2101913,Meiji Epoxy Filler  0.25 LTR SET,48.00,"26,500.00",KL,5.00,0.00,0.00,"63,600.00","1,208,400.00",,1,"INDOWIRA, PT"
JUAL,261.005.743,18/05/2026 0:00,2603310720,T,,H.328,DUCO JAYA PAINT,JL.RAYA PUNCAK GADOG,H1,MIMING,1,GUDANG BAIK,2101913,Meiji Epoxy Filler  0.25 LTR SET,72.00,"30,000.00",KL,5.00,0.00,0.00,"108,000.00","2,052,000.00",,1,"INDOWIRA, PT"
JUAL,261.005.743,18/05/2026 0:00,2603310720,T,,H.328,DUCO JAYA PAINT,JL.RAYA PUNCAK GADOG,H1,MIMING,1,GUDANG BAIK,2101916,Meiji Epoxy Filler Black 1 LTR SET,12.00,"93,000.00",KL,5.00,0.00,0.00,"55,800.00","1,060,200.00",,1,"INDOWIRA, PT"
JUAL,261.005.744,18/05/2026 0:00,2605150374,T,,H.733A,SUMBER USAHA,LANBAU CITEUREUP,H,YANSENG,1,GUDANG BAIK,2104187,Wiratex Wall Paint 852 5KG,4.00,"93,000.00",GL,7.50,0.00,0.00,"27,900.00","344,100.00",,1,"INDOWIRA, PT"
JUAL,261.005.744,18/05/2026 0:00,2605150374,T,,H.733A,SUMBER USAHA,LANBAU CITEUREUP,H,YANSENG,1,GUDANG BAIK,2104189,Wiratex Wall Paint Black 5KG,4.00,"93,000.00",GL,7.50,0.00,0.00,"27,900.00","344,100.00",,1,"INDOWIRA, PT"
JUAL,261.005.744,18/05/2026 0:00,2605150374,T,,H.733A,SUMBER USAHA,LANBAU CITEUREUP,H,YANSENG,1,GUDANG BAIK,2104157,Wiratex Wall Paint 806 Cream 5KG,4.00,"93,000.00",GL,7.50,0.00,0.00,"27,900.00","344,100.00",,1,"INDOWIRA, PT"
JUAL,261.005.744,18/05/2026 0:00,2605150374,T,,H.733A,SUMBER USAHA,LANBAU CITEUREUP,H,YANSENG,1,GUDANG BAIK,2104162,Wiratex Wall Paint 814 Adinda 5KG,4.00,"93,000.00",GL,7.50,0.00,0.00,"27,900.00","344,100.00",,1,"INDOWIRA, PT"
JUAL,261.005.744,18/05/2026 0:00,2605150374,T,,H.733A,SUMBER USAHA,LANBAU CITEUREUP,H,YANSENG,1,GUDANG BAIK,2104182,Wiratex Wall Paint 847 Spring 5KG,8.00,"93,000.00",GL,7.50,0.00,0.00,"55,800.00","688,200.00",,1,"INDOWIRA, PT"
JUAL,261.005.744,18/05/2026 0:00,2605150374,T,,H.733A,SUMBER USAHA,LANBAU CITEUREUP,H,YANSENG,1,GUDANG BAIK,2104171,Wiratex Wall Paint 830 Blue Be 5KG,4.00,"93,000.00",GL,7.50,0.00,0.00,"27,900.00","344,100.00",,1,"INDOWIRA, PT"
JUAL,261.005.744,18/05/2026 0:00,2605150374,T,,H.733A,SUMBER USAHA,LANBAU CITEUREUP,H,YANSENG,1,GUDANG BAIK,2104172,Wiratex Wall Paint 831 Fresh B 5KG,4.00,"93,000.00",GL,7.50,0.00,0.00,"27,900.00","344,100.00",,1,"INDOWIRA, PT"
JUAL,261.005.745,18/05/2026 0:00,2605150380,T,,H.733B,SUMBER USAHA,WANAHERANG,H,YANSENG,1,GUDANG BAIK,2101585,Kingkong Cat Genteng 705 Maroon 4 KG,4.00,"228,000.00",GLN,7.50,0.00,0.00,"68,400.00","843,600.00",,1,"INDOWIRA, PT"
JUAL,261.005.745,18/05/2026 0:00,2605150380,T,,H.733B,SUMBER USAHA,WANAHERANG,H,YANSENG,1,GUDANG BAIK,2101583,Kingkong Cat Genteng 703 Chocola 4 KG,4.00,"228,000.00",GLN,7.50,0.00,0.00,"68,400.00","843,600.00",,1,"INDOWIRA, PT"
JUAL,261.005.745,18/05/2026 0:00,2605150380,T,,H.733B,SUMBER USAHA,WANAHERANG,H,YANSENG,1,GUDANG BAIK,2101592,Kingkong Cat Genteng 713 Special 4 KG,4.00,"228,000.00",GLN,7.50,0.00,0.00,"68,400.00","843,600.00",,1,"INDOWIRA, PT"
JUAL,261.005.745,18/05/2026 0:00,2605150380,T,,H.733B,SUMBER USAHA,WANAHERANG,H,YANSENG,1,GUDANG BAIK,2101584,Kingkong Cat Genteng 704 Prime R 4 KG,8.00,"228,000.00",GLN,7.50,0.00,0.00,"136,800.00","1,687,200.00",,1,"INDOWIRA, PT"
JUAL,261.005.746,18/05/2026 0:00,2605150372,T,,H.733H,SUMBER USAHA MANUNGGAL,Cileungsi,H,YANSENG,1,GUDANG BAIK,2104185,Wiratex Wall Paint 850 5KG,4.00,"93,000.00",GL,7.50,0.00,0.00,"27,900.00","344,100.00",,1,"INDOWIRA, PT"
JUAL,261.005.746,18/05/2026 0:00,2605150372,T,,H.733H,SUMBER USAHA MANUNGGAL,Cileungsi,H,YANSENG,1,GUDANG BAIK,2104162,Wiratex Wall Paint 814 Adinda 5KG,8.00,"93,000.00",GL,7.50,0.00,0.00,"55,800.00","688,200.00",,1,"INDOWIRA, PT"
JUAL,261.005.746,18/05/2026 0:00,2605150372,T,,H.733H,SUMBER USAHA MANUNGGAL,Cileungsi,H,YANSENG,1,GUDANG BAIK,2104166,Wiratex Wall Paint 824 Durian 5KG,8.00,"93,000.00",GL,7.50,0.00,0.00,"55,800.00","688,200.00",,1,"INDOWIRA, PT"
JUAL,261.005.746,18/05/2026 0:00,2605150372,T,,H.733H,SUMBER USAHA MANUNGGAL,Cileungsi,H,YANSENG,1,GUDANG BAIK,2104164,Wiratex Wall Paint 822 Palazo 5KG,8.00,"93,000.00",GL,7.50,0.00,0.00,"55,800.00","688,200.00",,1,"INDOWIRA, PT"
JUAL,261.005.746,18/05/2026 0:00,2605150372,T,,H.733H,SUMBER USAHA MANUNGGAL,Cileungsi,H,YANSENG,1,GUDANG BAIK,2104163,Wiratex Wall Paint 820 Apple W 5KG,8.00,"93,000.00",GL,7.50,0.00,0.00,"55,800.00","688,200.00",,1,"INDOWIRA, PT"
JUAL,261.005.746,18/05/2026 0:00,2605150372,T,,H.733H,SUMBER USAHA MANUNGGAL,Cileungsi,H,YANSENG,1,GUDANG BAIK,2104158,Wiratex Wall Paint 807 Ice Ber 5KG,8.00,"93,000.00",GL,7.50,0.00,0.00,"55,800.00","688,200.00",,1,"INDOWIRA, PT"
JUAL,261.005.746,18/05/2026 0:00,2605150372,T,,H.733H,SUMBER USAHA MANUNGGAL,Cileungsi,H,YANSENG,1,GUDANG BAIK,2104192,Wiratex Wall Paint Super White 5KG,20.00,"93,000.00",GL,7.50,0.00,0.00,"139,500.00","1,720,500.00",,1,"INDOWIRA, PT"
JUAL,261.005.746,18/05/2026 0:00,2605150372,T,,H.733H,SUMBER USAHA MANUNGGAL,Cileungsi,H,YANSENG,1,GUDANG BAIK,2102061,Meiji Zinc Chromate Primer  1 KG,48.00,"57,500.00",KL,7.50,0.00,0.00,"207,000.00","2,553,000.00",,1,"INDOWIRA, PT"
JUAL,261.005.747,18/05/2026 0:00,2605180451,T,,H.729,DUNIA BANGUNAN,JL.TUMENGGUNG WIRADIREJA RT.02 RW07 CIMAHFAR BOGOR UTARA,H,YANSENG,1,GUDANG BAIK,2104042,Shintex Wall Paint Super White 5KG,12.00,"118,000.00",GLN,7.50,0.00,0.00,"106,200.00","1,309,800.00",,1,"INDOWIRA, PT"
JUAL,261.005.748,18/05/2026 0:00,2605180462,T,,R.581,PESONA ALAM JATINANGOR,DESA CICEMPUT K/GUDANG JL.SAWAH DADAP DUSUN SUMUR KAWUNG NO.44 RT01/05,R,SIMON QIRENE,1,GUDANG BAIK,2200156,Kingkong Wall Paint 109 Apple W 18KG,5.00,"323,000.00",PAIL,0.00,0.00,0.00,0.00,"1,615,000.00",U/P.HAJI AGUS,1,"INDOWIRA, PT"
JUAL,261.005.748,18/05/2026 0:00,2605180462,T,,R.581,PESONA ALAM JATINANGOR,DESA CICEMPUT K/GUDANG JL.SAWAH DADAP DUSUN SUMUR KAWUNG NO.44 RT01/05,R,SIMON QIRENE,1,GUDANG BAIK,2300111,Kingkong Wall Paint 129 River S 18KG,10.00,"323,000.00",PAIL,0.00,0.00,0.00,0.00,"3,230,000.00",U/P.HAJI AGUS,1,"INDOWIRA, PT"
JUAL,261.005.749,18/05/2026 0:00,2605180443,T,,H.224,ROYAL,JL. Siliwangi no.396 Kab.Sukabumi,H1,MIMING,1,GUDANG BAIK,2101585,Kingkong Cat Genteng 705 Maroon 4 KG,2.00,"228,000.00",GLN,7.50,0.00,0.00,"34,200.00","421,800.00",,1,"INDOWIRA, PT"
JUAL,261.005.750,18/05/2026 0:00,2605150386,T,,H.224,ROYAL,JL. Siliwangi no.396 Kab.Sukabumi,H1,MIMING,1,GUDANG BAIK,2200183,Kingkong Wall Paint 105 Chiffon 18KG,1.00,"323,000.00",PAIL,7.50,0.00,0.00,"24,225.00","298,775.00",,1,"INDOWIRA, PT"
JUAL,261.005.750,18/05/2026 0:00,2605150386,T,,H.224,ROYAL,JL. Siliwangi no.396 Kab.Sukabumi,H1,MIMING,1,GUDANG BAIK,2300050,Kingkong Wall Paint 104 Cream 4.5KG,4.00,"84,000.00",GLN,7.50,0.00,0.00,"25,200.00","310,800.00",,1,"INDOWIRA, PT"
JUAL,261.005.750,18/05/2026 0:00,2605150386,T,,H.224,ROYAL,JL. Siliwangi no.396 Kab.Sukabumi,H1,MIMING,1,GUDANG BAIK,2200341,Kingkong WAll Paint 105 Chiffon 4.5KG,4.00,"84,000.00",GLN,7.50,0.00,0.00,"25,200.00","310,800.00",,1,"INDOWIRA, PT"
JUAL,261.005.750,18/05/2026 0:00,2605150386,T,,H.224,ROYAL,JL. Siliwangi no.396 Kab.Sukabumi,H1,MIMING,1,GUDANG BAIK,2200139,Kingkong Wall Paint Super White 4.5Kg,4.00,"84,000.00",GLN,7.50,0.00,0.00,"25,200.00","310,800.00",,1,"INDOWIRA, PT"
JUAL,261.005.752,18/05/2026 0:00,2605050098,T,,J.413,NYOMAN NUARTA,JL.SETRA SARIV/16,J,FRANSISKUS,1,GUDANG BAIK,2400180,Petalac 2K PU CO Base Abu Matt 0.8LT,20.00,"175,000.00",KL,0.00,0.00,0.00,0.00,"3,500,000.00",via sj.4594,1,"INDOWIRA, PT"
JUAL,261.005.752,18/05/2026 0:00,2605050098,T,,J.413,NYOMAN NUARTA,JL.SETRA SARIV/16,J,FRANSISKUS,1,GUDANG BAIK,2102837,Petalac 2K PU Hardener Normal  200CC,20.00,"61,000.00",KL,0.00,0.00,0.00,0.00,"1,220,000.00",via sj.4594,1,"INDOWIRA, PT"
JUAL,262.000.640,18/05/2026 0:00,2605180401,T,,B.421,BOGA SENI BERKAH,"JL.RADIO,CILILIN BANDUNG BARAT",C,YONATHAN,1,GUDANG BAIK,2104937,Bonus Kuas,4.00,0.00,PCS,0.00,0.00,0.00,0.00,0.00,,1,"INDOWIRA, PT"
JUAL,262.000.641,18/05/2026 0:00,2605180415,T,,D.131,SINAR MAS,TKI III D4 NO.17,D,WILLY,1,GUDANG BAIK,2104949,Bonus Roller,3.00,0.00,PCS,0.00,0.00,0.00,0.00,0.00,,1,"INDOWIRA, PT"
JUAL,262.000.642,18/05/2026 0:00,2605180413,T,,D.513,PUTRA REJEKI,RAJAWALI BARAT 45,U,GANIS,1,GUDANG BAIK,2104937,Bonus Kuas,12.00,0.00,PCS,0.00,0.00,0.00,0.00,0.00,,1,"INDOWIRA, PT"
JUAL,262.000.643,18/05/2026 0:00,2605180427,T,,G.519,TB.CAHAYA FAMILY,JL.KOLMAS GG.SARI LAKSANA NO.4 PARONGPON,G,JULIANTO,1,GUDANG BAIK,2104937,Bonus Kuas,8.00,0.00,PCS,0.00,0.00,0.00,0.00,0.00,,1,"INDOWIRA, PT"
JUAL,262.000.644,18/05/2026 0:00,2605180421,T,,Y.291,BERKAH ABADI 2,PERTIGAAN PATROL - PARONGPONG,Y,KEN - Y,1,GUDANG BAIK,2104949,Bonus Roller,1.00,0.00,PCS,0.00,0.00,0.00,0.00,0.00,,1,"INDOWIRA, PT"
JUAL,262.000.645,18/05/2026 0:00,2605180436,T,,GE.108,KARYA MEKAR,JL.A  YANI 24 PURWAKARTA,G,JULIANTO,1,GUDANG BAIK,2104539,Meiji Zinc Chromate Light Grey 1 Kg,22.00,"57,500.00",KL,7.50,0.00,0.00,"94,875.00","1,170,125.00",U/PENGGANTI TUKARAN,1,"INDOWIRA, PT"
JUAL,262.000.646,18/05/2026 0:00,2605180437,T,,G.227,MUTIARA WARNA,JL.SOMAWINATA 14 TANI MULYA,G,JULIANTO,1,GUDANG BAIK,2103737,Petalux Wall Paint Putih Wangi 5KG,2.00,"168,000.00",GLN,7.50,0.00,0.00,"25,200.00","310,800.00",U/TUKAR,1,"INDOWIRA, PT"
JUAL,262.000.646,18/05/2026 0:00,2605180437,T,,G.227,MUTIARA WARNA,JL.SOMAWINATA 14 TANI MULYA,G,JULIANTO,1,GUDANG BAIK,2103741,Petalux Wall Paint Super White 5KG,2.00,"168,000.00",GLN,7.50,0.00,0.00,"25,200.00","310,800.00",U/TUKAR,1,"INDOWIRA, PT"
JUAL,262.000.647,18/05/2026 0:00,2605150389,T,,B.510,PADA SURTI,KIRCON 346,D,WILLY,1,GUDANG BAIK,2104937,Bonus Kuas,4.00,0.00,PCS,0.00,0.00,0.00,0.00,0.00,,1,"INDOWIRA, PT"
JUAL,262.000.648,18/05/2026 0:00,2605180400,T,,B.102,BUANA INDAH II,RUKO TAMAN RAHAYU 24,C,YONATHAN,1,GUDANG BAIK,2104949,Bonus Roller,1.00,0.00,PCS,0.00,0.00,0.00,0.00,0.00,,1,"INDOWIRA, PT"
JUAL,262.000.649,18/05/2026 0:00,2605180438,T,,M.104,DEPO KUNINGAN,,M,UMUM,1,GUDANG BAIK,2101915,Meiji Epoxy Filler  1 LTR SET,3.00,"93,000.00",KL,10.00,10.00,2.00,"57,529.80","221,470.20",PO26050064 AUTOGRAGE,1,"INDOWIRA, PT"
JUAL,262.000.649,18/05/2026 0:00,2605180438,T,,M.104,DEPO KUNINGAN,,M,UMUM,1,GUDANG BAIK,2104494,Daltone Clear CoaT MS 4100 1LTS,6.00,"128,000.00",KL,10.00,10.00,0.00,"145,920.00","622,080.00",PO26050064 AUTOGRAGE,1,"INDOWIRA, PT"
JUAL,262.000.650,18/05/2026 0:00,2605180442,T,,H.223,MULUS,JL. Raya Drmaga,H1,MIMING,1,GUDANG BAIK,2104937,Bonus Kuas,4.00,0.00,PCS,0.00,0.00,0.00,0.00,0.00,,1,"INDOWIRA, PT"
JUAL,262.000.651,18/05/2026 0:00,2605150375,T,,H.733C,SUMBER USAHA,GUNUNG PUTRI,H,YANSENG,1,GUDANG BAIK,2104937,Bonus Kuas,20.00,0.00,PCS,0.00,0.00,0.00,0.00,0.00,,1,"INDOWIRA, PT"
JUAL,262.000.652,18/05/2026 0:00,2605120316,T,,H.223,MULUS,JL. Raya Drmaga,H1,MIMING,1,GUDANG BAIK,2104949,Bonus Roller,1.00,0.00,PCS,0.00,0.00,0.00,0.00,0.00,,1,"INDOWIRA, PT"
JUAL,262.000.653,18/05/2026 0:00,2605150374,T,,H.733A,SUMBER USAHA,LANBAU CITEUREUP,H,YANSENG,1,GUDANG BAIK,2104937,Bonus Kuas,8.00,0.00,PCS,0.00,0.00,0.00,0.00,0.00,,1,"INDOWIRA, PT"
JUAL,262.000.654,18/05/2026 0:00,2605150372,T,,H.733H,SUMBER USAHA MANUNGGAL,Cileungsi,H,YANSENG,1,GUDANG BAIK,2104937,Bonus Kuas,20.00,0.00,PCS,0.00,0.00,0.00,0.00,0.00,,1,"INDOWIRA, PT"
RETUR,RJ26050019,18/05/2026 0:00,,T,,G.210,BERKAH MANDIRI JAYA,PERUM MEGA REGENCY BLOK D.70 NO.30 SERAN,G,JULIANTO,2,GUDANG RUSAK,2103701,Petalux Wall Paint 644 Rose Wh 5KG,-1.00,0.00,GLN,0.00,0.00,0.00,0.00,0.00,,1,"INDOWIRA, PT"
RETUR,RJ26050020,18/05/2026 0:00,,T,,D.211,KARYA AGUNG,LEUWIGAJAH 55,G,JULIANTO,2,GUDANG RUSAK,2104163,Wiratex Wall Paint 820 Apple W 5KG,-1.00,"93,000.00",GL,7.50,0.00,0.00,"-6,975.00","-86,025.00",,1,"INDOWIRA, PT"
JUAL,261.005.753,19/05/2026 0:00,2605180461,T,,J.572,BROTHER LAND / JOY,"MELONG ASIH 40 D ,CIJERAH RT.08 RW.03 RUKO KUNING DEPAN KANTOR POS",J,FRANSISKUS,1,GUDANG BAIK,2100011,AlFa Polyester Putty  3KG,2.00,"120,000.00",GLN,5.00,0.00,0.00,"12,000.00","228,000.00",,1,"INDOWIRA, PT"
JUAL,261.005.754,19/05/2026 0:00,2605180460,T,,A.205,IRON,SUNIARAJA,Y,KEN - Y,1,GUDANG BAIK,2103640,Petalux Wall Paint Super White 25 KG,1.00,"800,000.00",PL,7.50,0.00,0.00,"60,000.00","740,000.00",,1,"INDOWIRA, PT"
JUAL,261.005.766,19/05/2026 0:00,2605180457,T,,B.114,KARYA BARU,KOPO 124,C,YONATHAN,1,GUDANG BAIK,2102178,Mascot Wall Paint Super White 5 KG,20.00,"73,000.00",GLN,7.50,0.00,0.00,"109,500.00","1,350,500.00",,1,"INDOWIRA, PT"
JUAL,261.005.767,19/05/2026 0:00,2605180456,T,,O.216,BUDI,JL.TRS MUKODAR 300 KEBON KOPI,13,BU RINI,1,GUDANG BAIK,2104540,Meiji Zinc Chromate Primer Broken White 5kg,4.00,"258,000.00",GLN,0.00,0.00,0.00,0.00,"1,032,000.00",K/KLINIK DENANTI - KEBON KOPI,1,"INDOWIRA, PT"
JUAL,261.005.768,19/05/2026 0:00,2605180455,T,,K.401,BONTI,HOLIS 222,L,RUDI *,1,GUDANG BAIK,2100011,AlFa Polyester Putty  3KG,12.00,"120,000.00",GLN,5.00,0.00,0.00,"72,000.00","1,368,000.00",,1,"INDOWIRA, PT"
JUAL,261.005.768,19/05/2026 0:00,2605180455,T,,K.401,BONTI,HOLIS 222,L,RUDI *,1,GUDANG BAIK,2100043,Adler PU Primer Surfacer 8022 Grey 1 LITER,10.00,"135,000.00",KL,10.00,0.00,0.00,"135,000.00","1,215,000.00",,1,"INDOWIRA, PT"
JUAL,261.005.769,19/05/2026 0:00,2605180454,T,,K.219,HENLEY,JL.SUKAMENAK NO.147 SAMPING MIXUE,L,RUDI *,1,GUDANG BAIK,2101915,Meiji Epoxy Filler  1 LTR SET,1.00,"93,000.00",KL,10.00,0.00,0.00,"9,300.00","83,700.00",,1,"INDOWIRA, PT"
JUAL,261.005.770,19/05/2026 0:00,2605180452,T,,U.196,TB.SUMBER REJEKI,JL.KOLONEL MASTURI NO.161 LEMBANG,U,GANIS,1,GUDANG BAIK,2104863,Shintex Wall Filler 4 KG,4.00,"62,000.00",GL,7.50,0.00,0.00,"18,600.00","229,400.00",,1,"INDOWIRA, PT"
JUAL,261.005.770,19/05/2026 0:00,2605180452,T,,U.196,TB.SUMBER REJEKI,JL.KOLONEL MASTURI NO.161 LEMBANG,U,GANIS,1,GUDANG BAIK,2104147,Wiratex Wall Paint Putih Salju 25 KG,10.00,"435,000.00",PL,7.50,0.00,0.00,"326,250.00","4,023,750.00",,1,"INDOWIRA, PT"
JUAL,261.005.771,19/05/2026 0:00,2605180450,T,,K.311,PIPING,KEBON KOPI 76,13,BU RINI,1,GUDANG BAIK,2103148,Petalac Thinner PU  20 LTR,1.00,"1,084,500.00",JRG,0.00,0.00,0.00,0.00,"1,084,500.00",,1,"INDOWIRA, PT"
JUAL,261.005.772,19/05/2026 0:00,2605150353,T,,K.311,PIPING,KEBON KOPI 76,13,BU RINI,1,GUDANG BAIK,2102837,Petalac 2K PU Hardener Normal  200CC,2.00,"61,000.00",KL,10.00,0.00,0.00,"12,200.00","109,800.00",,1,"INDOWIRA, PT"
JUAL,261.005.772,19/05/2026 0:00,2605150353,T,,K.311,PIPING,KEBON KOPI 76,13,BU RINI,1,GUDANG BAIK,2500020,Petalac 2K PU CO Base Havana Brown MF Matt 0.8LT,2.00,"160,000.00",KL,10.00,0.00,0.00,"32,000.00","288,000.00",,1,"INDOWIRA, PT"
JUAL,261.005.773,19/05/2026 0:00,2605180464,T,,C.408,LANGGENG CEMERLANG,JL.GADOBANGKONG NO.2 CIMAHI,R,SIMON QIRENE,1,GUDANG BAIK,2100011,AlFa Polyester Putty  3KG,6.00,"120,000.00",GLN,5.00,0.00,0.00,"36,000.00","684,000.00",,1,"INDOWIRA, PT"
JUAL,261.005.774,19/05/2026 0:00,2605150393,T,,J.413,NYOMAN NUARTA,JL.SETRA SARIV/16,J,FRANSISKUS,1,GUDANG BAIK,2400180,Petalac 2K PU CO Base Abu Matt 0.8LT,20.00,"175,000.00",KL,0.00,0.00,0.00,0.00,"3,500,000.00",,1,"INDOWIRA, PT"
JUAL,261.005.774,19/05/2026 0:00,2605150393,T,,J.413,NYOMAN NUARTA,JL.SETRA SARIV/16,J,FRANSISKUS,1,GUDANG BAIK,2102837,Petalac 2K PU Hardener Normal  200CC,20.00,"61,000.00",KL,0.00,0.00,0.00,0.00,"1,220,000.00",,1,"INDOWIRA, PT"
JUAL,261.005.775,19/05/2026 0:00,2605180430,T,,N.254,"SANBE FARMA ,PT",JL.TAMAN SARI NO.10,13,BU RINI,1,GUDANG BAIK,2102066,Meiji Zinc Chromate Primer  20 KG,1.00,"962,000.00",PL,7.50,0.00,0.00,"72,150.00","889,850.00",U/P ISMANTO,1,"INDOWIRA, PT"
JUAL,261.005.776,19/05/2026 0:00,2605180440,T,,J.503,KARYA MANDIRI SEJAHTERA,GG.KANDA ATMAJA NO.21 CITEUREUP,J,FRANSISKUS,1,GUDANG BAIK,2102837,Petalac 2K PU Hardener Normal  200CC,6.00,"61,000.00",KL,10.00,0.00,0.00,"36,600.00","329,400.00",,1,"INDOWIRA, PT"
JUAL,261.005.776,19/05/2026 0:00,2605180440,T,,J.503,KARYA MANDIRI SEJAHTERA,GG.KANDA ATMAJA NO.21 CITEUREUP,J,FRANSISKUS,1,GUDANG BAIK,2200050,"Petalac 2K PU Clear Matt MV3 Base 0,8Lt",6.00,"125,000.00",KL,10.00,0.00,0.00,"75,000.00","675,000.00",,1,"INDOWIRA, PT"
JUAL,261.005.777,19/05/2026 0:00,2605080183,T,,K.312,STUDIO 8,SURYANI DALAM 49,L,RUDI *,1,GUDANG BAIK,2100012,Alfa Polyester Putty Hardener 60gr,5.00,"30,000.00",tube,0.00,0.00,0.00,0.00,"150,000.00",,1,"INDOWIRA, PT"
JUAL,261.005.778,19/05/2026 0:00,2605150391,T,,J.321,PT.ELIZABET HANJAYA,JL.IBU INGGIT GANARSIH NO.12 ASTANA ANYAR,J,FRANSISKUS,1,GUDANG BAIK,2103145,Petalac Thinner PU  1 LTR,6.00,"66,500.00",KL,0.00,0.00,0.00,0.00,"399,000.00",,1,"INDOWIRA, PT"
JUAL,261.005.778,19/05/2026 0:00,2605150391,T,,J.321,PT.ELIZABET HANJAYA,JL.IBU INGGIT GANARSIH NO.12 ASTANA ANYAR,J,FRANSISKUS,1,GUDANG BAIK,2102837,Petalac 2K PU Hardener Normal  200CC,6.00,"61,000.00",KL,10.00,0.00,0.00,"36,600.00","329,400.00",,1,"INDOWIRA, PT"
JUAL,261.005.778,19/05/2026 0:00,2605150391,T,,J.321,PT.ELIZABET HANJAYA,JL.IBU INGGIT GANARSIH NO.12 ASTANA ANYAR,J,FRANSISKUS,1,GUDANG BAIK,2600053,Petalac Ext 4:1 CO Base PE910 Wall White Matt 0.8L,6.00,"176,000.00",KL,10.00,0.00,0.00,"105,600.00","950,400.00",,1,"INDOWIRA, PT"
JUAL,261.005.779,19/05/2026 0:00,2605180449,T,,D.427,TRI JAYA STEEL,JL.MELONG BLOK SUKARINTIH NO.17 RT.04 RW.05 MELONG CIMAHI SELATAN,D,WILLY,1,GUDANG BAIK,2100016,Alfa Zinc Chromate Primer BM Grey 20kg,15.00,"820,000.00",PL,7.50,0.00,0.00,"922,500.00","11,377,500.00",,1,"INDOWIRA, PT"
JUAL,261.005.780,19/05/2026 0:00,2605180445,T,,Q.301,PT.VISTA KREASINDO,JL.CENTEH NO.4,13,BU RINI,1,GUDANG BAIK,2103145,Petalac Thinner PU  1 LTR,12.00,"66,500.00",KL,0.00,0.00,0.00,0.00,"798,000.00",U/PROYEK KURDI,1,"INDOWIRA, PT"
JUAL,261.005.781,19/05/2026 0:00,2605180447,T,,J.222,KOTA HARUM,JL.KOSAMBI 76,J,FRANSISKUS,1,GUDANG BAIK,2102749,Petalac PU Clear Sealer  1 LTR SET,12.00,"135,000.00",KL,10.00,0.00,0.00,"162,000.00","1,458,000.00",,1,"INDOWIRA, PT"
JUAL,261.005.782,19/05/2026 0:00,2605180446,T,,A.313,TEGUH,CIROYOM 49,U,GANIS,1,GUDANG BAIK,2200139,Kingkong Wall Paint Super White 4.5Kg,4.00,"84,000.00",GLN,7.50,0.00,0.00,"25,200.00","310,800.00",,1,"INDOWIRA, PT"
JUAL,261.005.783,19/05/2026 0:00,2605120304,T,,Y.285,KENARI JAYA,JL.SINDANG SARI NO.3 CIJERAH,Y,KEN - Y,1,GUDANG BAIK,2104119,Wiratex Wall Paint 820 Apple W 25 KG,1.00,"435,000.00",PL,7.50,0.00,0.00,"32,625.00","402,375.00",,1,"INDOWIRA, PT"
JUAL,261.005.784,19/05/2026 0:00,2605180413,T,,D.513,PUTRA REJEKI,RAJAWALI BARAT 45,U,GANIS,1,GUDANG BAIK,2104115,Wiratex Wall Paint 809 Jonquil 25 KG,2.00,"435,000.00",PL,7.50,0.00,0.00,"65,250.00","804,750.00",,1,"INDOWIRA, PT"
JUAL,261.005.811,19/05/2026 0:00,2605120291,T,,Q.245,PT.SINAR MULIA PERKASA /HOTEL,JL.SUMATRA 51 - HOTEL ARYA DUTA,R,SIMON QIRENE,1,GUDANG BAIK,2300368,Protar Cat Proteksi Tahan Air DX NBC White 20KG,2.00,"1,188,000.00",PAIL,0.00,0.00,0.00,0.00,"2,376,000.00",,1,"INDOWIRA, PT"
JUAL,261.005.812,19/05/2026 0:00,2605120307,T,,K.304,"HEGAR SUMBER KREASI,PT",JL.PARALON 1 NO.1 CIJERAH,L,RUDI *,1,GUDANG BAIK,2600096,Attaboy Textroll 162603 JN Timeless 25KG,2.00,"1,500,000.00",PAIL,7.50,0.00,0.00,"225,000.00","2,775,000.00",U/PROYEK LAPANGAN PADEL TAMAN HOLIS,1,"INDOWIRA, PT"
JUAL,261.005.812,19/05/2026 0:00,2.605.120.307,T,,K.304,"HEGAR SUMBER KREASI,PT",JL.PARALON 1 NO.1 CIJERAH,L,RUDI *,1,GUDANG BAIK,2600097,Petalux Wall Paint CM 62609 JN Timeless 25KG,2.00,"800,000.00",PAIL,7.50,0.00,0.00,"120,000.00","1,480,000.00",U/PROYEK LAPANGAN PADEL TAMAN HOLIS,1,"INDOWIRA, PT"
JUAL,261.005.813,19/05/2026 0:00,2605110251,T,,N.191,JAMAFAC,PADALARANG,13,BU RINI,1,GUDANG BAIK,2101657,Kingkong Wall Paint Super White 200 KG,1.00,"3,188,000.00",DRUM,0.00,0.00,0.00,0.00,"3,188,000.00",,1,"INDOWIRA, PT"
JUAL,261.005.819,19/05/2026 0:00,2605180425,T,,J.303,ASTA ARTHA/DIRGANTARA YUDHA,JL.KOPO JAYA II NO.13A,J,FRANSISKUS,1,GUDANG BAIK,2102837,Petalac 2K PU Hardener Normal  200CC,1.00,"61,000.00",KL,10.00,0.00,0.00,"6,100.00","54,900.00",,1,"INDOWIRA, PT"
JUAL,261.005.819,19/05/2026 0:00,2605180425,T,,J.303,ASTA ARTHA/DIRGANTARA YUDHA,JL.KOPO JAYA II NO.13A,J,FRANSISKUS,1,GUDANG BAIK,2400167,Petalac 2K PU CO Base P.139 Forest Green 0.8LT,1.00,"160,000.00",KL,10.00,0.00,0.00,"16,000.00","144,000.00",,1,"INDOWIRA, PT"
JUAL,261.005.821,19/05/2026 0:00,2605180497,T,,U.258,TB.GRAHA,JL.CIHANJUANG 121 JATI CIBABAT,U,GANIS,1,GUDANG BAIK,2104185,Wiratex Wall Paint 850 5KG,4.00,"93,000.00",GL,7.50,0.00,0.00,"27,900.00","344,100.00",,1,"INDOWIRA, PT"
JUAL,261.005.821,19/05/2026 0:00,2605180497,T,,U.258,TB.GRAHA,JL.CIHANJUANG 121 JATI CIBABAT,U,GANIS,1,GUDANG BAIK,2104161,Wiratex Wall Paint 812 Ice Blu 5KG,4.00,"93,000.00",GL,7.50,0.00,0.00,"27,900.00","344,100.00",,1,"INDOWIRA, PT"
JUAL,261.005.821,19/05/2026 0:00,2605180497,T,,U.258,TB.GRAHA,JL.CIHANJUANG 121 JATI CIBABAT,U,GANIS,1,GUDANG BAIK,2104192,Wiratex Wall Paint Super White 5KG,4.00,"93,000.00",GL,7.50,0.00,0.00,"27,900.00","344,100.00",,1,"INDOWIRA, PT"
JUAL,261.005.822,19/05/2026 0:00,2605180494,T,,N.682,SARANA MOTOR,JL.RAYA SAPAN NO.55A,J,FRANSISKUS,1,GUDANG BAIK,2100049,Adler Polyester Putty 3002  1 KG SET,24.00,"72,000.00",KL,10.00,0.00,0.00,"172,800.00","1,555,200.00",,1,"INDOWIRA, PT"
JUAL,261.005.822,19/05/2026 0:00,2605180494,T,,N.682,SARANA MOTOR,JL.RAYA SAPAN NO.55A,J,FRANSISKUS,1,GUDANG BAIK,2100068,Adler Primer Surfacer EP 1050  2 LITER SET,24.00,"250,000.00",KL,10.00,0.00,0.00,"600,000.00","5,400,000.00",,1,"INDOWIRA, PT"
JUAL,261.005.823,19/05/2026 0:00,2605180493,T,,J.103,PT.AKARA INTER DESAIN,JL.INDUSTRI II NO.7A RT.006 RW.009 UTAMA,J,FRANSISKUS,1,GUDANG BAIK,2103149,Petalac Thinner PU  5 LTR,1.00,"286,000.00",GLN,0.00,0.00,0.00,0.00,"286,000.00",,1,"INDOWIRA, PT"
JUAL,261.005.824,19/05/2026 0:00,2605180492,T,,J.103,PT.AKARA INTER DESAIN,JL.INDUSTRI II NO.7A RT.006 RW.009 UTAMA,J,FRANSISKUS,1,GUDANG BAIK,2103149,Petalac Thinner PU  5 LTR,1.00,"286,000.00",GLN,0.00,0.00,0.00,0.00,"286,000.00",,1,"INDOWIRA, PT"
JUAL,261.005.824,19/05/2026 0:00,2605180492,T,,J.103,PT.AKARA INTER DESAIN,JL.INDUSTRI II NO.7A RT.006 RW.009 UTAMA,J,FRANSISKUS,1,GUDANG BAIK,2200086,Petalac 2K Surfacer FD 21 Base 1LT,2.00,"89,000.00",KL,10.00,0.00,0.00,"17,800.00","160,200.00",,1,"INDOWIRA, PT"
JUAL,261.005.824,19/05/2026 0:00,2605180492,T,,J.103,PT.AKARA INTER DESAIN,JL.INDUSTRI II NO.7A RT.006 RW.009 UTAMA,J,FRANSISKUS,1,GUDANG BAIK,2200087,Petalac Hardener Surfacer FD 0.5LT,2.00,"66,000.00",KL,10.00,0.00,0.00,"13,200.00","118,800.00",,1,"INDOWIRA, PT"
JUAL,261.005.824,19/05/2026 0:00,2605180492,T,,J.103,PT.AKARA INTER DESAIN,JL.INDUSTRI II NO.7A RT.006 RW.009 UTAMA,J,FRANSISKUS,1,GUDANG BAIK,2102837,Petalac 2K PU Hardener Normal  200CC,1.00,"61,000.00",KL,10.00,0.00,0.00,"6,100.00","54,900.00",,1,"INDOWIRA, PT"
JUAL,261.005.824,19/05/2026 0:00,2605180492,T,,J.103,PT.AKARA INTER DESAIN,JL.INDUSTRI II NO.7A RT.006 RW.009 UTAMA,J,FRANSISKUS,1,GUDANG BAIK,2200173,Petalac 2K PU Metalix MX01 Base 0.8Lt,1.00,"140,000.00",KL,10.00,0.00,0.00,"14,000.00","126,000.00",,1,"INDOWIRA, PT"
JUAL,261.005.825,19/05/2026 0:00,2605180491,T,,C.603,BERKAH ABADI 1,CIHANJUANG 153/161,Y,KEN - Y,1,GUDANG BAIK,2104191,Wiratex Wall Paint Putih Salju 5KG,12.00,"93,000.00",GL,7.50,0.00,0.00,"83,700.00","1,032,300.00",,1,"INDOWIRA, PT"
JUAL,261.005.825,19/05/2026 0:00,2605180491,T,,C.603,BERKAH ABADI 1,CIHANJUANG 153/161,Y,KEN - Y,1,GUDANG BAIK,2104147,Wiratex Wall Paint Putih Salju 25 KG,3.00,"435,000.00",PL,7.50,0.00,0.00,"97,875.00","1,207,125.00",,1,"INDOWIRA, PT"
JUAL,261.005.826,19/05/2026 0:00,2605180500,T,,K.410,SUMBER JAYA,PUNGKUR 21,L,RUDI *,1,GUDANG BAIK,2101915,Meiji Epoxy Filler  1 LTR SET,4.00,"93,000.00",KL,10.00,0.00,0.00,"37,200.00","334,800.00",,1,"INDOWIRA, PT"
JUAL,261.005.830,19/05/2026 0:00,2605180483,T,,W.537,CUNCUN WIJAYA,JL.RAYA DAYEUH KOLOT NO.471,R,SIMON QIRENE,1,GUDANG BAIK,2103593,Petalux Wall Paint CM 602 Matahari 25 KG,2.00,"567,000.00",PL,0.00,0.00,0.00,0.00,"1,134,000.00",U/P.TEDI,1,"INDOWIRA, PT"
JUAL,261.005.831,19/05/2026 0:00,2605180482,T,,W.537,CUNCUN WIJAYA,JL.RAYA DAYEUH KOLOT NO.471,R,SIMON QIRENE,1,GUDANG BAIK,2103593,Petalux Wall Paint CM 602 Matahari 25 KG,1.00,"567,000.00",PL,0.00,0.00,0.00,0.00,"567,000.00",U/P.TEDI,1,"INDOWIRA, PT"
JUAL,261.005.832,19/05/2026 0:00,2605180477,T,,Y.285,KENARI JAYA,JL.SINDANG SARI NO.3 CIJERAH,Y,KEN - Y,1,GUDANG BAIK,2104115,Wiratex Wall Paint 809 Jonquil 25 KG,1.00,"435,000.00",PL,7.50,0.00,0.00,"32,625.00","402,375.00",,1,"INDOWIRA, PT"
JUAL,261.005.833,19/05/2026 0:00,2605180476,T,,W.354,PT.MENTARI AGUNG MANDIRI,JL.RAYA DAYEUH KOLOT O.341C RT 001 RW 006,R,SIMON QIRENE,1,GUDANG BAIK,2103625,Petalux Wall Paint Putih Wangi 25 KG,1.00,"556,000.00",PL,0.00,0.00,0.00,0.00,"556,000.00",U/P.MOMON,1,"INDOWIRA, PT"
JUAL,261.005.834,19/05/2026 0:00,2605180475,T,,B.213,PARAHYANGAN,JL.MELONG  ASIH 49,U,GANIS,1,GUDANG BAIK,2102081,Meiji Zinc Chromate Primer Dark Grey 5 KG,8.00,"258,000.00",GLN,7.50,0.00,0.00,"154,800.00","1,909,200.00",,1,"INDOWIRA, PT"
JUAL,261.005.835,19/05/2026 0:00,2605180472,T,,U.241,TB.SUMBER BARU,JL.RAYA SOREANG NO.205 A,U,GANIS,1,GUDANG BAIK,2104075,Tawon Kembang Meni Kayu & Besi  4.5 KG,4.00,"220,000.00",GLN,7.50,0.00,0.00,"66,000.00","814,000.00",,1,"INDOWIRA, PT"
JUAL,261.005.835,19/05/2026 0:00,2605180472,T,,U.241,TB.SUMBER BARU,JL.RAYA SOREANG NO.205 A,U,GANIS,1,GUDANG BAIK,2104073,Tawon Kembang Meni Kayu & Besi 0.8 KG,12.00,"48,000.00",KL,7.50,0.00,0.00,"43,200.00","532,800.00",,1,"INDOWIRA, PT"
JUAL,261.005.836,19/05/2026 0:00,2605180474,T,,R.582,ISKANDAR,JL.SURYANI DALAM 67 MASUK GANG,R,SIMON QIRENE,1,GUDANG BAIK,2101607,Kingkong Wall Putty Instant Powder  25 KG,2.00,"146,300.00",ZAK,0.00,0.00,0.00,0.00,"292,600.00",U/P.MANDOR DADI,1,"INDOWIRA, PT"
JUAL,262.000.655,19/05/2026 0:00,2605180452,T,,U.196,TB.SUMBER REJEKI,JL.KOLONEL MASTURI NO.161 LEMBANG,U,GANIS,1,GUDANG BAIK,2104949,Bonus Roller,3.00,0.00,PCS,0.00,0.00,0.00,0.00,0.00,,1,"INDOWIRA, PT"
JUAL,262.000.656,19/05/2026 0:00,2605180413,T,,D.513,PUTRA REJEKI,RAJAWALI BARAT 45,U,GANIS,1,GUDANG BAIK,2104949,Bonus Roller,2.00,0.00,PCS,0.00,0.00,0.00,0.00,0.00,,1,"INDOWIRA, PT"
JUAL,262.000.657,19/05/2026 0:00,2605180486,T,,R.571,PERUM BUMI CITRA INDAH 4,CIPATIK,R,SIMON QIRENE,1,GUDANG BAIK,2101607,Kingkong Wall Putty Instant Powder  25 KG,9.00,0.00,ZAK,0.00,0.00,0.00,0.00,0.00,U/MOCKUP,1,"INDOWIRA, PT"
JUAL,262.000.658,19/05/2026 0:00,2605180497,T,,U.258,TB.GRAHA,JL.CIHANJUANG 121 JATI CIBABAT,U,GANIS,1,GUDANG BAIK,2104937,Bonus Kuas,4.00,0.00,PCS,0.00,0.00,0.00,0.00,0.00,,1,"INDOWIRA, PT"
JUAL,262.000.659,19/05/2026 0:00,2605180491,T,,C.603,BERKAH ABADI 1,CIHANJUANG 153/161,Y,KEN - Y,1,GUDANG BAIK,2104937,Bonus Kuas,4.00,0.00,PCS,0.00,0.00,0.00,0.00,0.00,,1,"INDOWIRA, PT"
JUAL,262.000.659,19/05/2026 0:00,2605180491,T,,C.603,BERKAH ABADI 1,CIHANJUANG 153/161,Y,KEN - Y,1,GUDANG BAIK,2104949,Bonus Roller,1.00,0.00,PCS,0.00,0.00,0.00,0.00,0.00,,1,"INDOWIRA, PT"
JUAL,262.000.660,19/05/2026 0:00,2605180481,T,,M.108,TISNA(OPLOSAN),,M,UMUM,1,GUDANG BAIK,2103145,Petalac Thinner PU  1 LTR,1.00,0.00,KL,0.00,0.00,0.00,0.00,0.00,,1,"INDOWIRA, PT"
JUAL,261.005.847,20/05/2026 0:00,2605200502,T,,Y.285,KENARI JAYA,JL.SINDANG SARI NO.3 CIJERAH,Y,KEN - Y,1,GUDANG BAIK,2102061,Meiji Zinc Chromate Primer  1 KG,4.00,"57,500.00",KL,7.50,0.00,0.00,"17,250.00","212,750.00",,1,"INDOWIRA, PT"
JUAL,261.005.847,20/05/2026 0:00,2605200502,T,,Y.285,KENARI JAYA,JL.SINDANG SARI NO.3 CIJERAH,Y,KEN - Y,1,GUDANG BAIK,2103789,Shintex Cat Genteng 301 Black 1KG,2.00,"61,000.00",KL,7.50,0.00,0.00,"9,150.00","112,850.00",,1,"INDOWIRA, PT"
JUAL,261.005.847,20/05/2026 0:00,2605200502,T,,Y.285,KENARI JAYA,JL.SINDANG SARI NO.3 CIJERAH,Y,KEN - Y,1,GUDANG BAIK,2103791,Shintex Cat Genteng 304 Orange 1KG,2.00,"61,000.00",KL,7.50,0.00,0.00,"9,150.00","112,850.00",,1,"INDOWIRA, PT"
JUAL,261.005.847,20/05/2026 0:00,2605200502,T,,Y.285,KENARI JAYA,JL.SINDANG SARI NO.3 CIJERAH,Y,KEN - Y,1,GUDANG BAIK,2103922,Shintex Wall Paint Super White 1KG,6.00,"35,000.00",KL,7.50,0.00,0.00,"15,750.00","194,250.00",,1,"INDOWIRA, PT"
JUAL,261.005.847,20/05/2026 0:00,2605200502,T,,Y.285,KENARI JAYA,JL.SINDANG SARI NO.3 CIJERAH,Y,KEN - Y,1,GUDANG BAIK,2102064,Meiji Zinc Chromate Primer Grey 1 KG,6.00,"57,500.00",KL,7.50,0.00,0.00,"25,875.00","319,125.00",,1,"INDOWIRA, PT"
JUAL,261.005.847,20/05/2026 0:00,2605200502,T,,Y.285,KENARI JAYA,JL.SINDANG SARI NO.3 CIJERAH,Y,KEN - Y,1,GUDANG BAIK,2102062,Meiji Zinc Chromate Primer Black 1 KG,6.00,"57,500.00",KL,7.50,0.00,0.00,"25,875.00","319,125.00",,1,"INDOWIRA, PT"
JUAL,261.005.848,20/05/2026 0:00,2605180469,T,,K.527,PT.AKD,SADANG,14,DEPO BANDUNG,1,GUDANG BAIK,2200086,Petalac 2K Surfacer FD 21 Base 1LT,30.00,"89,000.00",KL,10.00,0.00,0.00,"267,000.00","2,403,000.00",,1,"INDOWIRA, PT"
JUAL,261.005.848,20/05/2026 0:00,2605180469,T,,K.527,PT.AKD,SADANG,14,DEPO BANDUNG,1,GUDANG BAIK,2200087,Petalac Hardener Surfacer FD 0.5LT,30.00,"66,000.00",KL,10.00,0.00,0.00,"198,000.00","1,782,000.00",,1,"INDOWIRA, PT"
JUAL,261.005.848,20/05/2026 0:00,2605180469,T,,K.527,PT.AKD,SADANG,14,DEPO BANDUNG,1,GUDANG BAIK,2100049,Adler Polyester Putty 3002  1 KG SET,100.00,"72,000.00",KL,10.00,0.00,0.00,"720,000.00","6,480,000.00",,1,"INDOWIRA, PT"
JUAL,261.005.848,20/05/2026 0:00,2605180469,T,,K.527,PT.AKD,SADANG,14,DEPO BANDUNG,1,GUDANG BAIK,2103148,Petalac Thinner PU  20 LTR,10.00,"1,084,500.00",JRG,0.00,0.00,0.00,0.00,"10,845,000.00",,1,"INDOWIRA, PT"
JUAL,261.005.850,20/05/2026 0:00,2605200507,T,,M.100,UMUM,,14,DEPO BANDUNG,1,GUDANG BAIK,2103625,Petalux Wall Paint Putih Wangi 25 KG,2.00,"800,000.00",PL,10.00,0.00,0.00,"160,000.00","1,440,000.00",SIMON - MARGAASIH REGENCY RANCAMALANG,1,"INDOWIRA, PT"
JUAL,261.005.850,20/05/2026 0:00,2605200507,T,,M.100,UMUM,,14,DEPO BANDUNG,1,GUDANG BAIK,2103280,Petalux Alkali Resistant Wall Sealer White 20 KG,1.00,"688,000.00",PL,10.00,0.00,0.00,"68,800.00","619,200.00",SIMON - MARGAASIH REGENCY RANCAMALANG,1,"INDOWIRA, PT"
JUAL,261.005.850,20/05/2026 0:00,2605200507,T,,M.100,UMUM,,14,DEPO BANDUNG,1,GUDANG BAIK,2103293,Petalux Celling & Gypsum Paint Putih Wangi 25 KG,2.00,"692,000.00",PL,10.00,0.00,0.00,"138,400.00","1,245,600.00",SIMON - MARGAASIH REGENCY RANCAMALANG,1,"INDOWIRA, PT"
JUAL,261.005.851,20/05/2026 0:00,2605200510,T,,A.209,NETRAL,PASIRKALIKI 6,Y,KEN - Y,1,GUDANG BAIK,2104147,Wiratex Wall Paint Putih Salju 25 KG,2.00,"435,000.00",PL,7.50,0.00,0.00,"65,250.00","804,750.00",,1,"INDOWIRA, PT"
JUAL,261.005.852,20/05/2026 0:00,2605200501,T,,Y.285,KENARI JAYA,JL.SINDANG SARI NO.3 CIJERAH,Y,KEN - Y,1,GUDANG BAIK,2104187,Wiratex Wall Paint 852 5KG,2.00,"93,000.00",GL,7.50,0.00,0.00,"13,950.00","172,050.00",,1,"INDOWIRA, PT"
JUAL,261.005.852,20/05/2026 0:00,2605200501,T,,Y.285,KENARI JAYA,JL.SINDANG SARI NO.3 CIJERAH,Y,KEN - Y,1,GUDANG BAIK,2104184,Wiratex Wall Paint 849 5KG,2.00,"93,000.00",GL,7.50,0.00,0.00,"13,950.00","172,050.00",,1,"INDOWIRA, PT"
JUAL,261.005.852,20/05/2026 0:00,2605200501,T,,Y.285,KENARI JAYA,JL.SINDANG SARI NO.3 CIJERAH,Y,KEN - Y,1,GUDANG BAIK,2104189,Wiratex Wall Paint Black 5KG,4.00,"93,000.00",GL,7.50,0.00,0.00,"27,900.00","344,100.00",,1,"INDOWIRA, PT"
JUAL,261.005.852,20/05/2026 0:00,2605200501,T,,Y.285,KENARI JAYA,JL.SINDANG SARI NO.3 CIJERAH,Y,KEN - Y,1,GUDANG BAIK,2104157,Wiratex Wall Paint 806 Cream 5KG,4.00,"93,000.00",GL,7.50,0.00,0.00,"27,900.00","344,100.00",,1,"INDOWIRA, PT"
JUAL,261.005.852,20/05/2026 0:00,2605200501,T,,Y.285,KENARI JAYA,JL.SINDANG SARI NO.3 CIJERAH,Y,KEN - Y,1,GUDANG BAIK,2104163,Wiratex Wall Paint 820 Apple W 5KG,2.00,"93,000.00",GL,7.50,0.00,0.00,"13,950.00","172,050.00",,1,"INDOWIRA, PT"
JUAL,261.005.852,20/05/2026 0:00,2605200501,T,,Y.285,KENARI JAYA,JL.SINDANG SARI NO.3 CIJERAH,Y,KEN - Y,1,GUDANG BAIK,2104153,Wiratex Wall Paint 801 Spanish 5KG,2.00,"93,000.00",GL,7.50,0.00,0.00,"13,950.00","172,050.00",,1,"INDOWIRA, PT"
JUAL,261.005.852,20/05/2026 0:00,2605200501,T,,Y.285,KENARI JAYA,JL.SINDANG SARI NO.3 CIJERAH,Y,KEN - Y,1,GUDANG BAIK,2104191,Wiratex Wall Paint Putih Salju 5KG,8.00,"93,000.00",GL,7.50,0.00,0.00,"55,800.00","688,200.00",,1,"INDOWIRA, PT"
JUAL,261.005.852,20/05/2026 0:00,2605200501,T,,Y.285,KENARI JAYA,JL.SINDANG SARI NO.3 CIJERAH,Y,KEN - Y,1,GUDANG BAIK,2104192,Wiratex Wall Paint Super White 5KG,8.00,"93,000.00",GL,7.50,0.00,0.00,"55,800.00","688,200.00",,1,"INDOWIRA, PT"
JUAL,261.005.852,20/05/2026 0:00,2605200501,T,,Y.285,KENARI JAYA,JL.SINDANG SARI NO.3 CIJERAH,Y,KEN - Y,1,GUDANG BAIK,2104093,Wiratex Ceiling & Gypsum Paint Putih Prima 5 KG,4.00,"91,000.00",GLN,7.50,0.00,0.00,"27,300.00","336,700.00",,1,"INDOWIRA, PT"
JUAL,261.005.853,20/05/2026 0:00,2605200501,T,,Y.285,KENARI JAYA,JL.SINDANG SARI NO.3 CIJERAH,Y,KEN - Y,1,GUDANG BAIK,2102076,Meiji Zinc Chromate Primer  5 KG,4.00,"258,000.00",GLN,7.50,0.00,0.00,"77,400.00","954,600.00",,1,"INDOWIRA, PT"
JUAL,261.005.853,20/05/2026 0:00,2605200501,T,,Y.285,KENARI JAYA,JL.SINDANG SARI NO.3 CIJERAH,Y,KEN - Y,1,GUDANG BAIK,2102079,Meiji Zinc Chromate Primer Grey 5 KG,4.00,"258,000.00",GLN,7.50,0.00,0.00,"77,400.00","954,600.00",,1,"INDOWIRA, PT"
JUAL,261.005.853,20/05/2026 0:00,2605200501,T,,Y.285,KENARI JAYA,JL.SINDANG SARI NO.3 CIJERAH,Y,KEN - Y,1,GUDANG BAIK,2104143,Wiratex Wall Paint 852 25 KG,1.00,"435,000.00",PL,7.50,0.00,0.00,"32,625.00","402,375.00",,1,"INDOWIRA, PT"
JUAL,261.005.853,20/05/2026 0:00,2605200501,T,,Y.285,KENARI JAYA,JL.SINDANG SARI NO.3 CIJERAH,Y,KEN - Y,1,GUDANG BAIK,2104090,Wiratex Ceiling & Gypsum Paint Putih Prima 20 KG,2.00,"338,000.00",PL,7.50,0.00,0.00,"50,700.00","625,300.00",,1,"INDOWIRA, PT"
JUAL,261.005.854,20/05/2026 0:00,2605180467,T,,L.427,SANTI,SUMBER SARI,L,RUDI *,1,GUDANG BAIK,2102837,Petalac 2K PU Hardener Normal  200CC,2.00,"61,000.00",KL,10.00,0.00,0.00,"12,200.00","109,800.00",,1,"INDOWIRA, PT"
JUAL,261.005.854,20/05/2026 0:00,2605180467,T,,L.427,SANTI,SUMBER SARI,L,RUDI *,1,GUDANG BAIK,2200130,Petalac 2K PU CO P.110 Broken White Base 0.8Lt,2.00,"158,000.00",KL,10.00,0.00,0.00,"31,600.00","284,400.00",,1,"INDOWIRA, PT"
JUAL,261.005.856,20/05/2026 0:00,2605200511,T,,J.351,HERRY,SETRA DUTA RAYA NO.35,J,FRANSISKUS,1,GUDANG BAIK,2100049,Adler Polyester Putty 3002  1 KG SET,1.00,"72,000.00",KL,0.00,0.00,0.00,0.00,"72,000.00",,1,"INDOWIRA, PT"
JUAL,261.005.856,20/05/2026 0:00,2605200511,T,,J.351,HERRY,SETRA DUTA RAYA NO.35,J,FRANSISKUS,1,GUDANG BAIK,2100068,Adler Primer Surfacer EP 1050  2 LITER SET,8.00,"250,000.00",KL,0.00,0.00,0.00,0.00,"2,000,000.00",,1,"INDOWIRA, PT"
JUAL,261.005.857,20/05/2026 0:00,2605200512,T,,L.533,FELIX (NEMAKIDS),JL.KARANGTINGGAL NO.18,L,RUDI *,1,GUDANG BAIK,2101917,Meiji Epoxy Filler White 1 LTR SET,12.00,"93,000.00",KL,10.00,0.00,0.00,"111,600.00","1,004,400.00",,1,"INDOWIRA, PT"
JUAL,261.005.858,20/05/2026 0:00,2605180478,T,,K.219,HENLEY,JL.SUKAMENAK NO.147 SAMPING MIXUE,L,RUDI *,1,GUDANG BAIK,2101915,Meiji Epoxy Filler  1 LTR SET,1.00,"93,000.00",KL,10.00,0.00,0.00,"9,300.00","83,700.00",,1,"INDOWIRA, PT"
JUAL,261.005.858,20/05/2026 0:00,2605180478,T,,K.219,HENLEY,JL.SUKAMENAK NO.147 SAMPING MIXUE,L,RUDI *,1,GUDANG BAIK,2102837,Petalac 2K PU Hardener Normal  200CC,1.00,"61,000.00",KL,10.00,0.00,0.00,"6,100.00","54,900.00",,1,"INDOWIRA, PT"
JUAL,261.005.858,20/05/2026 0:00,2605180478,T,,K.219,HENLEY,JL.SUKAMENAK NO.147 SAMPING MIXUE,L,RUDI *,1,GUDANG BAIK,2300086,Petalac 2K PU CO Base Black Satin 0.8LT,1.00,"160,000.00",KL,10.00,0.00,0.00,"16,000.00","144,000.00",,1,"INDOWIRA, PT"
JUAL,261.005.860,20/05/2026 0:00,2605200504,T,,J.611,SINAR WARNA,MOH TOHA 250C,L,RUDI *,1,GUDANG BAIK,2100029,Adler Epoxy Undercoat  1 LITER,12.00,"122,000.00",KL,10.00,0.00,0.00,"146,400.00","1,317,600.00",,1,"INDOWIRA, PT"
JUAL,261.005.872,20/05/2026 0:00,2605200518,T,,T.328,MITRA KERAMIK,JL.GUNUNG BATU 37,R,SIMON QIRENE,1,GUDANG BAIK,2104148,Wiratex Wall Paint Super White 25 KG,2.00,"435,000.00",PL,7.50,0.00,0.00,"65,250.00","804,750.00",,1,"INDOWIRA, PT"
JUAL,261.005.878,20/05/2026 0:00,2605180458,T,,GB.50,TB.AFIYAT II,JL.RAYA BOJONG SAWIT PURWAKARTA 026-7015426,G,JULIANTO,1,GUDANG BAIK,2101608,Kingkong Wall Putty Instant Powder  5 KG,12.00,"38,000.00",BKS,5.00,0.00,0.00,"22,800.00","433,200.00",,1,"INDOWIRA, PT"
JUAL,261.005.879,20/05/2026 0:00,2605150373,T,,H.733G,SUMBER USAHA/PANJAYA,Teluk Jambe Karawang,H,YANSENG,1,GUDANG BAIK,2104184,Wiratex Wall Paint 849 5KG,8.00,"93,000.00",GL,7.50,0.00,0.00,"55,800.00","688,200.00",,1,"INDOWIRA, PT"
JUAL,261.005.879,20/05/2026 0:00,2.605.150.373,T,,H.733G,SUMBER USAHA/PANJAYA,Teluk Jambe Karawang,H,YANSENG,1,GUDANG BAIK,2104183,Wiratex Wall paint 848 5KG,8.00,"93,000.00",GL,7.50,0.00,0.00,"55,800.00","688,200.00",,1,"INDOWIRA, PT"
JUAL,261.005.879,20/05/2026 0:00,2605150373,T,,H.733G,SUMBER USAHA/PANJAYA,Teluk Jambe Karawang,H,YANSENG,1,GUDANG BAIK,2104189,Wiratex Wall Paint Black 5KG,12.00,"93,000.00",GL,7.50,0.00,0.00,"83,700.00","1,032,300.00",,1,"INDOWIRA, PT"
JUAL,261.005.879,20/05/2026 0:00,2605150373,T,,H.733G,SUMBER USAHA/PANJAYA,Teluk Jambe Karawang,H,YANSENG,1,GUDANG BAIK,2104157,Wiratex Wall Paint 806 Cream 5KG,8.00,"93,000.00",GL,7.50,0.00,0.00,"55,800.00","688,200.00",,1,"INDOWIRA, PT"
JUAL,261.005.879,20/05/2026 0:00,2605150373,T,,H.733G,SUMBER USAHA/PANJAYA,Teluk Jambe Karawang,H,YANSENG,1,GUDANG BAIK,2104182,Wiratex Wall Paint 847 Spring 5KG,4.00,"93,000.00",GL,7.50,0.00,0.00,"27,900.00","344,100.00",,1,"INDOWIRA, PT"
JUAL,261.005.879,20/05/2026 0:00,2605150373,T,,H.733G,SUMBER USAHA/PANJAYA,Teluk Jambe Karawang,H,YANSENG,1,GUDANG BAIK,2104163,Wiratex Wall Paint 820 Apple W 5KG,4.00,"93,000.00",GL,7.50,0.00,0.00,"27,900.00","344,100.00",,1,"INDOWIRA, PT"
JUAL,261.005.879,20/05/2026 0:00,2605150373,T,,H.733G,SUMBER USAHA/PANJAYA,Teluk Jambe Karawang,H,YANSENG,1,GUDANG BAIK,2104192,Wiratex Wall Paint Super White 5KG,20.00,"93,000.00",GL,7.50,0.00,0.00,"139,500.00","1,720,500.00",,1,"INDOWIRA, PT"
JUAL,261.005.879,20/05/2026 0:00,2605150373,T,,H.733G,SUMBER USAHA/PANJAYA,Teluk Jambe Karawang,H,YANSENG,1,GUDANG BAIK,2104148,Wiratex Wall Paint Super White 25 KG,7.00,"435,000.00",PL,7.50,0.00,0.00,"228,375.00","2,816,625.00",,1,"INDOWIRA, PT"
JUAL,261.005.880,20/05/2026 0:00,2605150376,T,,H.733G,SUMBER USAHA/PANJAYA,Teluk Jambe Karawang,H,YANSENG,1,GUDANG BAIK,2104165,Wiratex Wall Paint 823 Poppy O 5KG,4.00,"93,000.00",GL,7.50,0.00,0.00,"27,900.00","344,100.00",,1,"INDOWIRA, PT"
JUAL,261.005.880,20/05/2026 0:00,2605150376,T,,H.733G,SUMBER USAHA/PANJAYA,Teluk Jambe Karawang,H,YANSENG,1,GUDANG BAIK,2104179,Wiratex Wall Paint 844 Terraco 5KG,4.00,"93,000.00",GL,7.50,0.00,0.00,"27,900.00","344,100.00",,1,"INDOWIRA, PT"
JUAL,261.005.880,20/05/2026 0:00,2605150376,T,,H.733G,SUMBER USAHA/PANJAYA,Teluk Jambe Karawang,H,YANSENG,1,GUDANG BAIK,2101591,Kingkong Cat Genteng 712 White 4 KG,4.00,"228,000.00",GLN,7.50,0.00,0.00,"68,400.00","843,600.00",,1,"INDOWIRA, PT"
JUAL,261.005.880,20/05/2026 0:00,2605150376,T,,H.733G,SUMBER USAHA/PANJAYA,Teluk Jambe Karawang,H,YANSENG,1,GUDANG BAIK,2101585,Kingkong Cat Genteng 705 Maroon 4 KG,3.00,"228,000.00",GLN,7.50,0.00,0.00,"51,300.00","632,700.00",,1,"INDOWIRA, PT"
JUAL,261.005.880,20/05/2026 0:00,2605150376,T,,H.733G,SUMBER USAHA/PANJAYA,Teluk Jambe Karawang,H,YANSENG,1,GUDANG BAIK,2101590,Kingkong Cat Genteng 711 Special 4 KG,4.00,"228,000.00",GLN,7.50,0.00,0.00,"68,400.00","843,600.00",,1,"INDOWIRA, PT"
JUAL,261.005.880,20/05/2026 0:00,2605150376,T,,H.733G,SUMBER USAHA/PANJAYA,Teluk Jambe Karawang,H,YANSENG,1,GUDANG BAIK,2101583,Kingkong Cat Genteng 703 Chocola 4 KG,3.00,"228,000.00",GLN,7.50,0.00,0.00,"51,300.00","632,700.00",,1,"INDOWIRA, PT"
JUAL,261.005.880,20/05/2026 0:00,2605150376,T,,H.733G,SUMBER USAHA/PANJAYA,Teluk Jambe Karawang,H,YANSENG,1,GUDANG BAIK,2104127,Wiratex Wall Paint 830 Blue Be 25 KG,1.00,"435,000.00",PL,7.50,0.00,0.00,"32,625.00","402,375.00",,1,"INDOWIRA, PT"
JUAL,261.005.883,20/05/2026 0:00,2605150377,T,,H.733E,SUMBER USAHA KARAWANG BARAT,Karawang Barat,H,YANSENG,1,GUDANG BAIK,2104192,Wiratex Wall Paint Super White 5KG,12.00,"93,000.00",GL,7.50,0.00,0.00,"83,700.00","1,032,300.00",,1,"INDOWIRA, PT"
JUAL,261.005.883,20/05/2026 0:00,2605150377,T,,H.733E,SUMBER USAHA KARAWANG BARAT,Karawang Barat,H,YANSENG,1,GUDANG BAIK,2102076,Meiji Zinc Chromate Primer  5 KG,8.00,"258,000.00",GLN,7.50,0.00,0.00,"154,800.00","1,909,200.00",,1,"INDOWIRA, PT"
JUAL,261.005.883,20/05/2026 0:00,2605150377,T,,H.733E,SUMBER USAHA KARAWANG BARAT,Karawang Barat,H,YANSENG,1,GUDANG BAIK,2102061,Meiji Zinc Chromate Primer  1 KG,48.00,"57,500.00",KL,7.50,0.00,0.00,"207,000.00","2,553,000.00",,1,"INDOWIRA, PT"
JUAL,261.005.884,20/05/2026 0:00,2605200520,T,,G.171,SAUYUNAN,BY PASS BARU KRW,G,JULIANTO,1,GUDANG BAIK,2103700,Petalux Wall Paint 643 Irish W 5KG,4.00,"168,000.00",GLN,7.50,0.00,0.00,"50,400.00","621,600.00",,1,"INDOWIRA, PT"
JUAL,261.005.885,20/05/2026 0:00,2605120287,T,,GC.60,PUTRA MANDIRI JAYA,JL.JEGANG PAGADUNGAN SAMPING KLINIK NAROM CIBARUSAH,G,JULIANTO,1,GUDANG BAIK,2200139,Kingkong Wall Paint Super White 4.5Kg,40.00,"84,000.00",GLN,7.50,0.00,0.00,"252,000.00","3,108,000.00",,1,"INDOWIRA, PT"
JUAL,261.005.886,20/05/2026 0:00,2605120329,T,,G.202,TERUS MAKMUR,KLARI,G,JULIANTO,1,GUDANG BAIK,2200139,Kingkong Wall Paint Super White 4.5Kg,8.00,"84,000.00",GLN,7.50,0.00,0.00,"50,400.00","621,600.00",,1,"INDOWIRA, PT"
JUAL,261.005.887,20/05/2026 0:00,2605200523,T,,N.870,PT.KSS,JL.PATARUMAN,13,BU RINI,1,GUDANG BAIK,2102075,Meiji Zinc Chromate Primer Light Grey 5 KG,1.00,"258,000.00",GLN,0.00,0.00,0.00,0.00,"258,000.00",,1,"INDOWIRA, PT"
JUAL,261.005.890,20/05/2026 0:00,2605120335,T,,Y.280,ABDI JAYA,KOMP.MEKAR WANGI JL.MEKAR SEJAHTERA POS 16,Y,KEN - Y,1,GUDANG BAIK,2300181,Daltone PU Base Coat D021 Tinting Black 1Lt,5.00,"165,000.00",KL,10.00,0.00,0.00,"82,500.00","742,500.00",,1,"INDOWIRA, PT"
JUAL,261.005.891,20/05/2026 0:00,2605150381,T,,K.304,"HEGAR SUMBER KREASI,PT",JL.PARALON 1 NO.1 CIJERAH,L,RUDI *,1,GUDANG BAIK,2600102,Petalux Wall Paint Ext 222601 JN Green Smoke 25KG,1.00,"1,050,000.00",PAIL,7.50,0.00,0.00,"78,750.00","971,250.00",U/LAP.PADEL TAMAN HOLIS,1,"INDOWIRA, PT"
JUAL,261.005.894,20/05/2026 0:00,2605180473,T,,K.304,"HEGAR SUMBER KREASI,PT",JL.PARALON 1 NO.1 CIJERAH,L,RUDI *,1,GUDANG BAIK,2600092,Petalux Wall Paint 62611 JN Green Smoke 25KG,3.00,"870,000.00",PAIL,7.50,0.00,0.00,"195,750.00","2,414,250.00",K/PROYEK LAPANGAN PADEL TAMAN HOLIS,1,"INDOWIRA, PT"
JUAL,261.005.894,20/05/2026 0:00,2605180473,T,,K.304,"HEGAR SUMBER KREASI,PT",JL.PARALON 1 NO.1 CIJERAH,L,RUDI *,1,GUDANG BAIK,2600093,Petalux Wall Paint CM 62610 JN White Sand 25KG,3.00,"800,000.00",PAIL,7.50,0.00,0.00,"180,000.00","2,220,000.00",K/PROYEK LAPANGAN PADEL TAMAN HOLIS,1,"INDOWIRA, PT"
JUAL,261.005.895,20/05/2026 0:00,2605180429,T,,J.303,ASTA ARTHA/DIRGANTARA YUDHA,JL.KOPO JAYA II NO.13A,J,FRANSISKUS,1,GUDANG BAIK,2103516,Petalux Wall Paint 602 Berlian 25 KG,1.00,"800,000.00",PL,7.50,0.00,0.00,"60,000.00","740,000.00",K/GEREJA KATOLIK JL.PANDU NO.4,1,"INDOWIRA, PT"
JUAL,262.000.661,20/05/2026 0:00,2605200508,T,,D.616,PB.BAROKAH,CIPANJAR 242 CIWARUGA CIGUGUR GIRANG,Y,KEN - Y,1,GUDANG BAIK,2300314,Shintex Base A 5KG,1.00,0.00,GLN,0.00,0.00,0.00,0.00,0.00,U/PENGGANTIAN DEMO MESIN TINTING,1,"INDOWIRA, PT"
JUAL,262.000.662,20/05/2026 0:00,2605200509,T,,D.147,PT.MAKMUR SEJAHTERA CIPTAKREAS,JL.JEND.H AMIR MAHMUD NO.595,D,WILLY,1,GUDANG BAIK,2100006,Alfa Polyester Putty  1 KG,2.00,0.00,KL,0.00,0.00,0.00,0.00,0.00,U/SAMPLE,1,"INDOWIRA, PT"
JUAL,262.000.663,20/05/2026 0:00,2605200501,T,,Y.285,KENARI JAYA,JL.SINDANG SARI NO.3 CIJERAH,Y,KEN - Y,1,GUDANG BAIK,2104937,Bonus Kuas,12.00,0.00,PCS,0.00,0.00,0.00,0.00,0.00,,1,"INDOWIRA, PT"
JUAL,262.000.663,20/05/2026 0:00,2605200501,T,,Y.285,KENARI JAYA,JL.SINDANG SARI NO.3 CIJERAH,Y,KEN - Y,1,GUDANG BAIK,2104949,Bonus Roller,1.00,0.00,PCS,0.00,0.00,0.00,0.00,0.00,,1,"INDOWIRA, PT"
JUAL,262.000.664,20/05/2026 0:00,2605150373,T,,H.733G,SUMBER USAHA/PANJAYA,Teluk Jambe Karawang,H,YANSENG,1,GUDANG BAIK,2104937,Bonus Kuas,18.00,0.00,PCS,0.00,0.00,0.00,0.00,0.00,,1,"INDOWIRA, PT"
JUAL,262.000.664,20/05/2026 0:00,2605150373,T,,H.733G,SUMBER USAHA/PANJAYA,Teluk Jambe Karawang,H,YANSENG,1,GUDANG BAIK,2104949,Bonus Roller,2.00,0.00,PCS,0.00,0.00,0.00,0.00,0.00,,1,"INDOWIRA, PT"
JUAL,262.000.665,20/05/2026 0:00,2605150377,T,,H.733E,SUMBER USAHA KARAWANG BARAT,Karawang Barat,H,YANSENG,1,GUDANG BAIK,2104937,Bonus Kuas,4.00,0.00,PCS,0.00,0.00,0.00,0.00,0.00,,1,"INDOWIRA, PT"
RETUR,RJ26050021,20/05/2026 0:00,261.005.189,T,,D.326,WARNA UTAMA,JL.TERUSAN CIBADUYUT NO.100 081322031570,C,YONATHAN,1,GUDANG BAIK,2104494,Daltone Clear CoaT MS 4100 1LTS,-12.00,"128,000.00",KL,10.00,0.00,0.00,"-153,600.00","-1,382,400.00",,1,"INDOWIRA, PT"
RETUR,RJ26050022,20/05/2026 0:00,,T,,G.199,PULAU INDAH,JL.VETERAN PAMANUKAN,C,YONATHAN,2,GUDANG RUSAK,2300024,Kingkong Wall Paint 126 Bali Gr 4.5KG,-4.00,"84,000.00",GLN,7.50,0.00,0.00,"-25,200.00","-310,800.00",,1,"INDOWIRA, PT"
RETUR,RJ26050024,20/05/2026 0:00,261.005.266,T,,N.1005A,AGUS,PERUM GMA,R,SIMON QIRENE,1,GUDANG BAIK,2104836,PETALUX WALL PAINT CM 602 MATAHARI 5KG,-1.00,"168,000.00",GLN,7.50,0.00,0.00,"-12,600.00","-155,400.00",,1,"INDOWIRA, PT"
RETUR,RJ26050025,20/05/2026 0:00,262.000.645,T,,GE.108,KARYA MEKAR,JL.A  YANI 24 PURWAKARTA,G,JULIANTO,1,GUDANG BAIK,2102064,Meiji Zinc Chromate Primer Grey 1 KG,-22.00,"57,500.00",KL,7.50,0.00,0.00,"-94,875.00","-1,170,125.00",,1,"INDOWIRA, PT"
RETUR,RJ26050026,20/05/2026 0:00,261.005.376,T,,Y.280,ABDI JAYA,KOMP.MEKAR WANGI JL.MEKAR SEJAHTERA POS 16,Y,KEN - Y,1,GUDANG BAIK,2300100,Daltone PU Base Coat D010 White 1Lt,-4.00,"165,000.00",KL,10.00,0.00,0.00,"-66,000.00","-594,000.00",,1,"INDOWIRA, PT"
RETUR,RJ26050029,20/05/2026 0:00,261.005.566,T,,M.100,UMUM,,14,DEPO BANDUNG,1,GUDANG BAIK,2101608,Kingkong Wall Putty Instant Powder  5 KG,-1.00,"38,000.00",BKS,5.00,0.00,0.00,"-1,900.00","-36,100.00",,1,"INDOWIRA, PT"
RETUR,RJ26050030,20/05/2026 0:00,261.005.598,T,,U.288,TB.GMS,JL.TERUSAN NANJUNG KP.SUKABIRUS RT.01/09 NO.22 B,U,GANIS,1,GUDANG BAIK,2102095,Mascot Wall Filler  4 KG,-8.00,"55,000.00",GLN,7.50,0.00,0.00,"-33,000.00","-407,000.00",,1,"INDOWIRA, PT"
RETUR,RJ26050030,20/05/2026 0:00,261.005.598,T,,U.288,TB.GMS,JL.TERUSAN NANJUNG KP.SUKABIRUS RT.01/09 NO.22 B,U,GANIS,1,GUDANG BAIK,2102173,Mascot Wall Paint 2156 Garden 5 KG,-8.00,"73,000.00",GLN,7.50,0.00,0.00,"-43,800.00","-540,200.00",,1,"INDOWIRA, PT"
RETUR,RJ26050031,20/05/2026 0:00,261.005.363,T,,G.152,METRO JAYA,PASAR BARU 10 SUBANG,C,YONATHAN,1,GUDANG BAIK,2200166,Kingkong Wall paint Black 4.5KG,-4.00,"84,000.00",GLN,7.50,0.00,0.00,"-25,200.00","-310,800.00",,1,"INDOWIRA, PT"
JUAL,261.005.896,21/05/2026 0:00,2605180417,T,,B.215,SINAR AGUNG,CARINGIN 258,D,WILLY,1,GUDANG BAIK,2104073,Tawon Kembang Meni Kayu & Besi 0.8 KG,12.00,"48,000.00",KL,7.50,0.00,0.00,"43,200.00","532,800.00",,1,"INDOWIRA, PT"
JUAL,261.005.897,21/05/2026 0:00,2605210553,T,,J.333,RICKY,JL.HOLIS NO.20B,J,FRANSISKUS,1,GUDANG BAIK,2103145,Petalac Thinner PU  1 LTR,6.00,"66,500.00",KL,0.00,0.00,0.00,0.00,"399,000.00",,1,"INDOWIRA, PT"
JUAL,261.005.897,21/05/2026 0:00,2605210553,T,,J.333,RICKY,JL.HOLIS NO.20B,J,FRANSISKUS,1,GUDANG BAIK,2102837,Petalac 2K PU Hardener Normal  200CC,6.00,"61,000.00",KL,10.00,0.00,0.00,"36,600.00","329,400.00",,1,"INDOWIRA, PT"
JUAL,261.005.897,21/05/2026 0:00,2605210553,T,,J.333,RICKY,JL.HOLIS NO.20B,J,FRANSISKUS,1,GUDANG BAIK,2200050,"Petalac 2K PU Clear Matt MV3 Base 0,8Lt",6.00,"125,000.00",KL,10.00,0.00,0.00,"75,000.00","675,000.00",,1,"INDOWIRA, PT"
JUAL,261.005.898,21/05/2026 0:00,2605210552,T,,C.603,BERKAH ABADI 1,CIHANJUANG 153/161,Y,KEN - Y,1,GUDANG BAIK,2104192,Wiratex Wall Paint Super White 5KG,12.00,"93,000.00",GL,7.50,0.00,0.00,"83,700.00","1,032,300.00",,1,"INDOWIRA, PT"
JUAL,261.005.898,21/05/2026 0:00,2605210552,T,,C.603,BERKAH ABADI 1,CIHANJUANG 153/161,Y,KEN - Y,1,GUDANG BAIK,2104148,Wiratex Wall Paint Super White 25 KG,3.00,"435,000.00",PL,7.50,0.00,0.00,"97,875.00","1,207,125.00",,1,"INDOWIRA, PT"
JUAL,261.005.900,21/05/2026 0:00,2605200522,T,,N.682,SARANA MOTOR,JL.RAYA SAPAN NO.55A,J,FRANSISKUS,1,GUDANG BAIK,2105346,Adler PU Topcoat HS9021 1.5 Liter Set,23.00,"300,000.00",KL,10.00,0.00,0.00,"690,000.00","6,210,000.00",,1,"INDOWIRA, PT"
JUAL,261.005.901,21/05/2026 0:00,2605200521,T,,Y.280,ABDI JAYA,KOMP.MEKAR WANGI JL.MEKAR SEJAHTERA POS 16,Y,KEN - Y,1,GUDANG BAIK,2105077,Daltone Epoxy Filler Grey 1Lts,6.00,"90,000.00",KL,7.50,0.00,0.00,"40,500.00","499,500.00",,1,"INDOWIRA, PT"
JUAL,261.005.902,21/05/2026 0:00,2605200517,T,,D.142,CIMINDI RAYA,LEUWIGAJAH 251,D,WILLY,1,GUDANG BAIK,2102076,Meiji Zinc Chromate Primer  5 KG,12.00,"258,000.00",GLN,7.50,0.00,0.00,"232,200.00","2,863,800.00",,1,"INDOWIRA, PT"
JUAL,261.005.907,21/05/2026 0:00,2605210554,T,,N.1099,BUDI,PODOMORO PARK JL.BOULEVARD SELATAN KAVLING S6,13,BU RINI,1,GUDANG BAIK,2104540,Meiji Zinc Chromate Primer Broken White 5kg,2.00,"258,000.00",GLN,0.00,0.00,0.00,0.00,"516,000.00",,1,"INDOWIRA, PT"
JUAL,261.005.908,21/05/2026 0:00,2605210555,T,,K.201,AGUS CENDANA,KIRCON 141,L,RUDI *,1,GUDANG BAIK,2101915,Meiji Epoxy Filler  1 LTR SET,2.00,"93,000.00",KL,10.00,0.00,0.00,"18,600.00","167,400.00",,1,"INDOWIRA, PT"
JUAL,261.005.908,21/05/2026 0:00,2605210555,T,,K.201,AGUS CENDANA,KIRCON 141,L,RUDI *,1,GUDANG BAIK,2102837,Petalac 2K PU Hardener Normal  200CC,6.00,"61,000.00",KL,10.00,0.00,0.00,"36,600.00","329,400.00",,1,"INDOWIRA, PT"
JUAL,261.005.908,21/05/2026 0:00,2605210555,T,,K.201,AGUS CENDANA,KIRCON 141,L,RUDI *,1,GUDANG BAIK,2200074,Petalac 2K PU Colour Special White Matt Base 0.8Lt,6.00,"148,000.00",KL,10.00,0.00,0.00,"88,800.00","799,200.00",,1,"INDOWIRA, PT"
JUAL,261.005.910,21/05/2026 0:00,2605120323,T,,R.400,TB.SUMBER REJEKI,JL.CIAWI TALI DEPAN PERUMAHAN BUMI CITEU,R,SIMON QIRENE,1,GUDANG BAIK,2102138,Mascot Wall Paint 203 Cream 25 KG,1.00,"317,000.00",PL,7.50,0.00,0.00,"23,775.00","293,225.00",,1,"INDOWIRA, PT"
JUAL,261.005.911,21/05/2026 0:00,2605210556,T,,C.110,MITRA 2000,JL.TERUSAN KOPO KM.8 NO.293 MARGAHAYU,D,WILLY,1,GUDANG BAIK,2104964,Daltone Clear Coat 1010 0.5LTS,6.00,"79,500.00",KL,5.00,0.00,0.00,"23,850.00","453,150.00",,1,"INDOWIRA, PT"
JUAL,261.005.913,21/05/2026 0:00,2605200536,T,,C.506,INDAH,KALIPAH APO 96,Y,KEN - Y,1,GUDANG BAIK,2104075,Tawon Kembang Meni Kayu & Besi  4.5 KG,6.00,"220,000.00",GLN,7.50,0.00,0.00,"99,000.00","1,221,000.00",,1,"INDOWIRA, PT"
JUAL,261.005.914,21/05/2026 0:00,2605200532,T,,A.213,SINAR SARANA,SUNARAJA 80 A,Y,KEN - Y,1,GUDANG BAIK,2103297,Petalux Ceiling & Gypsum Paint Putih Wangi 5KG,8.00,"150,000.00",GLN,7.50,0.00,0.00,"90,000.00","1,110,000.00",,1,"INDOWIRA, PT"
JUAL,261.005.916,21/05/2026 0:00,2605200543,T,,N.888,SUMBER WARNA,PUNGKUR,14,DEPO BANDUNG,1,GUDANG BAIK,2101920,Meiji Epoxy Filler White 20 LTR SET,1.00,"1,600,000.00",PL,7.50,2.50,0.00,"157,000.00","1,443,000.00",,1,"INDOWIRA, PT"
JUAL,261.005.917,21/05/2026 0:00,2605200542,T,,N.726,CV.HIKMAH JAYA SENTOSA,GUDANG BARU JL.SINDANG LAYA UJUNG BERUNG U/P.BP AGUS GOZALI,13,BU RINI,1,GUDANG BAIK,2101330,Attaboy Wall Putty Instant Powder  2 KG,36.00,"38,000.00",BKS,0.00,0.00,0.00,0.00,"1,368,000.00",,1,"INDOWIRA, PT"
JUAL,261.005.917,21/05/2026 0:00,2605200542,T,,N.726,CV.HIKMAH JAYA SENTOSA,GUDANG BARU JL.SINDANG LAYA UJUNG BERUNG U/P.BP AGUS GOZALI,13,BU RINI,1,GUDANG BAIK,2103989,Shintex Wall Paint Super White 25 KG,15.00,"538,000.00",PL,0.00,0.00,0.00,0.00,"8,070,000.00",,1,"INDOWIRA, PT"
JUAL,261.005.918,21/05/2026 0:00,2605200548,T,,P.160,SENTRAD,RANCAEKEK PERMAI II,13,BU RINI,1,GUDANG BAIK,2102109,Mascot Wall Paint Super White 200 KG,4.00,"2,000,000.00",DRM,0.00,0.00,0.00,0.00,"8,000,000.00",U/P.PAK YONO BLOK E.12,1,"INDOWIRA, PT"
JUAL,261.005.919,21/05/2026 0:00,2605180490,T,,P.160,SENTRAD,RANCAEKEK PERMAI II,13,BU RINI,1,GUDANG BAIK,2102109,Mascot Wall Paint Super White 200 KG,2.00,"2,000,000.00",DRM,0.00,0.00,0.00,0.00,"4,000,000.00",U/P.ACIN E.12,1,"INDOWIRA, PT"
JUAL,261.005.920,21/05/2026 0:00,2605200545,T,,Q.245,PT.SINAR MULIA PERKASA /HOTEL,JL.SUMATRA 51 - HOTEL ARYA DUTA,R,SIMON QIRENE,1,GUDANG BAIK,2101607,Kingkong Wall Putty Instant Powder  25 KG,2.00,"146,300.00",ZAK,0.00,0.00,0.00,0.00,"292,600.00",,1,"INDOWIRA, PT"
JUAL,261.005.921,21/05/2026 0:00,2605200540,T,,C.407,JAYA MAKMUR/ABUN,JL.RY TIMUR 520 CIMAHI,D,WILLY,1,GUDANG BAIK,2100011,AlFa Polyester Putty  3KG,6.00,"120,000.00",GLN,5.00,0.00,0.00,"36,000.00","684,000.00",,1,"INDOWIRA, PT"
JUAL,261.005.922,21/05/2026 0:00,2605200516,T,,U.261,WIJAYA,JL.RAYA BATUJAJAR NO.178,U,GANIS,1,GUDANG BAIK,2104183,Wiratex Wall paint 848 5KG,4.00,"93,000.00",GL,7.50,0.00,0.00,"27,900.00","344,100.00",,1,"INDOWIRA, PT"
JUAL,261.005.922,21/05/2026 0:00,2605200516,T,,U.261,WIJAYA,JL.RAYA BATUJAJAR NO.178,U,GANIS,1,GUDANG BAIK,2104174,Wiratex Wall Paint 833 Mellow 5KG,2.00,"93,000.00",GL,7.50,0.00,0.00,"13,950.00","172,050.00",,1,"INDOWIRA, PT"
JUAL,261.005.922,21/05/2026 0:00,2605200516,T,,U.261,WIJAYA,JL.RAYA BATUJAJAR NO.178,U,GANIS,1,GUDANG BAIK,2104182,Wiratex Wall Paint 847 Spring 5KG,2.00,"93,000.00",GL,7.50,0.00,0.00,"13,950.00","172,050.00",,1,"INDOWIRA, PT"
JUAL,261.005.922,21/05/2026 0:00,2605200516,T,,U.261,WIJAYA,JL.RAYA BATUJAJAR NO.178,U,GANIS,1,GUDANG BAIK,2104163,Wiratex Wall Paint 820 Apple W 5KG,2.00,"93,000.00",GL,7.50,0.00,0.00,"13,950.00","172,050.00",,1,"INDOWIRA, PT"
JUAL,261.005.922,21/05/2026 0:00,2605200516,T,,U.261,WIJAYA,JL.RAYA BATUJAJAR NO.178,U,GANIS,1,GUDANG BAIK,2104171,Wiratex Wall Paint 830 Blue Be 5KG,2.00,"93,000.00",GL,7.50,0.00,0.00,"13,950.00","172,050.00",,1,"INDOWIRA, PT"
JUAL,261.005.922,21/05/2026 0:00,2605200516,T,,U.261,WIJAYA,JL.RAYA BATUJAJAR NO.178,U,GANIS,1,GUDANG BAIK,2104165,Wiratex Wall Paint 823 Poppy O 5KG,3.00,"93,000.00",GL,7.50,0.00,0.00,"20,925.00","258,075.00",,1,"INDOWIRA, PT"
JUAL,261.005.922,21/05/2026 0:00,2605200516,T,,U.261,WIJAYA,JL.RAYA BATUJAJAR NO.178,U,GANIS,1,GUDANG BAIK,2104175,Wiratex Wall Paint 834 Warm Gr 5KG,2.00,"93,000.00",GL,7.50,0.00,0.00,"13,950.00","172,050.00",,1,"INDOWIRA, PT"
JUAL,261.005.922,21/05/2026 0:00,2605200516,T,,U.261,WIJAYA,JL.RAYA BATUJAJAR NO.178,U,GANIS,1,GUDANG BAIK,2104191,Wiratex Wall Paint Putih Salju 5KG,1.00,"93,000.00",GL,7.50,0.00,0.00,"6,975.00","86,025.00",,1,"INDOWIRA, PT"
JUAL,261.005.922,21/05/2026 0:00,2605200516,T,,U.261,WIJAYA,JL.RAYA BATUJAJAR NO.178,U,GANIS,1,GUDANG BAIK,2102095,Mascot Wall Filler  4 KG,10.00,"55,000.00",GLN,7.50,0.00,0.00,"41,250.00","508,750.00",,1,"INDOWIRA, PT"
JUAL,261.005.922,21/05/2026 0:00,2605200516,T,,U.261,WIJAYA,JL.RAYA BATUJAJAR NO.178,U,GANIS,1,GUDANG BAIK,2100011,AlFa Polyester Putty  3KG,12.00,"120,000.00",GLN,5.00,0.00,0.00,"72,000.00","1,368,000.00",,1,"INDOWIRA, PT"
JUAL,261.005.923,21/05/2026 0:00,2605200516,T,,U.261,WIJAYA,JL.RAYA BATUJAJAR NO.178,U,GANIS,1,GUDANG BAIK,2104185,Wiratex Wall Paint 850 5KG,1.00,"93,000.00",GL,7.50,0.00,0.00,"6,975.00","86,025.00",,1,"INDOWIRA, PT"
JUAL,261.005.923,21/05/2026 0:00,2605200516,T,,U.261,WIJAYA,JL.RAYA BATUJAJAR NO.178,U,GANIS,1,GUDANG BAIK,2104157,Wiratex Wall Paint 806 Cream 5KG,4.00,"93,000.00",GL,7.50,0.00,0.00,"27,900.00","344,100.00",,1,"INDOWIRA, PT"
JUAL,261.005.923,21/05/2026 0:00,2605200516,T,,U.261,WIJAYA,JL.RAYA BATUJAJAR NO.178,U,GANIS,1,GUDANG BAIK,2104166,Wiratex Wall Paint 824 Durian 5KG,1.00,"93,000.00",GL,7.50,0.00,0.00,"6,975.00","86,025.00",,1,"INDOWIRA, PT"
JUAL,261.005.927,21/05/2026 0:00,2605200537,T,,J.203,BAMBANG/INDO UTAMA MEUBLE,JL.SURYANI DALAM 29A,J,FRANSISKUS,1,GUDANG BAIK,2100011,AlFa Polyester Putty  3KG,6.00,"120,000.00",GLN,5.00,0.00,0.00,"36,000.00","684,000.00",,1,"INDOWIRA, PT"
JUAL,261.005.928,21/05/2026 0:00,2605200544,T,,W.354,PT.MENTARI AGUNG MANDIRI,JL.RAYA DAYEUH KOLOT O.341C RT 001 RW 006,R,SIMON QIRENE,1,GUDANG BAIK,2103625,Petalux Wall Paint Putih Wangi 25 KG,2.00,"556,000.00",PL,0.00,0.00,0.00,0.00,"1,112,000.00",U/P.MUHTAR,1,"INDOWIRA, PT"
JUAL,261.005.929,21/05/2026 0:00,2605200528,T,,R.368,LOTUS SEVEN,KAMP.BOJONG UJUNG NO.77 KEL.GAJAH MEKAR,R,SIMON QIRENE,1,GUDANG BAIK,2100018,Alfa Zinc Chromate Primer GREEN 20 KG,2.00,"820,000.00",PL,0.00,0.00,0.00,0.00,"1,640,000.00",,1,"INDOWIRA, PT"
JUAL,261.005.932,21/05/2026 0:00,2605210557,T,,N.1005A,AGUS,PERUM GMA,R,SIMON QIRENE,1,GUDANG BAIK,2104836,PETALUX WALL PAINT CM 602 MATAHARI 5KG,2.00,"168,000.00",GLN,5.00,0.00,0.00,"16,800.00","319,200.00",,1,"INDOWIRA, PT"
JUAL,261.005.933,21/05/2026 0:00,2605200539,T,,M.100,UMUM,,14,DEPO BANDUNG,1,GUDANG BAIK,2600026,Petalac 2K PU CO Base Elf Hatt 0.8LT,1.00,"164,000.00",KL,10.00,0.00,0.00,"16,400.00","147,600.00",TISNA,1,"INDOWIRA, PT"
JUAL,261.005.933,21/05/2026 0:00,2605200539,T,,M.100,UMUM,,14,DEPO BANDUNG,1,GUDANG BAIK,2102837,Petalac 2K PU Hardener Normal  200CC,4.00,"61,000.00",KL,10.00,0.00,0.00,"24,400.00","219,600.00",TISNA,1,"INDOWIRA, PT"
JUAL,261.005.933,21/05/2026 0:00,2605200539,T,,M.100,UMUM,,14,DEPO BANDUNG,1,GUDANG BAIK,2600023,Petalac 2K PU CO Base Pink Frost 0.8LT,1.00,"165,000.00",KL,10.00,0.00,0.00,"16,500.00","148,500.00",TISNA,1,"INDOWIRA, PT"
JUAL,261.005.933,21/05/2026 0:00,2605200539,T,,M.100,UMUM,,14,DEPO BANDUNG,1,GUDANG BAIK,2600022,Petalac 2K PU CO Base Citroen Ice 0.8LT,1.00,"167,000.00",KL,10.00,0.00,0.00,"16,700.00","150,300.00",TISNA,1,"INDOWIRA, PT"
JUAL,261.005.933,21/05/2026 0:00,2605200539,T,,M.100,UMUM,,14,DEPO BANDUNG,1,GUDANG BAIK,2600025,Petalac 2K PU CO Base Sky High Blue 0.8LT,1.00,"170,000.00",KL,10.00,0.00,0.00,"17,000.00","153,000.00",TISNA,1,"INDOWIRA, PT"
JUAL,261.005.934,21/05/2026 0:00,2605210558,T,,N.1057,FAJAR INDAH,JL.GIRI ASIH NO.1 B BATUJAJAR CIMAREME,13,BU RINI,1,GUDANG BAIK,2103529,Petalux Wall Paint 6303 Stone 25 KG,2.00,"800,000.00",PL,5.00,0.00,0.00,"80,000.00","1,520,000.00",,1,"INDOWIRA, PT"
JUAL,261.005.940,21/05/2026 0:00,2605180455,T,,K.401,BONTI,HOLIS 222,L,RUDI *,1,GUDANG BAIK,2100043,Adler PU Primer Surfacer 8022 Grey 1 LITER,2.00,"135,000.00",KL,10.00,0.00,0.00,"27,000.00","243,000.00",,1,"INDOWIRA, PT"
JUAL,261.005.941,21/05/2026 0:00,2605210579,T,,L.428,DERISYA INTERIOR U/P.UJANG RUS,KAMP.CUKANG KAWUNG NO.33 DS.PAKUHAJI NGAMPRAH KETUA RT.04/05,L,RUDI *,1,GUDANG BAIK,2103145,Petalac Thinner PU  1 LTR,10.00,"66,500.00",KL,0.00,0.00,0.00,0.00,"665,000.00",,1,"INDOWIRA, PT"
JUAL,261.005.941,21/05/2026 0:00,2605210579,T,,L.428,DERISYA INTERIOR U/P.UJANG RUS,KAMP.CUKANG KAWUNG NO.33 DS.PAKUHAJI NGAMPRAH KETUA RT.04/05,L,RUDI *,1,GUDANG BAIK,2102837,Petalac 2K PU Hardener Normal  200CC,6.00,"61,000.00",KL,10.00,0.00,0.00,"36,600.00","329,400.00",,1,"INDOWIRA, PT"
JUAL,261.005.941,21/05/2026 0:00,2605210579,T,,L.428,DERISYA INTERIOR U/P.UJANG RUS,KAMP.CUKANG KAWUNG NO.33 DS.PAKUHAJI NGAMPRAH KETUA RT.04/05,L,RUDI *,1,GUDANG BAIK,2200178,Petalac 2K PU Colour Special White Satin Base 0.8L,6.00,"148,000.00",KL,10.00,0.00,0.00,"88,800.00","799,200.00",,1,"INDOWIRA, PT"
JUAL,261.005.942,21/05/2026 0:00,2605110238,T,,J.140,PT.INDONESIA RABBONI GARMEN,JL.BANJARAN 102 (EX UNILON),J,FRANSISKUS,1,GUDANG BAIK,2100890,Attaboy Supercryl Super White 20 LITER,2.00,"1,960,000.00",PL,0.00,0.00,0.00,0.00,"3,920,000.00",,1,"INDOWIRA, PT"
JUAL,261.005.943,21/05/2026 0:00,2605120336,T,,L.427A,BP.SUHERMAN,BUDI ASIH NO.20 SETIABUDI BANDUNG,L,RUDI *,1,GUDANG BAIK,2103714,Petalux Wall Paint 682 Almond 5KG,2.00,"168,000.00",GLN,7.50,0.00,0.00,"25,200.00","310,800.00",,1,"INDOWIRA, PT"
JUAL,261.005.943,21/05/2026 0:00,2605120336,T,,L.427A,BP.SUHERMAN,BUDI ASIH NO.20 SETIABUDI BANDUNG,L,RUDI *,1,GUDANG BAIK,2103863,Shintex Wall Filler  1 KG,1.00,"26,000.00",KL,7.50,0.00,0.00,"1,950.00","24,050.00",,1,"INDOWIRA, PT"
JUAL,261.005.944,21/05/2026 0:00,2605120282,T,,A.115,ADE MANDIRI,JL.RANCABENTANG 198 KEBON KOPI,Y,KEN - Y,1,GUDANG BAIK,2104120,Wiratex Wall Paint 822 Palazo 25 KG,1.00,"435,000.00",PL,7.50,0.00,0.00,"32,625.00","402,375.00",,1,"INDOWIRA, PT"
JUAL,261.005.945,21/05/2026 0:00,2605120299,T,,J.103,PT.AKARA INTER DESAIN,JL.INDUSTRI II NO.7A RT.006 RW.009 UTAMA,J,FRANSISKUS,1,GUDANG BAIK,2103149,Petalac Thinner PU  5 LTR,2.00,"286,000.00",GLN,0.00,0.00,0.00,0.00,"572,000.00",,1,"INDOWIRA, PT"
JUAL,261.005.946,21/05/2026 0:00,2605120315,T,,A.219,MEDAL LIGAR,JL.BBK CIPARAY 147-172,Y,KEN - Y,1,GUDANG BAIK,2104164,Wiratex Wall Paint 822 Palazo 5KG,6.00,"93,000.00",GL,7.50,0.00,0.00,"41,850.00","516,150.00",,1,"INDOWIRA, PT"
JUAL,261.005.946,21/05/2026 0:00,2605120315,T,,A.219,MEDAL LIGAR,JL.BBK CIPARAY 147-172,Y,KEN - Y,1,GUDANG BAIK,2104192,Wiratex Wall Paint Super White 5KG,4.00,"93,000.00",GL,7.50,0.00,0.00,"27,900.00","344,100.00",,1,"INDOWIRA, PT"
JUAL,261.005.947,21/05/2026 0:00,2605080195,T,,K.304,"HEGAR SUMBER KREASI,PT",JL.PARALON 1 NO.1 CIJERAH,L,RUDI *,1,GUDANG BAIK,2600100,Petalux Wall Paint Ext 222604 JN Front III 25KG,2.00,"1,050,000.00",PAIL,7.50,0.00,0.00,"157,500.00","1,942,500.00",,1,"INDOWIRA, PT"
JUAL,261.005.948,21/05/2026 0:00,2605180487,T,,K.527,PT.AKD,SADANG,14,DEPO BANDUNG,1,GUDANG BAIK,2200273,Petalac 2K PU CO Base Carolina Grey 0.8LT,8.00,"160,000.00",KL,10.00,0.00,0.00,"128,000.00","1,152,000.00",,1,"INDOWIRA, PT"
JUAL,261.005.949,21/05/2026 0:00,2605080195,T,,K.304,"HEGAR SUMBER KREASI,PT",JL.PARALON 1 NO.1 CIJERAH,L,RUDI *,1,GUDANG BAIK,2600092,Petalux Wall Paint 62611 JN Green Smoke 25KG,3.00,"870,000.00",PAIL,7.50,0.00,0.00,"195,750.00","2,414,250.00",,1,"INDOWIRA, PT"
JUAL,261.005.949,21/05/2026 0:00,2605080195,T,,K.304,"HEGAR SUMBER KREASI,PT",JL.PARALON 1 NO.1 CIJERAH,L,RUDI *,1,GUDANG BAIK,2600093,Petalux Wall Paint CM 62610 JN White Sand 25KG,3.00,"800,000.00",PAIL,7.50,0.00,0.00,"180,000.00","2,220,000.00",,1,"INDOWIRA, PT"
JUAL,261.005.950,21/05/2026 0:00,2605080194,T,,N.790,PADI HIJAU BUANA,GUDANG 5 PATARUMAN,14,DEPO BANDUNG,1,GUDANG BAIK,2300258,Attaboy Masonry Sealer White 20LT,6.00,"1,200,000.00",PAIL,10.00,10.00,10.00,"1,951,200.00","5,248,800.00",,1,"INDOWIRA, PT"
JUAL,261.005.951,21/05/2026 0:00,2605210580,T,,M.100,UMUM,,14,DEPO BANDUNG,1,GUDANG BAIK,2102129,Mascot Wall Paint Super White 20 KG,1.00,"249,000.00",PL,10.00,0.00,0.00,"24,900.00","224,100.00",ROY VIA SJ.4655,1,"INDOWIRA, PT"
JUAL,262.000.666,21/05/2026 0:00,2605200551,T,,R.571,PERUM BUMI CITRA INDAH 4,CIPATIK,R,SIMON QIRENE,1,GUDANG BAIK,2101607,Kingkong Wall Putty Instant Powder  25 KG,2.00,0.00,ZAK,0.00,0.00,0.00,0.00,0.00,U/MOCK UP,1,"INDOWIRA, PT"
JUAL,262.000.667,21/05/2026 0:00,2605200516,T,,U.261,WIJAYA,JL.RAYA BATUJAJAR NO.178,U,GANIS,1,GUDANG BAIK,2104937,Bonus Kuas,8.00,0.00,PCS,0.00,0.00,0.00,0.00,0.00,,1,"INDOWIRA, PT"
JUAL,262.000.668,21/05/2026 0:00,2605210562,T,,H.343,BAROS JAYA,JL.RH DIDI SUKARDI 156 SUKABUMI,H,YANSENG,1,GUDANG BAIK,2102073,Meiji Zinc Chromate Primer Black 20 KG,5.00,"825,000.00",PL,10.00,10.00,2.00,"850,575.00","3,274,425.00",U/TUKARAN VIA SJ.4467,1,"INDOWIRA, PT"
JUAL,261.005.952,22/05/2026 0:00,2605210565,T,,J.514,GIHON/PA BUDI,DEPAN BRI GUNUNG BATU 6C,C,YONATHAN,1,GUDANG BAIK,2101379,Crystal Coat Candytone Yellow 1 LTR SET,1.00,"700,000.00",KL,7.50,0.00,0.00,"52,500.00","647,500.00",,1,"INDOWIRA, PT"
JUAL,261.005.952,22/05/2026 0:00,2605210565,T,,J.514,GIHON/PA BUDI,DEPAN BRI GUNUNG BATU 6C,C,YONATHAN,1,GUDANG BAIK,2101367,Crystal Coat Candytone Golden Oran 1 LITER,1.00,"700,000.00",KL,7.50,0.00,0.00,"52,500.00","647,500.00",,1,"INDOWIRA, PT"
JUAL,261.005.958,22/05/2026 0:00,2605080187,T,,G.521,YE LIH,CIMAHI,G,JULIANTO,1,GUDANG BAIK,2200013,Protar Base A 4Kg,1.00,"253,000.00",GLN,12.50,0.00,0.00,"31,625.00","221,375.00",,1,"INDOWIRA, PT"
JUAL,261.005.959,22/05/2026 0:00,2605210584,T,,G.515,TB.KIAN SENTOSA,JL.GA MANULUNG KMP.SUDI MAMPIR PADALARAN,U,GANIS,1,GUDANG BAIK,2103863,Shintex Wall Filler  1 KG,10.00,"26,000.00",KL,7.50,0.00,0.00,"19,500.00","240,500.00",,1,"INDOWIRA, PT"
JUAL,261.005.959,22/05/2026 0:00,2605210584,T,,G.515,TB.KIAN SENTOSA,JL.GA MANULUNG KMP.SUDI MAMPIR PADALARAN,U,GANIS,1,GUDANG BAIK,2100558,Attaboy Natural Stone Protector Gloss  1 LITER,5.00,"113,000.00",KL,7.50,0.00,0.00,"42,375.00","522,625.00",,1,"INDOWIRA, PT"
JUAL,261.005.960,22/05/2026 0:00,2605210583,T,,K.106,SANDI,KOMP.GUDANG CIBOLERANG C28,L,RUDI *,1,GUDANG BAIK,2100011,AlFa Polyester Putty  3KG,2.00,"120,000.00",GLN,5.00,0.00,0.00,"12,000.00","228,000.00",,1,"INDOWIRA, PT"
JUAL,261.005.960,22/05/2026 0:00,2605210583,T,,K.106,SANDI,KOMP.GUDANG CIBOLERANG C28,L,RUDI *,1,GUDANG BAIK,2101917,Meiji Epoxy Filler White 1 LTR SET,5.00,"93,000.00",KL,10.00,0.00,0.00,"46,500.00","418,500.00",,1,"INDOWIRA, PT"
JUAL,261.005.961,22/05/2026 0:00,2605210582,T,,U.271,TB.GARUDA SUKSES,JL.H.GOFUR NO.7 TANI MULYA,U,GANIS,1,GUDANG BAIK,2101915,Meiji Epoxy Filler  1 LTR SET,12.00,"93,000.00",KL,7.50,0.00,0.00,"83,700.00","1,032,300.00",,1,"INDOWIRA, PT"
JUAL,261.005.961,22/05/2026 0:00,2605210582,T,,U.271,TB.GARUDA SUKSES,JL.H.GOFUR NO.7 TANI MULYA,U,GANIS,1,GUDANG BAIK,2101917,Meiji Epoxy Filler White 1 LTR SET,12.00,"93,000.00",KL,7.50,0.00,0.00,"83,700.00","1,032,300.00",,1,"INDOWIRA, PT"
JUAL,261.005.962,22/05/2026 0:00,2605210577,T,,G.611,WARNA BARU,JL.CIHAMPELAS 157 CITAPEN,C,YONATHAN,1,GUDANG BAIK,2104494,Daltone Clear CoaT MS 4100 1LTS,12.00,"128,000.00",KL,7.50,0.00,0.00,"115,200.00","1,420,800.00",,1,"INDOWIRA, PT"
JUAL,261.005.963,22/05/2026 0:00,2605210574,T,,J.140,PT.INDONESIA RABBONI GARMEN,JL.BANJARAN 102 (EX UNILON),J,FRANSISKUS,1,GUDANG BAIK,2103219,Protar Cat Proteksi Tahan air 7203 20 KG,2.00,"1,188,000.00",PL,0.00,0.00,0.00,0.00,"2,376,000.00",,1,"INDOWIRA, PT"
JUAL,261.005.964,22/05/2026 0:00,2605220588,T,,T.328,MITRA KERAMIK,JL.GUNUNG BATU 37,R,SIMON QIRENE,1,GUDANG BAIK,2104148,Wiratex Wall Paint Super White 25 KG,1.00,"435,000.00",PL,7.50,0.00,0.00,"32,625.00","402,375.00",,1,"INDOWIRA, PT"
JUAL,261.005.965,22/05/2026 0:00,2605210564,T,,A.422,TEGUH RAHAYU,CIHANJUANG 26 B,Y,KEN - Y,1,GUDANG BAIK,2102129,Mascot Wall Paint Super White 20 KG,3.00,"249,000.00",PL,7.50,0.00,0.00,"56,025.00","690,975.00",,1,"INDOWIRA, PT"
JUAL,261.005.966,22/05/2026 0:00,2605210567,T,,Y.294,BERKAH ABADI 5,JL.ENCEP KARTIWA CITEUREUP 41C,Y,KEN - Y,1,GUDANG BAIK,2104184,Wiratex Wall Paint 849 5KG,4.00,"93,000.00",GL,7.50,0.00,0.00,"27,900.00","344,100.00",,1,"INDOWIRA, PT"
JUAL,261.005.966,22/05/2026 0:00,2605210567,T,,Y.294,BERKAH ABADI 5,JL.ENCEP KARTIWA CITEUREUP 41C,Y,KEN - Y,1,GUDANG BAIK,2104157,Wiratex Wall Paint 806 Cream 5KG,4.00,"93,000.00",GL,7.50,0.00,0.00,"27,900.00","344,100.00",,1,"INDOWIRA, PT"
JUAL,261.005.966,22/05/2026 0:00,2605210567,T,,Y.294,BERKAH ABADI 5,JL.ENCEP KARTIWA CITEUREUP 41C,Y,KEN - Y,1,GUDANG BAIK,2104163,Wiratex Wall Paint 820 Apple W 5KG,4.00,"93,000.00",GL,7.50,0.00,0.00,"27,900.00","344,100.00",,1,"INDOWIRA, PT"
JUAL,261.005.966,22/05/2026 0:00,2605210567,T,,Y.294,BERKAH ABADI 5,JL.ENCEP KARTIWA CITEUREUP 41C,Y,KEN - Y,1,GUDANG BAIK,2104160,Wiratex Wall Paint 809 Jonquil 5KG,4.00,"93,000.00",GL,7.50,0.00,0.00,"27,900.00","344,100.00",,1,"INDOWIRA, PT"
JUAL,261.005.966,22/05/2026 0:00,2605210567,T,,Y.294,BERKAH ABADI 5,JL.ENCEP KARTIWA CITEUREUP 41C,Y,KEN - Y,1,GUDANG BAIK,2104153,Wiratex Wall Paint 801 Spanish 5KG,4.00,"93,000.00",GL,7.50,0.00,0.00,"27,900.00","344,100.00",,1,"INDOWIRA, PT"
JUAL,261.005.966,22/05/2026 0:00,2605210567,T,,Y.294,BERKAH ABADI 5,JL.ENCEP KARTIWA CITEUREUP 41C,Y,KEN - Y,1,GUDANG BAIK,2103817,Shintex Cat Genteng 312 White 4KG,4.00,"204,000.00",GLN,7.50,0.00,0.00,"61,200.00","754,800.00",,1,"INDOWIRA, PT"
JUAL,261.005.966,22/05/2026 0:00,2605210567,T,,Y.294,BERKAH ABADI 5,JL.ENCEP KARTIWA CITEUREUP 41C,Y,KEN - Y,1,GUDANG BAIK,2103863,Shintex Wall Filler  1 KG,6.00,"26,000.00",KL,7.50,0.00,0.00,"11,700.00","144,300.00",,1,"INDOWIRA, PT"
JUAL,261.005.966,22/05/2026 0:00,2605210567,T,,Y.294,BERKAH ABADI 5,JL.ENCEP KARTIWA CITEUREUP 41C,Y,KEN - Y,1,GUDANG BAIK,2103782,Shintex Cat Bak 001 Aquarin 1 KG,6.00,"64,000.00",KL,7.50,0.00,0.00,"28,800.00","355,200.00",,1,"INDOWIRA, PT"
JUAL,261.005.966,22/05/2026 0:00,2605210567,T,,Y.294,BERKAH ABADI 5,JL.ENCEP KARTIWA CITEUREUP 41C,Y,KEN - Y,1,GUDANG BAIK,2103783,Shintex Cat Bak 009 Sky Blu 1 KG,6.00,"64,000.00",KL,7.50,0.00,0.00,"28,800.00","355,200.00",,1,"INDOWIRA, PT"
JUAL,261.005.966,22/05/2026 0:00,2605210567,T,,Y.294,BERKAH ABADI 5,JL.ENCEP KARTIWA CITEUREUP 41C,Y,KEN - Y,1,GUDANG BAIK,2104113,Wiratex Wall Paint 806 Cream 25 KG,1.00,"435,000.00",PL,7.50,0.00,0.00,"32,625.00","402,375.00",,1,"INDOWIRA, PT"
JUAL,261.005.966,22/05/2026 0:00,2605210567,T,,Y.294,BERKAH ABADI 5,JL.ENCEP KARTIWA CITEUREUP 41C,Y,KEN - Y,1,GUDANG BAIK,2104148,Wiratex Wall Paint Super White 25 KG,3.00,"435,000.00",PL,7.50,0.00,0.00,"97,875.00","1,207,125.00",,1,"INDOWIRA, PT"
JUAL,261.005.969,22/05/2026 0:00,2605210585,T,,Y.291,BERKAH ABADI 2,PERTIGAAN PATROL - PARONGPONG,Y,KEN - Y,1,GUDANG BAIK,2104863,Shintex Wall Filler 4 KG,4.00,"62,000.00",GL,7.50,0.00,0.00,"18,600.00","229,400.00",,1,"INDOWIRA, PT"
JUAL,261.005.969,22/05/2026 0:00,2605210585,T,,Y.291,BERKAH ABADI 2,PERTIGAAN PATROL - PARONGPONG,Y,KEN - Y,1,GUDANG BAIK,2103818,Shintex Cat Genteng 315 Side Gr 4KG,2.00,"204,000.00",GLN,7.50,0.00,0.00,"30,600.00","377,400.00",,1,"INDOWIRA, PT"
JUAL,261.005.969,22/05/2026 0:00,2605210585,T,,Y.291,BERKAH ABADI 2,PERTIGAAN PATROL - PARONGPONG,Y,KEN - Y,1,GUDANG BAIK,2103808,Shintex Cat Genteng 316 Minimal Grey 20 KG,1.00,"957,000.00",PL,7.50,0.00,0.00,"71,775.00","885,225.00",,1,"INDOWIRA, PT"
JUAL,261.005.970,22/05/2026 0:00,2605220589,T,,D.314,TB.33,SUKAJADI 33,D,WILLY,1,GUDANG BAIK,2103640,Petalux Wall Paint Super White 25 KG,2.00,"800,000.00",PL,7.50,0.00,0.00,"120,000.00","1,480,000.00",,1,"INDOWIRA, PT"
JUAL,261.005.971,22/05/2026 0:00,2605210568,T,,A.213,SINAR SARANA,SUNARAJA 80 A,Y,KEN - Y,1,GUDANG BAIK,2102079,Meiji Zinc Chromate Primer Grey 5 KG,4.00,"258,000.00",GLN,7.50,0.00,0.00,"77,400.00","954,600.00",,1,"INDOWIRA, PT"
JUAL,261.005.971,22/05/2026 0:00,2605210568,T,,A.213,SINAR SARANA,SUNARAJA 80 A,Y,KEN - Y,1,GUDANG BAIK,2104093,Wiratex Ceiling & Gypsum Paint Putih Prima 5 KG,8.00,"91,000.00",GLN,7.50,0.00,0.00,"54,600.00","673,400.00",,1,"INDOWIRA, PT"
JUAL,261.005.973,22/05/2026 0:00,2605210571,T,,J.303,ASTA ARTHA/DIRGANTARA YUDHA,JL.KOPO JAYA II NO.13A,J,FRANSISKUS,1,GUDANG BAIK,2600115,Petalux Wall Paint NCS S1000N 25KG,5.00,"800,000.00",PAIL,5.00,0.00,0.00,"200,000.00","3,800,000.00",K/JL.PANDU N0.4,1,"INDOWIRA, PT"
JUAL,261.005.974,22/05/2026 0:00,2605220591,T,,J.233,BENO,JL.MAHMUD NO.7 MARGA ASIH,J,FRANSISKUS,1,GUDANG BAIK,2200086,Petalac 2K Surfacer FD 21 Base 1LT,1.00,"89,000.00",KL,10.00,0.00,0.00,"8,900.00","80,100.00",,1,"INDOWIRA, PT"
JUAL,261.005.974,22/05/2026 0:00,2605220591,T,,J.233,BENO,JL.MAHMUD NO.7 MARGA ASIH,J,FRANSISKUS,1,GUDANG BAIK,2200087,Petalac Hardener Surfacer FD 0.5LT,1.00,"66,000.00",KL,10.00,0.00,0.00,"6,600.00","59,400.00",,1,"INDOWIRA, PT"
JUAL,261.005.975,22/05/2026 0:00,2605080202,T,,K.405,MAESTRO LAMP,JL.SASTRA NO.3,L,RUDI *,1,GUDANG BAIK,2101387,Crystal Coat Clear Gloss  1 LITER,1.00,"750,000.00",KL,10.00,0.00,0.00,"75,000.00","675,000.00",,1,"INDOWIRA, PT"
JUAL,261.005.976,22/05/2026 0:00,2605080204,T,,K.405,MAESTRO LAMP,JL.SASTRA NO.3,L,RUDI *,1,GUDANG BAIK,2101387,Crystal Coat Clear Gloss  1 LITER,2.00,"750,000.00",KL,10.00,0.00,0.00,"150,000.00","1,350,000.00",,1,"INDOWIRA, PT"
JUAL,261.005.977,22/05/2026 0:00,2605080203,T,,K.405,MAESTRO LAMP,JL.SASTRA NO.3,L,RUDI *,1,GUDANG BAIK,2101387,Crystal Coat Clear Gloss  1 LITER,1.00,"750,000.00",KL,10.00,0.00,0.00,"75,000.00","675,000.00",,1,"INDOWIRA, PT"
JUAL,261.005.978,22/05/2026 0:00,2604300776,T,,K.405,MAESTRO LAMP,JL.SASTRA NO.3,L,RUDI *,1,GUDANG BAIK,2101387,Crystal Coat Clear Gloss  1 LITER,1.00,"750,000.00",KL,10.00,0.00,0.00,"75,000.00","675,000.00",,1,"INDOWIRA, PT"
JUAL,261.005.980,22/05/2026 0:00,2605220593,T,,J.303,ASTA ARTHA/DIRGANTARA YUDHA,JL.KOPO JAYA II NO.13A,J,FRANSISKUS,1,GUDANG BAIK,2101419,Crystal Coat Thinner  5 LITER,2.00,"313,000.00",GLN,0.00,0.00,0.00,0.00,"626,000.00",,1,"INDOWIRA, PT"
JUAL,261.005.980,22/05/2026 0:00,2605220593,T,,J.303,ASTA ARTHA/DIRGANTARA YUDHA,JL.KOPO JAYA II NO.13A,J,FRANSISKUS,1,GUDANG BAIK,2101391,Crystal Coat Clear Matt MV3 1 LITER,4.00,"750,000.00",KL,10.00,0.00,0.00,"300,000.00","2,700,000.00",,1,"INDOWIRA, PT"
JUAL,261.005.981,22/05/2026 0:00,2605220594,T,,J.140,PT.INDONESIA RABBONI GARMEN,JL.BANJARAN 102 (EX UNILON),J,FRANSISKUS,1,GUDANG BAIK,2103989,Shintex Wall Paint Super White 25 KG,5.00,"538,000.00",PL,0.00,0.00,0.00,0.00,"2,690,000.00",,1,"INDOWIRA, PT"
JUAL,261.005.982,22/05/2026 0:00,2605220587,T,,Y.280,ABDI JAYA,KOMP.MEKAR WANGI JL.MEKAR SEJAHTERA POS 16,Y,KEN - Y,1,GUDANG BAIK,2300100,Daltone PU Base Coat D010 White 1Lt,5.00,"165,000.00",KL,10.00,0.00,0.00,"82,500.00","742,500.00",,1,"INDOWIRA, PT"
JUAL,261.005.983,22/05/2026 0:00,2605220595,T,,U.159,TB.MEGA MULYA,JL.PARAKAN SAAT NO.50,U,GANIS,1,GUDANG BAIK,2102066,Meiji Zinc Chromate Primer  20 KG,1.00,"962,000.00",PL,7.50,0.00,0.00,"72,150.00","889,850.00",,1,"INDOWIRA, PT"
JUAL,261.005.985,22/05/2026 0:00,2605220597,T,,G.227,MUTIARA WARNA,JL.SOMAWINATA 14 TANI MULYA,G,JULIANTO,1,GUDANG BAIK,2101330,Attaboy Wall Putty Instant Powder  2 KG,5.00,"38,000.00",BKS,7.50,0.00,0.00,"14,250.00","175,750.00",,1,"INDOWIRA, PT"
JUAL,261.006.001,22/05/2026 0:00,2604290750,T,,K.527,PT.AKD,SADANG,14,DEPO BANDUNG,1,GUDANG BAIK,2101387,Crystal Coat Clear Gloss  1 LITER,24.00,"750,000.00",KL,10.00,0.00,0.00,"1,800,000.00","16,200,000.00",,1,"INDOWIRA, PT"
JUAL,261.006.002,22/05/2026 0:00,2605050093,T,,K.201,AGUS CENDANA,KIRCON 141,L,RUDI *,1,GUDANG BAIK,2102837,Petalac 2K PU Hardener Normal  200CC,6.00,"61,000.00",KL,10.00,0.00,0.00,"36,600.00","329,400.00",,1,"INDOWIRA, PT"
JUAL,261.006.002,22/05/2026 0:00,2605050093,T,,K.201,AGUS CENDANA,KIRCON 141,L,RUDI *,1,GUDANG BAIK,2200074,Petalac 2K PU Colour Special White Matt Base 0.8Lt,6.00,"148,000.00",KL,10.00,0.00,0.00,"88,800.00","799,200.00",,1,"INDOWIRA, PT"
JUAL,261.006.008,22/05/2026 0:00,2605210586,T,,K.412,"YUNIKO,PD",KEBON JATI 224,14,DEPO BANDUNG,1,GUDANG BAIK,2101387,Crystal Coat Clear Gloss  1 LITER,1.00,"750,000.00",KL,10.00,0.00,0.00,"75,000.00","675,000.00",,1,"INDOWIRA, PT"
JUAL,261.006.008,22/05/2026 0:00,2605210586,T,,K.412,"YUNIKO,PD",KEBON JATI 224,14,DEPO BANDUNG,1,GUDANG BAIK,2101387,Crystal Coat Clear Gloss  1 LITER,2.00,"657,000.00",KL,10.00,0.00,0.00,"131,400.00","1,182,600.00",,1,"INDOWIRA, PT"
JUAL,261.006.009,22/05/2026 0:00,2605080214,T,,J.607,SUBYANTO,TERUSAN CIBOGO ATAS NO.8 A,J,FRANSISKUS,1,GUDANG BAIK,2101416,Crystal Coat Thinner  1 LITER,1.00,"70,000.00",KL,0.00,0.00,0.00,0.00,"70,000.00",K/JL.BUDI,1,"INDOWIRA, PT"
JUAL,261.006.009,22/05/2026 0:00,2605080214,T,,J.607,SUBYANTO,TERUSAN CIBOGO ATAS NO.8 A,J,FRANSISKUS,1,GUDANG BAIK,2101387,Crystal Coat Clear Gloss  1 LITER,1.00,"750,000.00",KL,10.00,0.00,0.00,"75,000.00","675,000.00",K/JL.BUDI,1,"INDOWIRA, PT"
JUAL,261.006.010,22/05/2026 0:00,2605180496,T,,K.410,SUMBER JAYA,PUNGKUR 21,L,RUDI *,1,GUDANG BAIK,2101387,Crystal Coat Clear Gloss  1 LITER,2.00,"750,000.00",KL,10.00,0.00,0.00,"150,000.00","1,350,000.00",,1,"INDOWIRA, PT"
JUAL,261.006.011,22/05/2026 0:00,2605200533,T,,H.345,PT. SUMBER MILIK KOKOH PERKASA,Jl. Otista RT. 003  RW. 001,H,YANSENG,1,GUDANG BAIK,2200183,Kingkong Wall Paint 105 Chiffon 18KG,5.00,"323,000.00",PAIL,7.50,0.00,0.00,"121,125.00","1,493,875.00",,1,"INDOWIRA, PT"
JUAL,261.006.011,22/05/2026 0:00,2605200533,T,,H.345,PT. SUMBER MILIK KOKOH PERKASA,Jl. Otista RT. 003  RW. 001,H,YANSENG,1,GUDANG BAIK,2200340,Kingkong Wall Paint 128 Minimal 18KG,5.00,"323,000.00",PAIL,7.50,0.00,0.00,"121,125.00","1,493,875.00",,1,"INDOWIRA, PT"
JUAL,261.006.011,22/05/2026 0:00,2605200533,T,,H.345,PT. SUMBER MILIK KOKOH PERKASA,Jl. Otista RT. 003  RW. 001,H,YANSENG,1,GUDANG BAIK,2300050,Kingkong Wall Paint 104 Cream 4.5KG,20.00,"84,000.00",GLN,7.50,0.00,0.00,"126,000.00","1,554,000.00",,1,"INDOWIRA, PT"
JUAL,261.006.011,22/05/2026 0:00,2605200533,T,,H.345,PT. SUMBER MILIK KOKOH PERKASA,Jl. Otista RT. 003  RW. 001,H,YANSENG,1,GUDANG BAIK,2200341,Kingkong WAll Paint 105 Chiffon 4.5KG,20.00,"84,000.00",GLN,7.50,0.00,0.00,"126,000.00","1,554,000.00",,1,"INDOWIRA, PT"
JUAL,261.006.011,22/05/2026 0:00,2605200533,T,,H.345,PT. SUMBER MILIK KOKOH PERKASA,Jl. Otista RT. 003  RW. 001,H,YANSENG,1,GUDANG BAIK,2200252,Kingkong Wall Paint 128 Minimal 4.5KG,20.00,"84,000.00",GLN,7.50,0.00,0.00,"126,000.00","1,554,000.00",,1,"INDOWIRA, PT"
JUAL,261.006.011,22/05/2026 0:00,2605200533,T,,H.345,PT. SUMBER MILIK KOKOH PERKASA,Jl. Otista RT. 003  RW. 001,H,YANSENG,1,GUDANG BAIK,2200222,Kingkong Wall Paint Putih Metropolitan 4.5KG,20.00,"84,000.00",GLN,7.50,0.00,0.00,"126,000.00","1,554,000.00",,1,"INDOWIRA, PT"
JUAL,261.006.012,22/05/2026 0:00,2605200514,T,,H.343,BAROS JAYA,JL.RH DIDI SUKARDI 156 SUKABUMI,H,YANSENG,1,GUDANG BAIK,2400116,Meiji Zinc Chromate Primer Blue 5KG,4.00,"258,000.00",GL,7.50,0.00,0.00,"77,400.00","954,600.00",,1,"INDOWIRA, PT"
JUAL,261.006.012,22/05/2026 0:00,2605200514,T,,H.343,BAROS JAYA,JL.RH DIDI SUKARDI 156 SUKABUMI,H,YANSENG,1,GUDANG BAIK,2102076,Meiji Zinc Chromate Primer  5 KG,4.00,"258,000.00",GLN,7.50,0.00,0.00,"77,400.00","954,600.00",,1,"INDOWIRA, PT"
JUAL,261.006.012,22/05/2026 0:00,2605200514,T,,H.343,BAROS JAYA,JL.RH DIDI SUKARDI 156 SUKABUMI,H,YANSENG,1,GUDANG BAIK,2102079,Meiji Zinc Chromate Primer Grey 5 KG,4.00,"258,000.00",GLN,7.50,0.00,0.00,"77,400.00","954,600.00",,1,"INDOWIRA, PT"
JUAL,261.006.012,22/05/2026 0:00,2605200514,T,,H.343,BAROS JAYA,JL.RH DIDI SUKARDI 156 SUKABUMI,H,YANSENG,1,GUDANG BAIK,2102077,Meiji Zinc Chromate Primer Black 5 KG,4.00,"258,000.00",GLN,7.50,0.00,0.00,"77,400.00","954,600.00",,1,"INDOWIRA, PT"
JUAL,261.006.012,22/05/2026 0:00,2605200514,T,,H.343,BAROS JAYA,JL.RH DIDI SUKARDI 156 SUKABUMI,H,YANSENG,1,GUDANG BAIK,2102064,Meiji Zinc Chromate Primer Grey 1 KG,24.00,"57,500.00",KL,7.50,0.00,0.00,"103,500.00","1,276,500.00",,1,"INDOWIRA, PT"
JUAL,261.006.013,22/05/2026 0:00,2605200525,T,,H.160,SERBA GUNA,JL.PELABUHAN 2 SUKABUMI,H,YANSENG,1,GUDANG BAIK,2200139,Kingkong Wall Paint Super White 4.5Kg,12.00,"84,000.00",GLN,7.50,0.00,0.00,"75,600.00","932,400.00",,1,"INDOWIRA, PT"
JUAL,261.006.014,22/05/2026 0:00,2605200515,T,,H.349,BERDIKARI JAYA,JL. Rh. Didi Sukardi 66,H,YANSENG,1,GUDANG BAIK,2200162,Kingkong Wall paint Super White 18KG,5.00,"323,000.00",PAIL,7.50,0.00,0.00,"121,125.00","1,493,875.00",,1,"INDOWIRA, PT"
JUAL,261.006.014,22/05/2026 0:00,2605200515,T,,H.349,BERDIKARI JAYA,JL. Rh. Didi Sukardi 66,H,YANSENG,1,GUDANG BAIK,2200139,Kingkong Wall Paint Super White 4.5Kg,20.00,"84,000.00",GLN,7.50,0.00,0.00,"126,000.00","1,554,000.00",,1,"INDOWIRA, PT"
JUAL,261.006.015,22/05/2026 0:00,2605180495,T,,H.351,BUDI WANGI,RAYA PASAR WARUNG KONDANG,H,YANSENG,1,GUDANG BAIK,2200183,Kingkong Wall Paint 105 Chiffon 18KG,10.00,"323,000.00",PAIL,7.50,0.00,0.00,"242,250.00","2,987,750.00",,1,"INDOWIRA, PT"
JUAL,261.006.015,22/05/2026 0:00,2605180495,T,,H.351,BUDI WANGI,RAYA PASAR WARUNG KONDANG,H,YANSENG,1,GUDANG BAIK,2200196,Kingkong Wall Paint Special 542 Orange 18KG,1.00,"323,000.00",PAIL,7.50,0.00,0.00,"24,225.00","298,775.00",,1,"INDOWIRA, PT"
JUAL,261.006.015,22/05/2026 0:00,2605180495,T,,H.351,BUDI WANGI,RAYA PASAR WARUNG KONDANG,H,YANSENG,1,GUDANG BAIK,2200203,Kingkong Wall Paint Special 507 Poppy O 18KG,3.00,"323,000.00",PAIL,7.50,0.00,0.00,"72,675.00","896,325.00",,1,"INDOWIRA, PT"
JUAL,261.006.015,22/05/2026 0:00,2605180495,T,,H.351,BUDI WANGI,RAYA PASAR WARUNG KONDANG,H,YANSENG,1,GUDANG BAIK,2200204,Kingkong Wall Paint Special 548 Aquarin 18KG,5.00,"323,000.00",PAIL,7.50,0.00,0.00,"121,125.00","1,493,875.00",,1,"INDOWIRA, PT"
JUAL,261.006.015,22/05/2026 0:00,2605180495,T,,H.351,BUDI WANGI,RAYA PASAR WARUNG KONDANG,H,YANSENG,1,GUDANG BAIK,2200189,Kingkong Wall Paint Special 532 Mountai 4.5KG,16.00,"84,000.00",GLN,7.50,0.00,0.00,"100,800.00","1,243,200.00",,1,"INDOWIRA, PT"
JUAL,261.006.016,22/05/2026 0:00,2605210572,T,,H.341,PT.KREASI METALLO BERSAMA,JL.RAYA PARUNG KM.32 SAWANAGN DEPOK,H,YANSENG,1,GUDANG BAIK,2101419,Crystal Coat Thinner  5 LITER,2.00,"313,000.00",GLN,0.00,0.00,0.00,0.00,"626,000.00",,1,"INDOWIRA, PT"
JUAL,261.006.016,22/05/2026 0:00,2605210572,T,,H.341,PT.KREASI METALLO BERSAMA,JL.RAYA PARUNG KM.32 SAWANAGN DEPOK,H,YANSENG,1,GUDANG BAIK,2101387,Crystal Coat Clear Gloss  1 LITER,6.00,"750,000.00",KL,0.00,0.00,0.00,0.00,"4,500,000.00",,1,"INDOWIRA, PT"
JUAL,261.006.016,22/05/2026 0:00,2605210572,T,,H.341,PT.KREASI METALLO BERSAMA,JL.RAYA PARUNG KM.32 SAWANAGN DEPOK,H,YANSENG,1,GUDANG BAIK,2101365,Crystal Coat Candytone Golden Lacq 1 LITER,5.00,"700,000.00",KL,0.00,0.00,0.00,0.00,"3,500,000.00",,1,"INDOWIRA, PT"
JUAL,261.006.017,22/05/2026 0:00,2605220613,T,,H.224,ROYAL,JL. Siliwangi no.396 Kab.Sukabumi,H1,MIMING,1,GUDANG BAIK,2102076,Meiji Zinc Chromate Primer  5 KG,2.00,"258,000.00",GLN,7.50,0.00,0.00,"38,700.00","477,300.00",,1,"INDOWIRA, PT"
JUAL,261.006.017,22/05/2026 0:00,2605220613,T,,H.224,ROYAL,JL. Siliwangi no.396 Kab.Sukabumi,H1,MIMING,1,GUDANG BAIK,2102064,Meiji Zinc Chromate Primer Grey 1 KG,6.00,"57,500.00",KL,7.50,0.00,0.00,"25,875.00","319,125.00",,1,"INDOWIRA, PT"
JUAL,261.006.018,22/05/2026 0:00,2605180466,T,,H.237,TOKO LAPAN LAPAN,NANGGEWER CIBINONG,H1,MIMING,1,GUDANG BAIK,2102066,Meiji Zinc Chromate Primer  20 KG,7.00,"962,000.00",PL,7.50,0.00,0.00,"505,050.00","6,228,950.00",,1,"INDOWIRA, PT"
JUAL,261.006.019,22/05/2026 0:00,2605210566,T,,H.218,INDAH WARNA,JL. Raya Galuga KM 195,H1,MIMING,1,GUDANG BAIK,2102061,Meiji Zinc Chromate Primer  1 KG,12.00,"57,500.00",KL,7.50,0.00,0.00,"51,750.00","638,250.00",,1,"INDOWIRA, PT"
JUAL,261.006.019,22/05/2026 0:00,2605210566,T,,H.218,INDAH WARNA,JL. Raya Galuga KM 195,H1,MIMING,1,GUDANG BAIK,2102064,Meiji Zinc Chromate Primer Grey 1 KG,12.00,"57,500.00",KL,7.50,0.00,0.00,"51,750.00","638,250.00",,1,"INDOWIRA, PT"
JUAL,261.006.021,22/05/2026 0:00,2605180498,T,,H.181,MANDIRI PAINT DUCO,JL.RADEN KAN'ANRT.05 RW.04 TANAH BARU BOGOR UTARA,H1,MIMING,1,GUDANG BAIK,2100011,AlFa Polyester Putty  3KG,18.00,"120,000.00",GLN,5.00,0.00,0.00,"108,000.00","2,052,000.00",,1,"INDOWIRA, PT"
JUAL,261.006.021,22/05/2026 0:00,2605180498,T,,H.181,MANDIRI PAINT DUCO,JL.RADEN KAN'ANRT.05 RW.04 TANAH BARU BOGOR UTARA,H1,MIMING,1,GUDANG BAIK,2100006,Alfa Polyester Putty  1 KG,12.00,"47,500.00",KL,5.00,0.00,0.00,"28,500.00","541,500.00",,1,"INDOWIRA, PT"
JUAL,261.006.022,22/05/2026 0:00,2605210573,T,,H.216,CV.DWI SAPTA JAYA,JL.SHOLEH ISKANDAR K KELURAHAN NO.77 RT.06 RW.03 KEDUNG BADAK BOGOR,H1,MIMING,1,GUDANG BAIK,2100006,Alfa Polyester Putty  1 KG,12.00,"47,500.00",KL,5.00,0.00,0.00,"28,500.00","541,500.00",,1,"INDOWIRA, PT"
JUAL,261.006.023,22/05/2026 0:00,2605200526,T,,H.187,PURA BAJA (PONCOL JAYA 2),"DEPAN MATRIAL SINAR JAYA BANGUNAN JL.RAYA TONJONG ,CIMANGGIS ",H1,MIMING,1,GUDANG BAIK,2102079,Meiji Zinc Chromate Primer Grey 5 KG,8.00,"258,000.00",GLN,7.50,0.00,0.00,"154,800.00","1,909,200.00",,1,"INDOWIRA, PT"
JUAL,261.006.023,22/05/2026 0:00,2605200526,T,,H.187,PURA BAJA (PONCOL JAYA 2),"DEPAN MATRIAL SINAR JAYA BANGUNAN JL.RAYA TONJONG ,CIMANGGIS ",H1,MIMING,1,GUDANG BAIK,2102061,Meiji Zinc Chromate Primer  1 KG,24.00,"57,500.00",KL,7.50,0.00,0.00,"103,500.00","1,276,500.00",,1,"INDOWIRA, PT"
JUAL,261.006.023,22/05/2026 0:00,2605200526,T,,H.187,PURA BAJA (PONCOL JAYA 2),"DEPAN MATRIAL SINAR JAYA BANGUNAN JL.RAYA TONJONG ,CIMANGGIS ",H1,MIMING,1,GUDANG BAIK,2102066,Meiji Zinc Chromate Primer  20 KG,1.00,"962,000.00",PL,7.50,0.00,0.00,"72,150.00","889,850.00",,1,"INDOWIRA, PT"
JUAL,261.006.023,22/05/2026 0:00,2605200526,T,,H.187,PURA BAJA (PONCOL JAYA 2),"DEPAN MATRIAL SINAR JAYA BANGUNAN JL.RAYA TONJONG ,CIMANGGIS ",H1,MIMING,1,GUDANG BAIK,2102069,Meiji Zinc Chromate Primer Grey 20 KG,2.00,"962,000.00",PL,7.50,0.00,0.00,"144,300.00","1,779,700.00",,1,"INDOWIRA, PT"
JUAL,261.006.024,22/05/2026 0:00,2605220619,T,,G.227,MUTIARA WARNA,JL.SOMAWINATA 14 TANI MULYA,G,JULIANTO,1,GUDANG BAIK,2102154,Mascot Wall Paint Putih Metro 25 KG,2.00,"317,000.00",PL,7.50,0.00,0.00,"47,550.00","586,450.00",,1,"INDOWIRA, PT"
JUAL,262.000.669,22/05/2026 0:00,2605210567,T,,Y.294,BERKAH ABADI 5,JL.ENCEP KARTIWA CITEUREUP 41C,Y,KEN - Y,1,GUDANG BAIK,2104937,Bonus Kuas,4.00,0.00,PCS,0.00,0.00,0.00,0.00,0.00,,1,"INDOWIRA, PT"
JUAL,262.000.669,22/05/2026 0:00,2.605.210.567,T,,Y.294,BERKAH ABADI 5,JL.ENCEP KARTIWA CITEUREUP 41C,Y,KEN - Y,1,GUDANG BAIK,2104949,Bonus Roller,1.00,0.00,PCS,0.00,0.00,0.00,0.00,0.00,,1,"INDOWIRA, PT"
JUAL,262.000.670,22/05/2026 0:00,2605220599,T,,M.104,DEPO KUNINGAN,,M,UMUM,1,GUDANG BAIK,2200102,Daltone Clear Coat MS 4100 0.25Lts,12.00,"42,000.00",KL,10.00,10.00,0.00,"95,760.00","408,240.00",PO26050111,1,"INDOWIRA, PT"
JUAL,262.000.670,22/05/2026 0:00,2605220599,T,,M.104,DEPO KUNINGAN,,M,UMUM,1,GUDANG BAIK,2105078,Daltone Epoxy Filler Grey 0.25 Lts,12.00,"32,000.00",KL,10.00,10.00,0.00,"72,960.00","311,040.00",PO26050111,1,"INDOWIRA, PT"
JUAL,262.000.670,22/05/2026 0:00,2605220599,T,,M.104,DEPO KUNINGAN,,M,UMUM,1,GUDANG BAIK,2102062,Meiji Zinc Chromate Primer Black 1 KG,6.00,"57,500.00",KL,10.00,10.00,2.00,"71,139.00","273,861.00",PO26050111,1,"INDOWIRA, PT"
JUAL,262.000.672,22/05/2026 0:00,2.605.220.601,T,,M.104,DEPO KUNINGAN,,M,UMUM,1,GUDANG BAIK,2200331,Kingkong Wall Paint 116 Orchid 4.5KG,3.00,"84,000.00",GLN,10.00,10.00,2.00,"51,962.40","200,037.60",PO26050058 KINGKONG - GARUT,1,"INDOWIRA, PT"
JUAL,262.000.672,22/05/2026 0:00,2605220601,T,,M.104,DEPO KUNINGAN,,M,UMUM,1,GUDANG BAIK,2200248,Kingkong Wall Paint 131 Spring Green 4.5KG,2.00,"84,000.00",GLN,10.00,10.00,2.00,"34,641.60","133,358.40",PO26050058 KINGKONG - GARUT,1,"INDOWIRA, PT"
JUAL,262.000.672,22/05/2026 0:00,2605220601,T,,M.104,DEPO KUNINGAN,,M,UMUM,1,GUDANG BAIK,2101641,Kingkong Wall Paint Black 1 KG,5.00,"31,000.00",KL,10.00,10.00,2.00,"31,961.00","123,039.00",PO26050058 KINGKONG - GARUT,1,"INDOWIRA, PT"
JUAL,262.000.672,22/05/2026 0:00,2605220601,T,,M.104,DEPO KUNINGAN,,M,UMUM,1,GUDANG BAIK,2101621,Kingkong Wall Paint 113 TILE RE 1 KG,6.00,"31,000.00",KL,10.00,10.00,2.00,"38,353.20","147,646.80",PO26050058 KINGKONG - GARUT,1,"INDOWIRA, PT"
JUAL,262.000.672,22/05/2026 0:00,2605220601,T,,M.104,DEPO KUNINGAN,,M,UMUM,1,GUDANG BAIK,2101636,Kingkong Wall Paint 128 Minimal 1 KG,3.00,"31,000.00",KL,10.00,10.00,2.00,"19,176.60","73,823.40",PO26050058 KINGKONG - GARUT,1,"INDOWIRA, PT"
JUAL,261.006.054,25/05/2026 0:00,2605200538,T,,N.412,PT.SWADHARMA PRIMAUTAMA,GEDUNG WISMA 46 KOTA BNI LANTAI BASEMENT 1 JL.JEND SUDIRMAN KAV.1 KARE,14,DEPO BANDUNG,1,GUDANG BAIK,2100913,Attaboy Thinner OS 2000  1 LITER,4.00,"66,600.00",KL,10.00,0.00,0.00,"26,640.00","239,760.00",VIA SJ.4670,1,"INDOWIRA, PT"
JUAL,261.006.054,25/05/2026 0:00,2605200538,T,,N.412,PT.SWADHARMA PRIMAUTAMA,GEDUNG WISMA 46 KOTA BNI LANTAI BASEMENT 1 JL.JEND SUDIRMAN KAV.1 KARE,14,DEPO BANDUNG,1,GUDANG BAIK,2100596,Attaboy OS Facade paint PQ 8039 Rose white 18lts,2.00,"3,152,400.00",PL,10.00,0.00,0.00,"630,480.00","5,674,320.00",VIA SJ.4670,1,"INDOWIRA, PT"
JUAL,261.006.055,25/05/2026 0:00,2605220620,T,,K.304,"HEGAR SUMBER KREASI,PT",JL.PARALON 1 NO.1 CIJERAH,L,RUDI *,1,GUDANG BAIK,2100006,Alfa Polyester Putty  1 KG,60.00,"47,500.00",KL,5.00,0.00,0.00,"142,500.00","2,707,500.00",,1,"INDOWIRA, PT"
JUAL,261.006.056,25/05/2026 0:00,2605220617,T,,G.521,YE LIH,CIMAHI,G,JULIANTO,1,GUDANG BAIK,2103737,Petalux Wall Paint Putih Wangi 5KG,8.00,"168,000.00",GLN,7.50,0.00,0.00,"100,800.00","1,243,200.00",,1,"INDOWIRA, PT"
JUAL,261.006.056,25/05/2026 0:00,2605220617,T,,G.521,YE LIH,CIMAHI,G,JULIANTO,1,GUDANG BAIK,2200139,Kingkong Wall Paint Super White 4.5Kg,4.00,"84,000.00",GLN,7.50,0.00,0.00,"25,200.00","310,800.00",,1,"INDOWIRA, PT"
JUAL,261.006.056,25/05/2026 0:00,2605220617,T,,G.521,YE LIH,CIMAHI,G,JULIANTO,1,GUDANG BAIK,2101643,Kingkong Wall Paint Super White 1 KG,12.00,"31,000.00",KL,7.50,0.00,0.00,"27,900.00","344,100.00",,1,"INDOWIRA, PT"
JUAL,261.006.057,25/05/2026 0:00,2605220616,T,,Y.280,ABDI JAYA,KOMP.MEKAR WANGI JL.MEKAR SEJAHTERA POS 16,Y,KEN - Y,1,GUDANG BAIK,2104494,Daltone Clear CoaT MS 4100 1LTS,6.00,"128,000.00",KL,7.50,0.00,0.00,"57,600.00","710,400.00",,1,"INDOWIRA, PT"
JUAL,261.006.058,25/05/2026 0:00,2605220605,T,,F.501,APOLLO,RAYA TAGOG 571 PADALARANG,D,WILLY,1,GUDANG BAIK,2100011,AlFa Polyester Putty  3KG,18.00,"120,000.00",GLN,5.00,0.00,0.00,"108,000.00","2,052,000.00",,1,"INDOWIRA, PT"
JUAL,261.006.059,25/05/2026 0:00,2605220604,T,,D.223,TB.PUTRA ABADI,JL.BIMA NO.129 022-6123038,Y,KEN - Y,1,GUDANG BAIK,2104184,Wiratex Wall Paint 849 5KG,4.00,"93,000.00",GL,7.50,0.00,0.00,"27,900.00","344,100.00",,1,"INDOWIRA, PT"
JUAL,261.006.059,25/05/2026 0:00,2605220604,T,,D.223,TB.PUTRA ABADI,JL.BIMA NO.129 022-6123038,Y,KEN - Y,1,GUDANG BAIK,2104180,Wiratex Wall Paint 845 River S 5KG,4.00,"93,000.00",GL,7.50,0.00,0.00,"27,900.00","344,100.00",,1,"INDOWIRA, PT"
JUAL,261.006.060,25/05/2026 0:00,2605220603,T,,K.412,"YUNIKO,PD",KEBON JATI 224,14,DEPO BANDUNG,1,GUDANG BAIK,2100052,Adler Polyester Putty 3002  25 KG SET,5.00,"1,500,000.00",PL,10.00,0.00,0.00,"750,000.00","6,750,000.00",,1,"INDOWIRA, PT"
JUAL,261.006.061,25/05/2026 0:00,2605220602,T,,J.313,ART DECO,JL.SEKEKUKUMBUNG 103 TKI II,J,FRANSISKUS,1,GUDANG BAIK,2200046,Petalac 2K PU Clear Gloss Base 0.8LT,1.00,"120,000.00",KL,10.00,0.00,0.00,"12,000.00","108,000.00",,1,"INDOWIRA, PT"
JUAL,261.006.061,25/05/2026 0:00,2605220602,T,,J.313,ART DECO,JL.SEKEKUKUMBUNG 103 TKI II,J,FRANSISKUS,1,GUDANG BAIK,2102840,Petalac 2K PU Hardener Special  200 CC,2.00,"61,000.00",KL,10.00,0.00,0.00,"12,200.00","109,800.00",,1,"INDOWIRA, PT"
JUAL,261.006.061,25/05/2026 0:00,2605220602,T,,J.313,ART DECO,JL.SEKEKUKUMBUNG 103 TKI II,J,FRANSISKUS,1,GUDANG BAIK,2200068,Petalac 2K PU Colour P.101 Special White Base 0.8L,1.00,"140,000.00",KL,10.00,0.00,0.00,"14,000.00","126,000.00",,1,"INDOWIRA, PT"
JUAL,261.006.061,25/05/2026 0:00,2605220602,T,,J.313,ART DECO,JL.SEKEKUKUMBUNG 103 TKI II,J,FRANSISKUS,1,GUDANG BAIK,2103148,Petalac Thinner PU  20 LTR,1.00,"1,084,500.00",JRG,0.00,0.00,0.00,0.00,"1,084,500.00",,1,"INDOWIRA, PT"
JUAL,261.006.062,25/05/2026 0:00,2605220612,T,,C.408,LANGGENG CEMERLANG,JL.GADOBANGKONG NO.2 CIMAHI,R,SIMON QIRENE,1,GUDANG BAIK,2100049,Adler Polyester Putty 3002  1 KG SET,5.00,"72,000.00",KL,7.50,0.00,0.00,"27,000.00","333,000.00",,1,"INDOWIRA, PT"
JUAL,261.006.063,25/05/2026 0:00,2605220611,T,,U.265,CIPTA MANDIRI,PARAKAN SAAT NO.1 CINGISED,U,GANIS,1,GUDANG BAIK,2100006,Alfa Polyester Putty  1 KG,12.00,"47,500.00",KL,5.00,0.00,0.00,"28,500.00","541,500.00",,1,"INDOWIRA, PT"
JUAL,261.006.063,25/05/2026 0:00,2605220611,T,,U.265,CIPTA MANDIRI,PARAKAN SAAT NO.1 CINGISED,U,GANIS,1,GUDANG BAIK,2101915,Meiji Epoxy Filler  1 LTR SET,12.00,"93,000.00",KL,7.50,0.00,0.00,"83,700.00","1,032,300.00",,1,"INDOWIRA, PT"
JUAL,261.006.065,25/05/2026 0:00,2605220609,T,,J.406,HARTA FURNITURE,JL.GEMPOL SARI 313 CIJERAH,J,FRANSISKUS,1,GUDANG BAIK,2100011,AlFa Polyester Putty  3KG,6.00,"120,000.00",GLN,5.00,0.00,0.00,"36,000.00","684,000.00",,1,"INDOWIRA, PT"
JUAL,261.006.065,25/05/2026 0:00,2605220609,T,,J.406,HARTA FURNITURE,JL.GEMPOL SARI 313 CIJERAH,J,FRANSISKUS,1,GUDANG BAIK,2101926,Meiji Lacquer Primer Surfacer IK  1 LITER,24.00,"62,000.00",KL,5.00,0.00,0.00,"74,400.00","1,413,600.00",,1,"INDOWIRA, PT"
JUAL,261.006.066,25/05/2026 0:00,2605220608,T,,D.231,BANGUN BERKAT SAUDARA(PD.DEWI),JL.PUNGKUR 89,D,WILLY,1,GUDANG BAIK,2101920,Meiji Epoxy Filler White 20 LTR SET,5.00,"1,600,000.00",PL,5.00,0.00,0.00,"400,000.00","7,600,000.00",,1,"INDOWIRA, PT"
JUAL,261.006.067,25/05/2026 0:00,2605250628,T,,G.188,SUMBER ALAM,ION MARTASASMITA PAMANUKAN,C,YONATHAN,1,GUDANG BAIK,2103808,Shintex Cat Genteng 316 Minimal Grey 20 KG,3.00,"957,000.00",PL,7.50,0.00,0.00,"215,325.00","2,655,675.00",,1,"INDOWIRA, PT"
JUAL,261.006.068,25/05/2026 0:00,2605220614,T,,G.526,SUBUR JAYA II,JL.A YANI HAUR GEULIS,C,YONATHAN,1,GUDANG BAIK,2100011,AlFa Polyester Putty  3KG,6.00,"120,000.00",GLN,5.00,0.00,0.00,"36,000.00","684,000.00",,1,"INDOWIRA, PT"
JUAL,261.006.068,25/05/2026 0:00,2605220614,T,,G.526,SUBUR JAYA II,JL.A YANI HAUR GEULIS,C,YONATHAN,1,GUDANG BAIK,2500294,DALTONE PU SURFACER FD 0.25LTS,6.00,"34,000.00",KL,5.00,0.00,0.00,"10,200.00","193,800.00",,1,"INDOWIRA, PT"
JUAL,261.006.068,25/05/2026 0:00,2605220614,T,,G.526,SUBUR JAYA II,JL.A YANI HAUR GEULIS,C,YONATHAN,1,GUDANG BAIK,2104964,Daltone Clear Coat 1010 0.5LTS,3.00,"79,500.00",KL,5.00,0.00,0.00,"11,925.00","226,575.00",,1,"INDOWIRA, PT"
JUAL,261.006.068,25/05/2026 0:00,2605220614,T,,G.526,SUBUR JAYA II,JL.A YANI HAUR GEULIS,C,YONATHAN,1,GUDANG BAIK,2105077,Daltone Epoxy Filler Grey 1Lts,3.00,"90,000.00",KL,5.00,0.00,0.00,"13,500.00","256,500.00",,1,"INDOWIRA, PT"
JUAL,261.006.068,25/05/2026 0:00,2605220614,T,,G.526,SUBUR JAYA II,JL.A YANI HAUR GEULIS,C,YONATHAN,1,GUDANG BAIK,2104494,Daltone Clear CoaT MS 4100 1LTS,3.00,"128,000.00",KL,5.00,0.00,0.00,"19,200.00","364,800.00",,1,"INDOWIRA, PT"
JUAL,261.006.068,25/05/2026 0:00,2605220614,T,,G.526,SUBUR JAYA II,JL.A YANI HAUR GEULIS,C,YONATHAN,1,GUDANG BAIK,2200102,Daltone Clear Coat MS 4100 0.25Lts,12.00,"42,000.00",KL,5.00,0.00,0.00,"25,200.00","478,800.00",,1,"INDOWIRA, PT"
JUAL,261.006.068,25/05/2026 0:00,2605220614,T,,G.526,SUBUR JAYA II,JL.A YANI HAUR GEULIS,C,YONATHAN,1,GUDANG BAIK,2105078,Daltone Epoxy Filler Grey 0.25 Lts,6.00,"32,000.00",KL,5.00,0.00,0.00,"9,600.00","182,400.00",,1,"INDOWIRA, PT"
JUAL,261.006.068,25/05/2026 0:00,2605220614,T,,G.526,SUBUR JAYA II,JL.A YANI HAUR GEULIS,C,YONATHAN,1,GUDANG BAIK,2105067,DALTONE PU SURFACER FD 1 LTS,3.00,"105,000.00",KLG,5.00,0.00,0.00,"15,750.00","299,250.00",,1,"INDOWIRA, PT"
JUAL,261.006.071,25/05/2026 0:00,2605250637,T,,L.428,DERISYA INTERIOR U/P.UJANG RUS,KAMP.CUKANG KAWUNG NO.33 DS.PAKUHAJI NGAMPRAH KETUA RT.04/05,L,RUDI *,1,GUDANG BAIK,2100011,AlFa Polyester Putty  3KG,6.00,"120,000.00",GLN,5.00,0.00,0.00,"36,000.00","684,000.00",,1,"INDOWIRA, PT"
JUAL,261.006.072,25/05/2026 0:00,2.605.250.650,T,,A.311,SINAR RAJAWALI,RAJAWALI BARAT 37,U,GANIS,1,GUDANG BAIK,2104184,Wiratex Wall Paint 849 5KG,4.00,"93,000.00",GL,7.50,0.00,0.00,"27,900.00","344,100.00",,1,"INDOWIRA, PT"
JUAL,261.006.072,25/05/2026 0:00,2605250650,T,,A.311,SINAR RAJAWALI,RAJAWALI BARAT 37,U,GANIS,1,GUDANG BAIK,2104183,Wiratex Wall paint 848 5KG,4.00,"93,000.00",GL,7.50,0.00,0.00,"27,900.00","344,100.00",,1,"INDOWIRA, PT"
JUAL,261.006.072,25/05/2026 0:00,2605250650,T,,A.311,SINAR RAJAWALI,RAJAWALI BARAT 37,U,GANIS,1,GUDANG BAIK,2104157,Wiratex Wall Paint 806 Cream 5KG,4.00,"93,000.00",GL,7.50,0.00,0.00,"27,900.00","344,100.00",,1,"INDOWIRA, PT"
JUAL,261.006.072,25/05/2026 0:00,2605250650,T,,A.311,SINAR RAJAWALI,RAJAWALI BARAT 37,U,GANIS,1,GUDANG BAIK,2104162,Wiratex Wall Paint 814 Adinda 5KG,4.00,"93,000.00",GL,7.50,0.00,0.00,"27,900.00","344,100.00",,1,"INDOWIRA, PT"
JUAL,261.006.072,25/05/2026 0:00,2605250650,T,,A.311,SINAR RAJAWALI,RAJAWALI BARAT 37,U,GANIS,1,GUDANG BAIK,2104160,Wiratex Wall Paint 809 Jonquil 5KG,4.00,"93,000.00",GL,7.50,0.00,0.00,"27,900.00","344,100.00",,1,"INDOWIRA, PT"
JUAL,261.006.073,25/05/2026 0:00,2605250629,T,,J.413,NYOMAN NUARTA,JL.SETRA SARIV/16,J,FRANSISKUS,1,GUDANG BAIK,2100068,Adler Primer Surfacer EP 1050  2 LITER SET,20.00,"250,000.00",KL,0.00,0.00,0.00,0.00,"5,000,000.00",,1,"INDOWIRA, PT"
JUAL,261.006.074,25/05/2026 0:00,2605250636,T,,N.254,"SANBE FARMA ,PT",JL.TAMAN SARI NO.10,13,BU RINI,1,GUDANG BAIK,2102066,Meiji Zinc Chromate Primer  20 KG,2.00,"962,000.00",PL,7.50,0.00,0.00,"144,300.00","1,779,700.00",U/P ISMANTO,1,"INDOWIRA, PT"
JUAL,261.006.075,25/05/2026 0:00,2605250621,T,,D.223,TB.PUTRA ABADI,JL.BIMA NO.129 022-6123038,Y,KEN - Y,1,GUDANG BAIK,2102178,Mascot Wall Paint Super White 5 KG,12.00,"73,000.00",GLN,7.50,0.00,0.00,"65,700.00","810,300.00",,1,"INDOWIRA, PT"
JUAL,261.006.076,25/05/2026 0:00,2605250622,T,,A.605,MAJU JAYA,ANDIR 103,Y,KEN - Y,1,GUDANG BAIK,2100011,AlFa Polyester Putty  3KG,2.00,"120,000.00",GLN,5.00,0.00,0.00,"12,000.00","228,000.00",,1,"INDOWIRA, PT"
JUAL,261.006.076,25/05/2026 0:00,2605250622,T,,A.605,MAJU JAYA,ANDIR 103,Y,KEN - Y,1,GUDANG BAIK,2100006,Alfa Polyester Putty  1 KG,3.00,"47,500.00",KL,5.00,0.00,0.00,"7,125.00","135,375.00",,1,"INDOWIRA, PT"
JUAL,261.006.077,25/05/2026 0:00,2605250639,T,,U.266,GARUDA JAYA,JL.RAJAWALI TIMUR 312,U,GANIS,1,GUDANG BAIK,2104073,Tawon Kembang Meni Kayu & Besi 0.8 KG,6.00,"48,000.00",KL,7.50,0.00,0.00,"21,600.00","266,400.00",,1,"INDOWIRA, PT"
JUAL,261.006.078,25/05/2026 0:00,2.605.250.640,T,,D.507,INTI LOGAM,PASAR ATAS 38,U,GANIS,1,GUDANG BAIK,2101915,Meiji Epoxy Filler  1 LTR SET,12.00,"93,000.00",KL,7.50,0.00,0.00,"83,700.00","1,032,300.00",,1,"INDOWIRA, PT"
JUAL,261.006.078,25/05/2026 0:00,2605250640,T,,D.507,INTI LOGAM,PASAR ATAS 38,U,GANIS,1,GUDANG BAIK,2101917,Meiji Epoxy Filler White 1 LTR SET,12.00,"93,000.00",KL,7.50,0.00,0.00,"83,700.00","1,032,300.00",,1,"INDOWIRA, PT"
JUAL,261.006.078,25/05/2026 0:00,2605250640,T,,D.507,INTI LOGAM,PASAR ATAS 38,U,GANIS,1,GUDANG BAIK,2100049,Adler Polyester Putty 3002  1 KG SET,3.00,"72,000.00",KL,7.50,0.00,0.00,"16,200.00","199,800.00",,1,"INDOWIRA, PT"
JUAL,261.006.080,25/05/2026 0:00,2605250646,T,,K.521,TOPIC,JATAYU,L,RUDI *,1,GUDANG BAIK,2102837,Petalac 2K PU Hardener Normal  200CC,24.00,"61,000.00",KL,10.00,0.00,0.00,"146,400.00","1,317,600.00",,1,"INDOWIRA, PT"
JUAL,261.006.080,25/05/2026 0:00,2605250646,T,,K.521,TOPIC,JATAYU,L,RUDI *,1,GUDANG BAIK,2200050,"Petalac 2K PU Clear Matt MV3 Base 0,8Lt",24.00,"125,000.00",KL,10.00,0.00,0.00,"300,000.00","2,700,000.00",,1,"INDOWIRA, PT"
JUAL,261.006.082,25/05/2026 0:00,2605250648,T,,C.408,LANGGENG CEMERLANG,JL.GADOBANGKONG NO.2 CIMAHI,R,SIMON QIRENE,1,GUDANG BAIK,2100011,AlFa Polyester Putty  3KG,12.00,"120,000.00",GLN,5.00,0.00,0.00,"72,000.00","1,368,000.00",,1,"INDOWIRA, PT"
JUAL,261.006.083,25/05/2026 0:00,2605250631,T,,K.201,AGUS CENDANA,KIRCON 141,L,RUDI *,1,GUDANG BAIK,2102837,Petalac 2K PU Hardener Normal  200CC,2.00,"61,000.00",KL,10.00,0.00,0.00,"12,200.00","109,800.00",,1,"INDOWIRA, PT"
JUAL,261.006.083,25/05/2026 0:00,2605250631,T,,K.201,AGUS CENDANA,KIRCON 141,L,RUDI *,1,GUDANG BAIK,2300088,Petalac 2K PU Colour Base Black Matt 0.8LT,2.00,"148,000.00",KL,10.00,0.00,0.00,"29,600.00","266,400.00",,1,"INDOWIRA, PT"
JUAL,261.006.083,25/05/2026 0:00,2605250631,T,,K.201,AGUS CENDANA,KIRCON 141,L,RUDI *,1,GUDANG BAIK,2103148,Petalac Thinner PU  20 LTR,1.00,"1,084,500.00",JRG,0.00,0.00,0.00,0.00,"1,084,500.00",,1,"INDOWIRA, PT"
JUAL,261.006.085,25/05/2026 0:00,2605250624,T,,A.205,IRON,SUNIARAJA,Y,KEN - Y,1,GUDANG BAIK,2101330,Attaboy Wall Putty Instant Powder  2 KG,60.00,"38,000.00",BKS,7.50,0.00,0.00,"171,000.00","2,109,000.00",,1,"INDOWIRA, PT"
JUAL,261.006.088,25/05/2026 0:00,2605250641,T,,K.417,ALDI,JL.MOH.TOHA 63,L,RUDI *,1,GUDANG BAIK,2100006,Alfa Polyester Putty  1 KG,6.00,"47,500.00",KL,5.00,0.00,0.00,"14,250.00","270,750.00",,1,"INDOWIRA, PT"
JUAL,261.006.089,25/05/2026 0:00,2605250635,T,,A.205,IRON,SUNIARAJA,Y,KEN - Y,1,GUDANG BAIK,2200046,Petalac 2K PU Clear Gloss Base 0.8LT,5.00,"120,000.00",KL,10.00,0.00,0.00,"60,000.00","540,000.00",,1,"INDOWIRA, PT"
JUAL,261.006.089,25/05/2026 0:00,2605250635,T,,A.205,IRON,SUNIARAJA,Y,KEN - Y,1,GUDANG BAIK,2102840,Petalac 2K PU Hardener Special  200 CC,5.00,"61,000.00",KL,10.00,0.00,0.00,"30,500.00","274,500.00",,1,"INDOWIRA, PT"
JUAL,261.006.091,25/05/2026 0:00,2605250627,T,,C.449,TB.HEHE,JL.PAGARSIH 149,D,WILLY,1,GUDANG BAIK,2104191,Wiratex Wall Paint Putih Salju 5KG,8.00,"93,000.00",GL,7.50,0.00,0.00,"55,800.00","688,200.00",,1,"INDOWIRA, PT"
JUAL,261.006.091,25/05/2026 0:00,2605250627,T,,C.449,TB.HEHE,JL.PAGARSIH 149,D,WILLY,1,GUDANG BAIK,2104147,Wiratex Wall Paint Putih Salju 25 KG,2.00,"435,000.00",PL,7.50,0.00,0.00,"65,250.00","804,750.00",,1,"INDOWIRA, PT"
JUAL,261.006.092,25/05/2026 0:00,2605250632,T,,L.125,TSJ AUTO,TRS.BUAH BATU NO.32,L,RUDI *,1,GUDANG BAIK,2105139,DALTONE CLEAR COAT HS8021 1.5LTS,1.00,"220,000.00",KL,10.00,0.00,0.00,"22,000.00","198,000.00",,1,"INDOWIRA, PT"
JUAL,261.006.093,25/05/2026 0:00,2605210578,T,,G.230,TC.CAHAYA WARNA ABADI,JL.JEND.SUDIRMAN NO.66 DEPAN BANK BRI SIMPANG PANGULAH CIKAMPEK,G,JULIANTO,1,GUDANG BAIK,2104494,Daltone Clear CoaT MS 4100 1LTS,12.00,"128,000.00",KL,5.00,0.00,0.00,"76,800.00","1,459,200.00",,1,"INDOWIRA, PT"
JUAL,261.006.094,25/05/2026 0:00,2605070155,T,,G.129,GUNUNG MAS,JL.TARUMA NEGARA ARAH TOL KRW BARAT,G,JULIANTO,1,GUDANG BAIK,2100232,Attaboy Colorant Yellow RT 1 LITER,1.00,"287,000.00",KL,0.00,0.00,0.00,0.00,"287,000.00",,1,"INDOWIRA, PT"
JUAL,261.006.095,25/05/2026 0:00,2605250638,T,,U.275,KATAPANG MAKMUR,JL.KH.WAHID HASIM KM 12 NO.12 MARGAHAYU,D,WILLY,1,GUDANG BAIK,2104075,Tawon Kembang Meni Kayu & Besi  4.5 KG,4.00,"220,000.00",GLN,7.50,0.00,0.00,"66,000.00","814,000.00",,1,"INDOWIRA, PT"
JUAL,261.006.096,25/05/2026 0:00,2605250643,T,,K.104,KAROSERI SANGGAR KARYA,BANJARAN,J,FRANSISKUS,1,GUDANG BAIK,2100029,Adler Epoxy Undercoat  1 LITER,24.00,"122,000.00",KL,10.00,0.00,0.00,"292,800.00","2,635,200.00",,1,"INDOWIRA, PT"
JUAL,261.006.097,25/05/2026 0:00,2605250642,T,,J.103,PT.AKARA INTER DESAIN,JL.INDUSTRI II NO.7A RT.006 RW.009 UTAMA,J,FRANSISKUS,1,GUDANG BAIK,2102077,Meiji Zinc Chromate Primer Black 5 KG,1.00,"258,000.00",GLN,7.50,0.00,0.00,"19,350.00","238,650.00",,1,"INDOWIRA, PT"
JUAL,261.006.098,25/05/2026 0:00,2605200549,T,,P.191,PT.MBP UNTUK PT CERES,JL.RAYA DAYEUH KOLOT 92,13,BU RINI,1,GUDANG BAIK,2101061,Attaboy Weatherguard DX Mirrage 20lt,2.00,"2,220,000.00",PL,0.00,0.00,0.00,0.00,"4,440,000.00",,1,"INDOWIRA, PT"
JUAL,261.006.099,25/05/2026 0:00,2605120307,T,,K.304,"HEGAR SUMBER KREASI,PT",JL.PARALON 1 NO.1 CIJERAH,L,RUDI *,1,GUDANG BAIK,2600098,Attaboy Textroll JN Front III 25KG,1.00,"1,500,000.00",PAIL,7.50,0.00,0.00,"112,500.00","1,387,500.00",U/PROYEK LAPANGAN PADEL - TAMAN HOLIS,1,"INDOWIRA, PT"
JUAL,261.006.100,25/05/2026 0:00,2605210574,T,,J.140,PT.INDONESIA RABBONI GARMEN,JL.BANJARAN 102 (EX UNILON),J,FRANSISKUS,1,GUDANG BAIK,2103219,Protar Cat Proteksi Tahan air 7203 20 KG,3.00,"1,188,000.00",PL,0.00,0.00,0.00,0.00,"3,564,000.00",,1,"INDOWIRA, PT"
JUAL,261.006.101,25/05/2026 0:00,2605180448,T,,R.571,PERUM BUMI CITRA INDAH 4,CIPATIK,R,SIMON QIRENE,1,GUDANG BAIK,2105145,SHINTEX WALL PAINT 999 ADINDA 200KG,8.00,"3,172,500.00",DRUM,0.00,0.00,0.00,0.00,"25,380,000.00",,1,"INDOWIRA, PT"
JUAL,261.006.102,25/05/2026 0:00,2605250653,T,,R.409,GAN PROPERTI,GLAND PADALARANG RESIDENCE 2,R,SIMON QIRENE,1,GUDANG BAIK,2101330,Attaboy Wall Putty Instant Powder  2 KG,12.00,"38,000.00",BKS,0.00,0.00,0.00,0.00,"456,000.00",U/P.AGIL 0895329729607,1,"INDOWIRA, PT"
JUAL,261.006.103,25/05/2026 0:00,2605250652,T,,A.219,MEDAL LIGAR,JL.BBK CIPARAY 147-172,Y,KEN - Y,1,GUDANG BAIK,2104166,Wiratex Wall Paint 824 Durian 5KG,2.00,"93,000.00",GL,7.50,0.00,0.00,"13,950.00","172,050.00",,1,"INDOWIRA, PT"
JUAL,261.006.103,25/05/2026 0:00,2605250652,T,,A.219,MEDAL LIGAR,JL.BBK CIPARAY 147-172,Y,KEN - Y,1,GUDANG BAIK,2104153,Wiratex Wall Paint 801 Spanish 5KG,6.00,"93,000.00",GL,7.50,0.00,0.00,"41,850.00","516,150.00",,1,"INDOWIRA, PT"
JUAL,261.006.104,25/05/2026 0:00,2605200550,T,,N.682,SARANA MOTOR,JL.RAYA SAPAN NO.55A,J,FRANSISKUS,1,GUDANG BAIK,2500125,Adler PU Base Coat CO Base New Carry White II 1KGS,5.00,"190,325.00",KL,10.00,0.00,0.00,"95,162.50","856,462.50",,1,"INDOWIRA, PT"
JUAL,261.006.119,25/05/2026 0:00,2605180439,T,,H.341,PT.KREASI METALLO BERSAMA,JL.RAYA PARUNG KM.32 SAWANAGN DEPOK,H,YANSENG,1,GUDANG BAIK,2101387,Crystal Coat Clear Gloss  1 LITER,10.00,"750,000.00",KL,0.00,0.00,0.00,0.00,"7,500,000.00",,1,"INDOWIRA, PT"
JUAL,261.006.119,25/05/2026 0:00,2605180439,T,,H.341,PT.KREASI METALLO BERSAMA,JL.RAYA PARUNG KM.32 SAWANAGN DEPOK,H,YANSENG,1,GUDANG BAIK,2500366,Crystal Coat Candytone CO Havana 2 1LTS,12.00,"825,000.00",KL,0.00,0.00,0.00,0.00,"9,900,000.00",,1,"INDOWIRA, PT"
JUAL,261.006.120,25/05/2026 0:00,2605250658,T,,L.430,BUDI SETYAWAN,JL.BATURENGAT 89A,L,RUDI *,1,GUDANG BAIK,2103145,Petalac Thinner PU  1 LTR,6.00,"66,500.00",KL,0.00,0.00,0.00,0.00,"399,000.00",RU,1,"INDOWIRA, PT"
JUAL,261.006.120,25/05/2026 0:00,2605250658,T,,L.430,BUDI SETYAWAN,JL.BATURENGAT 89A,L,RUDI *,1,GUDANG BAIK,2101416,Crystal Coat Thinner  1 LITER,4.00,"70,000.00",KL,0.00,0.00,0.00,0.00,"280,000.00",RU,1,"INDOWIRA, PT"
JUAL,261.006.120,25/05/2026 0:00,2605250658,T,,L.430,BUDI SETYAWAN,JL.BATURENGAT 89A,L,RUDI *,1,GUDANG BAIK,2101387,Crystal Coat Clear Gloss  1 LITER,4.00,"750,000.00",KL,10.00,0.00,0.00,"300,000.00","2,700,000.00",RU,1,"INDOWIRA, PT"
JUAL,261.006.121,25/05/2026 0:00,2603310677,T,,H.124,GAYA WARNA,JL.RAYA TAJUR 162 B BOGOR,H,YANSENG,1,GUDANG BAIK,2300180,Daltone PU Base Coat D020 Deep Black 1Lt,30.00,"155,000.00",KL,5.00,5.00,0.00,"453,375.00","4,196,625.00",VIA SJ.4636,1,"INDOWIRA, PT"
JUAL,261.006.122,25/05/2026 0:00,2605150366,T,,N.790,PADI HIJAU BUANA,GUDANG 5 PATARUMAN,14,DEPO BANDUNG,1,GUDANG BAIK,2300258,Attaboy Masonry Sealer White 20LT,1.00,"1,200,000.00",PAIL,10.00,10.00,10.00,"325,200.00","874,800.00",VIA SJ.4625,1,"INDOWIRA, PT"
JUAL,261.006.123,25/05/2026 0:00,2605180431,T,,K.331,ATEP,JL.MANGLID NO.10,L,RUDI *,1,GUDANG BAIK,2100057,Adler Primer Surfacer EP 1050 Base 1lt,2.00,"171,000.00",LT,0.00,0.00,0.00,0.00,"342,000.00",VIA SJ.4634,1,"INDOWIRA, PT"
JUAL,261.006.124,25/05/2026 0:00,2605200535,T,,J.413,NYOMAN NUARTA,JL.SETRA SARIV/16,J,FRANSISKUS,1,GUDANG BAIK,2102837,Petalac 2K PU Hardener Normal  200CC,10.00,"61,000.00",KL,0.00,0.00,0.00,0.00,"610,000.00",VIA SJ.4671,1,"INDOWIRA, PT"
JUAL,261.006.124,25/05/2026 0:00,2605200535,T,,J.413,NYOMAN NUARTA,JL.SETRA SARIV/16,J,FRANSISKUS,1,GUDANG BAIK,2600012,Petalac 2K PU CO Base Cream Tua Satin 0.8LT,5.00,"172,000.00",KL,0.00,0.00,0.00,0.00,"860,000.00",VIA SJ.4671,1,"INDOWIRA, PT"
JUAL,261.006.124,25/05/2026 0:00,2605200535,T,,J.413,NYOMAN NUARTA,JL.SETRA SARIV/16,J,FRANSISKUS,1,GUDANG BAIK,2600082,Petalac 2K PU CO Base Coklat Tua Satin 0.8LT,5.00,"166,000.00",KL,0.00,0.00,0.00,0.00,"830,000.00",VIA SJ.4671,1,"INDOWIRA, PT"
JUAL,261.006.125,25/05/2026 0:00,2605250662,T,,K.510,MENTARI ELEKTRIK,JL.SADANG RAHAYU KAV A4 NO.39,L,RUDI *,1,GUDANG BAIK,2100049,Adler Polyester Putty 3002  1 KG SET,2.00,"72,000.00",KL,10.00,0.00,0.00,"14,400.00","129,600.00",,1,"INDOWIRA, PT"
JUAL,261.006.126,25/05/2026 0:00,2605250663,T,,J.220,AUTO BLINK,JL.GATOT SUBROTO 37,J,FRANSISKUS,1,GUDANG BAIK,2100011,AlFa Polyester Putty  3KG,6.00,"120,000.00",GLN,5.00,0.00,0.00,"36,000.00","684,000.00",,1,"INDOWIRA, PT"
JUAL,261.006.127,25/05/2026 0:00,2605250666,T,,A.213,SINAR SARANA,SUNARAJA 80 A,Y,KEN - Y,1,GUDANG BAIK,2102066,Meiji Zinc Chromate Primer  20 KG,2.00,"962,000.00",PL,7.50,0.00,0.00,"144,300.00","1,779,700.00",,1,"INDOWIRA, PT"
JUAL,261.006.128,25/05/2026 0:00,2605250668,T,,R.387,TOKO CAT DUKO MEGA WARNA,JL.CIHANJUANG 37 CIBALIGO,R,SIMON QIRENE,1,GUDANG BAIK,2101915,Meiji Epoxy Filler  1 LTR SET,60.00,"93,000.00",KL,7.50,0.00,0.00,"418,500.00","5,161,500.00",,1,"INDOWIRA, PT"
JUAL,261.006.128,25/05/2026 0:00,2605250668,T,,R.387,TOKO CAT DUKO MEGA WARNA,JL.CIHANJUANG 37 CIBALIGO,R,SIMON QIRENE,1,GUDANG BAIK,2101913,Meiji Epoxy Filler  0.25 LTR SET,96.00,"30,000.00",KL,7.50,0.00,0.00,"216,000.00","2,664,000.00",,1,"INDOWIRA, PT"
JUAL,261.006.128,25/05/2026 0:00,2605250668,T,,R.387,TOKO CAT DUKO MEGA WARNA,JL.CIHANJUANG 37 CIBALIGO,R,SIMON QIRENE,1,GUDANG BAIK,2101916,Meiji Epoxy Filler Black 1 LTR SET,12.00,"93,000.00",KL,7.50,0.00,0.00,"83,700.00","1,032,300.00",,1,"INDOWIRA, PT"
JUAL,261.006.128,25/05/2026 0:00,2605250668,T,,R.387,TOKO CAT DUKO MEGA WARNA,JL.CIHANJUANG 37 CIBALIGO,R,SIMON QIRENE,1,GUDANG BAIK,2101917,Meiji Epoxy Filler White 1 LTR SET,24.00,"93,000.00",KL,7.50,0.00,0.00,"167,400.00","2,064,600.00",,1,"INDOWIRA, PT"
JUAL,261.006.129,25/05/2026 0:00,2605250669,T,,I.509,LEMBANG,RAYA LEMBANG 281,U,GANIS,1,GUDANG BAIK,2104157,Wiratex Wall Paint 806 Cream 5KG,8.00,"93,000.00",GL,7.50,0.00,0.00,"55,800.00","688,200.00",,1,"INDOWIRA, PT"
JUAL,261.006.130,25/05/2026 0:00,2605250670,T,,Y.280,ABDI JAYA,KOMP.MEKAR WANGI JL.MEKAR SEJAHTERA POS 16,Y,KEN - Y,1,GUDANG BAIK,2101915,Meiji Epoxy Filler  1 LTR SET,6.00,"93,000.00",KL,7.50,0.00,0.00,"41,850.00","516,150.00",,1,"INDOWIRA, PT"
JUAL,262.000.673,25/05/2026 0:00,2605250628,T,,G.188,SUMBER ALAM,ION MARTASASMITA PAMANUKAN,C,YONATHAN,1,GUDANG BAIK,2104949,Bonus Roller,1.00,0.00,PCS,0.00,0.00,0.00,0.00,0.00,,1,"INDOWIRA, PT"
JUAL,262.000.675,25/05/2026 0:00,2605250650,T,,A.311,SINAR RAJAWALI,RAJAWALI BARAT 37,U,GANIS,1,GUDANG BAIK,2104937,Bonus Kuas,4.00,0.00,PCS,0.00,0.00,0.00,0.00,0.00,,1,"INDOWIRA, PT"
JUAL,261.006.136,26/05/2026 0:00,2605250629,T,,J.413,NYOMAN NUARTA,JL.SETRA SARIV/16,J,FRANSISKUS,1,GUDANG BAIK,2400180,Petalac 2K PU CO Base Abu Matt 0.8LT,20.00,"175,000.00",KL,0.00,0.00,0.00,0.00,"3,500,000.00",,1,"INDOWIRA, PT"
JUAL,261.006.136,26/05/2026 0:00,2605250629,T,,J.413,NYOMAN NUARTA,JL.SETRA SARIV/16,J,FRANSISKUS,1,GUDANG BAIK,2102837,Petalac 2K PU Hardener Normal  200CC,20.00,"61,000.00",KL,0.00,0.00,0.00,0.00,"1,220,000.00",,1,"INDOWIRA, PT"
JUAL,261.006.137,26/05/2026 0:00,2605260674,T,,N.1099,BUDI,PODOMORO PARK JL.BOULEVARD SELATAN KAVLING S6,13,BU RINI,1,GUDANG BAIK,2102068,Meiji Zinc Chromate Primer Broken Whit 20 KG,1.00,"962,000.00",PL,0.00,0.00,0.00,0.00,"962,000.00",,1,"INDOWIRA, PT"
JUAL,261.006.138,26/05/2026 0:00,2605260673,T,,R.581,PESONA ALAM JATINANGOR,DESA CICEMPUT K/GUDANG JL.SAWAH DADAP DUSUN SUMUR KAWUNG NO.44 RT01/05,R,SIMON QIRENE,1,GUDANG BAIK,2200156,Kingkong Wall Paint 109 Apple W 18KG,15.00,"323,000.00",PAIL,0.00,0.00,0.00,0.00,"4,845,000.00",VIA SJ.4681,1,"INDOWIRA, PT"
JUAL,261.006.138,26/05/2026 0:00,2605260673,T,,R.581,PESONA ALAM JATINANGOR,DESA CICEMPUT K/GUDANG JL.SAWAH DADAP DUSUN SUMUR KAWUNG NO.44 RT01/05,R,SIMON QIRENE,1,GUDANG BAIK,2300111,Kingkong Wall Paint 129 River S 18KG,7.00,"323,000.00",PAIL,0.00,0.00,0.00,0.00,"2,261,000.00",VIA SJ.4681,1,"INDOWIRA, PT"
JUAL,261.006.139,26/05/2026 0:00,2605250651,T,,U.171,LUMAYAN,CIBEBER 90 CIMAHI,U,GANIS,1,GUDANG BAIK,2103810,Shintex Cat Genteng 301 Black 4KG,4.00,"204,000.00",GLN,7.50,0.00,0.00,"61,200.00","754,800.00",,1,"INDOWIRA, PT"
JUAL,261.006.139,26/05/2026 0:00,2605250651,T,,U.171,LUMAYAN,CIBEBER 90 CIMAHI,U,GANIS,1,GUDANG BAIK,2103812,Shintex Cat Genteng 304 Orange 4KG,4.00,"204,000.00",GLN,7.50,0.00,0.00,"61,200.00","754,800.00",,1,"INDOWIRA, PT"
JUAL,261.006.139,26/05/2026 0:00,2605250651,T,,U.171,LUMAYAN,CIBEBER 90 CIMAHI,U,GANIS,1,GUDANG BAIK,2103789,Shintex Cat Genteng 301 Black 1KG,12.00,"61,000.00",KL,7.50,0.00,0.00,"54,900.00","677,100.00",,1,"INDOWIRA, PT"
JUAL,261.006.140,26/05/2026 0:00,2605260675,T,,J.140,PT.INDONESIA RABBONI GARMEN,JL.BANJARAN 102 (EX UNILON),J,FRANSISKUS,1,GUDANG BAIK,2103989,Shintex Wall Paint Super White 25 KG,5.00,"538,000.00",PL,0.00,0.00,0.00,0.00,"2,690,000.00",,1,"INDOWIRA, PT"
JUAL,261.006.141,26/05/2026 0:00,2605210575,T,,J.112,PRISTAN,JL.S.HATTA 539,J,FRANSISKUS,1,GUDANG BAIK,2102837,Petalac 2K PU Hardener Normal  200CC,12.00,"61,000.00",KL,10.00,0.00,0.00,"73,200.00","658,800.00",VIA SJ.4678,1,"INDOWIRA, PT"
JUAL,261.006.141,26/05/2026 0:00,2605210575,T,,J.112,PRISTAN,JL.S.HATTA 539,J,FRANSISKUS,1,GUDANG BAIK,2600122,Pertalac 2K PU CO Base Cream Satin 0.8LT,12.00,"160,000.00",KL,10.00,0.00,0.00,"192,000.00","1,728,000.00",VIA SJ.4678,1,"INDOWIRA, PT"
JUAL,261.006.142,26/05/2026 0:00,2605260677,T,,J.140,PT.INDONESIA RABBONI GARMEN,JL.BANJARAN 102 (EX UNILON),J,FRANSISKUS,1,GUDANG BAIK,2103219,Protar Cat Proteksi Tahan air 7203 20 KG,5.00,"1,188,000.00",PL,0.00,0.00,0.00,0.00,"5,940,000.00",,1,"INDOWIRA, PT"
JUAL,261.006.143,26/05/2026 0:00,2605260676,T,,G.227,MUTIARA WARNA,JL.SOMAWINATA 14 TANI MULYA,G,JULIANTO,1,GUDANG BAIK,2104863,Shintex Wall Filler 4 KG,1.00,"62,000.00",GL,7.50,0.00,0.00,"4,650.00","57,350.00",VIA SJ.4679,1,"INDOWIRA, PT"
JUAL,261.006.143,26/05/2026 0:00,2605260676,T,,G.227,MUTIARA WARNA,JL.SOMAWINATA 14 TANI MULYA,G,JULIANTO,1,GUDANG BAIK,2104148,Wiratex Wall Paint Super White 25 KG,1.00,"435,000.00",PL,7.50,0.00,0.00,"32,625.00","402,375.00",VIA SJ.4679,1,"INDOWIRA, PT"
JUAL,261.006.143,26/05/2026 0:00,2605260676,T,,G.227,MUTIARA WARNA,JL.SOMAWINATA 14 TANI MULYA,G,JULIANTO,1,GUDANG BAIK,2103516,Petalux Wall Paint 602 Berlian 25 KG,1.00,"800,000.00",PL,7.50,0.00,0.00,"60,000.00","740,000.00",VIA SJ.4679,1,"INDOWIRA, PT"
JUAL,261.006.144,26/05/2026 0:00,2605250654,T,,N.790,PADI HIJAU BUANA,GUDANG 5 PATARUMAN,14,DEPO BANDUNG,1,GUDANG BAIK,2300258,Attaboy Masonry Sealer White 20LT,2.00,"1,200,000.00",PAIL,10.00,10.00,10.00,"650,400.00","1,749,600.00",,1,"INDOWIRA, PT"
JUAL,261.006.145,26/05/2026 0:00,2605260680,T,,L.427A,BP.SUHERMAN,BUDI ASIH NO.20 SETIABUDI BANDUNG,L,RUDI *,1,GUDANG BAIK,2103714,Petalux Wall Paint 682 Almond 5KG,2.00,"168,000.00",GLN,7.50,0.00,0.00,"25,200.00","310,800.00",VIA SJ.4612,1,"INDOWIRA, PT"
JUAL,261.006.146,26/05/2026 0:00,2605040003,T,,K.410,SUMBER JAYA,PUNGKUR 21,L,RUDI *,1,GUDANG BAIK,2101398,Crystal Coat Clear Supermatt MV3 1 Lts,3.00,"750,000.00",KL,10.00,0.00,0.00,"225,000.00","2,025,000.00",,1,"INDOWIRA, PT"
JUAL,261.006.157,26/05/2026 0:00,2605210581,T,,N.136,CAPRIFARMINDO,JL.PURNAWARMAN NO.47,13,BU RINI,1,GUDANG BAIK,2101098,Attaboy Weatherguard New Sanbe Grey 20 LT,5.00,"2,475,000.00",PL,0.00,0.00,0.00,0.00,"12,375,000.00",U/P.BUCHORI MUSLIMIN,1,"INDOWIRA, PT"
JUAL,261.006.158,26/05/2026 0:00,2605220617,T,,G.521,YE LIH,CIMAHI,G,JULIANTO,1,GUDANG BAIK,2100894,Attaboy Supercryl Base B  2.5 LTR,4.00,"203,000.00",GL,15.00,0.00,0.00,"121,800.00","690,200.00",,1,"INDOWIRA, PT"
JUAL,261.006.159,26/05/2026 0:00,2605260681,T,,J.303,ASTA ARTHA/DIRGANTARA YUDHA,JL.KOPO JAYA II NO.13A,J,FRANSISKUS,1,GUDANG BAIK,2103149,Petalac Thinner PU  5 LTR,1.00,"286,000.00",GLN,0.00,0.00,0.00,0.00,"286,000.00",,1,"INDOWIRA, PT"
JUAL,261.006.159,26/05/2026 0:00,2605260681,T,,J.303,ASTA ARTHA/DIRGANTARA YUDHA,JL.KOPO JAYA II NO.13A,J,FRANSISKUS,1,GUDANG BAIK,2101419,Crystal Coat Thinner  5 LITER,1.00,"313,000.00",GLN,0.00,0.00,0.00,0.00,"313,000.00",,1,"INDOWIRA, PT"
JUAL,261.006.160,26/05/2026 0:00,2605250660,T,,H.218,INDAH WARNA,JL. Raya Galuga KM 195,H1,MIMING,1,GUDANG BAIK,2101915,Meiji Epoxy Filler  1 LTR SET,24.00,"93,000.00",KL,5.00,0.00,0.00,"111,600.00","2,120,400.00",,1,"INDOWIRA, PT"
JUAL,261.006.161,26/05/2026 0:00,2605150371,T,,H.733C,SUMBER USAHA,GUNUNG PUTRI,H,YANSENG,1,GUDANG BAIK,2101558,Kingkong Cat Genteng 704 Prime R 1 KG,6.00,"68,000.00",KL,7.50,0.00,0.00,"30,600.00","377,400.00",,1,"INDOWIRA, PT"
JUAL,261.006.162,26/05/2026 0:00,2605250645,T,,H.733B,SUMBER USAHA,WANAHERANG,H,YANSENG,1,GUDANG BAIK,2104184,Wiratex Wall Paint 849 5KG,12.00,"93,000.00",GL,7.50,0.00,0.00,"83,700.00","1,032,300.00",,1,"INDOWIRA, PT"
JUAL,261.006.162,26/05/2026 0:00,2605250645,T,,H.733B,SUMBER USAHA,WANAHERANG,H,YANSENG,1,GUDANG BAIK,2104183,Wiratex Wall paint 848 5KG,12.00,"93,000.00",GL,7.50,0.00,0.00,"83,700.00","1,032,300.00",,1,"INDOWIRA, PT"
JUAL,261.006.162,26/05/2026 0:00,2605250645,T,,H.733B,SUMBER USAHA,WANAHERANG,H,YANSENG,1,GUDANG BAIK,2104171,Wiratex Wall Paint 830 Blue Be 5KG,8.00,"93,000.00",GL,7.50,0.00,0.00,"55,800.00","688,200.00",,1,"INDOWIRA, PT"
JUAL,261.006.162,26/05/2026 0:00,2605250645,T,,H.733B,SUMBER USAHA,WANAHERANG,H,YANSENG,1,GUDANG BAIK,2104192,Wiratex Wall Paint Super White 5KG,32.00,"93,000.00",GL,7.50,0.00,0.00,"223,200.00","2,752,800.00",,1,"INDOWIRA, PT"
JUAL,261.006.162,26/05/2026 0:00,2605250645,T,,H.733B,SUMBER USAHA,WANAHERANG,H,YANSENG,1,GUDANG BAIK,2102076,Meiji Zinc Chromate Primer  5 KG,20.00,"258,000.00",GLN,7.50,0.00,0.00,"387,000.00","4,773,000.00",,1,"INDOWIRA, PT"
JUAL,261.006.162,26/05/2026 0:00,2605250645,T,,H.733B,SUMBER USAHA,WANAHERANG,H,YANSENG,1,GUDANG BAIK,2102061,Meiji Zinc Chromate Primer  1 KG,120.00,"57,500.00",KL,7.50,0.00,0.00,"517,500.00","6,382,500.00",,1,"INDOWIRA, PT"
JUAL,261.006.162,26/05/2026 0:00,2605250645,T,,H.733B,SUMBER USAHA,WANAHERANG,H,YANSENG,1,GUDANG BAIK,2102066,Meiji Zinc Chromate Primer  20 KG,5.00,"962,000.00",PL,7.50,0.00,0.00,"360,750.00","4,449,250.00",,1,"INDOWIRA, PT"
JUAL,261.006.163,26/05/2026 0:00,2605220607,T,,H.178,SINAR WARU III,PUTAT NUTUG,H,YANSENG,1,GUDANG BAIK,2102178,Mascot Wall Paint Super White 5 KG,20.00,"73,000.00",GLN,7.50,0.00,0.00,"109,500.00","1,350,500.00",,1,"INDOWIRA, PT"
JUAL,261.006.163,26/05/2026 0:00,2605220607,T,,H.178,SINAR WARU III,PUTAT NUTUG,H,YANSENG,1,GUDANG BAIK,2102155,Mascot Wall Paint Super White 25 KG,2.00,"317,000.00",PL,7.50,0.00,0.00,"47,550.00","586,450.00",,1,"INDOWIRA, PT"
JUAL,261.006.164,26/05/2026 0:00,2605250665,T,,H.238,IBU YULI,JL.SILIWANGI NO.24-40 RT.01 RW.13 SUKASARI BOGOR,H1,MIMING,1,GUDANG BAIK,2200162,Kingkong Wall paint Super White 18KG,2.00,"323,000.00",PAIL,7.50,0.00,0.00,"48,450.00","597,550.00",,1,"INDOWIRA, PT"
JUAL,261.006.164,26/05/2026 0:00,2605250665,T,,H.238,IBU YULI,JL.SILIWANGI NO.24-40 RT.01 RW.13 SUKASARI BOGOR,H1,MIMING,1,GUDANG BAIK,2200217,Kingkong Wall Paint Special 506 Sunny Y 18KG,2.00,"323,000.00",PAIL,7.50,0.00,0.00,"48,450.00","597,550.00",,1,"INDOWIRA, PT"
JUAL,261.006.164,26/05/2026 0:00,2605250665,T,,H.238,IBU YULI,JL.SILIWANGI NO.24-40 RT.01 RW.13 SUKASARI BOGOR,H1,MIMING,1,GUDANG BAIK,2200204,Kingkong Wall Paint Special 548 Aquarin 18KG,1.00,"323,000.00",PAIL,7.50,0.00,0.00,"24,225.00","298,775.00",,1,"INDOWIRA, PT"
JUAL,261.006.165,26/05/2026 0:00,2605210576,T,,H.180,KCN SS,BOGOR,H,YANSENG,1,GUDANG BAIK,2104044,Shintex Wall Paint Warna Khusus A Biru 1KG,12.00,"35,000.00",KL,7.50,0.00,0.00,"31,500.00","388,500.00",,1,"INDOWIRA, PT"
JUAL,261.006.165,26/05/2026 0:00,2605210576,T,,H.180,KCN SS,BOGOR,H,YANSENG,1,GUDANG BAIK,2104059,Shintex Wall Paint Warna Khusus B Merah 1KG,12.00,"42,000.00",KL,7.50,0.00,0.00,"37,800.00","466,200.00",,1,"INDOWIRA, PT"
JUAL,261.006.165,26/05/2026 0:00,2605210576,T,,H.180,KCN SS,BOGOR,H,YANSENG,1,GUDANG BAIK,2104045,Shintex Wall Paint Warna Khusus A Hijau 1KG,24.00,"35,000.00",KL,7.50,0.00,0.00,"63,000.00","777,000.00",,1,"INDOWIRA, PT"
JUAL,261.006.165,26/05/2026 0:00,2605210576,T,,H.180,KCN SS,BOGOR,H,YANSENG,1,GUDANG BAIK,2104047,Shintex Wall Paint Warna Khusus A Kuning 1KG,12.00,"35,000.00",KL,7.50,0.00,0.00,"31,500.00","388,500.00",,1,"INDOWIRA, PT"
JUAL,261.006.166,26/05/2026 0:00,2605260699,T,,H.231,YUDHA BAJA,JL. Veteran 2 Teluk Pinang Ciawi,H1,MIMING,1,GUDANG BAIK,2100006,Alfa Polyester Putty  1 KG,120.00,"47,500.00",KL,5.00,0.00,0.00,"285,000.00","5,415,000.00",,1,"INDOWIRA, PT"
JUAL,261.006.167,26/05/2026 0:00,2605120269,T,,N.1104,IRWAN,LEMAH NEUNDEUT 1 RT.01 RW.07 KEL.CIKUTRA,13,BU RINI,1,GUDANG BAIK,2100367,Attaboy Multi Colour Paint S6624 4 LTR,4.00,"588,000.00",GLN,0.00,0.00,0.00,0.00,"2,352,000.00",,1,"INDOWIRA, PT"
JUAL,261.006.168,26/05/2026 0:00,2605260694,T,,J.222,KOTA HARUM,JL.KOSAMBI 76,J,FRANSISKUS,1,GUDANG BAIK,2102749,Petalac PU Clear Sealer  1 LTR SET,6.00,"135,000.00",KL,10.00,0.00,0.00,"81,000.00","729,000.00",,1,"INDOWIRA, PT"
JUAL,261.006.169,26/05/2026 0:00,2605260697,T,,W.537,CUNCUN WIJAYA,JL.RAYA DAYEUH KOLOT NO.471,R,SIMON QIRENE,1,GUDANG BAIK,2103593,Petalux Wall Paint CM 602 Matahari 25 KG,1.00,"567,000.00",PL,0.00,0.00,0.00,0.00,"567,000.00",U/P.TEDI,1,"INDOWIRA, PT"
JUAL,261.006.169,26/05/2026 0:00,2605260697,T,,W.537,CUNCUN WIJAYA,JL.RAYA DAYEUH KOLOT NO.471,R,SIMON QIRENE,1,GUDANG BAIK,2103280,Petalux Alkali Resistant Wall Sealer White 20 KG,2.00,"615,000.00",PL,0.00,0.00,0.00,0.00,"1,230,000.00",U/P.TEDI,1,"INDOWIRA, PT"
JUAL,261.006.170,26/05/2026 0:00,2605260696,T,,W.537,CUNCUN WIJAYA,JL.RAYA DAYEUH KOLOT NO.471,R,SIMON QIRENE,1,GUDANG BAIK,2103593,Petalux Wall Paint CM 602 Matahari 25 KG,2.00,"567,000.00",PL,0.00,0.00,0.00,0.00,"1,134,000.00",U/P.TEDI,1,"INDOWIRA, PT"
JUAL,261.006.170,26/05/2026 0:00,2605260696,T,,W.537,CUNCUN WIJAYA,JL.RAYA DAYEUH KOLOT NO.471,R,SIMON QIRENE,1,GUDANG BAIK,2103280,Petalux Alkali Resistant Wall Sealer White 20 KG,2.00,"615,000.00",PL,0.00,0.00,0.00,0.00,"1,230,000.00",U/P.TEDI,1,"INDOWIRA, PT"
JUAL,261.006.171,26/05/2026 0:00,2605260695,T,,W.432,PT.CITRA PESONA SILIWANGI," JL.SILIWANGI,PERUM CITRA SILIWANGI NO.18C RT.03/027 BALEENDAH",R,SIMON QIRENE,1,GUDANG BAIK,2104836,PETALUX WALL PAINT CM 602 MATAHARI 5KG,2.00,"168,000.00",GLN,0.00,0.00,0.00,0.00,"336,000.00",U/P.YANA,1,"INDOWIRA, PT"
JUAL,261.006.172,26/05/2026 0:00,2605260703,T,,N.666,PT.ALMEGA JAYA,JL.SEKEKUKUMBUNG 77,13,BU RINI,1,GUDANG BAIK,2101915,Meiji Epoxy Filler  1 LTR SET,24.00,"93,000.00",KL,0.00,0.00,0.00,0.00,"2,232,000.00",,1,"INDOWIRA, PT"
JUAL,262.000.676,26/05/2026 0:00,2605260678,T,,M.104,DEPO KUNINGAN,,M,UMUM,1,GUDANG BAIK,2104180,Wiratex Wall Paint 845 River S 5KG,3.00,"93,000.00",GL,10.00,10.00,2.00,"57,529.80","221,470.20",PO26050120 BUDI AGUNG,1,"INDOWIRA, PT"
JUAL,262.000.676,26/05/2026 0:00,2605260678,T,,M.104,DEPO KUNINGAN,,M,UMUM,1,GUDANG BAIK,2103782,Shintex Cat Bak 001 Aquarin 1 KG,6.00,"64,000.00",KL,10.00,10.00,2.00,"79,180.80","304,819.20",PO26050120 BUDI AGUNG,1,"INDOWIRA, PT"
JUAL,262.000.676,26/05/2026 0:00,2605260678,T,,M.104,DEPO KUNINGAN,,M,UMUM,1,GUDANG BAIK,2103783,Shintex Cat Bak 009 Sky Blu 1 KG,6.00,"64,000.00",KL,10.00,10.00,2.00,"79,180.80","304,819.20",PO26050120 BUDI AGUNG,1,"INDOWIRA, PT"
JUAL,262.000.677,26/05/2026 0:00,2605260679,T,,M.104,DEPO KUNINGAN,,M,UMUM,1,GUDANG BAIK,2102061,Meiji Zinc Chromate Primer  1 KG,6.00,"57,500.00",KL,10.00,10.00,2.00,"71,139.00","273,861.00",PO26050115 MITRA WARNA VIA SJ.4677,1,"INDOWIRA, PT"
JUAL,262.000.677,26/05/2026 0:00,2605260679,T,,M.104,DEPO KUNINGAN,,M,UMUM,1,GUDANG BAIK,2102064,Meiji Zinc Chromate Primer Grey 1 KG,6.00,"57,500.00",KL,10.00,10.00,2.00,"71,139.00","273,861.00",PO26050115 MITRA WARNA VIA SJ.4677,1,"INDOWIRA, PT"
JUAL,262.000.678,26/05/2026 0:00,2605150371,T,,H.733C,SUMBER USAHA,GUNUNG PUTRI,H,YANSENG,1,GUDANG BAIK,2104949,Bonus Roller,2.00,0.00,PCS,0.00,0.00,0.00,0.00,0.00,,1,"INDOWIRA, PT"
JUAL,262.000.679,26/05/2026 0:00,2605250645,T,,H.733B,SUMBER USAHA,WANAHERANG,H,YANSENG,1,GUDANG BAIK,2104937,Bonus Kuas,20.00,0.00,PCS,0.00,0.00,0.00,0.00,0.00,,1,"INDOWIRA, PT"
JUAL,262.000.680,26/05/2026 0:00,2605260700,T,,H.232,RESTU BESI,JL.SILIWANGI NO.164 RT.03 RW.01 LAWANG GITUNG BOGOR,H1,MIMING,1,GUDANG BAIK,2102079,Meiji Zinc Chromate Primer Grey 5 KG,1.00,"258,000.00",GLN,7.50,0.00,0.00,"19,350.00","238,650.00",U/TUKAR LANSUNG,1,"INDOWIRA, PT"
JUAL,262.000.681,26/05/2026 0:00,2605260701,T,,H.218,INDAH WARNA,JL. Raya Galuga KM 195,H1,MIMING,1,GUDANG BAIK,2101915,Meiji Epoxy Filler  1 LTR SET,12.00,"93,000.00",KL,7.50,0.00,0.00,"83,700.00","1,032,300.00",U/TUKAR LANGSUNG,1,"INDOWIRA, PT"
JUAL,262.000.682,26/05/2026 0:00,2605260702,T,,H.231,YUDHA BAJA,JL. Veteran 2 Teluk Pinang Ciawi,H1,MIMING,1,GUDANG BAIK,2100007,Alfa Polyester Putty Hardener  20 GRAM,4.00,"10,500.00",TB,0.00,0.00,0.00,0.00,"42,000.00",u/penggantian komplain,1,"INDOWIRA, PT"
RETUR,RJ26050041,26/05/2026 0:00,261.005.822,T,,N.682,SARANA MOTOR,JL.RAYA SAPAN NO.55A,J,FRANSISKUS,1,GUDANG BAIK,2100049,Adler Polyester Putty 3002  1 KG SET,-24.00,"72,000.00",KL,10.00,0.00,0.00,"-172,800.00","-1,555,200.00",,1,"INDOWIRA, PT"
RETUR,RJ26050042,26/05/2026 0:00,261.005.738,T,,H.216,CV.DWI SAPTA JAYA,JL.SHOLEH ISKANDAR K KELURAHAN NO.77 RT.06 RW.03 KEDUNG BADAK BOGOR,H1,MIMING,1,GUDANG BAIK,2100011,AlFa Polyester Putty  3KG,-6.00,"120,000.00",GLN,5.00,0.00,0.00,"-36,000.00","-684,000.00",,1,"INDOWIRA, PT"
RETUR,RJ26050043,26/05/2026 0:00,261.005.825,T,,C.603,BERKAH ABADI 1,CIHANJUANG 153/161,Y,KEN - Y,1,GUDANG BAIK,2104191,Wiratex Wall Paint Putih Salju 5KG,-12.00,"93,000.00",GL,7.50,0.00,0.00,"-83,700.00","-1,032,300.00",,1,"INDOWIRA, PT"
RETUR,RJ26050043,26/05/2026 0:00,261.005.825,T,,C.603,BERKAH ABADI 1,CIHANJUANG 153/161,Y,KEN - Y,1,GUDANG BAIK,2104147,Wiratex Wall Paint Putih Salju 25 KG,-3.00,"435,000.00",PL,7.50,0.00,0.00,"-97,875.00","-1,207,125.00",,1,"INDOWIRA, PT"
RETUR,RJ26050044,26/05/2026 0:00,262.000.646,T,,G.227,MUTIARA WARNA,JL.SOMAWINATA 14 TANI MULYA,G,JULIANTO,1,GUDANG BAIK,2103666,Petalux Wall Paint 6305 Hazel 5KG,-1.00,"168,000.00",GLN,7.50,0.00,0.00,"-12,600.00","-155,400.00",,1,"INDOWIRA, PT"
RETUR,RJ26050044,26/05/2026 0:00,262.000.646,T,,G.227,MUTIARA WARNA,JL.SOMAWINATA 14 TANI MULYA,G,JULIANTO,1,GUDANG BAIK,2103653,Petalux Wall Paint 605 Adinda 5KG,-1.00,"168,000.00",GLN,7.50,0.00,0.00,"-12,600.00","-155,400.00",,1,"INDOWIRA, PT"
RETUR,RJ26050044,26/05/2026 0:00,262.000.646,T,,G.227,MUTIARA WARNA,JL.SOMAWINATA 14 TANI MULYA,G,JULIANTO,1,GUDANG BAIK,2103696,Petalux Wall Paint 638 Orchid 5KG,-1.00,"168,000.00",GLN,7.50,0.00,0.00,"-12,600.00","-155,400.00",,1,"INDOWIRA, PT"
RETUR,RJ26050044,26/05/2026 0:00,262.000.646,T,,G.227,MUTIARA WARNA,JL.SOMAWINATA 14 TANI MULYA,G,JULIANTO,1,GUDANG BAIK,2103713,Petalux Wall Paint 681 Pink Wh 5KG,-1.00,"168,000.00",GLN,7.50,0.00,0.00,"-12,600.00","-155,400.00",,1,"INDOWIRA, PT"
JUAL,261.006.174,28/05/2026 0:00,2605260682,T,,Y.284,PUTRA SEJATI 3,RANCA BENTANG NO.3,Y,KEN - Y,1,GUDANG BAIK,2104157,Wiratex Wall Paint 806 Cream 5KG,4.00,"93,000.00",GL,7.50,0.00,0.00,"27,900.00","344,100.00",,1,"INDOWIRA, PT"
JUAL,261.006.174,28/05/2026 0:00,2605260682,T,,Y.284,PUTRA SEJATI 3,RANCA BENTANG NO.3,Y,KEN - Y,1,GUDANG BAIK,2104171,Wiratex Wall Paint 830 Blue Be 5KG,4.00,"93,000.00",GL,7.50,0.00,0.00,"27,900.00","344,100.00",,1,"INDOWIRA, PT"
JUAL,261.006.174,28/05/2026 0:00,2605260682,T,,Y.284,PUTRA SEJATI 3,RANCA BENTANG NO.3,Y,KEN - Y,1,GUDANG BAIK,2104161,Wiratex Wall Paint 812 Ice Blu 5KG,4.00,"93,000.00",GL,7.50,0.00,0.00,"27,900.00","344,100.00",,1,"INDOWIRA, PT"
JUAL,261.006.174,28/05/2026 0:00,2605260682,T,,Y.284,PUTRA SEJATI 3,RANCA BENTANG NO.3,Y,KEN - Y,1,GUDANG BAIK,2104160,Wiratex Wall Paint 809 Jonquil 5KG,4.00,"93,000.00",GL,7.50,0.00,0.00,"27,900.00","344,100.00",,1,"INDOWIRA, PT"
JUAL,261.006.174,28/05/2026 0:00,2605260682,T,,Y.284,PUTRA SEJATI 3,RANCA BENTANG NO.3,Y,KEN - Y,1,GUDANG BAIK,2104153,Wiratex Wall Paint 801 Spanish 5KG,4.00,"93,000.00",GL,7.50,0.00,0.00,"27,900.00","344,100.00",,1,"INDOWIRA, PT"
JUAL,261.006.174,28/05/2026 0:00,2605260682,T,,Y.284,PUTRA SEJATI 3,RANCA BENTANG NO.3,Y,KEN - Y,1,GUDANG BAIK,2104191,Wiratex Wall Paint Putih Salju 5KG,4.00,"93,000.00",GL,7.50,0.00,0.00,"27,900.00","344,100.00",,1,"INDOWIRA, PT"
JUAL,261.006.174,28/05/2026 0:00,2605260682,T,,Y.284,PUTRA SEJATI 3,RANCA BENTANG NO.3,Y,KEN - Y,1,GUDANG BAIK,2104113,Wiratex Wall Paint 806 Cream 25 KG,1.00,"435,000.00",PL,7.50,0.00,0.00,"32,625.00","402,375.00",,1,"INDOWIRA, PT"
JUAL,261.006.174,28/05/2026 0:00,2605260682,T,,Y.284,PUTRA SEJATI 3,RANCA BENTANG NO.3,Y,KEN - Y,1,GUDANG BAIK,2104147,Wiratex Wall Paint Putih Salju 25 KG,1.00,"435,000.00",PL,7.50,0.00,0.00,"32,625.00","402,375.00",,1,"INDOWIRA, PT"
JUAL,261.006.175,28/05/2026 0:00,2605260683,T,,R.580,UTAMA KARYA /P' H .AAS,JL.SUMUR BOR 18 CILAME,R,SIMON QIRENE,1,GUDANG BAIK,2102074,Meiji Zinc Chromate Light Grey 20 KG,1.00,"962,000.00",PL,0.00,0.00,0.00,0.00,"962,000.00",,1,"INDOWIRA, PT"
JUAL,261.006.178,28/05/2026 0:00,2605280705,T,,K.219,HENLEY,JL.SUKAMENAK NO.147 SAMPING MIXUE,L,RUDI *,1,GUDANG BAIK,2101915,Meiji Epoxy Filler  1 LTR SET,1.00,"93,000.00",KL,10.00,0.00,0.00,"9,300.00","83,700.00",,1,"INDOWIRA, PT"
JUAL,261.006.179,28/05/2026 0:00,2605280706,T,,K.331,ATEP,JL.MANGLID NO.10,L,RUDI *,1,GUDANG BAIK,2104494,Daltone Clear CoaT MS 4100 1LTS,6.00,"128,000.00",KL,10.00,0.00,0.00,"76,800.00","691,200.00",,1,"INDOWIRA, PT"
JUAL,261.006.180,28/05/2026 0:00,2605120307,T,,K.304,"HEGAR SUMBER KREASI,PT",JL.PARALON 1 NO.1 CIJERAH,L,RUDI *,1,GUDANG BAIK,2600099,Attaboy Textroll White Sands 25KG,1.00,"1,500,000.00",PAIL,7.50,0.00,0.00,"112,500.00","1,387,500.00",,1,"INDOWIRA, PT"
JUAL,261.006.181,28/05/2026 0:00,2605250633,T,,K.304,"HEGAR SUMBER KREASI,PT",JL.PARALON 1 NO.1 CIJERAH,L,RUDI *,1,GUDANG BAIK,2600097,Petalux Wall Paint CM 62609 JN Timeless 25KG,1.00,"800,000.00",PAIL,7.50,0.00,0.00,"60,000.00","740,000.00",K/LAPANGAN PADEL TAMAN HOLIS,1,"INDOWIRA, PT"
JUAL,261.006.182,28/05/2026 0:00,2605260688,T,,A.735,TK.ISLAH JAYA (ENDEN),JL.CIBOLERANG TERUSAN HOLIS BLOK AZI NO.,Y,KEN - Y,1,GUDANG BAIK,2104192,Wiratex Wall Paint Super White 5KG,4.00,"93,000.00",GL,7.50,0.00,0.00,"27,900.00","344,100.00",,1,"INDOWIRA, PT"
JUAL,261.006.183,28/05/2026 0:00,2605280709,T,,J.201,AAY/CITRA TEKNIK,CARINGIN 302,J,FRANSISKUS,1,GUDANG BAIK,2102068,Meiji Zinc Chromate Primer Broken Whit 20 KG,1.00,"962,000.00",PL,7.50,0.00,0.00,"72,150.00","889,850.00",,1,"INDOWIRA, PT"
JUAL,261.006.184,28/05/2026 0:00,2605280710,T,,J.333,RICKY,JL.HOLIS NO.20B,J,FRANSISKUS,1,GUDANG BAIK,2103145,Petalac Thinner PU  1 LTR,24.00,"66,500.00",KL,0.00,0.00,0.00,0.00,"1,596,000.00",,1,"INDOWIRA, PT"
JUAL,261.006.184,28/05/2026 0:00,2605280710,T,,J.333,RICKY,JL.HOLIS NO.20B,J,FRANSISKUS,1,GUDANG BAIK,2200086,Petalac 2K Surfacer FD 21 Base 1LT,6.00,"89,000.00",KL,10.00,0.00,0.00,"53,400.00","480,600.00",,1,"INDOWIRA, PT"
JUAL,261.006.184,28/05/2026 0:00,2605280710,T,,J.333,RICKY,JL.HOLIS NO.20B,J,FRANSISKUS,1,GUDANG BAIK,2200087,Petalac Hardener Surfacer FD 0.5LT,6.00,"66,000.00",KL,10.00,0.00,0.00,"39,600.00","356,400.00",,1,"INDOWIRA, PT"
JUAL,261.006.184,28/05/2026 0:00,2605280710,T,,J.333,RICKY,JL.HOLIS NO.20B,J,FRANSISKUS,1,GUDANG BAIK,2102837,Petalac 2K PU Hardener Normal  200CC,12.00,"61,000.00",KL,10.00,0.00,0.00,"73,200.00","658,800.00",,1,"INDOWIRA, PT"
JUAL,261.006.184,28/05/2026 0:00,2605280710,T,,J.333,RICKY,JL.HOLIS NO.20B,J,FRANSISKUS,1,GUDANG BAIK,2200050,"Petalac 2K PU Clear Matt MV3 Base 0,8Lt",6.00,"125,000.00",KL,10.00,0.00,0.00,"75,000.00","675,000.00",,1,"INDOWIRA, PT"
JUAL,261.006.184,28/05/2026 0:00,2605280710,T,,J.333,RICKY,JL.HOLIS NO.20B,J,FRANSISKUS,1,GUDANG BAIK,2300088,Petalac 2K PU Colour Base Black Matt 0.8LT,6.00,"148,000.00",KL,10.00,0.00,0.00,"88,800.00","799,200.00",,1,"INDOWIRA, PT"
JUAL,261.006.185,28/05/2026 0:00,2605280711,T,,L.430,BUDI SETYAWAN,JL.BATURENGAT 89A,L,RUDI *,1,GUDANG BAIK,2102837,Petalac 2K PU Hardener Normal  200CC,4.00,"61,000.00",KL,10.00,0.00,0.00,"24,400.00","219,600.00",,1,"INDOWIRA, PT"
JUAL,261.006.185,28/05/2026 0:00,2605280711,T,,L.430,BUDI SETYAWAN,JL.BATURENGAT 89A,L,RUDI *,1,GUDANG BAIK,2200050,"Petalac 2K PU Clear Matt MV3 Base 0,8Lt",4.00,"125,000.00",KL,10.00,0.00,0.00,"50,000.00","450,000.00",,1,"INDOWIRA, PT"
JUAL,261.006.186,28/05/2026 0:00,2605250643,T,,K.104,KAROSERI SANGGAR KARYA,BANJARAN,J,FRANSISKUS,1,GUDANG BAIK,2100029,Adler Epoxy Undercoat  1 LITER,6.00,"122,000.00",KL,10.00,0.00,0.00,"73,200.00","658,800.00",,1,"INDOWIRA, PT"
JUAL,261.006.187,28/05/2026 0:00,2605200547,T,,D.131,SINAR MAS,TKI III D4 NO.17,D,WILLY,1,GUDANG BAIK,2600103,Petalux Wall Paint 62613 MX Super White 5KG,4.00,"168,000.00",GLN,7.50,0.00,0.00,"50,400.00","621,600.00",,1,"INDOWIRA, PT"
JUAL,261.006.187,28/05/2026 0:00,2605200547,T,,D.131,SINAR MAS,TKI III D4 NO.17,D,WILLY,1,GUDANG BAIK,2600104,Petalux Wall Paint 62614 MX Chrysant White 5KG,4.00,"168,000.00",GLN,7.50,0.00,0.00,"50,400.00","621,600.00",,1,"INDOWIRA, PT"
JUAL,261.006.189,28/05/2026 0:00,2605280708,T,,J.351,HERRY,SETRA DUTA RAYA NO.35,J,FRANSISKUS,1,GUDANG BAIK,2103145,Petalac Thinner PU  1 LTR,10.00,"66,500.00",KL,0.00,0.00,0.00,0.00,"665,000.00",,1,"INDOWIRA, PT"
JUAL,261.006.189,28/05/2026 0:00,2605280708,T,,J.351,HERRY,SETRA DUTA RAYA NO.35,J,FRANSISKUS,1,GUDANG BAIK,2102837,Petalac 2K PU Hardener Normal  200CC,10.00,"61,000.00",KL,0.00,0.00,0.00,0.00,"610,000.00",,1,"INDOWIRA, PT"
JUAL,261.006.189,28/05/2026 0:00,2605280708,T,,J.351,HERRY,SETRA DUTA RAYA NO.35,J,FRANSISKUS,1,GUDANG BAIK,2100049,Adler Polyester Putty 3002  1 KG SET,2.00,"72,000.00",KL,0.00,0.00,0.00,0.00,"144,000.00",,1,"INDOWIRA, PT"
JUAL,261.006.189,28/05/2026 0:00,2605280708,T,,J.351,HERRY,SETRA DUTA RAYA NO.35,J,FRANSISKUS,1,GUDANG BAIK,2102840,Petalac 2K PU Hardener Special  200 CC,4.00,"61,000.00",KL,0.00,0.00,0.00,0.00,"244,000.00",,1,"INDOWIRA, PT"
JUAL,261.006.189,28/05/2026 0:00,2605280708,T,,J.351,HERRY,SETRA DUTA RAYA NO.35,J,FRANSISKUS,1,GUDANG BAIK,2200050,"Petalac 2K PU Clear Matt MV3 Base 0,8Lt",5.00,"125,000.00",KL,0.00,0.00,0.00,0.00,"625,000.00",,1,"INDOWIRA, PT"
JUAL,261.006.189,28/05/2026 0:00,2605280708,T,,J.351,HERRY,SETRA DUTA RAYA NO.35,J,FRANSISKUS,1,GUDANG BAIK,2200071,Petalac 2K PU Colour P.002 Black Base 0.8Lt,5.00,"140,000.00",KL,0.00,0.00,0.00,0.00,"700,000.00",,1,"INDOWIRA, PT"
JUAL,261.006.189,28/05/2026 0:00,2605280708,T,,J.351,HERRY,SETRA DUTA RAYA NO.35,J,FRANSISKUS,1,GUDANG BAIK,2200068,Petalac 2K PU Colour P.101 Special White Base 0.8L,4.00,"140,000.00",KL,0.00,0.00,0.00,0.00,"560,000.00",,1,"INDOWIRA, PT"
JUAL,261.006.193,28/05/2026 0:00,2605280707,T,,C.429,JAYA SUBUR 3,CIBORERANG TERUSAN BOJONG TANJUNG KATAPA,C,YONATHAN,1,GUDANG BAIK,2102155,Mascot Wall Paint Super White 25 KG,2.00,"317,000.00",PL,7.50,0.00,0.00,"47,550.00","586,450.00",,1,"INDOWIRA, PT"
JUAL,261.006.194,28/05/2026 0:00,2605280712,T,,J.331,INA JAYA ABADI,JL.AKI PADMA SELATAN NO.21,J,FRANSISKUS,1,GUDANG BAIK,2105214,Meiji Zinc Chromate Primer Dark Grey 20KG,1.00,"962,000.00",PAIL,7.50,0.00,0.00,"72,150.00","889,850.00",,1,"INDOWIRA, PT"
JUAL,261.006.196,28/05/2026 0:00,2605280714,T,,J.202,GLOBAL KRIYA NUSANTARA/AL IKHS,JL.GOLF TAMAN CINTA/INSPEKSI NO.2,J,FRANSISKUS,1,GUDANG BAIK,2200052,Petalac 2K PU Clear Gloss Base 20lt,3.00,"2,703,000.00",PAIL,10.00,0.00,0.00,"810,900.00","7,298,100.00",,1,"INDOWIRA, PT"
JUAL,261.006.197,28/05/2026 0:00,2605220615,T,,N.790,PADI HIJAU BUANA,GUDANG 5 PATARUMAN,14,DEPO BANDUNG,1,GUDANG BAIK,2600117,Adler PU CO Base 819 Tangerin 20LT,2.00,"4,037,000.00",PAIL,10.00,10.00,10.00,"2,188,054.00","5,885,946.00",,1,"INDOWIRA, PT"
JUAL,261.006.197,28/05/2026 0:00,2605220615,T,,N.790,PADI HIJAU BUANA,GUDANG 5 PATARUMAN,14,DEPO BANDUNG,1,GUDANG BAIK,2100188,Adler PU Hardener  1lt,10.00,"275,000.00",KL,10.00,10.00,10.00,"745,250.00","2,004,750.00",,1,"INDOWIRA, PT"
JUAL,261.006.197,28/05/2026 0:00,2605220615,T,,N.790,PADI HIJAU BUANA,GUDANG 5 PATARUMAN,14,DEPO BANDUNG,1,GUDANG BAIK,2100202,Adler Thinner PU T1001  20 LITER,2.00,"1,053,000.00",JRG,10.00,10.00,10.00,"570,726.00","1,535,274.00",,1,"INDOWIRA, PT"
JUAL,261.006.200,28/05/2026 0:00,2605280715,T,,N.1105,ASEP FIRMAN,JL.JATI INDAH RAYA NO.2,13,BU RINI,1,GUDANG BAIK,2101607,Kingkong Wall Putty Instant Powder  25 KG,40.00,"139,000.00",ZAK,0.00,0.00,0.00,0.00,"5,560,000.00",,1,"INDOWIRA, PT"
JUAL,261.006.201,28/05/2026 0:00,2605280720,T,,J.103,PT.AKARA INTER DESAIN,JL.INDUSTRI II NO.7A RT.006 RW.009 UTAMA,J,FRANSISKUS,1,GUDANG BAIK,2100011,AlFa Polyester Putty  3KG,2.00,"120,000.00",GLN,5.00,0.00,0.00,"12,000.00","228,000.00",,1,"INDOWIRA, PT"
JUAL,261.006.203,28/05/2026 0:00,2605280718,T,,Y.291,BERKAH ABADI 2,PERTIGAAN PATROL - PARONGPONG,Y,KEN - Y,1,GUDANG BAIK,2104182,Wiratex Wall Paint 847 Spring 5KG,4.00,"93,000.00",GL,7.50,0.00,0.00,"27,900.00","344,100.00",,1,"INDOWIRA, PT"
JUAL,261.006.203,28/05/2026 0:00,2605280718,T,,Y.291,BERKAH ABADI 2,PERTIGAAN PATROL - PARONGPONG,Y,KEN - Y,1,GUDANG BAIK,2104192,Wiratex Wall Paint Super White 5KG,4.00,"93,000.00",GL,7.50,0.00,0.00,"27,900.00","344,100.00",,1,"INDOWIRA, PT"
JUAL,261.006.203,28/05/2026 0:00,2605280718,T,,Y.291,BERKAH ABADI 2,PERTIGAAN PATROL - PARONGPONG,Y,KEN - Y,1,GUDANG BAIK,2103817,Shintex Cat Genteng 312 White 4KG,2.00,"204,000.00",GLN,7.50,0.00,0.00,"30,600.00","377,400.00",,1,"INDOWIRA, PT"
JUAL,261.006.203,28/05/2026 0:00,2605280718,T,,Y.291,BERKAH ABADI 2,PERTIGAAN PATROL - PARONGPONG,Y,KEN - Y,1,GUDANG BAIK,2103819,Shintex Cat Genteng 316 Minimal Grey 4KG,2.00,"204,000.00",GLN,7.50,0.00,0.00,"30,600.00","377,400.00",,1,"INDOWIRA, PT"
JUAL,261.006.204,28/05/2026 0:00,2605280716,T,,K.312,STUDIO 8,SURYANI DALAM 49,L,RUDI *,1,GUDANG BAIK,2100011,AlFa Polyester Putty  3KG,6.00,"120,000.00",GLN,5.00,0.00,0.00,"36,000.00","684,000.00",,1,"INDOWIRA, PT"
JUAL,261.006.207,28/05/2026 0:00,2605280738,T,,K.201,AGUS CENDANA,KIRCON 141,L,RUDI *,1,GUDANG BAIK,2102837,Petalac 2K PU Hardener Normal  200CC,6.00,"61,000.00",KL,10.00,0.00,0.00,"36,600.00","329,400.00",,1,"INDOWIRA, PT"
JUAL,261.006.207,28/05/2026 0:00,2605280738,T,,K.201,AGUS CENDANA,KIRCON 141,L,RUDI *,1,GUDANG BAIK,240049,Petalac 2K PU CO Base Abu HPL Satin 0.8LT,6.00,"167,000.00",KL,10.00,0.00,0.00,"100,200.00","901,800.00",,1,"INDOWIRA, PT"
JUAL,261.006.208,28/05/2026 0:00,2605280735,T,,A.114,HS.JAYA,RANCABALI NO.37 DEPAN MESJID ISTIQOMAH,Y,KEN - Y,1,GUDANG BAIK,2300050,Kingkong Wall Paint 104 Cream 4.5KG,4.00,"84,000.00",GLN,7.50,0.00,0.00,"25,200.00","310,800.00",,1,"INDOWIRA, PT"
JUAL,261.006.208,28/05/2026 0:00,2605280735,T,,A.114,HS.JAYA,RANCABALI NO.37 DEPAN MESJID ISTIQOMAH,Y,KEN - Y,1,GUDANG BAIK,2200341,Kingkong WAll Paint 105 Chiffon 4.5KG,4.00,"84,000.00",GLN,7.50,0.00,0.00,"25,200.00","310,800.00",,1,"INDOWIRA, PT"
JUAL,261.006.208,28/05/2026 0:00,2605280735,T,,A.114,HS.JAYA,RANCABALI NO.37 DEPAN MESJID ISTIQOMAH,Y,KEN - Y,1,GUDANG BAIK,2200251,Kingkong Wall Paint 121 Saphire 4.5KG,4.00,"84,000.00",GLN,7.50,0.00,0.00,"25,200.00","310,800.00",,1,"INDOWIRA, PT"
JUAL,261.006.209,28/05/2026 0:00,2605280741,T,,J.303,ASTA ARTHA/DIRGANTARA YUDHA,JL.KOPO JAYA II NO.13A,J,FRANSISKUS,1,GUDANG BAIK,2102840,Petalac 2K PU Hardener Special  200 CC,4.00,"61,000.00",KL,10.00,0.00,0.00,"24,400.00","219,600.00",,1,"INDOWIRA, PT"
JUAL,261.006.209,28/05/2026 0:00,2605280741,T,,J.303,ASTA ARTHA/DIRGANTARA YUDHA,JL.KOPO JAYA II NO.13A,J,FRANSISKUS,1,GUDANG BAIK,2200068,Petalac 2K PU Colour P.101 Special White Base 0.8L,4.00,"140,000.00",KL,10.00,0.00,0.00,"56,000.00","504,000.00",,1,"INDOWIRA, PT"
JUAL,261.006.210,28/05/2026 0:00,2605280740,T,,A.202,BINTANG AGUNG,CIPEDES TENGAH 194,U,GANIS,1,GUDANG BAIK,2102069,Meiji Zinc Chromate Primer Grey 20 KG,2.00,"962,000.00",PL,7.50,0.00,0.00,"144,300.00","1,779,700.00",,1,"INDOWIRA, PT"
JUAL,261.006.211,28/05/2026 0:00,2605280739,T,,L.428,DERISYA INTERIOR U/P.UJANG RUS,KAMP.CUKANG KAWUNG NO.33 DS.PAKUHAJI NGAMPRAH KETUA RT.04/05,L,RUDI *,1,GUDANG BAIK,2103145,Petalac Thinner PU  1 LTR,6.00,"66,500.00",KL,0.00,0.00,0.00,0.00,"399,000.00",,1,"INDOWIRA, PT"
JUAL,261.006.211,28/05/2026 0:00,2605280739,T,,L.428,DERISYA INTERIOR U/P.UJANG RUS,KAMP.CUKANG KAWUNG NO.33 DS.PAKUHAJI NGAMPRAH KETUA RT.04/05,L,RUDI *,1,GUDANG BAIK,2102837,Petalac 2K PU Hardener Normal  200CC,5.00,"61,000.00",KL,10.00,0.00,0.00,"30,500.00","274,500.00",,1,"INDOWIRA, PT"
JUAL,261.006.211,28/05/2026 0:00,2605280739,T,,L.428,DERISYA INTERIOR U/P.UJANG RUS,KAMP.CUKANG KAWUNG NO.33 DS.PAKUHAJI NGAMPRAH KETUA RT.04/05,L,RUDI *,1,GUDANG BAIK,2200178,Petalac 2K PU Colour Special White Satin Base 0.8L,5.00,"148,000.00",KL,10.00,0.00,0.00,"74,000.00","666,000.00",,1,"INDOWIRA, PT"
JUAL,261.006.212,28/05/2026 0:00,2605280731,T,,Y.279,PD.BERKAH AMANAH,KP.CILIMUS PADA ASIH CISARUA,Y,KEN - Y,1,GUDANG BAIK,2104183,Wiratex Wall paint 848 5KG,2.00,"93,000.00",GL,7.50,0.00,0.00,"13,950.00","172,050.00",,1,"INDOWIRA, PT"
JUAL,261.006.212,28/05/2026 0:00,2605280731,T,,Y.279,PD.BERKAH AMANAH,KP.CILIMUS PADA ASIH CISARUA,Y,KEN - Y,1,GUDANG BAIK,2104160,Wiratex Wall Paint 809 Jonquil 5KG,4.00,"93,000.00",GL,7.50,0.00,0.00,"27,900.00","344,100.00",,1,"INDOWIRA, PT"
JUAL,261.006.212,28/05/2026 0:00,2605280731,T,,Y.279,PD.BERKAH AMANAH,KP.CILIMUS PADA ASIH CISARUA,Y,KEN - Y,1,GUDANG BAIK,2104180,Wiratex Wall Paint 845 River S 5KG,2.00,"93,000.00",GL,7.50,0.00,0.00,"13,950.00","172,050.00",,1,"INDOWIRA, PT"
JUAL,261.006.213,28/05/2026 0:00,2605280729,T,,B.421,BOGA SENI BERKAH,"JL.RADIO,CILILIN BANDUNG BARAT",C,YONATHAN,1,GUDANG BAIK,2200139,Kingkong Wall Paint Super White 4.5Kg,20.00,"84,000.00",GLN,7.50,0.00,0.00,"126,000.00","1,554,000.00",,1,"INDOWIRA, PT"
JUAL,261.006.214,28/05/2026 0:00,2605280728,T,,T.328,MITRA KERAMIK,JL.GUNUNG BATU 37,R,SIMON QIRENE,1,GUDANG BAIK,2104148,Wiratex Wall Paint Super White 25 KG,2.00,"435,000.00",PL,7.50,0.00,0.00,"65,250.00","804,750.00",,1,"INDOWIRA, PT"
JUAL,261.006.215,28/05/2026 0:00,2605280737,T,,A.411,MENARA,HOLIS 171 H (CIBUNTU SELATAN),Y,KEN - Y,1,GUDANG BAIK,2101330,Attaboy Wall Putty Instant Powder  2 KG,12.00,"38,000.00",BKS,7.50,0.00,0.00,"34,200.00","421,800.00",,1,"INDOWIRA, PT"
JUAL,261.006.215,28/05/2026 0:00,2605280737,T,,A.411,MENARA,HOLIS 171 H (CIBUNTU SELATAN),Y,KEN - Y,1,GUDANG BAIK,2102076,Meiji Zinc Chromate Primer  5 KG,2.00,"258,000.00",GLN,7.50,0.00,0.00,"38,700.00","477,300.00",,1,"INDOWIRA, PT"
JUAL,261.006.217,28/05/2026 0:00,2605280726,T,,C.603,BERKAH ABADI 1,CIHANJUANG 153/161,Y,KEN - Y,1,GUDANG BAIK,2104162,Wiratex Wall Paint 814 Adinda 5KG,4.00,"93,000.00",GL,7.50,0.00,0.00,"27,900.00","344,100.00",,1,"INDOWIRA, PT"
JUAL,261.006.217,28/05/2026 0:00,2605280726,T,,C.603,BERKAH ABADI 1,CIHANJUANG 153/161,Y,KEN - Y,1,GUDANG BAIK,2104191,Wiratex Wall Paint Putih Salju 5KG,8.00,"93,000.00",GL,7.50,0.00,0.00,"55,800.00","688,200.00",,1,"INDOWIRA, PT"
JUAL,261.006.217,28/05/2026 0:00,2605280726,T,,C.603,BERKAH ABADI 1,CIHANJUANG 153/161,Y,KEN - Y,1,GUDANG BAIK,2104192,Wiratex Wall Paint Super White 5KG,4.00,"93,000.00",GL,7.50,0.00,0.00,"27,900.00","344,100.00",,1,"INDOWIRA, PT"
JUAL,261.006.218,28/05/2026 0:00,2605280725,T,,Y.301,BAROKAH 2,KP.JOMPO CIGUGUR GIRANG,Y,KEN - Y,1,GUDANG BAIK,2104863,Shintex Wall Filler 4 KG,4.00,"62,000.00",GL,7.50,0.00,0.00,"18,600.00","229,400.00",,1,"INDOWIRA, PT"
JUAL,261.006.218,28/05/2026 0:00,2605280725,T,,Y.301,BAROKAH 2,KP.JOMPO CIGUGUR GIRANG,Y,KEN - Y,1,GUDANG BAIK,2104192,Wiratex Wall Paint Super White 5KG,8.00,"93,000.00",GL,7.50,0.00,0.00,"55,800.00","688,200.00",,1,"INDOWIRA, PT"
JUAL,261.006.219,28/05/2026 0:00,2605280747,T,,R.368,LOTUS SEVEN,KAMP.BOJONG UJUNG NO.77 KEL.GAJAH MEKAR,R,SIMON QIRENE,1,GUDANG BAIK,2100006,Alfa Polyester Putty  1 KG,4.00,"47,500.00",KL,0.00,0.00,0.00,0.00,"190,000.00",,1,"INDOWIRA, PT"
JUAL,261.006.220,28/05/2026 0:00,2605280746,T,,G.215,ELIT GRUP KHARISMA,"JL.RAYA KAMPUNG SUKARAME RT.004 RW.002 LANGENSARI, LEMBANG , KAB.BANDU",G,JULIANTO,1,GUDANG BAIK,2102077,Meiji Zinc Chromate Primer Black 5 KG,4.00,"258,000.00",GLN,7.50,0.00,0.00,"77,400.00","954,600.00",,1,"INDOWIRA, PT"
JUAL,261.006.221,28/05/2026 0:00,2605280745,T,,D.223,TB.PUTRA ABADI,JL.BIMA NO.129 022-6123038,Y,KEN - Y,1,GUDANG BAIK,2102129,Mascot Wall Paint Super White 20 KG,1.00,"249,000.00",PL,7.50,0.00,0.00,"18,675.00","230,325.00",,1,"INDOWIRA, PT"
JUAL,262.000.683,28/05/2026 0:00,2605260682,T,,Y.284,PUTRA SEJATI 3,RANCA BENTANG NO.3,Y,KEN - Y,1,GUDANG BAIK,2104937,Bonus Kuas,8.00,0.00,PCS,0.00,0.00,0.00,0.00,0.00,,1,"INDOWIRA, PT"
JUAL,262.000.684,28/05/2026 0:00,2605200547,T,,D.131,SINAR MAS,TKI III D4 NO.17,D,WILLY,1,GUDANG BAIK,2104937,Bonus Kuas,4.00,0.00,PCS,0.00,0.00,0.00,0.00,0.00,,1,"INDOWIRA, PT"
JUAL,262.000.685,28/05/2026 0:00,2605280724,T,,M.108,TISNA(OPLOSAN),,M,UMUM,1,GUDANG BAIK,2103145,Petalac Thinner PU  1 LTR,1.00,0.00,KL,0.00,0.00,0.00,0.00,0.00,,1,"INDOWIRA, PT"
JUAL,262.000.686,28/05/2026 0:00,2605280726,T,,C.603,BERKAH ABADI 1,CIHANJUANG 153/161,Y,KEN - Y,1,GUDANG BAIK,2104937,Bonus Kuas,4.00,0.00,PCS,0.00,0.00,0.00,0.00,0.00,,1,"INDOWIRA, PT"
JUAL,261.006.222,29/05/2026 0:00,2605290754,T,,Y.279,PD.BERKAH AMANAH,KP.CILIMUS PADA ASIH CISARUA,Y,KEN - Y,1,GUDANG BAIK,2103818,Shintex Cat Genteng 315 Side Gr 4KG,4.00,"204,000.00",GLN,7.50,0.00,0.00,"61,200.00","754,800.00",,1,"INDOWIRA, PT"
JUAL,261.006.224,29/05/2026 0:00,2605290752,T,,J.313,ART DECO,JL.SEKEKUKUMBUNG 103 TKI II,J,FRANSISKUS,1,GUDANG BAIK,2101412,Crystal Coat Surfacer White 24 KG SET,1.00,"3,000,000.00",PL,10.00,0.00,0.00,"300,000.00","2,700,000.00",,1,"INDOWIRA, PT"
JUAL,261.006.224,29/05/2026 0:00,2605290752,T,,J.313,ART DECO,JL.SEKEKUKUMBUNG 103 TKI II,J,FRANSISKUS,1,GUDANG BAIK,2101421,Crystal Coat Thinner Surfacer  20 LITER,1.00,"910,000.00",JRG,0.00,0.00,0.00,0.00,"910,000.00",,1,"INDOWIRA, PT"
JUAL,261.006.225,29/05/2026 0:00,2605290751,T,,J.222,KOTA HARUM,JL.KOSAMBI 76,J,FRANSISKUS,1,GUDANG BAIK,2102837,Petalac 2K PU Hardener Normal  200CC,6.00,"61,000.00",KL,10.00,0.00,0.00,"36,600.00","329,400.00",,1,"INDOWIRA, PT"
JUAL,261.006.225,29/05/2026 0:00,2605290751,T,,J.222,KOTA HARUM,JL.KOSAMBI 76,J,FRANSISKUS,1,GUDANG BAIK,2200050,"Petalac 2K PU Clear Matt MV3 Base 0,8Lt",6.00,"125,000.00",KL,10.00,0.00,0.00,"75,000.00","675,000.00",,1,"INDOWIRA, PT"
JUAL,261.006.226,29/05/2026 0:00,2605290750,T,,J.215,KARYA WARNA,JL.KARASAK LAMA NO.34,J,FRANSISKUS,1,GUDANG BAIK,2100049,Adler Polyester Putty 3002  1 KG SET,60.00,"72,000.00",KL,10.00,0.00,0.00,"432,000.00","3,888,000.00",,1,"INDOWIRA, PT"
JUAL,261.006.227,29/05/2026 0:00,2605280744,T,,U.196,TB.SUMBER REJEKI,JL.KOLONEL MASTURI NO.161 LEMBANG,U,GANIS,1,GUDANG BAIK,2104147,Wiratex Wall Paint Putih Salju 25 KG,15.00,"435,000.00",PL,7.50,0.00,0.00,"489,375.00","6,035,625.00",,1,"INDOWIRA, PT"
JUAL,261.006.228,29/05/2026 0:00,2605280743,T,,G.227,MUTIARA WARNA,JL.SOMAWINATA 14 TANI MULYA,G,JULIANTO,1,GUDANG BAIK,2103782,Shintex Cat Bak 001 Aquarin 1 KG,1.00,"64,000.00",KL,7.50,0.00,0.00,"4,800.00","59,200.00",,1,"INDOWIRA, PT"
JUAL,261.006.228,29/05/2026 0:00,2605280743,T,,G.227,MUTIARA WARNA,JL.SOMAWINATA 14 TANI MULYA,G,JULIANTO,1,GUDANG BAIK,2103783,Shintex Cat Bak 009 Sky Blu 1 KG,1.00,"64,000.00",KL,7.50,0.00,0.00,"4,800.00","59,200.00",,1,"INDOWIRA, PT"
JUAL,261.006.228,29/05/2026 0:00,2605280743,T,,G.227,MUTIARA WARNA,JL.SOMAWINATA 14 TANI MULYA,G,JULIANTO,1,GUDANG BAIK,2102140,Mascot Wall Paint 206 Irish W 25 KG,2.00,"317,000.00",PL,7.50,0.00,0.00,"47,550.00","586,450.00",,1,"INDOWIRA, PT"
JUAL,261.006.229,29/05/2026 0:00,2605280748,T,,D.224,TB.PRIBUMI RJ,JL.KEBON KOPI NO.163 RT.06 RW.09 022-601,C,YONATHAN,1,GUDANG BAIK,2104148,Wiratex Wall Paint Super White 25 KG,1.00,"435,000.00",PL,7.50,0.00,0.00,"32,625.00","402,375.00",,1,"INDOWIRA, PT"
JUAL,261.006.230,29/05/2026 0:00,2605250657,T,,K.521,TOPIC,JATAYU,L,RUDI *,1,GUDANG BAIK,2102837,Petalac 2K PU Hardener Normal  200CC,5.00,"61,000.00",KL,10.00,0.00,0.00,"30,500.00","274,500.00",,1,"INDOWIRA, PT"
JUAL,261.006.230,29/05/2026 0:00,2605250657,T,,K.521,TOPIC,JATAYU,L,RUDI *,1,GUDANG BAIK,2500344,Petalac 2K PU CO Base Dark Gold Maevy 0.8LT,5.00,"170,000.00",KL,10.00,0.00,0.00,"85,000.00","765,000.00",,1,"INDOWIRA, PT"
JUAL,261.006.231,29/05/2026 0:00,2605250656,T,,K.521,TOPIC,JATAYU,L,RUDI *,1,GUDANG BAIK,2102837,Petalac 2K PU Hardener Normal  200CC,2.00,"61,000.00",KL,10.00,0.00,0.00,"12,200.00","109,800.00",,1,"INDOWIRA, PT"
JUAL,261.006.231,29/05/2026 0:00,2605250656,T,,K.521,TOPIC,JATAYU,L,RUDI *,1,GUDANG BAIK,2600129,Petalac 2K PU CO Base Zamrud Cream Satin 0.8LT,1.00,"170,000.00",KL,10.00,0.00,0.00,"17,000.00","153,000.00",,1,"INDOWIRA, PT"
JUAL,261.006.231,29/05/2026 0:00,2605250656,T,,K.521,TOPIC,JATAYU,L,RUDI *,1,GUDANG BAIK,2600128,Petalac 2K PU CO Base PIK Mayang White Matt 0.8LT,1.00,"160,000.00",KL,10.00,0.00,0.00,"16,000.00","144,000.00",,1,"INDOWIRA, PT"
JUAL,261.006.232,29/05/2026 0:00,2605290755,T,,P.191,PT.MBP UNTUK PT CERES,JL.RAYA DAYEUH KOLOT 92,13,BU RINI,1,GUDANG BAIK,240046,Attaboy High Gloss Acrylic Enamel S1002-G50Y 20LT,1.00,"2,220,000.00",PAIL,0.00,0.00,0.00,0.00,"2,220,000.00",,1,"INDOWIRA, PT"
JUAL,261.006.233,29/05/2026 0:00,2605290755,T,,P.191,PT.MBP UNTUK PT CERES,JL.RAYA DAYEUH KOLOT 92,13,BU RINI,1,GUDANG BAIK,240046,Attaboy High Gloss Acrylic Enamel S1002-G50Y 20LT,2.00,"2,220,000.00",PAIL,0.00,0.00,0.00,0.00,"4,440,000.00",,1,"INDOWIRA, PT"
JUAL,261.006.234,29/05/2026 0:00,2605260692,T,,N.888,SUMBER WARNA,PUNGKUR,14,DEPO BANDUNG,1,GUDANG BAIK,2102837,Petalac 2K PU Hardener Normal  200CC,15.00,"61,000.00",KL,7.50,2.50,0.00,"89,784.30","825,215.70",,1,"INDOWIRA, PT"
JUAL,261.006.234,29/05/2026 0:00,2605260692,T,,N.888,SUMBER WARNA,PUNGKUR,14,DEPO BANDUNG,1,GUDANG BAIK,2400174,Petalac 2K PU CO Base PE.904 Soft Cream Matt 0.8LT,15.00,"160,000.00",KL,7.50,2.50,0.00,"235,500.00","2,164,500.00",,1,"INDOWIRA, PT"
JUAL,261.006.235,29/05/2026 0:00,2605280730,T,,A.313,TEGUH,CIROYOM 49,U,GANIS,1,GUDANG BAIK,2600073,Alfa Zinc Chromate Primer Black Gloss 20KG,6.00,"858,000.00",PAIL,7.50,0.00,0.00,"386,100.00","4,761,900.00",,1,"INDOWIRA, PT"
JUAL,261.006.236,29/05/2026 0:00,2605290756,T,,K.521,TOPIC,JATAYU,L,RUDI *,1,GUDANG BAIK,2101416,Crystal Coat Thinner  1 LITER,2.00,"70,000.00",KL,0.00,0.00,0.00,0.00,"140,000.00",,1,"INDOWIRA, PT"
JUAL,261.006.236,29/05/2026 0:00,2605290756,T,,K.521,TOPIC,JATAYU,L,RUDI *,1,GUDANG BAIK,2102837,Petalac 2K PU Hardener Normal  200CC,2.00,"61,000.00",KL,10.00,0.00,0.00,"12,200.00","109,800.00",,1,"INDOWIRA, PT"
JUAL,261.006.236,29/05/2026 0:00,2605290756,T,,K.521,TOPIC,JATAYU,L,RUDI *,1,GUDANG BAIK,2200046,Petalac 2K PU Clear Gloss Base 0.8LT,2.00,"120,000.00",KL,10.00,0.00,0.00,"24,000.00","216,000.00",,1,"INDOWIRA, PT"
JUAL,261.006.237,29/05/2026 0:00,2605280734,T,,H.224,ROYAL,JL. Siliwangi no.396 Kab.Sukabumi,H1,MIMING,1,GUDANG BAIK,2104059,Shintex Wall Paint Warna Khusus B Merah 1KG,6.00,"42,000.00",KL,7.50,0.00,0.00,"18,900.00","233,100.00",,1,"INDOWIRA, PT"
JUAL,261.006.238,29/05/2026 0:00,2605290757,T,,R.485,TB.WAHANA BANGUNAN,CIBADUYUT RAYA NO.165 SEBELAH GG H.RUSDI,D,WILLY,1,GUDANG BAIK,2102074,Meiji Zinc Chromate Light Grey 20 KG,2.00,"962,000.00",PL,7.50,0.00,0.00,"144,300.00","1,779,700.00",,1,"INDOWIRA, PT"
JUAL,261.006.254,29/05/2026 0:00,2605290758,T,,H.218,INDAH WARNA,JL. Raya Galuga KM 195,H1,MIMING,1,GUDANG BAIK,2100006,Alfa Polyester Putty  1 KG,60.00,"47,500.00",KL,5.00,0.00,0.00,"142,500.00","2,707,500.00",,1,"INDOWIRA, PT"
JUAL,261.006.257,29/05/2026 0:00,2605180487,T,,K.527,PT.AKD,SADANG,14,DEPO BANDUNG,1,GUDANG BAIK,26000131,Petalac 2K PU CO Base China White 0.8LT,6.00,"160,000.00",KL,10.00,0.00,0.00,"96,000.00","864,000.00",,1,"INDOWIRA, PT"
JUAL,261.006.258,29/05/2026 0:00,2605290771,T,,K.401,BONTI,HOLIS 222,L,RUDI *,1,GUDANG BAIK,2104494,Daltone Clear CoaT MS 4100 1LTS,12.00,"128,000.00",KL,10.00,0.00,0.00,"153,600.00","1,382,400.00",,1,"INDOWIRA, PT"
JUAL,261.006.259,29/05/2026 0:00,2605290770,T,,A.605,MAJU JAYA,ANDIR 103,Y,KEN - Y,1,GUDANG BAIK,2100006,Alfa Polyester Putty  1 KG,6.00,"47,500.00",KL,5.00,0.00,0.00,"14,250.00","270,750.00",,1,"INDOWIRA, PT"
JUAL,261.006.260,29/05/2026 0:00,2605290769,T,,U.265,CIPTA MANDIRI,PARAKAN SAAT NO.1 CINGISED,U,GANIS,1,GUDANG BAIK,2100011,AlFa Polyester Putty  3KG,6.00,"120,000.00",GLN,5.00,0.00,0.00,"36,000.00","684,000.00",,1,"INDOWIRA, PT"
JUAL,261.006.260,29/05/2026 0:00,2605290769,T,,U.265,CIPTA MANDIRI,PARAKAN SAAT NO.1 CINGISED,U,GANIS,1,GUDANG BAIK,2102061,Meiji Zinc Chromate Primer  1 KG,6.00,"57,500.00",KL,7.50,0.00,0.00,"25,875.00","319,125.00",,1,"INDOWIRA, PT"
JUAL,261.006.260,29/05/2026 0:00,2605290769,T,,U.265,CIPTA MANDIRI,PARAKAN SAAT NO.1 CINGISED,U,GANIS,1,GUDANG BAIK,2102064,Meiji Zinc Chromate Primer Grey 1 KG,6.00,"57,500.00",KL,7.50,0.00,0.00,"25,875.00","319,125.00",,1,"INDOWIRA, PT"
JUAL,261.006.260,29/05/2026 0:00,2605290769,T,,U.265,CIPTA MANDIRI,PARAKAN SAAT NO.1 CINGISED,U,GANIS,1,GUDANG BAIK,2102062,Meiji Zinc Chromate Primer Black 1 KG,24.00,"57,500.00",KL,7.50,0.00,0.00,"103,500.00","1,276,500.00",,1,"INDOWIRA, PT"
JUAL,261.006.261,29/05/2026 0:00,2605290768,T,,N.888,SUMBER WARNA,PUNGKUR,14,DEPO BANDUNG,1,GUDANG BAIK,2103145,Petalac Thinner PU  1 LTR,12.00,"66,500.00",KL,0.00,0.00,0.00,0.00,"798,000.00",,1,"INDOWIRA, PT"
JUAL,261.006.261,29/05/2026 0:00,2605290768,T,,N.888,SUMBER WARNA,PUNGKUR,14,DEPO BANDUNG,1,GUDANG BAIK,2102837,Petalac 2K PU Hardener Normal  200CC,18.00,"61,000.00",KL,7.50,2.50,0.00,"107,741.16","990,258.84",,1,"INDOWIRA, PT"
JUAL,261.006.261,29/05/2026 0:00,2605290768,T,,N.888,SUMBER WARNA,PUNGKUR,14,DEPO BANDUNG,1,GUDANG BAIK,2102840,Petalac 2K PU Hardener Special  200 CC,12.00,"61,000.00",KL,7.50,2.50,0.00,"71,827.44","660,172.56",,1,"INDOWIRA, PT"
JUAL,261.006.261,29/05/2026 0:00,2605290768,T,,N.888,SUMBER WARNA,PUNGKUR,14,DEPO BANDUNG,1,GUDANG BAIK,2300088,Petalac 2K PU Colour Base Black Matt 0.8LT,6.00,"148,000.00",KL,7.50,2.50,0.00,"87,135.00","800,865.00",,1,"INDOWIRA, PT"
JUAL,261.006.261,29/05/2026 0:00,2605290768,T,,N.888,SUMBER WARNA,PUNGKUR,14,DEPO BANDUNG,1,GUDANG BAIK,2200303,Petalac Ext 4:1 Special White Matt Base 0.8LT,12.00,"160,000.00",KL,7.50,2.50,0.00,"188,400.00","1,731,600.00",,1,"INDOWIRA, PT"
JUAL,261.006.261,29/05/2026 0:00,2605290768,T,,N.888,SUMBER WARNA,PUNGKUR,14,DEPO BANDUNG,1,GUDANG BAIK,2200068,Petalac 2K PU Colour P.101 Special White Base 0.8L,12.00,"140,000.00",KL,7.50,2.50,0.00,"164,850.00","1,515,150.00",,1,"INDOWIRA, PT"
JUAL,261.006.262,29/05/2026 0:00,2605290767,T,,S.152,TEHNIK NUGRAHA,MELONG ASIH 59,R,SIMON QIRENE,1,GUDANG BAIK,2102064,Meiji Zinc Chromate Primer Grey 1 KG,24.00,"57,500.00",KL,7.50,0.00,0.00,"103,500.00","1,276,500.00",,1,"INDOWIRA, PT"
JUAL,261.006.263,29/05/2026 0:00,2605290761,T,,D.623,SETIA 2,SERSAN BAJURI 19 LEDENG,Y,KEN - Y,1,GUDANG BAIK,2104192,Wiratex Wall Paint Super White 5KG,4.00,"93,000.00",GL,7.50,0.00,0.00,"27,900.00","344,100.00",,1,"INDOWIRA, PT"
JUAL,261.006.263,29/05/2026 0:00,2605290761,T,,D.623,SETIA 2,SERSAN BAJURI 19 LEDENG,Y,KEN - Y,1,GUDANG BAIK,2103922,Shintex Wall Paint Super White 1KG,12.00,"35,000.00",KL,7.50,0.00,0.00,"31,500.00","388,500.00",,1,"INDOWIRA, PT"
JUAL,261.006.264,29/05/2026 0:00,2605290764,T,,D.129,PB.PADASURTI 3,JL.SINDANG LAYA ATAS KOMP.PAMOYANAN RT.0,U,GANIS,1,GUDANG BAIK,2103815,Shintex Cat Genteng 309 Leather 4KG,4.00,"204,000.00",GLN,7.50,0.00,0.00,"61,200.00","754,800.00",,1,"INDOWIRA, PT"
JUAL,261.006.264,29/05/2026 0:00,2605290764,T,,D.129,PB.PADASURTI 3,JL.SINDANG LAYA ATAS KOMP.PAMOYANAN RT.0,U,GANIS,1,GUDANG BAIK,2103863,Shintex Wall Filler  1 KG,12.00,"26,000.00",KL,7.50,0.00,0.00,"23,400.00","288,600.00",,1,"INDOWIRA, PT"
JUAL,261.006.265,29/05/2026 0:00,2605180448,T,,R.571,PERUM BUMI CITRA INDAH 4,CIPATIK,R,SIMON QIRENE,1,GUDANG BAIK,2200201,Shintex Wall paint 9101 Orange 200KG,3.00,"3,172,500.00",DRUM,0.00,0.00,0.00,0.00,"9,517,500.00",,1,"INDOWIRA, PT"
JUAL,262.000.687,29/05/2026 0:00,2605280744,T,,U.196,TB.SUMBER REJEKI,JL.KOLONEL MASTURI NO.161 LEMBANG,U,GANIS,1,GUDANG BAIK,2104949,Bonus Roller,5.00,0.00,PCS,0.00,0.00,0.00,0.00,0.00,,1,"INDOWIRA, PT"
JUAL,262.000.688,29/05/2026 0:00,2605290759,T,,H.343,BAROS JAYA,JL.RH DIDI SUKARDI 156 SUKABUMI,H,YANSENG,1,GUDANG BAIK,2200162,Kingkong Wall paint Super White 18KG,4.00,"288,000.00",PAIL,7.50,0.00,0.00,"86,400.00","1,065,600.00",u/penggantian rj.26030021,1,"INDOWIRA, PT"
JUAL,262.000.688,29/05/2026 0:00,2605290759,T,,H.343,BAROS JAYA,JL.RH DIDI SUKARDI 156 SUKABUMI,H,YANSENG,1,GUDANG BAIK,2200139,Kingkong Wall Paint Super White 4.5Kg,13.00,"76,000.00",GLN,7.50,0.00,0.00,"74,100.00","913,900.00",u/penggantian rj.26030021,1,"INDOWIRA, PT"
RETUR,RJ26050048,29/05/2026 0:00,261.005.895,T,,J.303,ASTA ARTHA/DIRGANTARA YUDHA,JL.KOPO JAYA II NO.13A,J,FRANSISKUS,1,GUDANG BAIK,2103516,Petalux Wall Paint 602 Berlian 25 KG,-1.00,"800,000.00",PL,7.50,0.00,0.00,"-60,000.00","-740,000.00",,1,"INDOWIRA, PT"
RETUR,RJ26050049,29/05/2026 0:00,261.005.714,T,,J.303,ASTA ARTHA/DIRGANTARA YUDHA,JL.KOPO JAYA II NO.13A,J,FRANSISKUS,1,GUDANG BAIK,2103516,Petalux Wall Paint 602 Berlian 25 KG,-3.00,"800,000.00",PL,7.50,0.00,0.00,"-180,000.00","-2,220,000.00",,1,"INDOWIRA, PT"
RETUR,RJ26050051,29/05/2026 0:00,261.006.077,T,,U.266,GARUDA JAYA,JL.RAJAWALI TIMUR 312,U,GANIS,2,GUDANG RUSAK,2104073,Tawon Kembang Meni Kayu & Besi 0.8 KG,-1.00,"48,000.00",KL,7.50,0.00,0.00,"-3,600.00","-44,400.00",,1,"INDOWIRA, PT"
RETUR,RJ26050052,29/05/2026 0:00,261.006.166,T,,H.231,YUDHA BAJA,JL. Veteran 2 Teluk Pinang Ciawi,H1,MIMING,1,GUDANG BAIK,2100006,Alfa Polyester Putty  1 KG,-120.00,"47,500.00",KL,5.00,0.00,0.00,"-285,000.00","-5,415,000.00",,1,"INDOWIRA, PT"
RETUR,RJ26050053,29/05/2026 0:00,261.006.193,T,,C.429,JAYA SUBUR 3,CIBORERANG TERUSAN BOJONG TANJUNG KATAPA,C,YONATHAN,1,GUDANG BAIK,2102155,Mascot Wall Paint Super White 25 KG,-2.00,"317,000.00",PL,7.50,0.00,0.00,"-47,550.00","-586,450.00",,1,"INDOWIRA, PT"
RETUR,RJ26050054,29/05/2026 0:00,261.003.914,T,,Y.280,ABDI JAYA,KOMP.MEKAR WANGI JL.MEKAR SEJAHTERA POS 16,Y,KEN - Y,1,GUDANG BAIK,2100006,Alfa Polyester Putty  1 KG,-6.00,"47,500.00",KL,5.00,0.00,0.00,"-14,250.00","-270,750.00",,1,"INDOWIRA, PT"
RETUR,RJ26050060,29/05/2026 0:00,,T,,H.353,JAYAKARTA,JL.KIS MANGUNSARKOSO NO.26 PAMOYANAN,H,YANSENG,2,GUDANG RUSAK,2102116,Mascot Wall Paint 207 Tile Re 20 KG,-1.00,"140,000.00",PL,7.50,0.00,0.00,"-10,500.00","-129,500.00",,1,"INDOWIRA, PT"
RETUR,RJ26050060,29/05/2026 0:00,,T,,H.353,JAYAKARTA,JL.KIS MANGUNSARKOSO NO.26 PAMOYANAN,H,YANSENG,2,GUDANG RUSAK,2102116,Mascot Wall Paint 207 Tile Re 20 KG,-2.00,"127,273.00",PL,7.50,0.00,0.00,"-19,090.96","-235,455.04",,1,"INDOWIRA, PT"
RETUR,RJ26050060,29/05/2026 0:00,,T,,H.353,JAYAKARTA,JL.KIS MANGUNSARKOSO NO.26 PAMOYANAN,H,YANSENG,2,GUDANG RUSAK,2102116,Mascot Wall Paint 207 Tile Re 20 KG,-1.00,"101,818.00",PL,7.50,0.00,0.00,"-7,636.35","-94,181.65",,1,"INDOWIRA, PT"
RETUR,RJ26050060,29/05/2026 0:00,,T,,H.353,JAYAKARTA,JL.KIS MANGUNSARKOSO NO.26 PAMOYANAN,H,YANSENG,2,GUDANG RUSAK,2102116,Mascot Wall Paint 207 Tile Re 20 KG,-1.00,"123,636.00",PL,7.50,0.00,0.00,"-9,272.70","-114,363.30",,1,"INDOWIRA, PT"
RETUR,RJ26050060,29/05/2026 0:00,,T,,H.353,JAYAKARTA,JL.KIS MANGUNSARKOSO NO.26 PAMOYANAN,H,YANSENG,2,GUDANG RUSAK,2102115,Mascot Wall Paint 206 Irish W 20 KG,-4.00,"189,709.00",PL,7.50,0.00,0.00,"-56,912.72","-701,923.28",,1,"INDOWIRA, PT"
RETUR,RJ26050060,29/05/2026 0:00,,T,,H.353,JAYAKARTA,JL.KIS MANGUNSARKOSO NO.26 PAMOYANAN,H,YANSENG,2,GUDANG RUSAK,2102126,Mascot Wall Paint 2156 Garden 20 KG,-4.00,"162,000.00",PL,7.50,0.00,0.00,"-48,600.00","-599,400.00",,1,"INDOWIRA, PT"
RETUR,RJ26050060,29/05/2026 0:00,,T,,H.353,JAYAKARTA,JL.KIS MANGUNSARKOSO NO.26 PAMOYANAN,H,YANSENG,2,GUDANG RUSAK,2102124,Mascot Wall Paint 2154 Mellow 20 KG,-7.00,"189,709.00",PL,7.50,0.00,0.00,"-99,597.26","-1,228,365.74",,1,"INDOWIRA, PT"
RETUR,RJ26050060,29/05/2026 0:00,,T,,H.353,JAYAKARTA,JL.KIS MANGUNSARKOSO NO.26 PAMOYANAN,H,YANSENG,2,GUDANG RUSAK,2102128,Mascot Wall Paint Putih Metro 20 KG,-2.00,"162,000.00",PL,7.50,0.00,0.00,"-24,300.00","-299,700.00",,1,"INDOWIRA, PT"
RETUR,RJ26050061,29/05/2026 0:00,,T,,G.171,SAUYUNAN,BY PASS BARU KRW,G,JULIANTO,2,GUDANG RUSAK,2103690,Petalux Wall Paint 6330 5KG,-2.00,"83,636.00",GLN,7.50,0.00,0.00,"-12,545.40","-154,726.60",,1,"INDOWIRA, PT"
RETUR,RJ26050061,29/05/2026 0:00,,T,,G.171,SAUYUNAN,BY PASS BARU KRW,G,JULIANTO,2,GUDANG RUSAK,2103670,Petalux Wall Paint 6309 Cottag 5KG,-6.00,"90,000.00",GLN,7.50,0.00,0.00,"-40,500.00","-499,500.00",,1,"INDOWIRA, PT"
RETUR,RJ26050061,29/05/2026 0:00,,T,,G.171,SAUYUNAN,BY PASS BARU KRW,G,JULIANTO,2,GUDANG RUSAK,2103670,Petalux Wall Paint 6309 Cottag 5KG,-4.00,"83,636.00",GLN,7.50,0.00,0.00,"-25,090.80","-309,453.20",,1,"INDOWIRA, PT"
RETUR,RJ26050061,29/05/2026 0:00,,T,,G.171,SAUYUNAN,BY PASS BARU KRW,G,JULIANTO,2,GUDANG RUSAK,2103723,Petalux Wall Paint 693 Blue Sk 5KG,-22.00,"90,000.00",GLN,7.50,0.00,0.00,"-148,500.00","-1,831,500.00",,1,"INDOWIRA, PT"
RETUR,RJ26050061,29/05/2026 0:00,,T,,G.171,SAUYUNAN,BY PASS BARU KRW,G,JULIANTO,2,GUDANG RUSAK,2103651,Petalux Wall Paint 603 Pastel Green 5KG,-13.00,"90,000.00",GLN,7.50,0.00,0.00,"-87,750.00","-1,082,250.00",,1,"INDOWIRA, PT"
RETUR,RJ26050061,29/05/2026 0:00,,T,,G.171,SAUYUNAN,BY PASS BARU KRW,G,JULIANTO,2,GUDANG RUSAK,2103556,Petalux Wall Paint 6332 25 KG,-2.00,"686,182.00",PL,7.50,0.00,0.00,"-102,927.30","-1,269,436.70",,1,"INDOWIRA, PT"
RETUR,RJ26050061,29/05/2026 0:00,,T,,G.171,SAUYUNAN,BY PASS BARU KRW,G,JULIANTO,2,GUDANG RUSAK,2103518,Petalux Wall Paint 605 Adinda 25 KG,-2.00,"686,182.00",PL,7.50,0.00,0.00,"-102,927.30","-1,269,436.70",,1,"INDOWIRA, PT"
RETUR,RJ26050061,29/05/2026 0:00,,T,,G.171,SAUYUNAN,BY PASS BARU KRW,G,JULIANTO,2,GUDANG RUSAK,2103534,Petalux Wall Paint 6308 Golden 25 KG,-2.00,"686,182.00",PL,7.50,0.00,0.00,"-102,927.30","-1,269,436.70",,1,"INDOWIRA, PT"
RETUR,RJ26050061,29/05/2026 0:00,,T,,G.171,SAUYUNAN,BY PASS BARU KRW,G,JULIANTO,2,GUDANG RUSAK,2103545,Petalux Wall Paint 632 Borobud 25 KG,-1.00,"686,182.00",PL,7.50,0.00,0.00,"-51,463.65","-634,718.35",,1,"INDOWIRA, PT"
RETUR,RJ26050061,29/05/2026 0:00,,T,,G.171,SAUYUNAN,BY PASS BARU KRW,G,JULIANTO,2,GUDANG RUSAK,2103521,Petalux Wall Paint 614 Off Whi 25 KG,-2.00,"686,182.00",PL,7.50,0.00,0.00,"-102,927.30","-1,269,436.70",,1,"INDOWIRA, PT"
RETUR,RJ26050062,29/05/2026 0:00,,T,,G.152,METRO JAYA,PASAR BARU 10 SUBANG,G,JULIANTO,2,GUDANG RUSAK,2101682,Kingkong Wall Paint 121 Saphire 25 KG,-1.00,"216,000.00",PL,7.50,0.00,0.00,"-16,200.00","-199,800.00",,1,"INDOWIRA, PT"
RETUR,RJ26050062,29/05/2026 0:00,,T,,G.152,METRO JAYA,PASAR BARU 10 SUBANG,G,JULIANTO,2,GUDANG RUSAK,2101682,Kingkong Wall Paint 121 Saphire 25 KG,-1.00,"190,909.00",PL,7.50,0.00,0.00,"-14,318.18","-176,590.82",,1,"INDOWIRA, PT"
RETUR,RJ26050062,29/05/2026 0:00,,T,,G.152,METRO JAYA,PASAR BARU 10 SUBANG,G,JULIANTO,2,GUDANG RUSAK,2101701,Kingkong Wall Paint Super White 25 KG,-1.00,"210,000.00",PL,7.50,0.00,0.00,"-15,750.00","-194,250.00",,1,"INDOWIRA, PT"
RETUR,RJ26050062,29/05/2026 0:00,,T,,G.152,METRO JAYA,PASAR BARU 10 SUBANG,G,JULIANTO,2,GUDANG RUSAK,2101701,Kingkong Wall Paint Super White 25 KG,-1.00,"216,000.00",PL,7.50,0.00,0.00,"-16,200.00","-199,800.00",,1,"INDOWIRA, PT"
RETUR,RJ26050062,29/05/2026 0:00,,T,,G.152,METRO JAYA,PASAR BARU 10 SUBANG,G,JULIANTO,2,GUDANG RUSAK,2101701,Kingkong Wall Paint Super White 25 KG,-2.00,"277,500.00",PL,7.50,0.00,0.00,"-41,625.00","-513,375.00",,1,"INDOWIRA, PT"
RETUR,RJ26050062,29/05/2026 0:00,,T,,G.152,METRO JAYA,PASAR BARU 10 SUBANG,G,JULIANTO,2,GUDANG RUSAK,2101697,Kingkong Wall Paint Putih Metro 25 KG,-2.00,"213,636.00",PL,7.50,0.00,0.00,"-32,045.40","-395,226.60",,1,"INDOWIRA, PT"
JUAL,261.006.288,30/05/2026 0:00,2605300773,T,,R.488,GAN PROPERTI,GLAND PADALARANG VALLEY JL.CIPADANG MANAH PADALARANG,R,SIMON QIRENE,1,GUDANG BAIK,2101330,Attaboy Wall Putty Instant Powder  2 KG,15.00,"38,000.00",BKS,0.00,0.00,0.00,0.00,"570,000.00",U/P.HENDRI,1,"INDOWIRA, PT"
JUAL,261.006.289,30/05/2026 0:00,2605280732,T,,GF.101,LANGGENG QUICK,JL.RAYA KESAMBI DEPAN MASJID KESAMBI DESA KADUNG WUNGU KEC.ANJATAN IND,C,YONATHAN,1,GUDANG BAIK,2100011,AlFa Polyester Putty  3KG,18.00,"120,000.00",GLN,5.00,0.00,0.00,"108,000.00","2,052,000.00",,1,"INDOWIRA, PT"
JUAL,261.006.290,30/05/2026 0:00,2605300777,T,,W.501A,NORMAN,JL.SUKAJADI NO.120-124 SEBRANGF SAGAVIGOR,13,BU RINI,1,GUDANG BAIK,2103625,Petalux Wall Paint Putih Wangi 25 KG,3.00,"800,000.00",PL,0.00,0.00,0.00,0.00,"2,400,000.00",U/P.BP.EPUL,1,"INDOWIRA, PT"
JUAL,261.006.291,30/05/2026 0:00,2605300774,T,,Q.301A,PT.VISTA KREASINDO,JL.SAMPURNA 1 DAERAH EYCMAN,13,BU RINI,1,GUDANG BAIK,2103618,Petalux Wall Paint Putih Hemat 01 25 KG,1.00,"800,000.00",PL,0.00,0.00,0.00,0.00,"800,000.00",,1,"INDOWIRA, PT"
JUAL,261.006.292,30/05/2026 0:00,2605300781,T,,X.247,JAYA BARU,TERUSAN CIBADUYUT 101,R,SIMON QIRENE,1,GUDANG BAIK,2103625,Petalux Wall Paint Putih Wangi 25 KG,5.00,"800,000.00",PL,7.50,0.00,0.00,"300,000.00","3,700,000.00",,1,"INDOWIRA, PT"
JUAL,261.006.293,30/05/2026 0:00,2605300780,T,,U.268,TB.SETIA NUGRAHA 2,JL.CIGUGUR GIRANG KEC.PARONGPONG,U,GANIS,1,GUDANG BAIK,2103817,Shintex Cat Genteng 312 White 4KG,4.00,"204,000.00",GLN,7.50,0.00,0.00,"61,200.00","754,800.00",,1,"INDOWIRA, PT"
JUAL,261.006.293,30/05/2026 0:00,2605300780,T,,U.268,TB.SETIA NUGRAHA 2,JL.CIGUGUR GIRANG KEC.PARONGPONG,U,GANIS,1,GUDANG BAIK,2103818,Shintex Cat Genteng 315 Side Gr 4KG,4.00,"204,000.00",GLN,7.50,0.00,0.00,"61,200.00","754,800.00",,1,"INDOWIRA, PT"
JUAL,261.006.293,30/05/2026 0:00,2605300780,T,,U.268,TB.SETIA NUGRAHA 2,JL.CIGUGUR GIRANG KEC.PARONGPONG,U,GANIS,1,GUDANG BAIK,2102061,Meiji Zinc Chromate Primer  1 KG,6.00,"57,500.00",KL,7.50,0.00,0.00,"25,875.00","319,125.00",,1,"INDOWIRA, PT"
JUAL,261.006.294,30/05/2026 0:00,2605300779,T,,K.104,KAROSERI SANGGAR KARYA,BANJARAN,J,FRANSISKUS,1,GUDANG BAIK,2100029,Adler Epoxy Undercoat  1 LITER,30.00,"122,000.00",KL,10.00,0.00,0.00,"366,000.00","3,294,000.00",,1,"INDOWIRA, PT"
JUAL,261.006.295,30/05/2026 0:00,2605300778,T,,J.140,PT.INDONESIA RABBONI GARMEN,JL.BANJARAN 102 (EX UNILON),J,FRANSISKUS,1,GUDANG BAIK,2103989,Shintex Wall Paint Super White 25 KG,5.00,"538,000.00",PL,0.00,0.00,0.00,0.00,"2,690,000.00",,1,"INDOWIRA, PT"
JUAL,261.006.296,30/05/2026 0:00,2605300776,T,,J.112,PRISTAN,JL.S.HATTA 539,J,FRANSISKUS,1,GUDANG BAIK,2101924,Meiji Gum Sealer  1 LTR SET,12.00,"182,000.00",KL,10.00,0.00,0.00,"218,400.00","1,965,600.00",,1,"INDOWIRA, PT"
JUAL,261.006.296,30/05/2026 0:00,2605300776,T,,J.112,PRISTAN,JL.S.HATTA 539,J,FRANSISKUS,1,GUDANG BAIK,2200086,Petalac 2K Surfacer FD 21 Base 1LT,12.00,"89,000.00",KL,10.00,0.00,0.00,"106,800.00","961,200.00",,1,"INDOWIRA, PT"
JUAL,261.006.296,30/05/2026 0:00,2605300776,T,,J.112,PRISTAN,JL.S.HATTA 539,J,FRANSISKUS,1,GUDANG BAIK,2200087,Petalac Hardener Surfacer FD 0.5LT,12.00,"66,000.00",KL,10.00,0.00,0.00,"79,200.00","712,800.00",,1,"INDOWIRA, PT"
JUAL,261.006.297,30/05/2026 0:00,2605300775,T,,Y.302,CV.PULUNG MITRA BERSAMA,JL.RAYA BARAT NO.752/456 SEBELAH MIE GACOAN PADASUKA,Y,KEN - Y,1,GUDANG BAIK,2101917,Meiji Epoxy Filler White 1 LTR SET,24.00,"93,000.00",KL,7.50,0.00,0.00,"167,400.00","2,064,600.00",,1,"INDOWIRA, PT"
JUAL,261.006.298,30/05/2026 0:00,2605300788,T,,C.124,MAKMUR,TKI 1 NO.29,C,YONATHAN,1,GUDANG BAIK,2104147,Wiratex Wall Paint Putih Salju 25 KG,5.00,"435,000.00",PL,7.50,0.00,0.00,"163,125.00","2,011,875.00",,1,"INDOWIRA, PT"
JUAL,261.006.299,30/05/2026 0:00,2605300787,T,,D.513,PUTRA REJEKI,RAJAWALI BARAT 45,U,GANIS,1,GUDANG BAIK,2104187,Wiratex Wall Paint 852 5KG,8.00,"93,000.00",GL,7.50,0.00,0.00,"55,800.00","688,200.00",,1,"INDOWIRA, PT"
JUAL,261.006.299,30/05/2026 0:00,2605300787,T,,D.513,PUTRA REJEKI,RAJAWALI BARAT 45,U,GANIS,1,GUDANG BAIK,2104184,Wiratex Wall Paint 849 5KG,4.00,"93,000.00",GL,7.50,0.00,0.00,"27,900.00","344,100.00",,1,"INDOWIRA, PT"
JUAL,261.006.299,30/05/2026 0:00,2605300787,T,,D.513,PUTRA REJEKI,RAJAWALI BARAT 45,U,GANIS,1,GUDANG BAIK,2104174,Wiratex Wall Paint 833 Mellow 5KG,4.00,"93,000.00",GL,7.50,0.00,0.00,"27,900.00","344,100.00",,1,"INDOWIRA, PT"
JUAL,261.006.299,30/05/2026 0:00,2605300787,T,,D.513,PUTRA REJEKI,RAJAWALI BARAT 45,U,GANIS,1,GUDANG BAIK,2104182,Wiratex Wall Paint 847 Spring 5KG,4.00,"93,000.00",GL,7.50,0.00,0.00,"27,900.00","344,100.00",,1,"INDOWIRA, PT"
JUAL,261.006.299,30/05/2026 0:00,2605300787,T,,D.513,PUTRA REJEKI,RAJAWALI BARAT 45,U,GANIS,1,GUDANG BAIK,2104163,Wiratex Wall Paint 820 Apple W 5KG,12.00,"93,000.00",GL,7.50,0.00,0.00,"83,700.00","1,032,300.00",,1,"INDOWIRA, PT"
JUAL,261.006.299,30/05/2026 0:00,2605300787,T,,D.513,PUTRA REJEKI,RAJAWALI BARAT 45,U,GANIS,1,GUDANG BAIK,2104172,Wiratex Wall Paint 831 Fresh B 5KG,8.00,"93,000.00",GL,7.50,0.00,0.00,"55,800.00","688,200.00",,1,"INDOWIRA, PT"
JUAL,261.006.299,30/05/2026 0:00,2605300787,T,,D.513,PUTRA REJEKI,RAJAWALI BARAT 45,U,GANIS,1,GUDANG BAIK,2104122,Wiratex Wall Paint 824 Durian 25 KG,1.00,"435,000.00",PL,7.50,0.00,0.00,"32,625.00","402,375.00",,1,"INDOWIRA, PT"
JUAL,261.006.299,30/05/2026 0:00,2605300787,T,,D.513,PUTRA REJEKI,RAJAWALI BARAT 45,U,GANIS,1,GUDANG BAIK,2104147,Wiratex Wall Paint Putih Salju 25 KG,2.00,"435,000.00",PL,7.50,0.00,0.00,"65,250.00","804,750.00",,1,"INDOWIRA, PT"
JUAL,261.006.299,30/05/2026 0:00,2605300787,T,,D.513,PUTRA REJEKI,RAJAWALI BARAT 45,U,GANIS,1,GUDANG BAIK,2104148,Wiratex Wall Paint Super White 25 KG,2.00,"435,000.00",PL,7.50,0.00,0.00,"65,250.00","804,750.00",,1,"INDOWIRA, PT"
JUAL,261.006.300,30/05/2026 0:00,2605300786,T,,C.210,PRIMA JAYA,KEBON KOPI 66,U,GANIS,1,GUDANG BAIK,2104184,Wiratex Wall Paint 849 5KG,3.00,"93,000.00",GL,7.50,0.00,0.00,"20,925.00","258,075.00",,1,"INDOWIRA, PT"
JUAL,261.006.300,30/05/2026 0:00,2605300786,T,,C.210,PRIMA JAYA,KEBON KOPI 66,U,GANIS,1,GUDANG BAIK,2104165,Wiratex Wall Paint 823 Poppy O 5KG,3.00,"93,000.00",GL,7.50,0.00,0.00,"20,925.00","258,075.00",,1,"INDOWIRA, PT"
JUAL,261.006.300,30/05/2026 0:00,2605300786,T,,C.210,PRIMA JAYA,KEBON KOPI 66,U,GANIS,1,GUDANG BAIK,2104147,Wiratex Wall Paint Putih Salju 25 KG,3.00,"435,000.00",PL,7.50,0.00,0.00,"97,875.00","1,207,125.00",,1,"INDOWIRA, PT"
JUAL,261.006.301,30/05/2026 0:00,2605300794,T,,J.427B,PAK JEPRI,PONDOK MAS INDAH BARU NO.15 BAROS,J,FRANSISKUS,1,GUDANG BAIK,2104090,Wiratex Ceiling & Gypsum Paint Putih Prima 20 KG,1.00,"338,000.00",PL,5.00,0.00,0.00,"16,900.00","321,100.00",,1,"INDOWIRA, PT"
JUAL,261.006.302,30/05/2026 0:00,2605300782,T,,D.224,TB.PRIBUMI RJ,JL.KEBON KOPI NO.163 RT.06 RW.09 022-601,C,YONATHAN,1,GUDANG BAIK,2104183,Wiratex Wall paint 848 5KG,4.00,"93,000.00",GL,7.50,0.00,0.00,"27,900.00","344,100.00",,1,"INDOWIRA, PT"
JUAL,261.006.302,30/05/2026 0:00,2605300782,T,,D.224,TB.PRIBUMI RJ,JL.KEBON KOPI NO.163 RT.06 RW.09 022-601,C,YONATHAN,1,GUDANG BAIK,2104192,Wiratex Wall Paint Super White 5KG,12.00,"93,000.00",GL,7.50,0.00,0.00,"83,700.00","1,032,300.00",,1,"INDOWIRA, PT"
JUAL,261.006.302,30/05/2026 0:00,2605300782,T,,D.224,TB.PRIBUMI RJ,JL.KEBON KOPI NO.163 RT.06 RW.09 022-601,C,YONATHAN,1,GUDANG BAIK,2104139,Wiratex Wall Paint 848 25 KG,1.00,"435,000.00",PL,7.50,0.00,0.00,"32,625.00","402,375.00",,1,"INDOWIRA, PT"
JUAL,261.006.302,30/05/2026 0:00,2605300782,T,,D.224,TB.PRIBUMI RJ,JL.KEBON KOPI NO.163 RT.06 RW.09 022-601,C,YONATHAN,1,GUDANG BAIK,2104162,Wiratex Wall Paint 814 Adinda 5KG,4.00,"93,000.00",GL,7.50,0.00,0.00,"27,900.00","344,100.00",,1,"INDOWIRA, PT"
JUAL,261.006.302,30/05/2026 0:00,2605300782,T,,D.224,TB.PRIBUMI RJ,JL.KEBON KOPI NO.163 RT.06 RW.09 022-601,C,YONATHAN,1,GUDANG BAIK,2104166,Wiratex Wall Paint 824 Durian 5KG,4.00,"93,000.00",GL,7.50,0.00,0.00,"27,900.00","344,100.00",,1,"INDOWIRA, PT"
JUAL,261.006.302,30/05/2026 0:00,2605300782,T,,D.224,TB.PRIBUMI RJ,JL.KEBON KOPI NO.163 RT.06 RW.09 022-601,C,YONATHAN,1,GUDANG BAIK,2104174,Wiratex Wall Paint 833 Mellow 5KG,4.00,"93,000.00",GL,7.50,0.00,0.00,"27,900.00","344,100.00",,1,"INDOWIRA, PT"
JUAL,261.006.302,30/05/2026 0:00,2605300782,T,,D.224,TB.PRIBUMI RJ,JL.KEBON KOPI NO.163 RT.06 RW.09 022-601,C,YONATHAN,1,GUDANG BAIK,2104171,Wiratex Wall Paint 830 Blue Be 5KG,4.00,"93,000.00",GL,7.50,0.00,0.00,"27,900.00","344,100.00",,1,"INDOWIRA, PT"
JUAL,261.006.303,30/05/2026 0:00,2605300784,T,,R.580,UTAMA KARYA /P' H .AAS,JL.SUMUR BOR 18 CILAME,R,SIMON QIRENE,1,GUDANG BAIK,2102074,Meiji Zinc Chromate Light Grey 20 KG,1.00,"962,000.00",PL,0.00,0.00,0.00,0.00,"962,000.00",,1,"INDOWIRA, PT"
JUAL,261.006.304,30/05/2026 0:00,2605300796,T,,D.619,SALUYU,PATROL PARONGPONG,G,JULIANTO,1,GUDANG BAIK,2104191,Wiratex Wall Paint Putih Salju 5KG,40.00,"93,000.00",GL,7.50,0.00,0.00,"279,000.00","3,441,000.00",,1,"INDOWIRA, PT"
JUAL,261.006.305,30/05/2026 0:00,2605300795,T,,A.313,TEGUH,CIROYOM 49,U,GANIS,1,GUDANG BAIK,2104191,Wiratex Wall Paint Putih Salju 5KG,4.00,"93,000.00",GL,7.50,0.00,0.00,"27,900.00","344,100.00",,1,"INDOWIRA, PT"
JUAL,261.006.305,30/05/2026 0:00,2605300795,T,,A.313,TEGUH,CIROYOM 49,U,GANIS,1,GUDANG BAIK,2300050,Kingkong Wall Paint 104 Cream 4.5KG,2.00,"84,000.00",GLN,7.50,0.00,0.00,"12,600.00","155,400.00",,1,"INDOWIRA, PT"
JUAL,261.006.305,30/05/2026 0:00,2605300795,T,,A.313,TEGUH,CIROYOM 49,U,GANIS,1,GUDANG BAIK,2200331,Kingkong Wall Paint 116 Orchid 4.5KG,2.00,"84,000.00",GLN,7.50,0.00,0.00,"12,600.00","155,400.00",,1,"INDOWIRA, PT"
JUAL,261.006.305,30/05/2026 0:00,2605300795,T,,A.313,TEGUH,CIROYOM 49,U,GANIS,1,GUDANG BAIK,2200297,Kingkong Wall Paint 109 Aple W 4.5KG,2.00,"84,000.00",GLN,7.50,0.00,0.00,"12,600.00","155,400.00",,1,"INDOWIRA, PT"
JUAL,261.006.305,30/05/2026 0:00,2605300795,T,,A.313,TEGUH,CIROYOM 49,U,GANIS,1,GUDANG BAIK,2200341,Kingkong WAll Paint 105 Chiffon 4.5KG,2.00,"84,000.00",GLN,7.50,0.00,0.00,"12,600.00","155,400.00",,1,"INDOWIRA, PT"
JUAL,261.006.305,30/05/2026 0:00,2605300795,T,,A.313,TEGUH,CIROYOM 49,U,GANIS,1,GUDANG BAIK,2200345,Kingkong Wall Paint 130 Plum Fr 4.5KG,2.00,"84,000.00",GLN,7.50,0.00,0.00,"12,600.00","155,400.00",,1,"INDOWIRA, PT"
JUAL,261.006.305,30/05/2026 0:00,2605300795,T,,A.313,TEGUH,CIROYOM 49,U,GANIS,1,GUDANG BAIK,2200251,Kingkong Wall Paint 121 Saphire 4.5KG,2.00,"84,000.00",GLN,7.50,0.00,0.00,"12,600.00","155,400.00",,1,"INDOWIRA, PT"
JUAL,261.006.306,30/05/2026 0:00,2605300785,T,,N.870,PT.KSS,JL.PATARUMAN,13,BU RINI,1,GUDANG BAIK,2100018,Alfa Zinc Chromate Primer GREEN 20 KG,1.00,"820,000.00",PL,5.00,0.00,0.00,"41,000.00","779,000.00",,1,"INDOWIRA, PT"
JUAL,261.006.307,30/05/2026 0:00,2605300790,T,,A.205,IRON,SUNIARAJA,Y,KEN - Y,1,GUDANG BAIK,2103516,Petalux Wall Paint 602 Berlian 25 KG,1.00,"800,000.00",PL,7.50,0.00,0.00,"60,000.00","740,000.00",,1,"INDOWIRA, PT"
JUAL,261.006.308,30/05/2026 0:00,2605300789,T,,A.605,MAJU JAYA,ANDIR 103,Y,KEN - Y,1,GUDANG BAIK,2102081,Meiji Zinc Chromate Primer Dark Grey 5 KG,4.00,"258,000.00",GLN,7.50,0.00,0.00,"77,400.00","954,600.00",,1,"INDOWIRA, PT"
JUAL,262.000.690,30/05/2026 0:00,2605300781,T,,X.247,JAYA BARU,TERUSAN CIBADUYUT 101,R,SIMON QIRENE,1,GUDANG BAIK,2104949,Bonus Roller,2.00,0.00,PCS,0.00,0.00,0.00,0.00,0.00,,1,"INDOWIRA, PT"
JUAL,262.000.691,30/05/2026 0:00,2605300788,T,,C.124,MAKMUR,TKI 1 NO.29,C,YONATHAN,1,GUDANG BAIK,2104949,Bonus Roller,1.00,0.00,PCS,0.00,0.00,0.00,0.00,0.00,,1,"INDOWIRA, PT"
JUAL,262.000.692,30/05/2026 0:00,2605300787,T,,D.513,PUTRA REJEKI,RAJAWALI BARAT 45,U,GANIS,1,GUDANG BAIK,2104937,Bonus Kuas,12.00,0.00,PCS,0.00,0.00,0.00,0.00,0.00,,1,"INDOWIRA, PT"
JUAL,262.000.692,30/05/2026 0:00,2605300787,T,,D.513,PUTRA REJEKI,RAJAWALI BARAT 45,U,GANIS,1,GUDANG BAIK,2104949,Bonus Roller,1.00,0.00,PCS,0.00,0.00,0.00,0.00,0.00,,1,"INDOWIRA, PT"
JUAL,262.000.693,30/05/2026 0:00,2605300786,T,,C.210,PRIMA JAYA,KEBON KOPI 66,U,GANIS,1,GUDANG BAIK,2104949,Bonus Roller,1.00,0.00,PCS,0.00,0.00,0.00,0.00,0.00,,1,"INDOWIRA, PT"
JUAL,262.000.694,30/05/2026 0:00,2605300782,T,,D.224,TB.PRIBUMI RJ,JL.KEBON KOPI NO.163 RT.06 RW.09 022-601,C,YONATHAN,1,GUDANG BAIK,2104937,Bonus Kuas,8.00,0.00,PCS,0.00,0.00,0.00,0.00,0.00,,1,"INDOWIRA, PT"
JUAL,262.000.695,30/05/2026 0:00,2605300796,T,,D.619,SALUYU,PATROL PARONGPONG,G,JULIANTO,1,GUDANG BAIK,2104937,Bonus Kuas,12.00,0.00,PCS,0.00,0.00,0.00,0.00,0.00,,1,"INDOWIRA, PT"