JENIS,NOFAKTUR,TGL,NOSO,TUTUPSO,JATUHTEMPO,KODECUSTOMER,NAMACUSTOMER,ALAMATCUSTOMER,KODESALESMAN,NAMASALESMAN,KODEGUDANG,NAMAGUDANG,KODEBARANG,NAMABARANG,QTY,HARGAJUAL,SATUANKECIL,PDISCOUNTITEM,PDISCOUNTITEM2,PDISCOUNTITEM3,DISCOUNTITEM,NETTO,KETERANGAN,KODESUPLIER,NAMASUPLIER
JUAL,261.000.023,05/01/2026 0:00,2512300879,T,,K.410,SUMBER JAYA,PUNGKUR 21,L,RUDI *,1,GUDANG BAIK,2101416,Crystal Coat Thinner  1 LITER,24.00,"51,000.00",KL,5.00,0.00,0.00,"61,200.00","1,162,800.00",,1,"INDOWIRA, PT"
JUAL,261.000.023,05/01/2026 0:00,2512300879,T,,K.410,SUMBER JAYA,PUNGKUR 21,L,RUDI *,1,GUDANG BAIK,2101367,Crystal Coat Candytone Golden Oran 1 LITER,12.00,"657,000.00",KL,10.00,5.00,0.00,"1,143,180.00","6,740,820.00",,1,"INDOWIRA, PT"
JUAL,261.000.024,05/01/2026 0:00,2512260781,T,,K.410,SUMBER JAYA,PUNGKUR 21,L,RUDI *,1,GUDANG BAIK,2104147,Wiratex Wall Paint Putih Salju 25 KG,1.00,"390,000.00",PL,7.50,0.00,0.00,"29,250.00","360,750.00",,1,"INDOWIRA, PT"
JUAL,261.000.025,05/01/2026 0:00,2512220636,T,,K.527,PT.AKD,SADANG,14,DEPO BANDUNG,1,GUDANG BAIK,2102840,Petalac 2K PU Hardener Special  200 CC,12.00,"55,000.00",KL,10.00,0.00,0.00,"66,000.00","594,000.00",,1,"INDOWIRA, PT"
JUAL,261.000.025,05/01/2026 0:00,2512220636,T,,K.527,PT.AKD,SADANG,14,DEPO BANDUNG,1,GUDANG BAIK,2200050,"Petalac 2K PU Clear Matt MV3 Base 0,8Lt",12.00,"121,000.00",KL,10.00,0.00,0.00,"145,200.00","1,306,800.00",,1,"INDOWIRA, PT"
JUAL,261.000.026,05/01/2026 0:00,2512170533,T,,K.527,PT.AKD,SADANG,14,DEPO BANDUNG,1,GUDANG BAIK,2102840,Petalac 2K PU Hardener Special  200 CC,24.00,"55,000.00",KL,10.00,0.00,0.00,"132,000.00","1,188,000.00",,1,"INDOWIRA, PT"
JUAL,261.000.026,05/01/2026 0:00,2512170533,T,,K.527,PT.AKD,SADANG,14,DEPO BANDUNG,1,GUDANG BAIK,2200050,"Petalac 2K PU Clear Matt MV3 Base 0,8Lt",24.00,"121,000.00",KL,10.00,0.00,0.00,"290,400.00","2,613,600.00",,1,"INDOWIRA, PT"
JUAL,261.000.027,05/01/2026 0:00,2512180578,T,,B.414,SALUYU III,PESANTREN 53A,U,GANIS,1,GUDANG BAIK,2104157,Wiratex Wall Paint 806 Cream 5KG,1.00,"83,000.00",GL,7.50,0.00,0.00,"6,225.00","76,775.00",,1,"INDOWIRA, PT"
JUAL,261.000.028,05/01/2026 0:00,2512260773,T,,D.623,SETIA 2,SERSAN BAJURI 19 LEDENG,Y,KEN - Y,1,GUDANG BAIK,2104042,Shintex Wall Paint Super White 5KG,4.00,"110,000.00",GLN,7.50,0.00,0.00,"33,000.00","407,000.00",,1,"INDOWIRA, PT"
JUAL,261.000.029,05/01/2026 0:00,2512290862,T,,GB.23,TB.SKJ,JL.RAYA CITALANG TEGAL WARU PLERED PWK,G,JULIANTO,1,GUDANG BAIK,2100011,AlFa Polyester Putty  3KG,24.00,"103,000.00",GLN,5.00,0.00,0.00,"123,600.00","2,348,400.00",,1,"INDOWIRA, PT"
JUAL,261.000.030,05/01/2026 0:00,2512260756,T,,D.616,PB.BAROKAH,CIPANJAR 242 CIWARUGA CIGUGUR GIRANG,Y,KEN - Y,1,GUDANG BAIK,2104042,Shintex Wall Paint Super White 5KG,4.00,"110,000.00",GLN,7.50,0.00,0.00,"33,000.00","407,000.00",,1,"INDOWIRA, PT"
JUAL,261.000.033,05/01/2026 0:00,2512310901,T,,K.410,SUMBER JAYA,PUNGKUR 21,L,RUDI *,1,GUDANG BAIK,2101387,Crystal Coat Clear Gloss  1 LITER,3.00,"657,000.00",KL,10.00,0.00,0.00,"197,100.00","1,773,900.00",,1,"INDOWIRA, PT"
JUAL,261.000.034,05/01/2026 0:00,2512310899,T,,N.888,SUMBER WARNA,PUNGKUR,14,DEPO BANDUNG,1,GUDANG BAIK,2103145,Petalac Thinner PU  1 LTR,18.00,"51,000.00",KL,0.00,0.00,0.00,0.00,"918,000.00",,1,"INDOWIRA, PT"
JUAL,261.000.034,05/01/2026 0:00,2512310899,T,,N.888,SUMBER WARNA,PUNGKUR,14,DEPO BANDUNG,1,GUDANG BAIK,2102840,Petalac 2K PU Hardener Special  200 CC,6.00,"55,000.00",KL,7.50,2.50,0.00,"32,381.28","297,618.72",,1,"INDOWIRA, PT"
JUAL,261.000.034,05/01/2026 0:00,2512310899,T,,N.888,SUMBER WARNA,PUNGKUR,14,DEPO BANDUNG,1,GUDANG BAIK,2200050,"Petalac 2K PU Clear Matt MV3 Base 0,8Lt",6.00,"121,000.00",KL,7.50,2.50,0.00,"71,238.72","654,761.28",,1,"INDOWIRA, PT"
JUAL,261.000.036,05/01/2026 0:00,2601050010,T,,A.110,NANJUNG JAYA,PASIRKOJA 195,Y,KEN - Y,1,GUDANG BAIK,2104184,Wiratex Wall Paint 849 5KG,2.00,"83,000.00",GL,7.50,0.00,0.00,"12,450.00","153,550.00",,1,"INDOWIRA, PT"
JUAL,261.000.036,05/01/2026 0:00,2601050010,T,,A.110,NANJUNG JAYA,PASIRKOJA 195,Y,KEN - Y,1,GUDANG BAIK,2104183,Wiratex Wall paint 848 5KG,2.00,"83,000.00",GL,7.50,0.00,0.00,"12,450.00","153,550.00",,1,"INDOWIRA, PT"
JUAL,261.000.036,05/01/2026 0:00,2601050010,T,,A.110,NANJUNG JAYA,PASIRKOJA 195,Y,KEN - Y,1,GUDANG BAIK,2104182,Wiratex Wall Paint 847 Spring 5KG,2.00,"83,000.00",GL,7.50,0.00,0.00,"12,450.00","153,550.00",,1,"INDOWIRA, PT"
JUAL,261.000.036,05/01/2026 0:00,2601050010,T,,A.110,NANJUNG JAYA,PASIRKOJA 195,Y,KEN - Y,1,GUDANG BAIK,2104171,Wiratex Wall Paint 830 Blue Be 5KG,2.00,"83,000.00",GL,7.50,0.00,0.00,"12,450.00","153,550.00",,1,"INDOWIRA, PT"
JUAL,261.000.036,05/01/2026 0:00,2601050010,T,,A.110,NANJUNG JAYA,PASIRKOJA 195,Y,KEN - Y,1,GUDANG BAIK,2104170,Wiratex Wall Paint 829 Deep Pi 5KG,2.00,"83,000.00",GL,7.50,0.00,0.00,"12,450.00","153,550.00",,1,"INDOWIRA, PT"
JUAL,261.000.036,05/01/2026 0:00,2601050010,T,,A.110,NANJUNG JAYA,PASIRKOJA 195,Y,KEN - Y,1,GUDANG BAIK,2104161,Wiratex Wall Paint 812 Ice Blu 5KG,2.00,"83,000.00",GL,7.50,0.00,0.00,"12,450.00","153,550.00",,1,"INDOWIRA, PT"
JUAL,261.000.036,05/01/2026 0:00,2601050010,T,,A.110,NANJUNG JAYA,PASIRKOJA 195,Y,KEN - Y,1,GUDANG BAIK,2104181,Wiratex Wall Paint 846 Plum Fr 5KG,2.00,"83,000.00",GL,7.50,0.00,0.00,"12,450.00","153,550.00",,1,"INDOWIRA, PT"
JUAL,261.000.036,05/01/2026 0:00,2601050010,T,,A.110,NANJUNG JAYA,PASIRKOJA 195,Y,KEN - Y,1,GUDANG BAIK,2104180,Wiratex Wall Paint 845 River S 5KG,2.00,"83,000.00",GL,7.50,0.00,0.00,"12,450.00","153,550.00",,1,"INDOWIRA, PT"
JUAL,261.000.036,05/01/2026 0:00,2601050010,T,,A.110,NANJUNG JAYA,PASIRKOJA 195,Y,KEN - Y,1,GUDANG BAIK,2104192,Wiratex Wall Paint Super White 5KG,12.00,"83,000.00",GL,7.50,0.00,0.00,"74,700.00","921,300.00",,1,"INDOWIRA, PT"
JUAL,261.000.036,05/01/2026 0:00,2601050010,T,,A.110,NANJUNG JAYA,PASIRKOJA 195,Y,KEN - Y,1,GUDANG BAIK,2102178,Mascot Wall Paint Super White 5 KG,4.00,"65,000.00",GLN,7.50,0.00,0.00,"19,500.00","240,500.00",,1,"INDOWIRA, PT"
JUAL,261.000.037,05/01/2026 0:00,2601050010,T,,A.110,NANJUNG JAYA,PASIRKOJA 195,Y,KEN - Y,1,GUDANG BAIK,2104157,Wiratex Wall Paint 806 Cream 5KG,2.00,"83,000.00",GL,7.50,0.00,0.00,"12,450.00","153,550.00",,1,"INDOWIRA, PT"
JUAL,261.000.037,05/01/2026 0:00,2601050010,T,,A.110,NANJUNG JAYA,PASIRKOJA 195,Y,KEN - Y,1,GUDANG BAIK,2104164,Wiratex Wall Paint 822 Palazo 5KG,2.00,"83,000.00",GL,7.50,0.00,0.00,"12,450.00","153,550.00",,1,"INDOWIRA, PT"
JUAL,261.000.039,05/01/2026 0:00,2601050008,T,,J.234,KRIYA NUSANTARA GROUP,JL.CIBIRU HILIR NO.36 CIBIRU WETAN CILEUNYI,J,FRANSISKUS,1,GUDANG BAIK,2300092,Petalac Hardener Special Black Matt 200CC,1.00,"55,000.00",KL,10.00,0.00,0.00,"5,500.00","49,500.00",,1,"INDOWIRA, PT"
JUAL,261.000.039,05/01/2026 0:00,2601050008,T,,J.234,KRIYA NUSANTARA GROUP,JL.CIBIRU HILIR NO.36 CIBIRU WETAN CILEUNYI,J,FRANSISKUS,1,GUDANG BAIK,2300088,Petalac 2K PU Colour Base Black Matt 0.8LT,1.00,"133,000.00",KL,10.00,0.00,0.00,"13,300.00","119,700.00",,1,"INDOWIRA, PT"
JUAL,261.000.040,05/01/2026 0:00,2601050007,T,,J.234,KRIYA NUSANTARA GROUP,JL.CIBIRU HILIR NO.36 CIBIRU WETAN CILEUNYI,J,FRANSISKUS,1,GUDANG BAIK,2101416,Crystal Coat Thinner  1 LITER,20.00,"51,000.00",KL,0.00,0.00,0.00,0.00,"1,020,000.00",,1,"INDOWIRA, PT"
JUAL,261.000.040,05/01/2026 0:00,2601050007,T,,J.234,KRIYA NUSANTARA GROUP,JL.CIBIRU HILIR NO.36 CIBIRU WETAN CILEUNYI,J,FRANSISKUS,1,GUDANG BAIK,2101387,Crystal Coat Clear Gloss  1 LITER,6.00,"657,000.00",KL,10.00,0.00,0.00,"394,200.00","3,547,800.00",,1,"INDOWIRA, PT"
JUAL,261.000.041,05/01/2026 0:00,2601050005,T,,K.201,AGUS CENDANA,KIRCON 141,L,RUDI *,1,GUDANG BAIK,2102840,Petalac 2K PU Hardener Special  200 CC,6.00,"55,000.00",KL,10.00,0.00,0.00,"33,000.00","297,000.00",,1,"INDOWIRA, PT"
JUAL,261.000.041,05/01/2026 0:00,2601050005,T,,K.201,AGUS CENDANA,KIRCON 141,L,RUDI *,1,GUDANG BAIK,2200050,"Petalac 2K PU Clear Matt MV3 Base 0,8Lt",6.00,"121,000.00",KL,10.00,0.00,0.00,"72,600.00","653,400.00",,1,"INDOWIRA, PT"
JUAL,261.000.043,05/01/2026 0:00,2601050018,T,,K.410,SUMBER JAYA,PUNGKUR 21,L,RUDI *,1,GUDANG BAIK,2101377,Crystal Coat Candytone Vergoldet 1lts,1.00,"657,000.00",KL,10.00,5.00,0.00,"95,265.00","561,735.00",,1,"INDOWIRA, PT"
JUAL,261.000.044,05/01/2026 0:00,2601050015,T,,Y.285,KENARI JAYA,JL.SINDANG SARI NO.3 CIJERAH,Y,KEN - Y,1,GUDANG BAIK,2104171,Wiratex Wall Paint 830 Blue Be 5KG,2.00,"83,000.00",GL,7.50,0.00,0.00,"12,450.00","153,550.00",,1,"INDOWIRA, PT"
JUAL,261.000.044,05/01/2026 0:00,2601050015,T,,Y.285,KENARI JAYA,JL.SINDANG SARI NO.3 CIJERAH,Y,KEN - Y,1,GUDANG BAIK,2104191,Wiratex Wall Paint Putih Salju 5KG,2.00,"83,000.00",GL,7.50,0.00,0.00,"12,450.00","153,550.00",,1,"INDOWIRA, PT"
JUAL,261.000.044,05/01/2026 0:00,2601050015,T,,Y.285,KENARI JAYA,JL.SINDANG SARI NO.3 CIJERAH,Y,KEN - Y,1,GUDANG BAIK,2104192,Wiratex Wall Paint Super White 5KG,8.00,"83,000.00",GL,7.50,0.00,0.00,"49,800.00","614,200.00",,1,"INDOWIRA, PT"
JUAL,261.000.044,05/01/2026 0:00,2601050015,T,,Y.285,KENARI JAYA,JL.SINDANG SARI NO.3 CIJERAH,Y,KEN - Y,1,GUDANG BAIK,2102178,Mascot Wall Paint Super White 5 KG,4.00,"65,000.00",GLN,7.50,0.00,0.00,"19,500.00","240,500.00",,1,"INDOWIRA, PT"
JUAL,261.000.044,05/01/2026 0:00,2601050015,T,,Y.285,KENARI JAYA,JL.SINDANG SARI NO.3 CIJERAH,Y,KEN - Y,1,GUDANG BAIK,2104119,Wiratex Wall Paint 820 Apple W 25 KG,2.00,"390,000.00",PL,7.50,0.00,0.00,"58,500.00","721,500.00",,1,"INDOWIRA, PT"
JUAL,261.000.045,05/01/2026 0:00,2601050014,T,,Y.255,TB.REGENCY,JL.SUPARMIN NO.11 LANUD HUSEN,Y,KEN - Y,1,GUDANG BAIK,2103863,Shintex Wall Filler  1 KG,4.00,"23,000.00",KL,7.50,0.00,0.00,"6,900.00","85,100.00",,1,"INDOWIRA, PT"
JUAL,261.000.047,05/01/2026 0:00,2601050020,T,,D.131,SINAR MAS,TKI III D4 NO.17,D,WILLY,1,GUDANG BAIK,2104042,Shintex Wall Paint Super White 5KG,4.00,"110,000.00",GLN,7.50,0.00,0.00,"33,000.00","407,000.00",,1,"INDOWIRA, PT"
JUAL,261.000.048,05/01/2026 0:00,2601050019,T,,R.574,TB.RIZKY GYPSUM,JL.CIMENTENG MARTASIK CIPAGERAN RT.01/11,R,SIMON QIRENE,1,GUDANG BAIK,2200341,Kingkong WAll Paint 105 Chiffon 4.5KG,4.00,"76,000.00",GLN,7.50,0.00,0.00,"22,800.00","281,200.00",,1,"INDOWIRA, PT"
JUAL,261.000.048,05/01/2026 0:00,2601050019,T,,R.574,TB.RIZKY GYPSUM,JL.CIMENTENG MARTASIK CIPAGERAN RT.01/11,R,SIMON QIRENE,1,GUDANG BAIK,2200222,Kingkong Wall Paint Putih Metropolitan 4.5KG,4.00,"76,000.00",GLN,7.50,0.00,0.00,"22,800.00","281,200.00",,1,"INDOWIRA, PT"
JUAL,261.000.049,05/01/2026 0:00,2601050025,T,,J.422,TC.SUMBER SARANA WARNA,GRIYA PATARUMAN ASRI BLOK C2 NO.18 RT.001/011 PATOKAN MESJ8ID AL MUHAJ,J,FRANSISKUS,1,GUDANG BAIK,2100049,Adler Polyester Putty 3002  1 KG SET,12.00,"62,000.00",KL,10.00,0.00,0.00,"74,400.00","669,600.00",,1,"INDOWIRA, PT"
JUAL,261.000.050,05/01/2026 0:00,2601050013,T,,D.223,TB.PUTRA ABADI,JL.BIMA NO.129 022-6123038,Y,KEN - Y,1,GUDANG BAIK,2103863,Shintex Wall Filler  1 KG,12.00,"23,000.00",KL,7.50,0.00,0.00,"20,700.00","255,300.00",,1,"INDOWIRA, PT"
JUAL,261.000.050,05/01/2026 0:00,2601050013,T,,D.223,TB.PUTRA ABADI,JL.BIMA NO.129 022-6123038,Y,KEN - Y,1,GUDANG BAIK,2100006,Alfa Polyester Putty  1 KG,6.00,"39,000.00",KL,5.00,0.00,0.00,"11,700.00","222,300.00",,1,"INDOWIRA, PT"
JUAL,261.000.050,05/01/2026 0:00,2601050013,T,,D.223,TB.PUTRA ABADI,JL.BIMA NO.129 022-6123038,Y,KEN - Y,1,GUDANG BAIK,2103922,Shintex Wall Paint Super White 1KG,12.00,"32,000.00",KL,7.50,0.00,0.00,"28,800.00","355,200.00",,1,"INDOWIRA, PT"
JUAL,261.000.051,05/01/2026 0:00,2601050012,T,,Y.241,TB.HURIP JAYA,CIKUTRA NO.129 A,Y,KEN - Y,1,GUDANG BAIK,2102178,Mascot Wall Paint Super White 5 KG,8.00,"65,000.00",GLN,7.50,0.00,0.00,"39,000.00","481,000.00",,1,"INDOWIRA, PT"
JUAL,261.000.052,05/01/2026 0:00,2601050011,T,,Y.294,BERKAH ABADI 5,JL.ENCEP KARTIWA CITEUREUP 41C,Y,KEN - Y,1,GUDANG BAIK,2104192,Wiratex Wall Paint Super White 5KG,20.00,"83,000.00",GL,7.50,0.00,0.00,"124,500.00","1,535,500.00",,1,"INDOWIRA, PT"
JUAL,261.000.052,05/01/2026 0:00,2601050011,T,,Y.294,BERKAH ABADI 5,JL.ENCEP KARTIWA CITEUREUP 41C,Y,KEN - Y,1,GUDANG BAIK,2103863,Shintex Wall Filler  1 KG,12.00,"23,000.00",KL,7.50,0.00,0.00,"20,700.00","255,300.00",,1,"INDOWIRA, PT"
JUAL,261.000.052,05/01/2026 0:00,2601050011,T,,Y.294,BERKAH ABADI 5,JL.ENCEP KARTIWA CITEUREUP 41C,Y,KEN - Y,1,GUDANG BAIK,2103922,Shintex Wall Paint Super White 1KG,12.00,"32,000.00",KL,7.50,0.00,0.00,"28,800.00","355,200.00",,1,"INDOWIRA, PT"
JUAL,261.000.054,05/01/2026 0:00,2601050037,T,,U.279,BERKAH ABADI 3,JL.CITUNJUNG RT.03 RW.05 BATUJAJAR,U,GANIS,1,GUDANG BAIK,2103816,Shintex Cat Genteng 310 Willow 4KG,4.00,"185,000.00",GLN,7.50,0.00,0.00,"55,500.00","684,500.00",,1,"INDOWIRA, PT"
JUAL,261.000.054,05/01/2026 0:00,2601050037,T,,U.279,BERKAH ABADI 3,JL.CITUNJUNG RT.03 RW.05 BATUJAJAR,U,GANIS,1,GUDANG BAIK,2103811,Shintex Cat Genteng 303 Gold Ac 4KG,4.00,"185,000.00",GLN,7.50,0.00,0.00,"55,500.00","684,500.00",,1,"INDOWIRA, PT"
JUAL,261.000.054,05/01/2026 0:00,2601050037,T,,U.279,BERKAH ABADI 3,JL.CITUNJUNG RT.03 RW.05 BATUJAJAR,U,GANIS,1,GUDANG BAIK,2103818,Shintex Cat Genteng 315 Side Gr 4KG,4.00,"185,000.00",GLN,7.50,0.00,0.00,"55,500.00","684,500.00",,1,"INDOWIRA, PT"
JUAL,261.000.054,05/01/2026 0:00,2601050037,T,,U.279,BERKAH ABADI 3,JL.CITUNJUNG RT.03 RW.05 BATUJAJAR,U,GANIS,1,GUDANG BAIK,2103835,Shintex Cat Genteng Sp 306 Tropic 4 KG,8.00,"231,000.00",GLN,7.50,0.00,0.00,"138,600.00","1,709,400.00",,1,"INDOWIRA, PT"
JUAL,261.000.054,05/01/2026 0:00,2601050037,T,,U.279,BERKAH ABADI 3,JL.CITUNJUNG RT.03 RW.05 BATUJAJAR,U,GANIS,1,GUDANG BAIK,2103819,Shintex Cat Genteng 316 Minimal Grey 4KG,8.00,"185,000.00",GLN,7.50,0.00,0.00,"111,000.00","1,369,000.00",,1,"INDOWIRA, PT"
JUAL,261.000.055,05/01/2026 0:00,2601050036,T,,I.509,LEMBANG,RAYA LEMBANG 281,U,GANIS,1,GUDANG BAIK,2104184,Wiratex Wall Paint 849 5KG,4.00,"83,000.00",GL,7.50,0.00,0.00,"24,900.00","307,100.00",,1,"INDOWIRA, PT"
JUAL,261.000.055,05/01/2026 0:00,2601050036,T,,I.509,LEMBANG,RAYA LEMBANG 281,U,GANIS,1,GUDANG BAIK,2104180,Wiratex Wall Paint 845 River S 5KG,4.00,"83,000.00",GL,7.50,0.00,0.00,"24,900.00","307,100.00",,1,"INDOWIRA, PT"
JUAL,261.000.056,05/01/2026 0:00,2601050001,T,,Y.291,BERKAH ABADI 2,PERTIGAAN PATROL - PARONGPONG,Y,KEN - Y,1,GUDANG BAIK,2104182,Wiratex Wall Paint 847 Spring 5KG,2.00,"83,000.00",GL,7.50,0.00,0.00,"12,450.00","153,550.00",,1,"INDOWIRA, PT"
JUAL,261.000.056,05/01/2026 0:00,2601050001,T,,Y.291,BERKAH ABADI 2,PERTIGAAN PATROL - PARONGPONG,Y,KEN - Y,1,GUDANG BAIK,2104192,Wiratex Wall Paint Super White 5KG,2.00,"83,000.00",GL,7.50,0.00,0.00,"12,450.00","153,550.00",,1,"INDOWIRA, PT"
JUAL,261.000.056,05/01/2026 0:00,2601050001,T,,Y.291,BERKAH ABADI 2,PERTIGAAN PATROL - PARONGPONG,Y,KEN - Y,1,GUDANG BAIK,2104148,Wiratex Wall Paint Super White 25 KG,1.00,"390,000.00",PL,7.50,0.00,0.00,"29,250.00","360,750.00",,1,"INDOWIRA, PT"
JUAL,261.000.057,05/01/2026 0:00,2601050003,T,,Y.284,PUTRA SEJATI 3,RANCA BENTANG NO.3,Y,KEN - Y,1,GUDANG BAIK,2103922,Shintex Wall Paint Super White 1KG,4.00,"32,000.00",KL,7.50,0.00,0.00,"9,600.00","118,400.00",,1,"INDOWIRA, PT"
JUAL,261.000.057,05/01/2026 0:00,2601050003,T,,Y.284,PUTRA SEJATI 3,RANCA BENTANG NO.3,Y,KEN - Y,1,GUDANG BAIK,2104140,Wiratex Wall Paint 849 25 KG,1.00,"390,000.00",PL,7.50,0.00,0.00,"29,250.00","360,750.00",,1,"INDOWIRA, PT"
JUAL,261.000.058,05/01/2026 0:00,2601050029,T,,R.523,MITRA KARYA PROSPEKTA,PERUM PANGAUBAN JL.RAYA PANGAUBAN DS.PANGAUBAN,13,BU RINI,1,GUDANG BAIK,2200370,Kingkong Wall Paint 110 Irish W 18KG,4.00,"288,000.00",PAIL,0.00,0.00,0.00,0.00,"1,152,000.00",,1,"INDOWIRA, PT"
JUAL,261.000.058,05/01/2026 0:00,2601050029,T,,R.523,MITRA KARYA PROSPEKTA,PERUM PANGAUBAN JL.RAYA PANGAUBAN DS.PANGAUBAN,13,BU RINI,1,GUDANG BAIK,2300063,Kingkong Wall Paint 110 Irish W 4.5KG,8.00,"76,000.00",GLN,0.00,0.00,0.00,0.00,"608,000.00",,1,"INDOWIRA, PT"
JUAL,261.000.058,05/01/2026 0:00,2601050029,T,,R.523,MITRA KARYA PROSPEKTA,PERUM PANGAUBAN JL.RAYA PANGAUBAN DS.PANGAUBAN,13,BU RINI,1,GUDANG BAIK,2200252,Kingkong Wall Paint 128 Minimal 4.5KG,20.00,"76,000.00",GLN,0.00,0.00,0.00,0.00,"1,520,000.00",,1,"INDOWIRA, PT"
JUAL,261.000.058,05/01/2026 0:00,2601050029,T,,R.523,MITRA KARYA PROSPEKTA,PERUM PANGAUBAN JL.RAYA PANGAUBAN DS.PANGAUBAN,13,BU RINI,1,GUDANG BAIK,2104093,Wiratex Ceiling & Gypsum Paint Putih Prima 5 KG,12.00,"79,000.00",GLN,0.00,0.00,0.00,0.00,"948,000.00",,1,"INDOWIRA, PT"
JUAL,261.000.059,05/01/2026 0:00,2601050038,T,,G.227,MUTIARA WARNA,JL.SOMAWINATA 14 TANI MULYA,G,JULIANTO,1,GUDANG BAIK,2104157,Wiratex Wall Paint 806 Cream 5KG,2.00,"83,000.00",GL,7.50,0.00,0.00,"12,450.00","153,550.00",,1,"INDOWIRA, PT"
JUAL,261.000.059,05/01/2026 0:00,2601050038,T,,G.227,MUTIARA WARNA,JL.SOMAWINATA 14 TANI MULYA,G,JULIANTO,1,GUDANG BAIK,2104163,Wiratex Wall Paint 820 Apple W 5KG,4.00,"83,000.00",GL,7.50,0.00,0.00,"24,900.00","307,100.00",,1,"INDOWIRA, PT"
JUAL,261.000.059,05/01/2026 0:00,2601050038,T,,G.227,MUTIARA WARNA,JL.SOMAWINATA 14 TANI MULYA,G,JULIANTO,1,GUDANG BAIK,2104180,Wiratex Wall Paint 845 River S 5KG,4.00,"83,000.00",GL,7.50,0.00,0.00,"24,900.00","307,100.00",,1,"INDOWIRA, PT"
JUAL,261.000.059,05/01/2026 0:00,2601050038,T,,G.227,MUTIARA WARNA,JL.SOMAWINATA 14 TANI MULYA,G,JULIANTO,1,GUDANG BAIK,2104192,Wiratex Wall Paint Super White 5KG,4.00,"83,000.00",GL,7.50,0.00,0.00,"24,900.00","307,100.00",,1,"INDOWIRA, PT"
JUAL,261.000.059,05/01/2026 0:00,2601050038,T,,G.227,MUTIARA WARNA,JL.SOMAWINATA 14 TANI MULYA,G,JULIANTO,1,GUDANG BAIK,2102164,Mascot Wall Paint 209 Spanish 5 KG,2.00,"65,000.00",GLN,7.50,0.00,0.00,"9,750.00","120,250.00",,1,"INDOWIRA, PT"
JUAL,261.000.059,05/01/2026 0:00,2601050038,T,,G.227,MUTIARA WARNA,JL.SOMAWINATA 14 TANI MULYA,G,JULIANTO,1,GUDANG BAIK,2102177,Mascot Wall Paint Putih Metro 5 KG,2.00,"65,000.00",GLN,7.50,0.00,0.00,"9,750.00","120,250.00",,1,"INDOWIRA, PT"
JUAL,261.000.059,05/01/2026 0:00,2601050038,T,,G.227,MUTIARA WARNA,JL.SOMAWINATA 14 TANI MULYA,G,JULIANTO,1,GUDANG BAIK,2102178,Mascot Wall Paint Super White 5 KG,8.00,"65,000.00",GLN,7.50,0.00,0.00,"39,000.00","481,000.00",,1,"INDOWIRA, PT"
JUAL,261.000.060,05/01/2026 0:00,2601050028,T,,B.404,BARU,RAYA 494 CIMAHI,C,YONATHAN,1,GUDANG BAIK,2104192,Wiratex Wall Paint Super White 5KG,8.00,"83,000.00",GL,7.50,0.00,0.00,"49,800.00","614,200.00",,1,"INDOWIRA, PT"
JUAL,261.000.060,05/01/2026 0:00,2601050028,T,,B.404,BARU,RAYA 494 CIMAHI,C,YONATHAN,1,GUDANG BAIK,2104148,Wiratex Wall Paint Super White 25 KG,1.00,"390,000.00",PL,7.50,0.00,0.00,"29,250.00","360,750.00",,1,"INDOWIRA, PT"
JUAL,261.000.061,05/01/2026 0:00,2601050040,T,,K.304,"HEGAR SUMBER KREASI,PT",JL.PARALON 1 NO.1 CIJERAH,L,RUDI *,1,GUDANG BAIK,2100006,Alfa Polyester Putty  1 KG,60.00,"39,000.00",KL,5.00,0.00,0.00,"117,000.00","2,223,000.00",,1,"INDOWIRA, PT"
JUAL,261.000.062,05/01/2026 0:00,2601050023,T,,A.422,TEGUH RAHAYU,CIHANJUANG 26 B,Y,KEN - Y,1,GUDANG BAIK,2102178,Mascot Wall Paint Super White 5 KG,12.00,"65,000.00",GLN,7.50,0.00,0.00,"58,500.00","721,500.00",,1,"INDOWIRA, PT"
JUAL,261.000.063,05/01/2026 0:00,2601050043,T,,J.313,ART DECO,JL.SEKEKUKUMBUNG 103 TKI II,J,FRANSISKUS,1,GUDANG BAIK,2101412,Crystal Coat Surfacer White 24 KG SET,1.00,"2,156,000.00",PL,10.00,0.00,0.00,"215,600.00","1,940,400.00",,1,"INDOWIRA, PT"
JUAL,261.000.063,05/01/2026 0:00,2601050043,T,,J.313,ART DECO,JL.SEKEKUKUMBUNG 103 TKI II,J,FRANSISKUS,1,GUDANG BAIK,2103148,Petalac Thinner PU  20 LTR,1.00,"834,000.00",JRG,0.00,0.00,0.00,0.00,"834,000.00",,1,"INDOWIRA, PT"
JUAL,261.000.063,05/01/2026 0:00,2601050043,T,,J.313,ART DECO,JL.SEKEKUKUMBUNG 103 TKI II,J,FRANSISKUS,1,GUDANG BAIK,2101421,Crystal Coat Thinner Surfacer  20 LITER,1.00,"700,000.00",JRG,0.00,0.00,0.00,0.00,"700,000.00",,1,"INDOWIRA, PT"
JUAL,261.000.064,05/01/2026 0:00,2601050004,T,,K.404,MADERA,JL.GATSOE NO.123,L,RUDI *,1,GUDANG BAIK,2102749,Petalac PU Clear Sealer  1 LTR SET,1.00,"121,000.00",KL,10.00,0.00,0.00,"12,100.00","108,900.00",,1,"INDOWIRA, PT"
JUAL,261.000.064,05/01/2026 0:00,2601050004,T,,K.404,MADERA,JL.GATSOE NO.123,L,RUDI *,1,GUDANG BAIK,2102840,Petalac 2K PU Hardener Special  200 CC,1.00,"55,000.00",KL,10.00,0.00,0.00,"5,500.00","49,500.00",,1,"INDOWIRA, PT"
JUAL,261.000.064,05/01/2026 0:00,2601050004,T,,K.404,MADERA,JL.GATSOE NO.123,L,RUDI *,1,GUDANG BAIK,2200050,"Petalac 2K PU Clear Matt MV3 Base 0,8Lt",1.00,"121,000.00",KL,10.00,0.00,0.00,"12,100.00","108,900.00",,1,"INDOWIRA, PT"
JUAL,261.000.065,05/01/2026 0:00,2601050002,T,,D.221,RESTU IBU,JL.BALADEWA NO.3,Y,KEN - Y,1,GUDANG BAIK,2104185,Wiratex Wall Paint 850 5KG,4.00,"83,000.00",GL,7.50,0.00,0.00,"24,900.00","307,100.00",,1,"INDOWIRA, PT"
JUAL,261.000.065,05/01/2026 0:00,2601050002,T,,D.221,RESTU IBU,JL.BALADEWA NO.3,Y,KEN - Y,1,GUDANG BAIK,2104183,Wiratex Wall paint 848 5KG,4.00,"83,000.00",GL,7.50,0.00,0.00,"24,900.00","307,100.00",,1,"INDOWIRA, PT"
JUAL,261.000.065,05/01/2026 0:00,2601050002,T,,D.221,RESTU IBU,JL.BALADEWA NO.3,Y,KEN - Y,1,GUDANG BAIK,2104172,Wiratex Wall Paint 831 Fresh B 5KG,4.00,"83,000.00",GL,7.50,0.00,0.00,"24,900.00","307,100.00",,1,"INDOWIRA, PT"
JUAL,261.000.065,05/01/2026 0:00,2601050002,T,,D.221,RESTU IBU,JL.BALADEWA NO.3,Y,KEN - Y,1,GUDANG BAIK,2104180,Wiratex Wall Paint 845 River S 5KG,4.00,"83,000.00",GL,7.50,0.00,0.00,"24,900.00","307,100.00",,1,"INDOWIRA, PT"
JUAL,261.000.065,05/01/2026 0:00,2601050002,T,,D.221,RESTU IBU,JL.BALADEWA NO.3,Y,KEN - Y,1,GUDANG BAIK,2104192,Wiratex Wall Paint Super White 5KG,12.00,"83,000.00",GL,7.50,0.00,0.00,"74,700.00","921,300.00",,1,"INDOWIRA, PT"
JUAL,261.000.066,05/01/2026 0:00,2601050024,T,,G.611,WARNA BARU,JL.CIHAMPELAS 157 CITAPEN,C,YONATHAN,1,GUDANG BAIK,2100006,Alfa Polyester Putty  1 KG,24.00,"39,000.00",KL,5.00,0.00,0.00,"46,800.00","889,200.00",,1,"INDOWIRA, PT"
JUAL,261.000.067,05/01/2026 0:00,2601050031,T,,N.888,SUMBER WARNA,PUNGKUR,14,DEPO BANDUNG,1,GUDANG BAIK,2200046,Petalac 2K PU Clear Gloss Base 0.8LT,6.00,"108,000.00",KL,7.50,2.50,0.00,"63,585.00","584,415.00",,1,"INDOWIRA, PT"
JUAL,261.000.067,05/01/2026 0:00,2601050031,T,,N.888,SUMBER WARNA,PUNGKUR,14,DEPO BANDUNG,1,GUDANG BAIK,2102840,Petalac 2K PU Hardener Special  200 CC,18.00,"55,000.00",KL,7.50,2.50,0.00,"97,143.84","892,856.16",,1,"INDOWIRA, PT"
JUAL,261.000.067,05/01/2026 0:00,2601050031,T,,N.888,SUMBER WARNA,PUNGKUR,14,DEPO BANDUNG,1,GUDANG BAIK,2200068,Petalac 2K PU Colour P.101 Special White Base 0.8L,12.00,"126,000.00",KL,7.50,2.50,0.00,"148,365.00","1,363,635.00",,1,"INDOWIRA, PT"
JUAL,261.000.068,05/01/2026 0:00,2601050033,T,,N.909,PT.KANAKA TARA PERSADA,"JL.KOPO KATAPANG KM 11,8 RT.002 RW.005 PANGAUBAN KATAPANG LAMARGAS IND",13,BU RINI,1,GUDANG BAIK,2102068,Meiji Zinc Chromate Primer Broken Whit 20 KG,3.00,"825,000.00",PL,0.00,0.00,0.00,0.00,"2,475,000.00",K/PODOMORO PARK,1,"INDOWIRA, PT"
JUAL,261.000.070,05/01/2026 0:00,2601050035,T,,U.257,ANTA BARU,JL.PURWAKARTA NO.32 ANTAPANI,U,GANIS,1,GUDANG BAIK,2102095,Mascot Wall Filler  4 KG,25.00,"39,000.00",GLN,7.50,0.00,0.00,"73,125.00","901,875.00",,1,"INDOWIRA, PT"
JUAL,261.000.070,05/01/2026 0:00,2601050035,T,,U.257,ANTA BARU,JL.PURWAKARTA NO.32 ANTAPANI,U,GANIS,1,GUDANG BAIK,2102155,Mascot Wall Paint Super White 25 KG,2.00,"270,000.00",PL,7.50,0.00,0.00,"40,500.00","499,500.00",,1,"INDOWIRA, PT"
JUAL,261.000.071,05/01/2026 0:00,2601050041,T,,K.312,STUDIO 8,SURYANI DALAM 49,L,RUDI *,1,GUDANG BAIK,2104184,Wiratex Wall Paint 849 5KG,8.00,"83,000.00",GL,7.50,0.00,0.00,"49,800.00","614,200.00",,1,"INDOWIRA, PT"
JUAL,261.000.071,05/01/2026 0:00,2601050041,T,,K.312,STUDIO 8,SURYANI DALAM 49,L,RUDI *,1,GUDANG BAIK,2100011,AlFa Polyester Putty  3KG,4.00,"103,000.00",GLN,5.00,0.00,0.00,"20,600.00","391,400.00",,1,"INDOWIRA, PT"
JUAL,261.000.071,05/01/2026 0:00,2601050041,T,,K.312,STUDIO 8,SURYANI DALAM 49,L,RUDI *,1,GUDANG BAIK,2200086,Petalac 2K Surfacer FD 21 Base 1LT,6.00,"80,000.00",KL,10.00,0.00,0.00,"48,000.00","432,000.00",,1,"INDOWIRA, PT"
JUAL,261.000.071,05/01/2026 0:00,2601050041,T,,K.312,STUDIO 8,SURYANI DALAM 49,L,RUDI *,1,GUDANG BAIK,2200087,Petalac Hardener Surfacer FD 0.5LT,6.00,"60,000.00",KL,10.00,0.00,0.00,"36,000.00","324,000.00",,1,"INDOWIRA, PT"
JUAL,261.000.072,05/01/2026 0:00,2601050022,T,,D.106,KURNIAWAN JAYA,TERUSAN CIBADUYUT 61 C,C,YONATHAN,1,GUDANG BAIK,2104073,Tawon Kembang Meni Kayu & Besi 0.8 KG,12.00,"40,000.00",KL,7.50,0.00,0.00,"36,000.00","444,000.00",,1,"INDOWIRA, PT"
JUAL,261.000.073,05/01/2026 0:00,2601050039,T,,N.254,"SANBE FARMA ,PT",JL.TAMAN SARI NO.10,13,BU RINI,1,GUDANG BAIK,2102061,Meiji Zinc Chromate Primer  1 KG,2.00,"51,000.00",KL,10.00,0.00,0.00,"10,200.00","91,800.00",U/P.BP.NANA SARIPUDIN,1,"INDOWIRA, PT"
JUAL,261.000.074,05/01/2026 0:00,2512180584,T,,K.527,PT.AKD,SADANG,14,DEPO BANDUNG,1,GUDANG BAIK,2300265,Petalac 2K PU CO Base City Sensation 0.8LT,18.00,"135,000.00",KL,10.00,0.00,0.00,"243,000.00","2,187,000.00",,1,"INDOWIRA, PT"
JUAL,261.000.075,05/01/2026 0:00,2512220673,T,,N.254,"SANBE FARMA ,PT",JL.TAMAN SARI NO.10,13,BU RINI,1,GUDANG BAIK,2102066,Meiji Zinc Chromate Primer  20 KG,1.00,"825,000.00",PL,10.00,0.00,0.00,"82,500.00","742,500.00",U/P.ISMANTO,1,"INDOWIRA, PT"
JUAL,261.000.079,05/01/2026 0:00,2601050052,T,,M.100,UMUM,,14,DEPO BANDUNG,1,GUDANG BAIK,2104836,PETALUX WALL PAINT CM 602 MATAHARI 5KG,1.00,"158,000.00",GLN,0.00,0.00,0.00,0.00,"158,000.00",BU AYU,1,"INDOWIRA, PT"
JUAL,261.000.080,05/01/2026 0:00,2601050055,T,,U.178,TB.YUSUF NANJUNG,JL.DIMENSI NO.16 TLP:6676997,U,GANIS,1,GUDANG BAIK,2104138,Wiratex Wall Paint 847 25 KG,3.00,"390,000.00",PL,7.50,0.00,0.00,"87,750.00","1,082,250.00",,1,"INDOWIRA, PT"
JUAL,261.000.082,05/01/2026 0:00,2601050045,T,,T.328,MITRA KERAMIK,JL.GUNUNG BATU 37,R,SIMON QIRENE,1,GUDANG BAIK,2104148,Wiratex Wall Paint Super White 25 KG,3.00,"390,000.00",PL,7.50,0.00,0.00,"87,750.00","1,082,250.00",,1,"INDOWIRA, PT"
JUAL,261.000.085,06/01/2026 0:00,2601050059,T,,C.602,BERKAH,PESANTREN 195/96,C,YONATHAN,1,GUDANG BAIK,2104192,Wiratex Wall Paint Super White 5KG,16.00,"83,000.00",GL,7.50,0.00,0.00,"99,600.00","1,228,400.00",,1,"INDOWIRA, PT"
JUAL,261.000.085,06/01/2026 0:00,2601050059,T,,C.602,BERKAH,PESANTREN 195/96,C,YONATHAN,1,GUDANG BAIK,2103863,Shintex Wall Filler  1 KG,12.00,"23,000.00",KL,7.50,0.00,0.00,"20,700.00","255,300.00",,1,"INDOWIRA, PT"
JUAL,261.000.087,06/01/2026 0:00,2601060080,T,,K.527,PT.AKD,SADANG,14,DEPO BANDUNG,1,GUDANG BAIK,2200046,Petalac 2K PU Clear Gloss Base 0.8LT,6.00,"108,000.00",KL,10.00,0.00,0.00,"64,800.00","583,200.00",,1,"INDOWIRA, PT"
JUAL,261.000.087,06/01/2026 0:00,2601060080,T,,K.527,PT.AKD,SADANG,14,DEPO BANDUNG,1,GUDANG BAIK,2100049,Adler Polyester Putty 3002  1 KG SET,60.00,"62,000.00",KL,10.00,0.00,0.00,"372,000.00","3,348,000.00",,1,"INDOWIRA, PT"
JUAL,261.000.087,06/01/2026 0:00,2601060080,T,,K.527,PT.AKD,SADANG,14,DEPO BANDUNG,1,GUDANG BAIK,2103148,Petalac Thinner PU  20 LTR,10.00,"834,000.00",JRG,0.00,0.00,0.00,0.00,"8,340,000.00",,1,"INDOWIRA, PT"
JUAL,261.000.088,06/01/2026 0:00,2601050063,T,,N.191,JAMAFAC,PADALARANG,13,BU RINI,1,GUDANG BAIK,2100018,Alfa Zinc Chromate Primer GREEN 20 KG,5.00,"799,200.00",PL,0.00,0.00,0.00,0.00,"3,996,000.00",,1,"INDOWIRA, PT"
JUAL,261.000.089,06/01/2026 0:00,2601050064,T,,A.213,SINAR SARANA,SUNARAJA 80 A,Y,KEN - Y,1,GUDANG BAIK,2100710,Attaboy OS Super Primer White 2 LITER,2.00,"180,000.00",GL,0.00,0.00,0.00,0.00,"360,000.00",,1,"INDOWIRA, PT"
JUAL,261.000.089,06/01/2026 0:00,2601050064,T,,A.213,SINAR SARANA,SUNARAJA 80 A,Y,KEN - Y,1,GUDANG BAIK,2103650,Petalux Wall Paint 602 Berlian 5KG,4.00,"158,000.00",GLN,7.50,0.00,0.00,"47,400.00","584,600.00",,1,"INDOWIRA, PT"
JUAL,261.000.089,06/01/2026 0:00,2601050064,T,,A.213,SINAR SARANA,SUNARAJA 80 A,Y,KEN - Y,1,GUDANG BAIK,2104147,Wiratex Wall Paint Putih Salju 25 KG,5.00,"390,000.00",PL,7.50,0.00,0.00,"146,250.00","1,803,750.00",,1,"INDOWIRA, PT"
JUAL,261.000.089,06/01/2026 0:00,2601050064,T,,A.213,SINAR SARANA,SUNARAJA 80 A,Y,KEN - Y,1,GUDANG BAIK,2104090,Wiratex Ceiling & Gypsum Paint Putih Prima 20 KG,3.00,"305,000.00",PL,7.50,0.00,0.00,"68,625.00","846,375.00",,1,"INDOWIRA, PT"
JUAL,261.000.090,06/01/2026 0:00,2601050046,T,,C.408,LANGGENG CEMERLANG,JL.GADOBANGKONG NO.2 CIMAHI,R,SIMON QIRENE,1,GUDANG BAIK,2101916,Meiji Epoxy Filler Black 1 LTR SET,6.00,"76,000.00",KL,7.50,0.00,0.00,"34,200.00","421,800.00",,1,"INDOWIRA, PT"
JUAL,261.000.092,06/01/2026 0:00,2601050065,T,,K.311,PIPING,KEBON KOPI 76,13,BU RINI,1,GUDANG BAIK,2200046,Petalac 2K PU Clear Gloss Base 0.8LT,2.00,"108,000.00",KL,10.00,0.00,0.00,"21,600.00","194,400.00",,1,"INDOWIRA, PT"
JUAL,261.000.092,06/01/2026 0:00,2601050065,T,,K.311,PIPING,KEBON KOPI 76,13,BU RINI,1,GUDANG BAIK,2102840,Petalac 2K PU Hardener Special  200 CC,2.00,"55,000.00",KL,10.00,0.00,0.00,"11,000.00","99,000.00",,1,"INDOWIRA, PT"
JUAL,261.000.093,06/01/2026 0:00,2601050066,T,,C.408,LANGGENG CEMERLANG,JL.GADOBANGKONG NO.2 CIMAHI,R,SIMON QIRENE,1,GUDANG BAIK,2100011,AlFa Polyester Putty  3KG,6.00,"103,000.00",GLN,5.00,0.00,0.00,"30,900.00","587,100.00",,1,"INDOWIRA, PT"
JUAL,261.000.095,06/01/2026 0:00,2601050068,T,,J.514,GIHON/PA BUDI,DEPAN BRI GUNUNG BATU 6C,C,YONATHAN,1,GUDANG BAIK,2105077,Daltone Epoxy Filler Grey 1Lts,12.00,"70,000.00",KL,7.50,0.00,0.00,"63,000.00","777,000.00",,1,"INDOWIRA, PT"
JUAL,261.000.095,06/01/2026 0:00,2601050068,T,,J.514,GIHON/PA BUDI,DEPAN BRI GUNUNG BATU 6C,C,YONATHAN,1,GUDANG BAIK,2105076,Daltone Epoxy Filler White 1Lts,6.00,"70,000.00",KL,7.50,0.00,0.00,"31,500.00","388,500.00",,1,"INDOWIRA, PT"
JUAL,261.000.097,06/01/2026 0:00,2601050047,T,,R.571,PERUM BUMI CITRA INDAH 4,CIPATIK,R,SIMON QIRENE,1,GUDANG BAIK,2102109,Mascot Wall Paint Super White 200 KG,5.00,"1,365,000.00",DRM,0.00,0.00,0.00,0.00,"6,825,000.00",,1,"INDOWIRA, PT"
JUAL,261.000.098,06/01/2026 0:00,2601050074,T,,Y.289,WARNA DUNIA,KARASAK LAMA NO.184 RT.01/RW.05,Y,KEN - Y,1,GUDANG BAIK,2100049,Adler Polyester Putty 3002  1 KG SET,24.00,"62,000.00",KL,7.50,0.00,0.00,"111,600.00","1,376,400.00",,1,"INDOWIRA, PT"
JUAL,261.000.099,06/01/2026 0:00,2601050075,T,,N.841,UJANG DANI,KP.WALINI RT.09/RW.13 SEBELUM SD BABAKAN SUKAMULYA RANCAEKEK,13,BU RINI,1,GUDANG BAIK,2102109,Mascot Wall Paint Super White 200 KG,2.00,"1,700,000.00",DRM,5.00,0.00,0.00,"170,000.00","3,230,000.00",,1,"INDOWIRA, PT"
JUAL,261.000.100,06/01/2026 0:00,2601050069,T,,N.1098,ANDRE,JL.PASIR BARU RT.01 RW.05 CIHIDEUNG PARONGPONG,13,BU RINI,1,GUDANG BAIK,2100068,Adler Primer Surfacer EP 1050  2 LITER SET,10.00,"205,000.00",KL,0.00,0.00,0.00,0.00,"2,050,000.00",U/P.BP.UNYIL 087825888905,1,"INDOWIRA, PT"
JUAL,261.000.101,06/01/2026 0:00,2601050026,T,,B.421,BOGA SENI BERKAH,"JL.RADIO,CILILIN BANDUNG BARAT",C,YONATHAN,1,GUDANG BAIK,2104192,Wiratex Wall Paint Super White 5KG,20.00,"83,000.00",GL,7.50,0.00,0.00,"124,500.00","1,535,500.00",,1,"INDOWIRA, PT"
JUAL,261.000.102,06/01/2026 0:00,2601050038,T,,G.227,MUTIARA WARNA,JL.SOMAWINATA 14 TANI MULYA,G,JULIANTO,1,GUDANG BAIK,2104157,Wiratex Wall Paint 806 Cream 5KG,2.00,"83,000.00",GL,7.50,0.00,0.00,"12,450.00","153,550.00",,1,"INDOWIRA, PT"
JUAL,261.000.103,06/01/2026 0:00,2601050070,T,,U.199,TB.MITRA BARU,JL.KARYAWANGI PARONGPONG,U,GANIS,1,GUDANG BAIK,2104191,Wiratex Wall Paint Putih Salju 5KG,20.00,"83,000.00",GL,7.50,0.00,0.00,"124,500.00","1,535,500.00",,1,"INDOWIRA, PT"
JUAL,261.000.104,06/01/2026 0:00,2601060082,T,,G.227,MUTIARA WARNA,JL.SOMAWINATA 14 TANI MULYA,G,JULIANTO,1,GUDANG BAIK,2103989,Shintex Wall Paint Super White 25 KG,3.00,"510,000.00",PL,7.50,0.00,0.00,"114,750.00","1,415,250.00",,1,"INDOWIRA, PT"
JUAL,261.000.105,06/01/2026 0:00,2601060083,T,,J.511,YANTO/ADIKREASI,JL.CIHANJUANG 253,J,FRANSISKUS,1,GUDANG BAIK,2103145,Petalac Thinner PU  1 LTR,4.00,"56,610.00",KL,0.00,0.00,0.00,0.00,"226,440.00",,1,"INDOWIRA, PT"
JUAL,261.000.105,06/01/2026 0:00,2601060083,T,,J.511,YANTO/ADIKREASI,JL.CIHANJUANG 253,J,FRANSISKUS,1,GUDANG BAIK,2101416,Crystal Coat Thinner  1 LITER,2.00,"56,610.00",KL,0.00,0.00,0.00,0.00,"113,220.00",,1,"INDOWIRA, PT"
JUAL,261.000.105,06/01/2026 0:00,2601060083,T,,J.511,YANTO/ADIKREASI,JL.CIHANJUANG 253,J,FRANSISKUS,1,GUDANG BAIK,2101391,Crystal Coat Clear Matt MV3 1 LITER,1.00,"729,270.00",KL,10.00,0.00,0.00,"72,927.00","656,343.00",,1,"INDOWIRA, PT"
JUAL,261.000.105,06/01/2026 0:00,2601060083,T,,J.511,YANTO/ADIKREASI,JL.CIHANJUANG 253,J,FRANSISKUS,1,GUDANG BAIK,2102840,Petalac 2K PU Hardener Special  200 CC,4.00,"61,050.00",KL,10.00,0.00,0.00,"24,420.00","219,780.00",,1,"INDOWIRA, PT"
JUAL,261.000.105,06/01/2026 0:00,2601060083,T,,J.511,YANTO/ADIKREASI,JL.CIHANJUANG 253,J,FRANSISKUS,1,GUDANG BAIK,2200074,Petalac 2K PU Colour Special White Matt Base 0.8Lt,4.00,"147,630.00",KL,10.00,0.00,0.00,"59,052.00","531,468.00",,1,"INDOWIRA, PT"
JUAL,261.000.111,06/01/2026 0:00,2512300882,T,,D.211,KARYA AGUNG,LEUWIGAJAH 55,G,JULIANTO,1,GUDANG BAIK,2102066,Meiji Zinc Chromate Primer  20 KG,1.00,"825,000.00",PL,7.50,0.00,0.00,"61,875.00","763,125.00",,1,"INDOWIRA, PT"
JUAL,261.000.112,06/01/2026 0:00,2512300884,T,,J.103,PT.AKARA INTER DESAIN,JL.INDUSTRI II NO.7A RT.006 RW.009 UTAMA,J,FRANSISKUS,1,GUDANG BAIK,2103149,Petalac Thinner PU  5 LTR,1.00,"220,000.00",GLN,0.00,0.00,0.00,0.00,"220,000.00",,1,"INDOWIRA, PT"
JUAL,261.000.113,06/01/2026 0:00,2512310903,T,,H.187,PURA BAJA (PONCOL JAYA 2),"DEPAN MATRIAL SINAR JAYA BANGUNAN JL.RAYA TONJONG ,CIMANGGIS ",H1,MIMING,1,GUDANG BAIK,2100011,AlFa Polyester Putty  3KG,6.00,"103,000.00",GLN,5.00,0.00,0.00,"30,900.00","587,100.00",,1,"INDOWIRA, PT"
JUAL,261.000.114,06/01/2026 0:00,2601050060,T,,H.187,PURA BAJA (PONCOL JAYA 2),"DEPAN MATRIAL SINAR JAYA BANGUNAN JL.RAYA TONJONG ,CIMANGGIS ",H1,MIMING,1,GUDANG BAIK,2100011,AlFa Polyester Putty  3KG,12.00,"103,000.00",GLN,5.00,0.00,0.00,"61,800.00","1,174,200.00",,1,"INDOWIRA, PT"
JUAL,261.000.114,06/01/2026 0:00,2601050060,T,,H.187,PURA BAJA (PONCOL JAYA 2),"DEPAN MATRIAL SINAR JAYA BANGUNAN JL.RAYA TONJONG ,CIMANGGIS ",H1,MIMING,1,GUDANG BAIK,2102079,Meiji Zinc Chromate Primer Grey 5 KG,8.00,"225,000.00",GLN,7.50,0.00,0.00,"135,000.00","1,665,000.00",,1,"INDOWIRA, PT"
JUAL,261.000.114,06/01/2026 0:00,2601050060,T,,H.187,PURA BAJA (PONCOL JAYA 2),"DEPAN MATRIAL SINAR JAYA BANGUNAN JL.RAYA TONJONG ,CIMANGGIS ",H1,MIMING,1,GUDANG BAIK,2100006,Alfa Polyester Putty  1 KG,12.00,"39,000.00",KL,5.00,0.00,0.00,"23,400.00","444,600.00",,1,"INDOWIRA, PT"
JUAL,261.000.114,06/01/2026 0:00,2601050060,T,,H.187,PURA BAJA (PONCOL JAYA 2),"DEPAN MATRIAL SINAR JAYA BANGUNAN JL.RAYA TONJONG ,CIMANGGIS ",H1,MIMING,1,GUDANG BAIK,2102066,Meiji Zinc Chromate Primer  20 KG,1.00,"825,000.00",PL,7.50,0.00,0.00,"61,875.00","763,125.00",,1,"INDOWIRA, PT"
JUAL,261.000.114,06/01/2026 0:00,2601050060,T,,H.187,PURA BAJA (PONCOL JAYA 2),"DEPAN MATRIAL SINAR JAYA BANGUNAN JL.RAYA TONJONG ,CIMANGGIS ",H1,MIMING,1,GUDANG BAIK,2102069,Meiji Zinc Chromate Primer Grey 20 KG,1.00,"825,000.00",PL,7.50,0.00,0.00,"61,875.00","763,125.00",,1,"INDOWIRA, PT"
JUAL,261.000.114,06/01/2026 0:00,2601050060,T,,H.187,PURA BAJA (PONCOL JAYA 2),"DEPAN MATRIAL SINAR JAYA BANGUNAN JL.RAYA TONJONG ,CIMANGGIS ",H1,MIMING,1,GUDANG BAIK,2102068,Meiji Zinc Chromate Primer Broken Whit 20 KG,1.00,"825,000.00",PL,7.50,0.00,0.00,"61,875.00","763,125.00",,1,"INDOWIRA, PT"
JUAL,261.000.115,06/01/2026 0:00,2601050051,T,,H.186,TOKO TILU WARNA,BOGOR,H1,MIMING,1,GUDANG BAIK,2200286,Kingkong Wall Paint 104 Cream 18KG,1.00,"288,000.00",PAIL,7.50,0.00,0.00,"21,600.00","266,400.00",,1,"INDOWIRA, PT"
JUAL,261.000.115,06/01/2026 0:00,2601050051,T,,H.186,TOKO TILU WARNA,BOGOR,H1,MIMING,1,GUDANG BAIK,2300023,Kingkong Wall Paint 126 Bali Gr18KG,1.00,"288,000.00",PAIL,7.50,0.00,0.00,"21,600.00","266,400.00",,1,"INDOWIRA, PT"
JUAL,261.000.115,06/01/2026 0:00,2601050051,T,,H.186,TOKO TILU WARNA,BOGOR,H1,MIMING,1,GUDANG BAIK,2200143,Kingkong Wall Paint 121 Shapire 18KG,2.00,"288,000.00",PAIL,7.50,0.00,0.00,"43,200.00","532,800.00",,1,"INDOWIRA, PT"
JUAL,261.000.115,06/01/2026 0:00,2601050051,T,,H.186,TOKO TILU WARNA,BOGOR,H1,MIMING,1,GUDANG BAIK,2200287,Kingkong Wall Paint 131 Spring 18 Kg,2.00,"288,000.00",PAIL,7.50,0.00,0.00,"43,200.00","532,800.00",,1,"INDOWIRA, PT"
JUAL,261.000.115,06/01/2026 0:00,2601050051,T,,H.186,TOKO TILU WARNA,BOGOR,H1,MIMING,1,GUDANG BAIK,2200342,Kingkong Wall Paint 124 Blue La 18KG,2.00,"288,000.00",PAIL,7.50,0.00,0.00,"43,200.00","532,800.00",,1,"INDOWIRA, PT"
JUAL,261.000.115,06/01/2026 0:00,2601050051,T,,H.186,TOKO TILU WARNA,BOGOR,H1,MIMING,1,GUDANG BAIK,2200183,Kingkong Wall Paint 105 Chiffon 18KG,1.00,"288,000.00",PAIL,7.50,0.00,0.00,"21,600.00","266,400.00",,1,"INDOWIRA, PT"
JUAL,261.000.115,06/01/2026 0:00,2601050051,T,,H.186,TOKO TILU WARNA,BOGOR,H1,MIMING,1,GUDANG BAIK,2200340,Kingkong Wall Paint 128 Minimal 18KG,2.00,"288,000.00",PAIL,7.50,0.00,0.00,"43,200.00","532,800.00",,1,"INDOWIRA, PT"
JUAL,261.000.115,06/01/2026 0:00,2601050051,T,,H.186,TOKO TILU WARNA,BOGOR,H1,MIMING,1,GUDANG BAIK,2200156,Kingkong Wall Paint 109 Apple W 18KG,4.00,"288,000.00",PAIL,7.50,0.00,0.00,"86,400.00","1,065,600.00",,1,"INDOWIRA, PT"
JUAL,261.000.115,06/01/2026 0:00,2601050051,T,,H.186,TOKO TILU WARNA,BOGOR,H1,MIMING,1,GUDANG BAIK,2300111,Kingkong Wall Paint 129 River S 18KG,2.00,"288,000.00",PAIL,7.50,0.00,0.00,"43,200.00","532,800.00",,1,"INDOWIRA, PT"
JUAL,261.000.115,06/01/2026 0:00,2601050051,T,,H.186,TOKO TILU WARNA,BOGOR,H1,MIMING,1,GUDANG BAIK,2200162,Kingkong Wall paint Super White 18KG,8.00,"288,000.00",PAIL,7.50,0.00,0.00,"172,800.00","2,131,200.00",,1,"INDOWIRA, PT"
JUAL,261.000.116,06/01/2026 0:00,2601050051,T,,H.186,TOKO TILU WARNA,BOGOR,H1,MIMING,1,GUDANG BAIK,2200310,Kingkong Wall Paint Black 18KG,2.00,"288,000.00",PAIL,7.50,0.00,0.00,"43,200.00","532,800.00",,1,"INDOWIRA, PT"
JUAL,261.000.116,06/01/2026 0:00,2601050051,T,,H.186,TOKO TILU WARNA,BOGOR,H1,MIMING,1,GUDANG BAIK,2200339,Kingkong Wall Paint 119 Canary 18KG,1.00,"288,000.00",PAIL,7.50,0.00,0.00,"21,600.00","266,400.00",,1,"INDOWIRA, PT"
JUAL,261.000.116,06/01/2026 0:00,2601050051,T,,H.186,TOKO TILU WARNA,BOGOR,H1,MIMING,1,GUDANG BAIK,2200139,Kingkong Wall Paint Super White 4.5Kg,8.00,"76,000.00",GLN,7.50,0.00,0.00,"45,600.00","562,400.00",,1,"INDOWIRA, PT"
JUAL,261.000.116,06/01/2026 0:00,2601050051,T,,H.186,TOKO TILU WARNA,BOGOR,H1,MIMING,1,GUDANG BAIK,2101915,Meiji Epoxy Filler  1 LTR SET,12.00,"76,000.00",KL,5.00,0.00,0.00,"45,600.00","866,400.00",,1,"INDOWIRA, PT"
JUAL,261.000.117,06/01/2026 0:00,2512310904,T,,H.223,MULUS,JL. Raya Drmaga,H1,MIMING,1,GUDANG BAIK,2104147,Wiratex Wall Paint Putih Salju 25 KG,4.00,"390,000.00",PL,7.50,0.00,0.00,"117,000.00","1,443,000.00",,1,"INDOWIRA, PT"
JUAL,261.000.118,06/01/2026 0:00,2601050050,T,,H.223,MULUS,JL. Raya Drmaga,H1,MIMING,1,GUDANG BAIK,2102076,Meiji Zinc Chromate Primer  5 KG,4.00,"225,000.00",GLN,7.50,0.00,0.00,"67,500.00","832,500.00",,1,"INDOWIRA, PT"
JUAL,261.000.119,06/01/2026 0:00,2512310905,T,,H.328,DUCO JAYA PAINT,JL.RAYA PUNCAK GADOG,H1,MIMING,1,GUDANG BAIK,2100011,AlFa Polyester Putty  3KG,54.00,"103,000.00",GLN,5.00,0.00,0.00,"278,100.00","5,283,900.00",,1,"INDOWIRA, PT"
JUAL,261.000.119,06/01/2026 0:00,2512310905,T,,H.328,DUCO JAYA PAINT,JL.RAYA PUNCAK GADOG,H1,MIMING,1,GUDANG BAIK,2100006,Alfa Polyester Putty  1 KG,36.00,"39,000.00",KL,5.00,0.00,0.00,"70,200.00","1,333,800.00",,1,"INDOWIRA, PT"
JUAL,261.000.119,06/01/2026 0:00,2512310905,T,,H.328,DUCO JAYA PAINT,JL.RAYA PUNCAK GADOG,H1,MIMING,1,GUDANG BAIK,2101915,Meiji Epoxy Filler  1 LTR SET,48.00,"76,000.00",KL,5.00,0.00,0.00,"182,400.00","3,465,600.00",,1,"INDOWIRA, PT"
JUAL,261.000.119,06/01/2026 0:00,2512310905,T,,H.328,DUCO JAYA PAINT,JL.RAYA PUNCAK GADOG,H1,MIMING,1,GUDANG BAIK,2101913,Meiji Epoxy Filler  0.25 LTR SET,96.00,"26,500.00",KL,5.00,0.00,0.00,"127,200.00","2,416,800.00",,1,"INDOWIRA, PT"
JUAL,261.000.119,06/01/2026 0:00,2512310905,T,,H.328,DUCO JAYA PAINT,JL.RAYA PUNCAK GADOG,H1,MIMING,1,GUDANG BAIK,2101917,Meiji Epoxy Filler White 1 LTR SET,12.00,"76,000.00",KL,5.00,0.00,0.00,"45,600.00","866,400.00",,1,"INDOWIRA, PT"
JUAL,261.000.119,06/01/2026 0:00,2512310905,T,,H.328,DUCO JAYA PAINT,JL.RAYA PUNCAK GADOG,H1,MIMING,1,GUDANG BAIK,2101914,Meiji Epoxy Filler White 0.25 LTR SET,24.00,"26,500.00",KL,5.00,0.00,0.00,"31,800.00","604,200.00",,1,"INDOWIRA, PT"
JUAL,261.000.120,06/01/2026 0:00,2512310902,T,,H.218,INDAH WARNA,JL. Raya Galuga KM 195,H1,MIMING,1,GUDANG BAIK,2101915,Meiji Epoxy Filler  1 LTR SET,48.00,"76,000.00",KL,5.00,0.00,0.00,"182,400.00","3,465,600.00",,1,"INDOWIRA, PT"
JUAL,261.000.120,06/01/2026 0:00,2512310902,T,,H.218,INDAH WARNA,JL. Raya Galuga KM 195,H1,MIMING,1,GUDANG BAIK,2101917,Meiji Epoxy Filler White 1 LTR SET,12.00,"76,000.00",KL,5.00,0.00,0.00,"45,600.00","866,400.00",,1,"INDOWIRA, PT"
JUAL,261.000.121,06/01/2026 0:00,2512220702,T,,H.351,BUDI WANGI,RAYA PASAR WARUNG KONDANG,H,YANSENG,1,GUDANG BAIK,2300025,Kingkong Wall Paint 123 Summer 18KG,3.00,"288,000.00",PAIL,7.50,0.00,0.00,"64,800.00","799,200.00",,1,"INDOWIRA, PT"
JUAL,261.000.121,06/01/2026 0:00,2512220702,T,,H.351,BUDI WANGI,RAYA PASAR WARUNG KONDANG,H,YANSENG,1,GUDANG BAIK,2200143,Kingkong Wall Paint 121 Shapire 18KG,10.00,"288,000.00",PAIL,7.50,0.00,0.00,"216,000.00","2,664,000.00",,1,"INDOWIRA, PT"
JUAL,261.000.121,06/01/2026 0:00,2512220702,T,,H.351,BUDI WANGI,RAYA PASAR WARUNG KONDANG,H,YANSENG,1,GUDANG BAIK,2200342,Kingkong Wall Paint 124 Blue La 18KG,9.00,"288,000.00",PAIL,7.50,0.00,0.00,"194,400.00","2,397,600.00",,1,"INDOWIRA, PT"
JUAL,261.000.121,06/01/2026 0:00,2512220702,T,,H.351,BUDI WANGI,RAYA PASAR WARUNG KONDANG,H,YANSENG,1,GUDANG BAIK,2200156,Kingkong Wall Paint 109 Apple W 18KG,10.00,"288,000.00",PAIL,7.50,0.00,0.00,"216,000.00","2,664,000.00",,1,"INDOWIRA, PT"
JUAL,261.000.121,06/01/2026 0:00,2512220702,T,,H.351,BUDI WANGI,RAYA PASAR WARUNG KONDANG,H,YANSENG,1,GUDANG BAIK,2300041,Kingkong Wall Paint 120 Aqua Green 18KG,3.00,"288,000.00",PAIL,7.50,0.00,0.00,"64,800.00","799,200.00",,1,"INDOWIRA, PT"
JUAL,261.000.122,06/01/2026 0:00,2601050071,T,,H.733A,SUMBER USAHA,LANBAU CITEUREUP,H,YANSENG,1,GUDANG BAIK,2104187,Wiratex Wall Paint 852 5KG,8.00,"83,000.00",GL,7.50,0.00,0.00,"49,800.00","614,200.00",,1,"INDOWIRA, PT"
JUAL,261.000.122,06/01/2026 0:00,2601050071,T,,H.733A,SUMBER USAHA,LANBAU CITEUREUP,H,YANSENG,1,GUDANG BAIK,2104183,Wiratex Wall paint 848 5KG,8.00,"83,000.00",GL,7.50,0.00,0.00,"49,800.00","614,200.00",,1,"INDOWIRA, PT"
JUAL,261.000.122,06/01/2026 0:00,2601050071,T,,H.733A,SUMBER USAHA,LANBAU CITEUREUP,H,YANSENG,1,GUDANG BAIK,2104157,Wiratex Wall Paint 806 Cream 5KG,8.00,"83,000.00",GL,7.50,0.00,0.00,"49,800.00","614,200.00",,1,"INDOWIRA, PT"
JUAL,261.000.122,06/01/2026 0:00,2601050071,T,,H.733A,SUMBER USAHA,LANBAU CITEUREUP,H,YANSENG,1,GUDANG BAIK,2104182,Wiratex Wall Paint 847 Spring 5KG,8.00,"83,000.00",GL,7.50,0.00,0.00,"49,800.00","614,200.00",,1,"INDOWIRA, PT"
JUAL,261.000.122,06/01/2026 0:00,2601050071,T,,H.733A,SUMBER USAHA,LANBAU CITEUREUP,H,YANSENG,1,GUDANG BAIK,2104153,Wiratex Wall Paint 801 Spanish 5KG,8.00,"83,000.00",GL,7.50,0.00,0.00,"49,800.00","614,200.00",,1,"INDOWIRA, PT"
JUAL,261.000.122,06/01/2026 0:00,2601050071,T,,H.733A,SUMBER USAHA,LANBAU CITEUREUP,H,YANSENG,1,GUDANG BAIK,2104175,Wiratex Wall Paint 834 Warm Gr 5KG,8.00,"83,000.00",GL,7.50,0.00,0.00,"49,800.00","614,200.00",,1,"INDOWIRA, PT"
JUAL,261.000.122,06/01/2026 0:00,2601050071,T,,H.733A,SUMBER USAHA,LANBAU CITEUREUP,H,YANSENG,1,GUDANG BAIK,2102066,Meiji Zinc Chromate Primer  20 KG,2.00,"825,000.00",PL,7.50,0.00,0.00,"123,750.00","1,526,250.00",,1,"INDOWIRA, PT"
JUAL,261.000.124,06/01/2026 0:00,2601050048,T,,H.733H,SUMBER USAHA MANUNGGAL,Cileungsi,H,YANSENG,1,GUDANG BAIK,2104163,Wiratex Wall Paint 820 Apple W 5KG,4.00,"83,000.00",GL,7.50,0.00,0.00,"24,900.00","307,100.00",,1,"INDOWIRA, PT"
JUAL,261.000.124,06/01/2026 0:00,2601050048,T,,H.733H,SUMBER USAHA MANUNGGAL,Cileungsi,H,YANSENG,1,GUDANG BAIK,2104153,Wiratex Wall Paint 801 Spanish 5KG,4.00,"83,000.00",GL,7.50,0.00,0.00,"24,900.00","307,100.00",,1,"INDOWIRA, PT"
JUAL,261.000.126,06/01/2026 0:00,2601060087,T,,H.358,TRI JAYA SUKSES,BOGOR,H,YANSENG,1,GUDANG BAIK,2100011,AlFa Polyester Putty  3KG,12.00,"103,000.00",GLN,5.00,0.00,0.00,"61,800.00","1,174,200.00",,1,"INDOWIRA, PT"
JUAL,261.000.126,06/01/2026 0:00,2601060087,T,,H.358,TRI JAYA SUKSES,BOGOR,H,YANSENG,1,GUDANG BAIK,2100006,Alfa Polyester Putty  1 KG,12.00,"39,000.00",KL,5.00,0.00,0.00,"23,400.00","444,600.00",,1,"INDOWIRA, PT"
JUAL,261.000.127,06/01/2026 0:00,2601060088,T,,H.357,AOY/KARYA MULYA,TAIFUR YUSUF NO.21 BOJONG HERANG CIANJUR,H,YANSENG,1,GUDANG BAIK,2200139,Kingkong Wall Paint Super White 4.5Kg,20.00,"76,000.00",GLN,7.50,0.00,0.00,"114,000.00","1,406,000.00",,1,"INDOWIRA, PT"
JUAL,261.000.127,06/01/2026 0:00,2601060088,T,,H.357,AOY/KARYA MULYA,TAIFUR YUSUF NO.21 BOJONG HERANG CIANJUR,H,YANSENG,1,GUDANG BAIK,2102061,Meiji Zinc Chromate Primer  1 KG,24.00,"51,000.00",KL,7.50,0.00,0.00,"91,800.00","1,132,200.00",,1,"INDOWIRA, PT"
JUAL,261.000.128,06/01/2026 0:00,2601060089,T,,H.218,INDAH WARNA,JL. Raya Galuga KM 195,H1,MIMING,1,GUDANG BAIK,2102061,Meiji Zinc Chromate Primer  1 KG,6.00,"51,000.00",KL,7.50,0.00,0.00,"22,950.00","283,050.00",,1,"INDOWIRA, PT"
JUAL,261.000.128,06/01/2026 0:00,2601060089,T,,H.218,INDAH WARNA,JL. Raya Galuga KM 195,H1,MIMING,1,GUDANG BAIK,2102064,Meiji Zinc Chromate Primer Grey 1 KG,6.00,"51,000.00",KL,7.50,0.00,0.00,"22,950.00","283,050.00",,1,"INDOWIRA, PT"
JUAL,261.000.129,06/01/2026 0:00,2601060122,T,,H.223,MULUS,JL. Raya Drmaga,H1,MIMING,1,GUDANG BAIK,2101591,Kingkong Cat Genteng 712 White 4 KG,12.00,"198,000.00",GLN,7.50,0.00,0.00,"178,200.00","2,197,800.00",,1,"INDOWIRA, PT"
JUAL,261.000.130,06/01/2026 0:00,2512310907,T,,H.221,KURNIA UTAMA,"Jl. Raya Dramaga No.KM.7 No.6, RT.03/RW.03, Margajaya",H1,MIMING,1,GUDANG BAIK,2102076,Meiji Zinc Chromate Primer  5 KG,4.00,"225,000.00",GLN,7.50,0.00,0.00,"67,500.00","832,500.00",,1,"INDOWIRA, PT"
JUAL,261.000.130,06/01/2026 0:00,2512310907,T,,H.221,KURNIA UTAMA,"Jl. Raya Dramaga No.KM.7 No.6, RT.03/RW.03, Margajaya",H1,MIMING,1,GUDANG BAIK,2200253,Kingkong Wall Paint 120 Aqua Gr 4.5KG,4.00,"76,000.00",GLN,7.50,0.00,0.00,"22,800.00","281,200.00",,1,"INDOWIRA, PT"
JUAL,261.000.130,06/01/2026 0:00,2512310907,T,,H.221,KURNIA UTAMA,"Jl. Raya Dramaga No.KM.7 No.6, RT.03/RW.03, Margajaya",H1,MIMING,1,GUDANG BAIK,2102061,Meiji Zinc Chromate Primer  1 KG,12.00,"51,000.00",KL,7.50,0.00,0.00,"45,900.00","566,100.00",,1,"INDOWIRA, PT"
JUAL,262.000.001,06/01/2026 0:00,2601050077,T,,D.623,SETIA 2,SERSAN BAJURI 19 LEDENG,Y,KEN - Y,1,GUDANG BAIK,2104148,Wiratex Wall Paint Super White 25 KG,1.00,"390,000.00",PL,7.50,0.00,0.00,"29,250.00","360,750.00",U/TUKAR LANGSUNG,1,"INDOWIRA, PT"
JUAL,262.000.002,06/01/2026 0:00,2601060123,T,,M.108,TISNA(OPLOSAN),,M,UMUM,1,GUDANG BAIK,2103145,Petalac Thinner PU  1 LTR,1.00,0.00,KL,0.00,0.00,0.00,0.00,0.00,,1,"INDOWIRA, PT"
JUAL,261.000.131,07/01/2026 0:00,2601070130,T,,N.888,SUMBER WARNA,PUNGKUR,14,DEPO BANDUNG,1,GUDANG BAIK,2103145,Petalac Thinner PU  1 LTR,12.00,"51,000.00",KL,0.00,0.00,0.00,0.00,"612,000.00",,1,"INDOWIRA, PT"
JUAL,261.000.132,07/01/2026 0:00,2601070129,T,,K.201,AGUS CENDANA,KIRCON 141,L,RUDI *,1,GUDANG BAIK,2103148,Petalac Thinner PU  20 LTR,1.00,"834,000.00",JRG,0.00,0.00,0.00,0.00,"834,000.00",,1,"INDOWIRA, PT"
JUAL,261.000.133,07/01/2026 0:00,2601070127,T,,G.227,MUTIARA WARNA,JL.SOMAWINATA 14 TANI MULYA,G,JULIANTO,1,GUDANG BAIK,2102155,Mascot Wall Paint Super White 25 KG,10.00,"270,000.00",PL,7.50,0.00,0.00,"202,500.00","2,497,500.00",,1,"INDOWIRA, PT"
JUAL,261.000.145,07/01/2026 0:00,2512290848,T,,J.415,BINTANG BERLIAN,H.ZAKARIA NO.6 BELAKANG MOLIS,J,FRANSISKUS,1,GUDANG BAIK,2100011,AlFa Polyester Putty  3KG,15.00,"103,000.00",GLN,5.00,0.00,0.00,"77,250.00","1,467,750.00",,1,"INDOWIRA, PT"
JUAL,261.000.145,07/01/2026 0:00,2512290848,T,,J.415,BINTANG BERLIAN,H.ZAKARIA NO.6 BELAKANG MOLIS,J,FRANSISKUS,1,GUDANG BAIK,2101915,Meiji Epoxy Filler  1 LTR SET,3.00,"76,000.00",KL,10.00,0.00,0.00,"22,800.00","205,200.00",,1,"INDOWIRA, PT"
JUAL,261.000.146,07/01/2026 0:00,2601060120,T,,K.521,TOPIC,JATAYU,L,RUDI *,1,GUDANG BAIK,2102840,Petalac 2K PU Hardener Special  200 CC,24.00,"55,000.00",KL,10.00,0.00,0.00,"132,000.00","1,188,000.00",,1,"INDOWIRA, PT"
JUAL,261.000.146,07/01/2026 0:00,2601060120,T,,K.521,TOPIC,JATAYU,L,RUDI *,1,GUDANG BAIK,2200050,"Petalac 2K PU Clear Matt MV3 Base 0,8Lt",24.00,"121,000.00",KL,10.00,0.00,0.00,"290,400.00","2,613,600.00",,1,"INDOWIRA, PT"
JUAL,261.000.146,07/01/2026 0:00,2601060120,T,,K.521,TOPIC,JATAYU,L,RUDI *,1,GUDANG BAIK,2103148,Petalac Thinner PU  20 LTR,1.00,"834,000.00",JRG,0.00,0.00,0.00,0.00,"834,000.00",,1,"INDOWIRA, PT"
JUAL,261.000.147,07/01/2026 0:00,2601060106,T,,J.514,GIHON/PA BUDI,DEPAN BRI GUNUNG BATU 6C,C,YONATHAN,1,GUDANG BAIK,2105078,Daltone Epoxy Filler Grey 0.25 Lts,12.00,"25,000.00",KL,7.50,0.00,0.00,"22,500.00","277,500.00",,1,"INDOWIRA, PT"
JUAL,261.000.148,07/01/2026 0:00,2601060109,T,,D.315,USAHA MEKAR,SARIMANAH II / 29,Y,KEN - Y,1,GUDANG BAIK,2104191,Wiratex Wall Paint Putih Salju 5KG,4.00,"83,000.00",GL,7.50,0.00,0.00,"24,900.00","307,100.00",,1,"INDOWIRA, PT"
JUAL,261.000.149,07/01/2026 0:00,2601060118,T,,Q.245,PT.SINAR MULIA PERKASA /HOTEL,JL.SUMATRA 51 - HOTEL ARYA DUTA,R,SIMON QIRENE,1,GUDANG BAIK,2103293,Petalux Celling & Gypsum Paint Putih Wangi 25 KG,2.00,"655,000.00",PL,0.00,0.00,0.00,0.00,"1,310,000.00",,1,"INDOWIRA, PT"
JUAL,261.000.150,07/01/2026 0:00,2601060117,T,,Q.245,PT.SINAR MULIA PERKASA /HOTEL,JL.SUMATRA 51 - HOTEL ARYA DUTA,R,SIMON QIRENE,1,GUDANG BAIK,2103630,Petalux Wall Paint POS PH04 25 KG,2.00,"765,000.00",PL,0.00,0.00,0.00,0.00,"1,530,000.00",,1,"INDOWIRA, PT"
JUAL,261.000.153,07/01/2026 0:00,2601060111,T,,C.310,MAREMA,JL.SOEKARNO HATTA NO.57,D,WILLY,1,GUDANG BAIK,2104147,Wiratex Wall Paint Putih Salju 25 KG,3.00,"390,000.00",PL,7.50,0.00,0.00,"87,750.00","1,082,250.00",,1,"INDOWIRA, PT"
JUAL,261.000.154,07/01/2026 0:00,2601060085,T,,A.205,IRON,SUNIARAJA,Y,KEN - Y,1,GUDANG BAIK,2103145,Petalac Thinner PU  1 LTR,4.00,"51,000.00",KL,0.00,0.00,0.00,0.00,"204,000.00",,1,"INDOWIRA, PT"
JUAL,261.000.154,07/01/2026 0:00,2601060085,T,,A.205,IRON,SUNIARAJA,Y,KEN - Y,1,GUDANG BAIK,2200173,Petalac 2K PU Metalix MX01 Base 0.8Lt,8.00,"126,000.00",KL,7.50,0.00,0.00,"75,600.00","932,400.00",,1,"INDOWIRA, PT"
JUAL,261.000.154,07/01/2026 0:00,2601060085,T,,A.205,IRON,SUNIARAJA,Y,KEN - Y,1,GUDANG BAIK,2102842,Petalac 2K PU Hardener Metalic  200 CC,8.00,"55,000.00",KL,7.50,0.00,0.00,"33,000.00","407,000.00",,1,"INDOWIRA, PT"
JUAL,261.000.154,07/01/2026 0:00,2601060085,T,,A.205,IRON,SUNIARAJA,Y,KEN - Y,1,GUDANG BAIK,2102840,Petalac 2K PU Hardener Special  200 CC,4.00,"55,000.00",KL,7.50,0.00,0.00,"16,500.00","203,500.00",,1,"INDOWIRA, PT"
JUAL,261.000.154,07/01/2026 0:00,2601060085,T,,A.205,IRON,SUNIARAJA,Y,KEN - Y,1,GUDANG BAIK,2200050,"Petalac 2K PU Clear Matt MV3 Base 0,8Lt",4.00,"121,000.00",KL,7.50,0.00,0.00,"36,300.00","447,700.00",,1,"INDOWIRA, PT"
JUAL,261.000.154,07/01/2026 0:00,2601060085,T,,A.205,IRON,SUNIARAJA,Y,KEN - Y,1,GUDANG BAIK,2300092,Petalac Hardener Special Black Matt 200CC,4.00,"55,000.00",KL,7.50,0.00,0.00,"16,500.00","203,500.00",,1,"INDOWIRA, PT"
JUAL,261.000.154,07/01/2026 0:00,2601060085,T,,A.205,IRON,SUNIARAJA,Y,KEN - Y,1,GUDANG BAIK,2300088,Petalac 2K PU Colour Base Black Matt 0.8LT,4.00,"133,000.00",KL,7.50,0.00,0.00,"39,900.00","492,100.00",,1,"INDOWIRA, PT"
JUAL,261.000.154,07/01/2026 0:00,2601060085,T,,A.205,IRON,SUNIARAJA,Y,KEN - Y,1,GUDANG BAIK,2100068,Adler Primer Surfacer EP 1050  2 LITER SET,8.00,"205,000.00",KL,7.50,0.00,0.00,"123,000.00","1,517,000.00",,1,"INDOWIRA, PT"
JUAL,261.000.155,07/01/2026 0:00,2601060086,T,,Y.294,BERKAH ABADI 5,JL.ENCEP KARTIWA CITEUREUP 41C,Y,KEN - Y,1,GUDANG BAIK,2104148,Wiratex Wall Paint Super White 25 KG,3.00,"390,000.00",PL,7.50,0.00,0.00,"87,750.00","1,082,250.00",,1,"INDOWIRA, PT"
JUAL,261.000.156,07/01/2026 0:00,2601070131,T,,J.103,PT.AKARA INTER DESAIN,JL.INDUSTRI II NO.7A RT.006 RW.009 UTAMA,J,FRANSISKUS,1,GUDANG BAIK,2103149,Petalac Thinner PU  5 LTR,1.00,"220,000.00",GLN,0.00,0.00,0.00,0.00,"220,000.00",,1,"INDOWIRA, PT"
JUAL,261.000.156,07/01/2026 0:00,2601070131,T,,J.103,PT.AKARA INTER DESAIN,JL.INDUSTRI II NO.7A RT.006 RW.009 UTAMA,J,FRANSISKUS,1,GUDANG BAIK,2100029,Adler Epoxy Undercoat  1 LITER,1.00,"105,000.00",KL,10.00,0.00,0.00,"10,500.00","94,500.00",,1,"INDOWIRA, PT"
JUAL,261.000.156,07/01/2026 0:00,2601070131,T,,J.103,PT.AKARA INTER DESAIN,JL.INDUSTRI II NO.7A RT.006 RW.009 UTAMA,J,FRANSISKUS,1,GUDANG BAIK,2100068,Adler Primer Surfacer EP 1050  2 LITER SET,1.00,"205,000.00",KL,10.00,0.00,0.00,"20,500.00","184,500.00",,1,"INDOWIRA, PT"
JUAL,261.000.157,07/01/2026 0:00,2601060091,T,,N.136,CAPRIFARMINDO,JL.PURNAWARMAN NO.47,13,BU RINI,1,GUDANG BAIK,2101098,Attaboy Weatherguard New Sanbe Grey 20 LT,3.00,"2,475,000.00",PL,0.00,0.00,0.00,0.00,"7,425,000.00",U/P.ALUNATO,1,"INDOWIRA, PT"
JUAL,261.000.159,07/01/2026 0:00,2601050016,T,,L.125,TSJ AUTO,TRS.BUAH BATU NO.32,L,RUDI *,1,GUDANG BAIK,2105139,DALTONE CLEAR COAT HS8021 1.5LTS,2.00,"197,500.00",KL,10.00,0.00,0.00,"39,500.00","355,500.00",,1,"INDOWIRA, PT"
JUAL,261.000.160,07/01/2026 0:00,2601060084,T,,N.1005A,AGUS,PERUM GMA,R,SIMON QIRENE,1,GUDANG BAIK,2103625,Petalux Wall Paint Putih Wangi 25 KG,2.00,"765,000.00",PL,5.00,0.00,0.00,"76,500.00","1,453,500.00",K/CHERIFILED,1,"INDOWIRA, PT"
JUAL,261.000.160,07/01/2026 0:00,2601060084,T,,N.1005A,AGUS,PERUM GMA,R,SIMON QIRENE,1,GUDANG BAIK,2103618,Petalux Wall Paint Putih Hemat 01 25 KG,2.00,"765,000.00",PL,5.00,0.00,0.00,"76,500.00","1,453,500.00",K/CHERIFILED,1,"INDOWIRA, PT"
JUAL,261.000.161,07/01/2026 0:00,2601060096,T,,K.527,PT.AKD,SADANG,14,DEPO BANDUNG,1,GUDANG BAIK,2200086,Petalac 2K Surfacer FD 21 Base 1LT,24.00,"80,000.00",KL,10.00,0.00,0.00,"192,000.00","1,728,000.00",,1,"INDOWIRA, PT"
JUAL,261.000.161,07/01/2026 0:00,2601060096,T,,K.527,PT.AKD,SADANG,14,DEPO BANDUNG,1,GUDANG BAIK,2200087,Petalac Hardener Surfacer FD 0.5LT,24.00,"60,000.00",KL,10.00,0.00,0.00,"144,000.00","1,296,000.00",,1,"INDOWIRA, PT"
JUAL,261.000.161,07/01/2026 0:00,2601060096,T,,K.527,PT.AKD,SADANG,14,DEPO BANDUNG,1,GUDANG BAIK,2101411,"Crystal Coat Surfacer White 1,2 KG SET",60.00,"125,000.00",KL,10.00,0.00,0.00,"750,000.00","6,750,000.00",,1,"INDOWIRA, PT"
JUAL,261.000.161,07/01/2026 0:00,2601060096,T,,K.527,PT.AKD,SADANG,14,DEPO BANDUNG,1,GUDANG BAIK,2101421,Crystal Coat Thinner Surfacer  20 LITER,2.00,"700,000.00",JRG,0.00,0.00,0.00,0.00,"1,400,000.00",,1,"INDOWIRA, PT"
JUAL,261.000.162,07/01/2026 0:00,2601060098,T,,J.334,TEGUH JAYA MANDIRI,JL.ANDIR KATAPANG KP.CIPATAT NO.75 SAMPING MESJID AL-HIDAYAH,J,FRANSISKUS,1,GUDANG BAIK,2102129,Mascot Wall Paint Super White 20 KG,2.00,"215,000.00",PL,7.50,0.00,0.00,"32,250.00","397,750.00",,1,"INDOWIRA, PT"
JUAL,261.000.163,07/01/2026 0:00,2601060104,T,,W.354,PT.MENTARI AGUNG MANDIRI,JL.RAYA DAYEUH KOLOT O.341C RT 001 RW 006,R,SIMON QIRENE,1,GUDANG BAIK,2103625,Petalux Wall Paint Putih Wangi 25 KG,2.00,"505,000.00",PL,0.00,0.00,0.00,0.00,"1,010,000.00",U/P.ICA,1,"INDOWIRA, PT"
JUAL,261.000.164,07/01/2026 0:00,2601060103,T,,W.354,PT.MENTARI AGUNG MANDIRI,JL.RAYA DAYEUH KOLOT O.341C RT 001 RW 006,R,SIMON QIRENE,1,GUDANG BAIK,2103625,Petalux Wall Paint Putih Wangi 25 KG,2.00,"505,000.00",PL,0.00,0.00,0.00,0.00,"1,010,000.00",U/P.MOMON,1,"INDOWIRA, PT"
JUAL,261.000.165,07/01/2026 0:00,2601060102,T,,W.354,PT.MENTARI AGUNG MANDIRI,JL.RAYA DAYEUH KOLOT O.341C RT 001 RW 006,R,SIMON QIRENE,1,GUDANG BAIK,2103625,Petalux Wall Paint Putih Wangi 25 KG,2.00,"505,000.00",PL,0.00,0.00,0.00,0.00,"1,010,000.00",U/P.TEDI,1,"INDOWIRA, PT"
JUAL,261.000.166,07/01/2026 0:00,2601060115,T,,J.206,BOROBUDUR INDAH,JL.TRS.KOPO KATAPANG KM.12 NO.110,J,FRANSISKUS,1,GUDANG BAIK,2105214,Meiji Zinc Chromate Primer Dark Grey 20KG,1.00,"825,000.00",PAIL,7.50,0.00,0.00,"61,875.00","763,125.00",,1,"INDOWIRA, PT"
JUAL,261.000.166,07/01/2026 0:00,2601060115,T,,J.206,BOROBUDUR INDAH,JL.TRS.KOPO KATAPANG KM.12 NO.110,J,FRANSISKUS,1,GUDANG BAIK,2102081,Meiji Zinc Chromate Primer Dark Grey 5 KG,4.00,"225,000.00",GLN,7.50,0.00,0.00,"67,500.00","832,500.00",,1,"INDOWIRA, PT"
JUAL,261.000.167,07/01/2026 0:00,2601060116,T,,J.334,TEGUH JAYA MANDIRI,JL.ANDIR KATAPANG KP.CIPATAT NO.75 SAMPING MESJID AL-HIDAYAH,J,FRANSISKUS,1,GUDANG BAIK,2102093,Mascot Wall Filler  25 KG,2.00,"220,000.00",PL,7.50,0.00,0.00,"33,000.00","407,000.00",,1,"INDOWIRA, PT"
JUAL,261.000.168,07/01/2026 0:00,2601060099,T,,C.322,CV. BERKAT TANAH MAKMUR,BATUNUNGGAL INDAH I NO.26,C,YONATHAN,1,GUDANG BAIK,2104075,Tawon Kembang Meni Kayu & Besi  4.5 KG,4.00,"195,000.00",GLN,7.50,0.00,0.00,"58,500.00","721,500.00",,1,"INDOWIRA, PT"
JUAL,261.000.170,07/01/2026 0:00,2601060107,T,,J.222,KOTA HARUM,JL.KOSAMBI 76,J,FRANSISKUS,1,GUDANG BAIK,2200086,Petalac 2K Surfacer FD 21 Base 1LT,12.00,"80,000.00",KL,10.00,0.00,0.00,"96,000.00","864,000.00",,1,"INDOWIRA, PT"
JUAL,261.000.170,07/01/2026 0:00,2601060107,T,,J.222,KOTA HARUM,JL.KOSAMBI 76,J,FRANSISKUS,1,GUDANG BAIK,2200087,Petalac Hardener Surfacer FD 0.5LT,12.00,"60,000.00",KL,10.00,0.00,0.00,"72,000.00","648,000.00",,1,"INDOWIRA, PT"
JUAL,261.000.171,07/01/2026 0:00,2601060095,T,,N.1094,RIDWAN,"GALERI AL-QOSBAH JL.GEDE BAGE UTAMA KAV.6,7,9",13,BU RINI,1,GUDANG BAIK,2102068,Meiji Zinc Chromate Primer Broken Whit 20 KG,4.00,"825,000.00",PL,5.00,0.00,0.00,"165,000.00","3,135,000.00",,1,"INDOWIRA, PT"
JUAL,261.000.172,07/01/2026 0:00,2601060110,T,,U.168,TB.DEDY JAYA,JL.DARWATI NO.49 TLP:081394099707,C,YONATHAN,1,GUDANG BAIK,2103818,Shintex Cat Genteng 315 Side Gr 4KG,8.00,"185,000.00",GLN,7.50,0.00,0.00,"111,000.00","1,369,000.00",,1,"INDOWIRA, PT"
JUAL,261.000.172,07/01/2026 0:00,2601060110,T,,U.168,TB.DEDY JAYA,JL.DARWATI NO.49 TLP:081394099707,C,YONATHAN,1,GUDANG BAIK,2103819,Shintex Cat Genteng 316 Minimal Grey 4KG,4.00,"185,000.00",GLN,7.50,0.00,0.00,"55,500.00","684,500.00",,1,"INDOWIRA, PT"
JUAL,261.000.173,07/01/2026 0:00,2601060112,T,,K.527,PT.AKD,SADANG,14,DEPO BANDUNG,1,GUDANG BAIK,2102141,Mascot Wall Paint 207 Tile Re 25 KG,4.00,"270,000.00",PL,7.50,0.00,0.00,"81,000.00","999,000.00",,1,"INDOWIRA, PT"
JUAL,261.000.174,07/01/2026 0:00,2601060092,T,,J.334,TEGUH JAYA MANDIRI,JL.ANDIR KATAPANG KP.CIPATAT NO.75 SAMPING MESJID AL-HIDAYAH,J,FRANSISKUS,1,GUDANG BAIK,2102129,Mascot Wall Paint Super White 20 KG,1.00,"215,000.00",PL,7.50,0.00,0.00,"16,125.00","198,875.00",,1,"INDOWIRA, PT"
JUAL,261.000.176,07/01/2026 0:00,2601070148,T,,N.1096,PADI HIJAU BUANA,PAJIPING 16B/5B RT.05/02 BABAKAN CIAMIS SUMUR BANDUNG,14,DEPO BANDUNG,1,GUDANG BAIK,2103293,Petalux Celling & Gypsum Paint Putih Wangi 25 KG,8.00,"655,000.00",PL,10.00,10.00,10.00,"1,420,040.00","3,819,960.00",,1,"INDOWIRA, PT"
JUAL,261.000.177,07/01/2026 0:00,2512220665,T,,H.733B,SUMBER USAHA,WANAHERANG,H,YANSENG,1,GUDANG BAIK,2104183,Wiratex Wall paint 848 5KG,20.00,"83,000.00",GL,7.50,0.00,0.00,"124,500.00","1,535,500.00",VIA SJ.3972,1,"INDOWIRA, PT"
JUAL,261.000.177,07/01/2026 0:00,2512220665,T,,H.733B,SUMBER USAHA,WANAHERANG,H,YANSENG,1,GUDANG BAIK,2104166,Wiratex Wall Paint 824 Durian 5KG,32.00,"83,000.00",GL,7.50,0.00,0.00,"199,200.00","2,456,800.00",VIA SJ.3972,1,"INDOWIRA, PT"
JUAL,261.000.177,07/01/2026 0:00,2512220665,T,,H.733B,SUMBER USAHA,WANAHERANG,H,YANSENG,1,GUDANG BAIK,2104192,Wiratex Wall Paint Super White 5KG,40.00,"83,000.00",GL,7.50,0.00,0.00,"249,000.00","3,071,000.00",VIA SJ.3972,1,"INDOWIRA, PT"
JUAL,261.000.178,07/01/2026 0:00,2512220664,T,,H.733H,SUMBER USAHA MANUNGGAL,Cileungsi,H,YANSENG,1,GUDANG BAIK,2104166,Wiratex Wall Paint 824 Durian 5KG,8.00,"83,000.00",GL,7.50,0.00,0.00,"49,800.00","614,200.00",VIA SJ.3974,1,"INDOWIRA, PT"
JUAL,261.000.178,07/01/2026 0:00,2512220664,T,,H.733H,SUMBER USAHA MANUNGGAL,Cileungsi,H,YANSENG,1,GUDANG BAIK,2102066,Meiji Zinc Chromate Primer  20 KG,1.00,"825,000.00",PL,7.50,0.00,0.00,"61,875.00","763,125.00",VIA SJ.3974,1,"INDOWIRA, PT"
JUAL,261.000.179,07/01/2026 0:00,2512170555,T,,H.204A,CAHAYA BAJA,CIAPUS BOGOR,H1,MIMING,1,GUDANG BAIK,2102061,Meiji Zinc Chromate Primer  1 KG,96.00,"51,000.00",KL,7.50,0.00,0.00,"367,200.00","4,528,800.00",VIA SJ.3973,1,"INDOWIRA, PT"
JUAL,261.000.180,07/01/2026 0:00,2512310894,T,,N.876,PT.MAHA TANDRA,JL.RAYA DAYEUH KOLOT NO.341 RT.001 RW.006,R,SIMON QIRENE,1,GUDANG BAIK,2103625,Petalux Wall Paint Putih Wangi 25 KG,2.00,"765,000.00",PL,0.00,0.00,0.00,0.00,"1,530,000.00",VIA SJ.4015,1,"INDOWIRA, PT"
JUAL,261.000.182,07/01/2026 0:00,2512310898,T,,U.258,TB.GRAHA,JL.CIHANJUANG 121 JATI CIBABAT,U,GANIS,1,GUDANG BAIK,2104148,Wiratex Wall Paint Super White 25 KG,1.00,"390,000.00",PL,7.50,0.00,0.00,"29,250.00","360,750.00",VIA SJ.4024,1,"INDOWIRA, PT"
JUAL,261.000.183,07/01/2026 0:00,2512300868,T,,J.572,BROTHER LAND / JOY,"MELONG ASIH 40 D ,CIJERAH RT.08 RW.03 RUKO KUNING DEPAN KANTOR POS",J,FRANSISKUS,1,GUDANG BAIK,2100011,AlFa Polyester Putty  3KG,2.00,"103,000.00",GLN,5.00,0.00,0.00,"10,300.00","195,700.00",via sj.4010,1,"INDOWIRA, PT"
JUAL,261.000.184,07/01/2026 0:00,2601070150,T,,M.100,UMUM,,14,DEPO BANDUNG,1,GUDANG BAIK,2104191,Wiratex Wall Paint Putih Salju 5KG,2.00,"83,000.00",GL,0.00,0.00,0.00,0.00,"166,000.00",U/PENGGANTI TUKARAN,1,"INDOWIRA, PT"
JUAL,261.000.186,07/01/2026 0:00,2512310893,T,,P.160,SENTRAD,RANCAEKEK PERMAI II,13,BU RINI,1,GUDANG BAIK,2102109,Mascot Wall Paint Super White 200 KG,2.00,"1,700,000.00",DRM,0.00,0.00,0.00,0.00,"3,400,000.00",K/RANCAEKEK PERMAI 2 BLOK E15,1,"INDOWIRA, PT"
JUAL,261.000.187,07/01/2026 0:00,2512300885,T,,K.410,SUMBER JAYA,PUNGKUR 21,L,RUDI *,1,GUDANG BAIK,2101398,Crystal Coat Clear Supermatt MV3 1 Lts,2.00,"657,000.00",KL,10.00,0.00,0.00,"131,400.00","1,182,600.00",VIA SJ.4020,1,"INDOWIRA, PT"
JUAL,261.000.196,07/01/2026 0:00,2601070153,T,,J.615,DADALI SPORT CENTER,JL.PENGUIN NO.2 KOMP.DADALI,R,SIMON QIRENE,1,GUDANG BAIK,2100065,Adler Primer Surfacer EP 1050  40 LITER SET,1.00,"3,675,000.00",PL,10.00,0.00,0.00,"367,500.00","3,307,500.00",K/JL.PENGUIN,1,"INDOWIRA, PT"
JUAL,261.000.197,07/01/2026 0:00,2601070152,T,,T.282,TB.PUTRA SEJATI,JL.RAYA BATU JAJAR,C,YONATHAN,1,GUDANG BAIK,2103863,Shintex Wall Filler  1 KG,12.00,"23,000.00",KL,7.50,0.00,0.00,"20,700.00","255,300.00",,1,"INDOWIRA, PT"
JUAL,261.000.197,07/01/2026 0:00,2601070152,T,,T.282,TB.PUTRA SEJATI,JL.RAYA BATU JAJAR,C,YONATHAN,1,GUDANG BAIK,2102064,Meiji Zinc Chromate Primer Grey 1 KG,6.00,"51,000.00",KL,7.50,0.00,0.00,"22,950.00","283,050.00",,1,"INDOWIRA, PT"
JUAL,261.000.198,07/01/2026 0:00,2601070149,T,,G.529,INTI METAL 2,JL.KOLONEL MASTURI 325A CISARUA - PARONGPONG,G,JULIANTO,1,GUDANG BAIK,2102076,Meiji Zinc Chromate Primer  5 KG,8.00,"225,000.00",GLN,7.50,0.00,0.00,"135,000.00","1,665,000.00",,1,"INDOWIRA, PT"
JUAL,261.000.199,07/01/2026 0:00,2601070147,T,,X.247,JAYA BARU,TERUSAN CIBADUYUT 101,R,SIMON QIRENE,1,GUDANG BAIK,2103280,Petalux Alkali Resistant Wall Sealer White 20 KG,4.00,"665,000.00",PL,7.50,0.00,0.00,"199,500.00","2,460,500.00",,1,"INDOWIRA, PT"
JUAL,261.000.200,07/01/2026 0:00,2601070146,T,,D.304,FAJAR,SUKAGALIH 68,Y,KEN - Y,1,GUDANG BAIK,2102178,Mascot Wall Paint Super White 5 KG,20.00,"65,000.00",GLN,7.50,0.00,0.00,"97,500.00","1,202,500.00",,1,"INDOWIRA, PT"
JUAL,261.000.202,07/01/2026 0:00,2601070141,T,,Y.280,ABDI JAYA,KOMP.MEKAR WANGI JL.MEKAR SEJAHTERA POS 16,Y,KEN - Y,1,GUDANG BAIK,2300180,Daltone PU Base Coat D020 Deep Black 1Lt,3.00,"155,000.00",KL,10.00,0.00,0.00,"46,500.00","418,500.00",,1,"INDOWIRA, PT"
JUAL,261.000.204,07/01/2026 0:00,2601070155,T,,K.412,"YUNIKO,PD",KEBON JATI 224,14,DEPO BANDUNG,1,GUDANG BAIK,2100052,Adler Polyester Putty 3002  25 KG SET,2.00,"1,300,000.00",PL,10.00,0.00,0.00,"260,000.00","2,340,000.00",,1,"INDOWIRA, PT"
JUAL,261.000.205,07/01/2026 0:00,2601060090,T,,J.214,INDAH WARNA,JL.AH NASUTION 280 DEPAN SMA 24 UJUNG BE,J,FRANSISKUS,1,GUDANG BAIK,2100049,Adler Polyester Putty 3002  1 KG SET,12.00,"62,000.00",KL,10.00,0.00,0.00,"74,400.00","669,600.00",,1,"INDOWIRA, PT"
JUAL,261.000.206,07/01/2026 0:00,2601060119,T,,R.337,GAN PROPERTI,KNTR PMASARAN CITY GARDEN R JL.ATPU KOMP,R,SIMON QIRENE,1,GUDANG BAIK,2101330,Attaboy Wall Putty Instant Powder  2 KG,24.00,"33,000.00",BKS,0.00,0.00,0.00,0.00,"792,000.00",U/P.DEDE,1,"INDOWIRA, PT"
JUAL,261.000.207,07/01/2026 0:00,2601060108,T,,U.289,DECORSHOP FLORAL FOAM,JL.TERUSAN SERSAN BAJURI CIHIDEUNG DEKAT KAMPUNG GAJAH,U,GANIS,1,GUDANG BAIK,2104157,Wiratex Wall Paint 806 Cream 5KG,5.00,"83,000.00",GL,7.50,0.00,0.00,"31,125.00","383,875.00",,1,"INDOWIRA, PT"
JUAL,261.000.207,07/01/2026 0:00,2601060108,T,,U.289,DECORSHOP FLORAL FOAM,JL.TERUSAN SERSAN BAJURI CIHIDEUNG DEKAT KAMPUNG GAJAH,U,GANIS,1,GUDANG BAIK,2104175,Wiratex Wall Paint 834 Warm Gr 5KG,5.00,"83,000.00",GL,7.50,0.00,0.00,"31,125.00","383,875.00",,1,"INDOWIRA, PT"
JUAL,261.000.207,07/01/2026 0:00,2601060108,T,,U.289,DECORSHOP FLORAL FOAM,JL.TERUSAN SERSAN BAJURI CIHIDEUNG DEKAT KAMPUNG GAJAH,U,GANIS,1,GUDANG BAIK,2102161,Mascot Wall Paint 206 Irish W 5 KG,5.00,"65,000.00",GLN,7.50,0.00,0.00,"24,375.00","300,625.00",,1,"INDOWIRA, PT"
JUAL,261.000.207,07/01/2026 0:00,2601060108,T,,U.289,DECORSHOP FLORAL FOAM,JL.TERUSAN SERSAN BAJURI CIHIDEUNG DEKAT KAMPUNG GAJAH,U,GANIS,1,GUDANG BAIK,2102178,Mascot Wall Paint Super White 5 KG,10.00,"65,000.00",GLN,7.50,0.00,0.00,"48,750.00","601,250.00",,1,"INDOWIRA, PT"
JUAL,261.000.207,07/01/2026 0:00,2601060108,T,,U.289,DECORSHOP FLORAL FOAM,JL.TERUSAN SERSAN BAJURI CIHIDEUNG DEKAT KAMPUNG GAJAH,U,GANIS,1,GUDANG BAIK,2102129,Mascot Wall Paint Super White 20 KG,2.00,"215,000.00",PL,7.50,0.00,0.00,"32,250.00","397,750.00",,1,"INDOWIRA, PT"
JUAL,261.000.208,07/01/2026 0:00,2601050032,T,,N.527,YADI,JL.KIARA INDAH 39 CLUSTER BALI II KIARA CONDONG,13,BU RINI,1,GUDANG BAIK,2400154,Attaboy Supercryl NCS S1502-B 2.5LT,2.00,"239,000.00",GLN,0.00,0.00,0.00,0.00,"478,000.00",,1,"INDOWIRA, PT"
JUAL,261.000.209,07/01/2026 0:00,2601070156,T,,G.227,MUTIARA WARNA,JL.SOMAWINATA 14 TANI MULYA,G,JULIANTO,1,GUDANG BAIK,2101590,Kingkong Cat Genteng 711 Special 4 KG,1.00,"198,000.00",GLN,7.50,0.00,0.00,"14,850.00","183,150.00",,1,"INDOWIRA, PT"
JUAL,262.000.004,07/01/2026 0:00,2601050053,T,,M.104,DEPO KUNINGAN,,M,UMUM,1,GUDANG BAIK,2104170,Wiratex Wall Paint 829 Deep Pi 5KG,2.00,"83,000.00",GL,10.00,10.00,2.00,"34,229.20","131,770.80",PO26010009,1,"INDOWIRA, PT"
JUAL,262.000.004,07/01/2026 0:00,2601050053,T,,M.104,DEPO KUNINGAN,,M,UMUM,1,GUDANG BAIK,2104180,Wiratex Wall Paint 845 River S 5KG,2.00,"83,000.00",GL,10.00,10.00,2.00,"34,229.20","131,770.80",PO26010009,1,"INDOWIRA, PT"
JUAL,262.000.004,07/01/2026 0:00,2601050053,T,,M.104,DEPO KUNINGAN,,M,UMUM,1,GUDANG BAIK,2104153,Wiratex Wall Paint 801 Spanish 5KG,2.00,"83,000.00",GL,10.00,10.00,2.00,"34,229.20","131,770.80",PO26010009,1,"INDOWIRA, PT"
JUAL,262.000.004,07/01/2026 0:00,2.601.050.053,T,,M.104,DEPO KUNINGAN,,M,UMUM,1,GUDANG BAIK,2104175,Wiratex Wall Paint 834 Warm Gr 5KG,2.00,"83,000.00",GL,10.00,10.00,2.00,"34,229.20","131,770.80",PO26010009,1,"INDOWIRA, PT"
JUAL,262.000.004,07/01/2026 0:00,2.601.050.053,T,,M.104,DEPO KUNINGAN,,M,UMUM,1,GUDANG BAIK,2101915,Meiji Epoxy Filler  1 LTR SET,6.00,"76,000.00",KL,10.00,10.00,2.00,"94,027.20","361,972.80",PO26010009,1,"INDOWIRA, PT"
JUAL,262.000.007,07/01/2026 0:00,2.512.310.895,T,,U.261,WIJAYA,JL.RAYA BATUJAJAR NO.178,U,GANIS,1,GUDANG BAIK,2100012,Alfa Polyester Putty Hardener 60gr,5.00,"23,500.00",tube,0.00,0.00,0.00,0.00,"117,500.00",U/PENGGANTI TUKARAN VIA SJ.4019,1,"INDOWIRA, PT"
JUAL,261.000.210,08/01/2026 0:00,2.512.260.794,T,,K.412,"YUNIKO,PD",KEBON JATI 224,14,DEPO BANDUNG,1,GUDANG BAIK,2101395,Crystal Coat Colour Black 1 LITER,3.00,"657,000.00",KL,10.00,0.00,0.00,"197,100.00","1,773,900.00",,1,"INDOWIRA, PT"
JUAL,261.000.211,08/01/2026 0:00,2.601.080.157,T,,Y.258,NOY WOODIST,SARIWANGI NO.143 SAMPING SINAR JAYA,Y,KEN - Y,1,GUDANG BAIK,2100006,Alfa Polyester Putty  1 KG,1.00,"39,000.00",KL,5.00,0.00,0.00,"1,950.00","37,050.00",,1,"INDOWIRA, PT"
JUAL,261.000.212,08/01/2026 0:00,2601080158,T,,J.321,PT.ELIZABET HANJAYA,JL.IBU INGGIT GANARSIH NO.12 ASTANA ANYAR,J,FRANSISKUS,1,GUDANG BAIK,2101366,Crystal Coat Candytone Golden Metal 1 LTS,1.00,"657,000.00",KL,10.00,0.00,0.00,"65,700.00","591,300.00",,1,"INDOWIRA, PT"
JUAL,261.000.213,08/01/2026 0:00,2.601.080.159,T,,N.521,PT.SAGE KONTRUKSI INDONESIA,JL.GUNUNG RAHAYU II C 7 GUNUNG BATU CIMA,13,BU RINI,1,GUDANG BAIK,240046,Attaboy High Gloss Acrylic Enamel S1002-G50Y 20LT,1.00,"2,094,570.00",PAIL,0.00,0.00,0.00,0.00,"2,094,570.00",K/PT.CERES,1,"INDOWIRA, PT"
JUAL,261.000.219,08/01/2026 0:00,2601070143,T,,R.496,KOSWARA,PERUM BUANA CICALENGKA RAYA BLOK.D8 NO.3 DESA NARAWITA RW .06/03,R,SIMON QIRENE,1,GUDANG BAIK,2102109,Mascot Wall Paint Super White 200 KG,1.00,"1,700,000.00",DRM,0.00,0.00,0.00,0.00,"1,700,000.00",U/P.ASEP,1,"INDOWIRA, PT"
JUAL,261.000.220,08/01/2026 0:00,2601050029,T,,R.523,MITRA KARYA PROSPEKTA,PERUM PANGAUBAN JL.RAYA PANGAUBAN DS.PANGAUBAN,13,BU RINI,1,GUDANG BAIK,2200370,Kingkong Wall Paint 110 Irish W 18KG,4.00,"288,000.00",PAIL,0.00,0.00,0.00,0.00,"1,152,000.00",,1,"INDOWIRA, PT"
JUAL,261.000.220,08/01/2026 0:00,2601050029,T,,R.523,MITRA KARYA PROSPEKTA,PERUM PANGAUBAN JL.RAYA PANGAUBAN DS.PANGAUBAN,13,BU RINI,1,GUDANG BAIK,2200252,Kingkong Wall Paint 128 Minimal 4.5KG,6.00,"76,000.00",GLN,0.00,0.00,0.00,0.00,"456,000.00",,1,"INDOWIRA, PT"
JUAL,261.000.220,08/01/2026 0:00,2601050029,T,,R.523,MITRA KARYA PROSPEKTA,PERUM PANGAUBAN JL.RAYA PANGAUBAN DS.PANGAUBAN,13,BU RINI,1,GUDANG BAIK,2104093,Wiratex Ceiling & Gypsum Paint Putih Prima 5 KG,4.00,"79,000.00",GLN,0.00,0.00,0.00,0.00,"316,000.00",,1,"INDOWIRA, PT"
JUAL,261.000.222,08/01/2026 0:00,2601080165,T,,D.507,INTI LOGAM,PASAR ATAS 38,U,GANIS,1,GUDANG BAIK,2101917,Meiji Epoxy Filler White 1 LTR SET,12.00,"76,000.00",KL,7.50,0.00,0.00,"68,400.00","843,600.00",,1,"INDOWIRA, PT"
JUAL,261.000.224,08/01/2026 0:00,2601080157,T,,Y.258,NOY WOODIST,SARIWANGI NO.143 SAMPING SINAR JAYA,Y,KEN - Y,1,GUDANG BAIK,2101915,Meiji Epoxy Filler  1 LTR SET,3.00,"76,000.00",KL,7.50,0.00,0.00,"17,100.00","210,900.00",,1,"INDOWIRA, PT"
JUAL,261.000.225,08/01/2026 0:00,2601070124,T,,D.507,INTI LOGAM,PASAR ATAS 38,U,GANIS,1,GUDANG BAIK,2100011,AlFa Polyester Putty  3KG,6.00,"103,000.00",GLN,5.00,0.00,0.00,"30,900.00","587,100.00",,1,"INDOWIRA, PT"
JUAL,261.000.226,08/01/2026 0:00,2601070138,T,,Q.301,PT.VISTA KREASINDO,JL.CENTEH NO.4,13,BU RINI,1,GUDANG BAIK,2103145,Petalac Thinner PU  1 LTR,18.00,"51,000.00",KL,0.00,0.00,0.00,0.00,"918,000.00",,1,"INDOWIRA, PT"
JUAL,261.000.227,08/01/2026 0:00,2601060095,T,,N.1094,RIDWAN,"GALERI AL-QOSBAH JL.GEDE BAGE UTAMA KAV.6,7,9",13,BU RINI,1,GUDANG BAIK,2102068,Meiji Zinc Chromate Primer Broken Whit 20 KG,6.00,"825,000.00",PL,5.00,0.00,0.00,"247,500.00","4,702,500.00",,1,"INDOWIRA, PT"
JUAL,261.000.228,08/01/2026 0:00,2601070130,T,,N.888,SUMBER WARNA,PUNGKUR,14,DEPO BANDUNG,1,GUDANG BAIK,2101915,Meiji Epoxy Filler  1 LTR SET,12.00,"76,000.00",KL,7.50,2.50,0.00,"89,490.00","822,510.00",,1,"INDOWIRA, PT"
JUAL,261.000.229,08/01/2026 0:00,2601060120,T,,K.521,TOPIC,JATAYU,L,RUDI *,1,GUDANG BAIK,2103148,Petalac Thinner PU  20 LTR,1.00,"834,000.00",JRG,0.00,0.00,0.00,0.00,"834,000.00",,1,"INDOWIRA, PT"
JUAL,261.000.230,08/01/2026 0:00,2512310890,T,,K.127,RENALDY,JL.KEBON KANGKUNG SUDIRMAN BELAKANG 563,L,RUDI *,1,GUDANG BAIK,2103148,Petalac Thinner PU  20 LTR,1.00,"834,000.00",JRG,0.00,0.00,0.00,0.00,"834,000.00",VIA SJ.4016,1,"INDOWIRA, PT"
JUAL,261.000.231,08/01/2026 0:00,2601070155,T,,K.412,"YUNIKO,PD",KEBON JATI 224,14,DEPO BANDUNG,1,GUDANG BAIK,2101395,Crystal Coat Colour Black 1 LITER,6.00,"657,000.00",KL,10.00,0.00,0.00,"394,200.00","3,547,800.00",,1,"INDOWIRA, PT"
JUAL,261.000.232,08/01/2026 0:00,2601050041,T,,K.312,STUDIO 8,SURYANI DALAM 49,L,RUDI *,1,GUDANG BAIK,2100011,AlFa Polyester Putty  3KG,2.00,"103,000.00",GLN,5.00,0.00,0.00,"10,300.00","195,700.00",,1,"INDOWIRA, PT"
JUAL,261.000.233,08/01/2026 0:00,2601060090,T,,J.214,INDAH WARNA,JL.AH NASUTION 280 DEPAN SMA 24 UJUNG BE,J,FRANSISKUS,1,GUDANG BAIK,2100011,AlFa Polyester Putty  3KG,6.00,"103,000.00",GLN,5.00,0.00,0.00,"30,900.00","587,100.00",,1,"INDOWIRA, PT"
JUAL,261.000.234,08/01/2026 0:00,2601070135,T,,J.202,GLOBAL KRIYA NUSANTARA/AL IKHS,JL.GOLF TAMAN CINTA/INSPEKSI NO.2,J,FRANSISKUS,1,GUDANG BAIK,2200052,Petalac 2K PU Clear Gloss Base 20lt,2.00,"2,457,000.00",PAIL,10.00,0.00,0.00,"491,400.00","4,422,600.00",,1,"INDOWIRA, PT"
JUAL,261.000.234,08/01/2026 0:00,2601070135,T,,J.202,GLOBAL KRIYA NUSANTARA/AL IKHS,JL.GOLF TAMAN CINTA/INSPEKSI NO.2,J,FRANSISKUS,1,GUDANG BAIK,2101416,Crystal Coat Thinner  1 LITER,54.00,"51,000.00",KL,0.00,0.00,0.00,0.00,"2,754,000.00",,1,"INDOWIRA, PT"
JUAL,261.000.234,08/01/2026 0:00,2601070135,T,,J.202,GLOBAL KRIYA NUSANTARA/AL IKHS,JL.GOLF TAMAN CINTA/INSPEKSI NO.2,J,FRANSISKUS,1,GUDANG BAIK,2101387,Crystal Coat Clear Gloss  1 LITER,17.00,"657,000.00",KL,10.00,0.00,0.00,"1,116,900.00","10,052,100.00",,1,"INDOWIRA, PT"
JUAL,261.000.234,08/01/2026 0:00,2601070135,T,,J.202,GLOBAL KRIYA NUSANTARA/AL IKHS,JL.GOLF TAMAN CINTA/INSPEKSI NO.2,J,FRANSISKUS,1,GUDANG BAIK,2200197,Petalac 2K PU Hardener Special 1LITER,5.00,"252,000.00",KL,10.00,0.00,0.00,"126,000.00","1,134,000.00",,1,"INDOWIRA, PT"
JUAL,261.000.234,08/01/2026 0:00,2601070135,T,,J.202,GLOBAL KRIYA NUSANTARA/AL IKHS,JL.GOLF TAMAN CINTA/INSPEKSI NO.2,J,FRANSISKUS,1,GUDANG BAIK,2101365,Crystal Coat Candytone Golden Lacq 1 LITER,18.00,"657,000.00",KL,10.00,5.00,0.00,"1,714,770.00","10,111,230.00",,1,"INDOWIRA, PT"
JUAL,261.000.235,08/01/2026 0:00,2601080166,T,,N.888,SUMBER WARNA,PUNGKUR,14,DEPO BANDUNG,1,GUDANG BAIK,2102079,Meiji Zinc Chromate Primer Grey 5 KG,4.00,"225,000.00",GLN,7.50,0.00,0.00,"67,500.00","832,500.00",,1,"INDOWIRA, PT"
JUAL,261.000.236,08/01/2026 0:00,2601050047,T,,R.571,PERUM BUMI CITRA INDAH 4,CIPATIK,R,SIMON QIRENE,1,GUDANG BAIK,2102109,Mascot Wall Paint Super White 200 KG,10.00,"1,365,000.00",DRM,0.00,0.00,0.00,0.00,"13,650,000.00",,1,"INDOWIRA, PT"
JUAL,261.000.237,08/01/2026 0:00,2601070139,T,,C.125,GLORIOUS,JL.TKI III BLOK E3 NO.10 PATUNG MACAN,J,FRANSISKUS,1,GUDANG BAIK,2102749,Petalac PU Clear Sealer  1 LTR SET,6.00,"121,000.00",KL,10.00,0.00,0.00,"72,600.00","653,400.00",,1,"INDOWIRA, PT"
JUAL,261.000.237,08/01/2026 0:00,2601070139,T,,C.125,GLORIOUS,JL.TKI III BLOK E3 NO.10 PATUNG MACAN,J,FRANSISKUS,1,GUDANG BAIK,2200046,Petalac 2K PU Clear Gloss Base 0.8LT,1.00,"108,000.00",KL,10.00,0.00,0.00,"10,800.00","97,200.00",,1,"INDOWIRA, PT"
JUAL,261.000.237,08/01/2026 0:00,2601070139,T,,C.125,GLORIOUS,JL.TKI III BLOK E3 NO.10 PATUNG MACAN,J,FRANSISKUS,1,GUDANG BAIK,2102840,Petalac 2K PU Hardener Special  200 CC,4.00,"55,000.00",KL,10.00,0.00,0.00,"22,000.00","198,000.00",,1,"INDOWIRA, PT"
JUAL,261.000.237,08/01/2026 0:00,2601070139,T,,C.125,GLORIOUS,JL.TKI III BLOK E3 NO.10 PATUNG MACAN,J,FRANSISKUS,1,GUDANG BAIK,2200050,"Petalac 2K PU Clear Matt MV3 Base 0,8Lt",3.00,"121,000.00",KL,10.00,0.00,0.00,"36,300.00","326,700.00",,1,"INDOWIRA, PT"
JUAL,261.000.238,08/01/2026 0:00,2601060096,T,,K.527,PT.AKD,SADANG,14,DEPO BANDUNG,1,GUDANG BAIK,2101421,Crystal Coat Thinner Surfacer  20 LITER,1.00,"700,000.00",JRG,0.00,0.00,0.00,0.00,"700,000.00",,1,"INDOWIRA, PT"
JUAL,261.000.239,08/01/2026 0:00,2512290834,T,,J.233A,BENO,KOMPLEK MEKAR WANGI JL.MEKAR AGUNG 81 RUKO,J,FRANSISKUS,1,GUDANG BAIK,2500255,Petalac 2K PU Insulator B 1LTS,1.00,"125,000.00",KL,10.00,0.00,0.00,"12,500.00","112,500.00",,1,"INDOWIRA, PT"
JUAL,261.000.240,08/01/2026 0:00,2512310908,T,,H.223,MULUS,JL. Raya Drmaga,H1,MIMING,1,GUDANG BAIK,2102178,Mascot Wall Paint Super White 5 KG,20.00,"65,000.00",GLN,7.50,0.00,0.00,"97,500.00","1,202,500.00",VIA SJ.3971,1,"INDOWIRA, PT"
JUAL,261.000.241,08/01/2026 0:00,2512310891,T,,K.113,BINTANG JAYA AUTO,S.HATTA 346,L,RUDI *,1,GUDANG BAIK,2100011,AlFa Polyester Putty  3KG,12.00,"103,000.00",GLN,5.00,0.00,0.00,"61,800.00","1,174,200.00",via sj.4021,1,"INDOWIRA, PT"
JUAL,261.000.241,08/01/2026 0:00,2512310891,T,,K.113,BINTANG JAYA AUTO,S.HATTA 346,L,RUDI *,1,GUDANG BAIK,2100029,Adler Epoxy Undercoat  1 LITER,12.00,"105,000.00",KL,10.00,0.00,0.00,"126,000.00","1,134,000.00",via sj.4021,1,"INDOWIRA, PT"
JUAL,261.000.242,08/01/2026 0:00,2512290845,T,,F.501,APOLLO,RAYA TAGOG 571 PADALARANG,D,WILLY,1,GUDANG BAIK,2100011,AlFa Polyester Putty  3KG,6.00,"103,000.00",GLN,5.00,0.00,0.00,"30,900.00","587,100.00",VIA SJ.4008,1,"INDOWIRA, PT"
JUAL,261.000.243,08/01/2026 0:00,2601080169,T,,R.400,TB.SUMBER REJEKI,JL.CIAWI TALI DEPAN PERUMAHAN BUMI CITEU,R,SIMON QIRENE,1,GUDANG BAIK,2103222,Protar Cat Proteksi Tahan Air 7203 4KG,1.00,"235,000.00",GLN,7.50,0.00,0.00,"17,625.00","217,375.00",via sj.4049,1,"INDOWIRA, PT"
JUAL,261.000.243,08/01/2026 0:00,2601080169,T,,R.400,TB.SUMBER REJEKI,JL.CIAWI TALI DEPAN PERUMAHAN BUMI CITEU,R,SIMON QIRENE,1,GUDANG BAIK,2103623,Petalux Wall Paint Putih hemat 06 25 KG,1.00,"765,000.00",PL,7.50,0.00,0.00,"57,375.00","707,625.00",via sj.4049,1,"INDOWIRA, PT"
JUAL,261.000.244,08/01/2026 0:00,2601060097,T,,G.227,MUTIARA WARNA,JL.SOMAWINATA 14 TANI MULYA,G,JULIANTO,1,GUDANG BAIK,2103625,Petalux Wall Paint Putih Wangi 25 KG,2.00,"765,000.00",PL,7.50,0.00,0.00,"114,750.00","1,415,250.00",VIA SJ.4050,1,"INDOWIRA, PT"
JUAL,261.000.245,08/01/2026 0:00,2512220696,T,,H.160,SERBA GUNA,JL.PELABUHAN 2 SUKABUMI,H,YANSENG,1,GUDANG BAIK,2200339,Kingkong Wall Paint 119 Canary 18KG,2.00,"288,000.00",PAIL,7.50,0.00,0.00,"43,200.00","532,800.00",via sj.0207,1,"INDOWIRA, PT"
JUAL,261.000.245,08/01/2026 0:00,2512220696,T,,H.160,SERBA GUNA,JL.PELABUHAN 2 SUKABUMI,H,YANSENG,1,GUDANG BAIK,2200249,Kingkong Wall Paint 119 Canary 4.5KG,4.00,"76,000.00",GLN,7.50,0.00,0.00,"22,800.00","281,200.00",via sj.0207,1,"INDOWIRA, PT"
JUAL,261.000.246,08/01/2026 0:00,2512220660,T,,H.215,BARAYA,"Girang, Jl. Manggis, Benda, Cicurug, Sukabumi Regency",H1,MIMING,1,GUDANG BAIK,2101583,Kingkong Cat Genteng 703 Chocola 4 KG,4.00,"198,000.00",GLN,7.50,0.00,0.00,"59,400.00","732,600.00",via sj.0208,1,"INDOWIRA, PT"
JUAL,261.000.250,08/01/2026 0:00,2601070132,T,,K.311,PIPING,KEBON KOPI 76,13,BU RINI,1,GUDANG BAIK,2103148,Petalac Thinner PU  20 LTR,1.00,"834,000.00",JRG,0.00,0.00,0.00,0.00,"834,000.00",,1,"INDOWIRA, PT"
JUAL,261.000.252,08/01/2026 0:00,2601080175,T,,B.414,SALUYU III,PESANTREN 53A,U,GANIS,1,GUDANG BAIK,2104191,Wiratex Wall Paint Putih Salju 5KG,12.00,"83,000.00",GL,7.50,0.00,0.00,"74,700.00","921,300.00",,1,"INDOWIRA, PT"
JUAL,261.000.252,08/01/2026 0:00,2601080175,T,,B.414,SALUYU III,PESANTREN 53A,U,GANIS,1,GUDANG BAIK,2103816,Shintex Cat Genteng 310 Willow 4KG,4.00,"185,000.00",GLN,7.50,0.00,0.00,"55,500.00","684,500.00",,1,"INDOWIRA, PT"
JUAL,261.000.252,08/01/2026 0:00,2601080175,T,,B.414,SALUYU III,PESANTREN 53A,U,GANIS,1,GUDANG BAIK,2103783,Shintex Cat Bak 009 Sky Blu 1 KG,6.00,"60,000.00",KL,7.50,0.00,0.00,"27,000.00","333,000.00",,1,"INDOWIRA, PT"
JUAL,261.000.253,08/01/2026 0:00,2601080180,T,,G.227,MUTIARA WARNA,JL.SOMAWINATA 14 TANI MULYA,G,JULIANTO,1,GUDANG BAIK,2101590,Kingkong Cat Genteng 711 Special 4 KG,1.00,"198,000.00",GLN,7.50,0.00,0.00,"14,850.00","183,150.00",,1,"INDOWIRA, PT"
JUAL,261.000.254,08/01/2026 0:00,2601080173,T,,A.114,HS.JAYA,RANCABALI NO.37 DEPAN MESJID ISTIQOMAH,Y,KEN - Y,1,GUDANG BAIK,2104863,Shintex Wall Filler 4 KG,8.00,"52,000.00",GL,7.50,0.00,0.00,"31,200.00","384,800.00",,1,"INDOWIRA, PT"
JUAL,261.000.255,08/01/2026 0:00,2601080186,T,,C.459,TB.PRIMA,TAMAN CIBADUYUT INDAH E15,C,YONATHAN,1,GUDANG BAIK,2102095,Mascot Wall Filler  4 KG,7.00,"39,000.00",GLN,7.50,0.00,0.00,"20,475.00","252,525.00",,1,"INDOWIRA, PT"
JUAL,261.000.256,08/01/2026 0:00,2601080185,T,,D.329,SINAR BARU,JL.TAMAN SARI 27 B,D,WILLY,1,GUDANG BAIK,2104191,Wiratex Wall Paint Putih Salju 5KG,12.00,"83,000.00",GL,7.50,0.00,0.00,"74,700.00","921,300.00",,1,"INDOWIRA, PT"
JUAL,261.000.257,08/01/2026 0:00,2601080184,T,,Y.291,BERKAH ABADI 2,PERTIGAAN PATROL - PARONGPONG,Y,KEN - Y,1,GUDANG BAIK,2104162,Wiratex Wall Paint 814 Adinda 5KG,2.00,"83,000.00",GL,7.50,0.00,0.00,"12,450.00","153,550.00",,1,"INDOWIRA, PT"
JUAL,261.000.257,08/01/2026 0:00,2601080184,T,,Y.291,BERKAH ABADI 2,PERTIGAAN PATROL - PARONGPONG,Y,KEN - Y,1,GUDANG BAIK,2104171,Wiratex Wall Paint 830 Blue Be 5KG,2.00,"83,000.00",GL,7.50,0.00,0.00,"12,450.00","153,550.00",,1,"INDOWIRA, PT"
JUAL,261.000.257,08/01/2026 0:00,2601080184,T,,Y.291,BERKAH ABADI 2,PERTIGAAN PATROL - PARONGPONG,Y,KEN - Y,1,GUDANG BAIK,2104147,Wiratex Wall Paint Putih Salju 25 KG,1.00,"390,000.00",PL,7.50,0.00,0.00,"29,250.00","360,750.00",,1,"INDOWIRA, PT"
JUAL,261.000.257,08/01/2026 0:00,2601080184,T,,Y.291,BERKAH ABADI 2,PERTIGAAN PATROL - PARONGPONG,Y,KEN - Y,1,GUDANG BAIK,2104148,Wiratex Wall Paint Super White 25 KG,1.00,"390,000.00",PL,7.50,0.00,0.00,"29,250.00","360,750.00",,1,"INDOWIRA, PT"
JUAL,261.000.259,08/01/2026 0:00,2601080172,T,,J.313,ART DECO,JL.SEKEKUKUMBUNG 103 TKI II,J,FRANSISKUS,1,GUDANG BAIK,2102840,Petalac 2K PU Hardener Special  200 CC,8.00,"55,000.00",KL,10.00,0.00,0.00,"44,000.00","396,000.00",,1,"INDOWIRA, PT"
JUAL,261.000.259,08/01/2026 0:00,2601080172,T,,J.313,ART DECO,JL.SEKEKUKUMBUNG 103 TKI II,J,FRANSISKUS,1,GUDANG BAIK,2200050,"Petalac 2K PU Clear Matt MV3 Base 0,8Lt",4.00,"121,000.00",KL,10.00,0.00,0.00,"48,400.00","435,600.00",,1,"INDOWIRA, PT"
JUAL,261.000.259,08/01/2026 0:00,2601080172,T,,J.313,ART DECO,JL.SEKEKUKUMBUNG 103 TKI II,J,FRANSISKUS,1,GUDANG BAIK,2200074,Petalac 2K PU Colour Special White Matt Base 0.8Lt,4.00,"133,000.00",KL,10.00,0.00,0.00,"53,200.00","478,800.00",,1,"INDOWIRA, PT"
JUAL,261.000.261,08/01/2026 0:00,2601080170,T,,C.603,BERKAH ABADI 1,CIHANJUANG 153/161,Y,KEN - Y,1,GUDANG BAIK,2104171,Wiratex Wall Paint 830 Blue Be 5KG,4.00,"83,000.00",GL,7.50,0.00,0.00,"24,900.00","307,100.00",,1,"INDOWIRA, PT"
JUAL,261.000.261,08/01/2026 0:00,2601080170,T,,C.603,BERKAH ABADI 1,CIHANJUANG 153/161,Y,KEN - Y,1,GUDANG BAIK,2104192,Wiratex Wall Paint Super White 5KG,8.00,"83,000.00",GL,7.50,0.00,0.00,"49,800.00","614,200.00",,1,"INDOWIRA, PT"
JUAL,261.000.261,08/01/2026 0:00,2601080170,T,,C.603,BERKAH ABADI 1,CIHANJUANG 153/161,Y,KEN - Y,1,GUDANG BAIK,2103812,Shintex Cat Genteng 304 Orange 4KG,6.00,"185,000.00",GLN,7.50,0.00,0.00,"83,250.00","1,026,750.00",,1,"INDOWIRA, PT"
JUAL,261.000.261,08/01/2026 0:00,2601080170,T,,C.603,BERKAH ABADI 1,CIHANJUANG 153/161,Y,KEN - Y,1,GUDANG BAIK,2103818,Shintex Cat Genteng 315 Side Gr 4KG,4.00,"185,000.00",GLN,7.50,0.00,0.00,"55,500.00","684,500.00",,1,"INDOWIRA, PT"
JUAL,261.000.261,08/01/2026 0:00,2601080170,T,,C.603,BERKAH ABADI 1,CIHANJUANG 153/161,Y,KEN - Y,1,GUDANG BAIK,2103835,Shintex Cat Genteng Sp 306 Tropic 4 KG,4.00,"231,000.00",GLN,7.50,0.00,0.00,"69,300.00","854,700.00",,1,"INDOWIRA, PT"
JUAL,261.000.261,08/01/2026 0:00,2601080170,T,,C.603,BERKAH ABADI 1,CIHANJUANG 153/161,Y,KEN - Y,1,GUDANG BAIK,2104147,Wiratex Wall Paint Putih Salju 25 KG,1.00,"390,000.00",PL,7.50,0.00,0.00,"29,250.00","360,750.00",,1,"INDOWIRA, PT"
JUAL,261.000.262,08/01/2026 0:00,2601080179,T,,U.257,ANTA BARU,JL.PURWAKARTA NO.32 ANTAPANI,U,GANIS,1,GUDANG BAIK,2102093,Mascot Wall Filler  25 KG,2.00,"220,000.00",PL,7.50,0.00,0.00,"33,000.00","407,000.00",,1,"INDOWIRA, PT"
JUAL,261.000.262,08/01/2026 0:00,2601080179,T,,U.257,ANTA BARU,JL.PURWAKARTA NO.32 ANTAPANI,U,GANIS,1,GUDANG BAIK,2102155,Mascot Wall Paint Super White 25 KG,3.00,"270,000.00",PL,7.50,0.00,0.00,"60,750.00","749,250.00",,1,"INDOWIRA, PT"
JUAL,261.000.263,08/01/2026 0:00,2601080178,T,,A.427,TB.ABADI MULYA 8,JL.RAYA NANJUNG NO.77,Y,KEN - Y,1,GUDANG BAIK,2101607,Kingkong Wall Putty Instant Powder  25 KG,2.00,"133,000.00",ZAK,7.50,0.00,0.00,"19,950.00","246,050.00",,1,"INDOWIRA, PT"
JUAL,261.000.264,08/01/2026 0:00,2601080177,T,,J.303,ASTA ARTHA/DIRGANTARA YUDHA,JL.KOPO JAYA II NO.13A,J,FRANSISKUS,1,GUDANG BAIK,2103149,Petalac Thinner PU  5 LTR,1.00,"220,000.00",GLN,0.00,0.00,0.00,0.00,"220,000.00",,1,"INDOWIRA, PT"
JUAL,261.000.264,08/01/2026 0:00,2601080177,T,,J.303,ASTA ARTHA/DIRGANTARA YUDHA,JL.KOPO JAYA II NO.13A,J,FRANSISKUS,1,GUDANG BAIK,2200112,Petalac Hardener Special M20 0.2Lt,2.00,"55,000.00",KL,10.00,0.00,0.00,"11,000.00","99,000.00",,1,"INDOWIRA, PT"
JUAL,261.000.264,08/01/2026 0:00,2601080177,T,,J.303,ASTA ARTHA/DIRGANTARA YUDHA,JL.KOPO JAYA II NO.13A,J,FRANSISKUS,1,GUDANG BAIK,2200048,Petalac 2K PU Clear Semi Gloss Base 0.8Lt,2.00,"110,000.00",KL,10.00,0.00,0.00,"22,000.00","198,000.00",,1,"INDOWIRA, PT"
JUAL,261.000.265,08/01/2026 0:00,2601080176,T,,N.254,"SANBE FARMA ,PT",JL.TAMAN SARI NO.10,13,BU RINI,1,GUDANG BAIK,2102076,Meiji Zinc Chromate Primer  5 KG,1.00,"225,000.00",GLN,10.00,0.00,0.00,"22,500.00","202,500.00",U/P.ISMANTO,1,"INDOWIRA, PT"
JUAL,261.000.276,09/01/2026 0:00,2601050003,T,,Y.284,PUTRA SEJATI 3,RANCA BENTANG NO.3,Y,KEN - Y,1,GUDANG BAIK,2103922,Shintex Wall Paint Super White 1KG,2.00,"32,000.00",KL,7.50,0.00,0.00,"4,800.00","59,200.00",,1,"INDOWIRA, PT"
JUAL,261.000.277,09/01/2026 0:00,2601050064,T,,A.213,SINAR SARANA,SUNARAJA 80 A,Y,KEN - Y,1,GUDANG BAIK,2100710,Attaboy OS Super Primer White 2 LITER,2.00,"180,000.00",GL,0.00,0.00,0.00,0.00,"360,000.00",,1,"INDOWIRA, PT"
JUAL,261.000.278,09/01/2026 0:00,2601080168,T,,K.521,TOPIC,JATAYU,L,RUDI *,1,GUDANG BAIK,2102840,Petalac 2K PU Hardener Special  200 CC,3.00,"55,000.00",KL,10.00,0.00,0.00,"16,500.00","148,500.00",,1,"INDOWIRA, PT"
JUAL,261.000.278,09/01/2026 0:00,2601080168,T,,K.521,TOPIC,JATAYU,L,RUDI *,1,GUDANG BAIK,2600004,Petalac 2K PU CO Base Cream Matt Topic 0.8LT,3.00,"162,000.00",KL,10.00,0.00,0.00,"48,600.00","437,400.00",,1,"INDOWIRA, PT"
JUAL,261.000.279,09/01/2026 0:00,2601090188,T,,U.161,TB.MAKMUR 2,JL.CIHANJUANG RAHAYU RT.01/06 KAMPUNG TU,U,GANIS,1,GUDANG BAIK,2104191,Wiratex Wall Paint Putih Salju 5KG,8.00,"83,000.00",GL,7.50,0.00,0.00,"49,800.00","614,200.00",,1,"INDOWIRA, PT"
JUAL,261.000.280,09/01/2026 0:00,2601090189,T,,J.422,TC.SUMBER SARANA WARNA,GRIYA PATARUMAN ASRI BLOK C2 NO.18 RT.001/011 PATOKAN MESJ8ID AL MUHAJ,J,FRANSISKUS,1,GUDANG BAIK,2100011,AlFa Polyester Putty  3KG,12.00,"103,000.00",GLN,5.00,0.00,0.00,"61,800.00","1,174,200.00",,1,"INDOWIRA, PT"
JUAL,261.000.281,09/01/2026 0:00,2601090191,T,,A.205,IRON,SUNIARAJA,Y,KEN - Y,1,GUDANG BAIK,2101330,Attaboy Wall Putty Instant Powder  2 KG,12.00,"33,000.00",BKS,7.50,0.00,0.00,"29,700.00","366,300.00",,1,"INDOWIRA, PT"
JUAL,261.000.281,09/01/2026 0:00,2601090191,T,,A.205,IRON,SUNIARAJA,Y,KEN - Y,1,GUDANG BAIK,2100068,Adler Primer Surfacer EP 1050  2 LITER SET,2.00,"205,000.00",KL,7.50,0.00,0.00,"30,750.00","379,250.00",,1,"INDOWIRA, PT"
JUAL,261.000.282,09/01/2026 0:00,2601090190,T,,J.103,PT.AKARA INTER DESAIN,JL.INDUSTRI II NO.7A RT.006 RW.009 UTAMA,J,FRANSISKUS,1,GUDANG BAIK,2103149,Petalac Thinner PU  5 LTR,2.00,"220,000.00",GLN,0.00,0.00,0.00,0.00,"440,000.00",,1,"INDOWIRA, PT"
JUAL,261.000.282,09/01/2026 0:00,2601090190,T,,J.103,PT.AKARA INTER DESAIN,JL.INDUSTRI II NO.7A RT.006 RW.009 UTAMA,J,FRANSISKUS,1,GUDANG BAIK,2200086,Petalac 2K Surfacer FD 21 Base 1LT,2.00,"80,000.00",KL,10.00,0.00,0.00,"16,000.00","144,000.00",,1,"INDOWIRA, PT"
JUAL,261.000.282,09/01/2026 0:00,2601090190,T,,J.103,PT.AKARA INTER DESAIN,JL.INDUSTRI II NO.7A RT.006 RW.009 UTAMA,J,FRANSISKUS,1,GUDANG BAIK,2200112,Petalac Hardener Special M20 0.2Lt,4.00,"55,000.00",KL,10.00,0.00,0.00,"22,000.00","198,000.00",,1,"INDOWIRA, PT"
JUAL,261.000.282,09/01/2026 0:00,2601090190,T,,J.103,PT.AKARA INTER DESAIN,JL.INDUSTRI II NO.7A RT.006 RW.009 UTAMA,J,FRANSISKUS,1,GUDANG BAIK,2200087,Petalac Hardener Surfacer FD 0.5LT,2.00,"60,000.00",KL,10.00,0.00,0.00,"12,000.00","108,000.00",,1,"INDOWIRA, PT"
JUAL,261.000.282,09/01/2026 0:00,2601090190,T,,J.103,PT.AKARA INTER DESAIN,JL.INDUSTRI II NO.7A RT.006 RW.009 UTAMA,J,FRANSISKUS,1,GUDANG BAIK,2200049,Petalac 2K PU Clear Matt M20 Base 0.8Lt,4.00,"110,000.00",KL,10.00,0.00,0.00,"44,000.00","396,000.00",,1,"INDOWIRA, PT"
JUAL,261.000.283,09/01/2026 0:00,2601070155,T,,K.412,"YUNIKO,PD",KEBON JATI 224,14,DEPO BANDUNG,1,GUDANG BAIK,2100052,Adler Polyester Putty 3002  25 KG SET,3.00,"1,300,000.00",PL,10.00,0.00,0.00,"390,000.00","3,510,000.00",,1,"INDOWIRA, PT"
JUAL,261.000.286,09/01/2026 0:00,2601090194,T,,P.165,THE EDGE,JL BAROS,13,BU RINI,1,GUDANG BAIK,2103650,Petalux Wall Paint 602 Berlian 5KG,2.00,"158,000.00",GLN,0.00,0.00,0.00,0.00,"316,000.00",U/P.UWA,1,"INDOWIRA, PT"
JUAL,261.000.287,09/01/2026 0:00,2601090195,T,,U.257,ANTA BARU,JL.PURWAKARTA NO.32 ANTAPANI,U,GANIS,1,GUDANG BAIK,2102095,Mascot Wall Filler  4 KG,15.00,"39,000.00",GLN,7.50,0.00,0.00,"43,875.00","541,125.00",,1,"INDOWIRA, PT"
JUAL,261.000.288,09/01/2026 0:00,2601090196,T,,W.537,CUNCUN WIJAYA,JL.RAYA DAYEUH KOLOT NO.471,R,SIMON QIRENE,1,GUDANG BAIK,2103593,Petalux Wall Paint CM 602 Matahari 25 KG,1.00,"515,000.00",PL,0.00,0.00,0.00,0.00,"515,000.00",U/P.TEDI,1,"INDOWIRA, PT"
JUAL,261.000.289,09/01/2026 0:00,2601050020,T,,D.131,SINAR MAS,TKI III D4 NO.17,D,WILLY,1,GUDANG BAIK,2104039,Shintex Wall Paint Putih Prima 5KG,4.00,"110,000.00",GLN,7.50,0.00,0.00,"33,000.00","407,000.00",,1,"INDOWIRA, PT"
JUAL,261.000.291,09/01/2026 0:00,2601090197,T,,N.920,CV.RAGAM JAYA UTAMA up.bp.Kaye,JL.NANJUNG NO.90 CIMAHI,R,SIMON QIRENE,1,GUDANG BAIK,2100016,Alfa Zinc Chromate Primer BM Grey 20kg,1.00,"720,000.00",PL,0.00,0.00,0.00,0.00,"720,000.00",,1,"INDOWIRA, PT"
JUAL,261.000.292,09/01/2026 0:00,2512220701,T,,H.746,SINAR PUTRA (CI LINA),JL.tlajung udik no.4 KEC.GUNUNG PUTRI BOGOR 021-8671803,H,YANSENG,1,GUDANG BAIK,2102064,Meiji Zinc Chromate Primer Grey 1 KG,4.00,"51,000.00",KL,7.50,0.00,0.00,"15,300.00","188,700.00",,1,"INDOWIRA, PT"
JUAL,261.000.293,09/01/2026 0:00,2512310905,T,,H.328,DUCO JAYA PAINT,JL.RAYA PUNCAK GADOG,H1,MIMING,1,GUDANG BAIK,2100011,AlFa Polyester Putty  3KG,6.00,"103,000.00",GLN,5.00,0.00,0.00,"30,900.00","587,100.00",,1,"INDOWIRA, PT"
JUAL,261.000.294,09/01/2026 0:00,2601070125,T,,H.180,KCN SS,BOGOR,H,YANSENG,1,GUDANG BAIK,2101924,Meiji Gum Sealer  1 LTR SET,18.00,"164,000.00",KL,7.50,3.00,0.00,"303,318.00","2,648,682.00",,1,"INDOWIRA, PT"
JUAL,261.000.303,09/01/2026 0:00,2512040148,T,,H.187,PURA BAJA (PONCOL JAYA 2),"DEPAN MATRIAL SINAR JAYA BANGUNAN JL.RAYA TONJONG ,CIMANGGIS ",H1,MIMING,4,GUDANG BOGOR,2102077,Meiji Zinc Chromate Primer Black 5 KG,4.00,"225,000.00",GLN,7.50,0.00,0.00,"67,500.00","832,500.00",,1,"INDOWIRA, PT"
JUAL,261.000.304,09/01/2026 0:00,2601090200,T,,K.201,AGUS CENDANA,KIRCON 141,L,RUDI *,1,GUDANG BAIK,2101924,Meiji Gum Sealer  1 LTR SET,2.00,"164,000.00",KL,10.00,0.00,0.00,"32,800.00","295,200.00",,1,"INDOWIRA, PT"
JUAL,261.000.305,09/01/2026 0:00,2601070140,T,,N.726A,CV.HIKMAH JAYA SENTOSA,JL.S.HATTA 444,13,BU RINI,1,GUDANG BAIK,2500270,Attaboy Epoxy Floor Primer SL MT380 20KG,1.00,"2,390,000.00",PAIL,0.00,0.00,0.00,0.00,"2,390,000.00",,1,"INDOWIRA, PT"
JUAL,261.000.306,09/01/2026 0:00,2601090205,T,,N.1100A,SURAHMAN,DARUSSUNAH ECO PESANTREN DT,13,BU RINI,1,GUDANG BAIK,2105214,Meiji Zinc Chromate Primer Dark Grey 20KG,3.00,"825,000.00",PAIL,5.00,0.00,0.00,"123,750.00","2,351,250.00",,1,"INDOWIRA, PT"
JUAL,261.000.308,09/01/2026 0:00,2601090212,T,,W.386,CV.PURNAMA JAYA INDO,JL.WANGSA PRAJA KULON NO.5 TATAR WANGSAKERTA,13,BU RINI,1,GUDANG BAIK,2100067,Adler Primer Surfacer EP 1050  8 LITER SET,1.00,"785,000.00",GLN,5.00,0.00,0.00,"39,250.00","745,750.00",,1,"INDOWIRA, PT"
JUAL,261.000.309,09/01/2026 0:00,2601090210,T,,G.507,PRIMA JAYA/BINA,CITEUREUP,G,JULIANTO,1,GUDANG BAIK,2101608,Kingkong Wall Putty Instant Powder  5 KG,12.00,"32,000.00",BKS,5.00,0.00,0.00,"19,200.00","364,800.00",,1,"INDOWIRA, PT"
JUAL,261.000.309,09/01/2026 0:00,2601090210,T,,G.507,PRIMA JAYA/BINA,CITEUREUP,G,JULIANTO,1,GUDANG BAIK,2104191,Wiratex Wall Paint Putih Salju 5KG,4.00,"83,000.00",GL,7.50,0.00,0.00,"24,900.00","307,100.00",,1,"INDOWIRA, PT"
JUAL,261.000.310,09/01/2026 0:00,2601090211,T,,W.499,PAPANDAYAN PUTRA,JL.RAYA MAJALAYA NO.196,C,YONATHAN,1,GUDANG BAIK,2104073,Tawon Kembang Meni Kayu & Besi 0.8 KG,36.00,"40,000.00",KL,7.50,0.00,0.00,"108,000.00","1,332,000.00",,1,"INDOWIRA, PT"
JUAL,261.000.311,09/01/2026 0:00,2601090204,T,,A.311,SINAR RAJAWALI,RAJAWALI BARAT 37,U,GANIS,1,GUDANG BAIK,2104191,Wiratex Wall Paint Putih Salju 5KG,8.00,"83,000.00",GL,7.50,0.00,0.00,"49,800.00","614,200.00",,1,"INDOWIRA, PT"
JUAL,261.000.313,09/01/2026 0:00,2601090207,T,,T.335,BENGKEL LAS SENI MURNI STEEL,JL.NANJUNG CISAAT NO.69,J,FRANSISKUS,1,GUDANG BAIK,2100006,Alfa Polyester Putty  1 KG,12.00,"39,000.00",KL,5.00,0.00,0.00,"23,400.00","444,600.00",,1,"INDOWIRA, PT"
JUAL,261.000.313,09/01/2026 0:00,2601090207,T,,T.335,BENGKEL LAS SENI MURNI STEEL,JL.NANJUNG CISAAT NO.69,J,FRANSISKUS,1,GUDANG BAIK,2100016,Alfa Zinc Chromate Primer BM Grey 20kg,1.00,"720,000.00",PL,7.50,0.00,0.00,"54,000.00","666,000.00",,1,"INDOWIRA, PT"
JUAL,261.000.314,09/01/2026 0:00,2601090206,T,,N.666,PT.ALMEGA JAYA,JL.SEKEKUKUMBUNG 77,13,BU RINI,1,GUDANG BAIK,2101915,Meiji Epoxy Filler  1 LTR SET,24.00,"76,000.00",KL,0.00,0.00,0.00,0.00,"1,824,000.00",,1,"INDOWIRA, PT"
JUAL,261.000.315,09/01/2026 0:00,2601090203,T,,C.543,TB.MITRA JAYA,JL.RAYA SOREANG BANJARAN NO.128 CANGKUANG / BUNDARAN CILUNCAT,C,YONATHAN,1,GUDANG BAIK,2400160,Shintex Cat Bak Hitam 1KG,4.00,"60,000.00",KL,7.50,0.00,0.00,"18,000.00","222,000.00",,1,"INDOWIRA, PT"
JUAL,261.000.315,09/01/2026 0:00,2601090203,T,,C.543,TB.MITRA JAYA,JL.RAYA SOREANG BANJARAN NO.128 CANGKUANG / BUNDARAN CILUNCAT,C,YONATHAN,1,GUDANG BAIK,2103786,Shintex Cat Bak White 1 KG,4.00,"60,000.00",KL,7.50,0.00,0.00,"18,000.00","222,000.00",,1,"INDOWIRA, PT"
JUAL,261.000.315,09/01/2026 0:00,2601090203,T,,C.543,TB.MITRA JAYA,JL.RAYA SOREANG BANJARAN NO.128 CANGKUANG / BUNDARAN CILUNCAT,C,YONATHAN,1,GUDANG BAIK,2103783,Shintex Cat Bak 009 Sky Blu 1 KG,4.00,"60,000.00",KL,7.50,0.00,0.00,"18,000.00","222,000.00",,1,"INDOWIRA, PT"
JUAL,261.000.316,09/01/2026 0:00,2601090202,T,,G.521,YE LIH,CIMAHI,G,JULIANTO,1,GUDANG BAIK,2103284,Petalux Base A  25 KG,2.00,"721,000.00",PL,15.00,0.00,0.00,"216,300.00","1,225,700.00",,1,"INDOWIRA, PT"
JUAL,261.000.317,09/01/2026 0:00,2601090201,T,,T.174,HOTEL ATLANTIK (WEMPI/HENDRA),JL.PASIR KALIKI NO.126 DEPAN POLSEK CI,R,SIMON QIRENE,1,GUDANG BAIK,2103621,Petalux Wall Paint Putih hemat 04 25 KG,1.00,"765,000.00",PL,0.00,0.00,0.00,0.00,"765,000.00",,1,"INDOWIRA, PT"
JUAL,261.000.318,09/01/2026 0:00,2601060093,T,,N.136,CAPRIFARMINDO,JL.PURNAWARMAN NO.47,13,BU RINI,1,GUDANG BAIK,2101098,Attaboy Weatherguard New Sanbe Grey 20 LT,5.00,"2,475,000.00",PL,0.00,0.00,0.00,0.00,"12,375,000.00",U/P.BUKHORI MUSLIM,1,"INDOWIRA, PT"
JUAL,261.000.319,09/01/2026 0:00,2512290817,T,,J.406,HARTA FURNITURE,JL.GEMPOL SARI 313 CIJERAH,J,FRANSISKUS,1,GUDANG BAIK,2101926,Meiji Lacquer Primer Surfacer IK  1 LITER,19.00,"57,000.00",KL,5.00,0.00,0.00,"54,150.00","1,028,850.00",,1,"INDOWIRA, PT"
JUAL,261.000.319,09/01/2026 0:00,2512290817,T,,J.406,HARTA FURNITURE,JL.GEMPOL SARI 313 CIJERAH,J,FRANSISKUS,1,GUDANG BAIK,2100012,Alfa Polyester Putty Hardener 60gr,6.00,"23,500.00",tube,0.00,0.00,0.00,0.00,"141,000.00",,1,"INDOWIRA, PT"
JUAL,261.000.320,09/01/2026 0:00,2512290813,T,,N.682,SARANA MOTOR,JL.RAYA SAPAN NO.55A,L,RUDI *,1,GUDANG BAIK,2100027,Adler Epoxy Undercoat BASE,12.00,"80,000.00",KL,0.00,0.00,0.00,0.00,"960,000.00",via sj.3996,1,"INDOWIRA, PT"
JUAL,261.000.320,09/01/2026 0:00,2512290813,T,,N.682,SARANA MOTOR,JL.RAYA SAPAN NO.55A,L,RUDI *,1,GUDANG BAIK,2104494,Daltone Clear CoaT MS 4100 1LTS,5.00,"112,000.00",KL,10.00,0.00,0.00,"56,000.00","504,000.00",via sj.3996,1,"INDOWIRA, PT"
JUAL,261.000.320,09/01/2026 0:00,2512290813,T,,N.682,SARANA MOTOR,JL.RAYA SAPAN NO.55A,L,RUDI *,1,GUDANG BAIK,2105346,Adler PU Topcoat HS9021 1.5 Liter Set,6.00,"280,000.00",KL,10.00,0.00,0.00,"168,000.00","1,512,000.00",via sj.3996,1,"INDOWIRA, PT"
JUAL,261.000.320,09/01/2026 0:00,2512290813,T,,N.682,SARANA MOTOR,JL.RAYA SAPAN NO.55A,L,RUDI *,1,GUDANG BAIK,2100057,Adler Primer Surfacer EP 1050 Base 1lt,12.00,"138,000.00",LT,0.00,0.00,0.00,0.00,"1,656,000.00",via sj.3996,1,"INDOWIRA, PT"
JUAL,261.000.321,09/01/2026 0:00,2512290838,T,,G.138,JAYA,RENGAS DENGKLOK,G,JULIANTO,1,GUDANG BAIK,2103723,Petalux Wall Paint 693 Blue Sk 5KG,8.00,"158,000.00",GLN,7.50,0.00,0.00,"94,800.00","1,169,200.00",via sj.4038,1,"INDOWIRA, PT"
JUAL,261.000.322,09/01/2026 0:00,2512310909,T,,C.224,BINONG BARU,JL.MARGACINTA NO.54 CIJAURA,D,WILLY,1,GUDANG BAIK,2102064,Meiji Zinc Chromate Primer Grey 1 KG,12.00,"51,000.00",KL,7.50,0.00,0.00,"45,900.00","566,100.00",VIA SJ.4041,1,"INDOWIRA, PT"
JUAL,261.000.322,09/01/2026 0:00,2512310909,T,,C.224,BINONG BARU,JL.MARGACINTA NO.54 CIJAURA,D,WILLY,1,GUDANG BAIK,2102062,Meiji Zinc Chromate Primer Black 1 KG,12.00,"51,000.00",KL,7.50,0.00,0.00,"45,900.00","566,100.00",VIA SJ.4041,1,"INDOWIRA, PT"
JUAL,261.000.322,09/01/2026 0:00,2512310909,T,,C.224,BINONG BARU,JL.MARGACINTA NO.54 CIJAURA,D,WILLY,1,GUDANG BAIK,2102063,Meiji Zinc Chromate Primer Broken White 1 KG,12.00,"51,000.00",KL,7.50,0.00,0.00,"45,900.00","566,100.00",VIA SJ.4041,1,"INDOWIRA, PT"
JUAL,261.000.323,09/01/2026 0:00,2601050034,T,,K.311,PIPING,KEBON KOPI 76,13,BU RINI,1,GUDANG BAIK,2102840,Petalac 2K PU Hardener Special  200 CC,5.00,"55,000.00",KL,10.00,0.00,0.00,"27,500.00","247,500.00",VIA SJ.4051,1,"INDOWIRA, PT"
JUAL,261.000.323,09/01/2026 0:00,2601050034,T,,K.311,PIPING,KEBON KOPI 76,13,BU RINI,1,GUDANG BAIK,2500059,Petalac 2K PU CO Base Buce Brown Matt 0.8LT,2.00,"153,000.00",KL,10.00,0.00,0.00,"30,600.00","275,400.00",VIA SJ.4051,1,"INDOWIRA, PT"
JUAL,261.000.323,09/01/2026 0:00,2601050034,T,,K.311,PIPING,KEBON KOPI 76,13,BU RINI,1,GUDANG BAIK,2500020,Petalac 2K PU CO Base Havana Brown MF Matt 0.8LT,3.00,"142,000.00",KL,10.00,0.00,0.00,"42,600.00","383,400.00",VIA SJ.4051,1,"INDOWIRA, PT"
JUAL,261.000.324,09/01/2026 0:00,2512310903,T,,H.187,PURA BAJA (PONCOL JAYA 2),"DEPAN MATRIAL SINAR JAYA BANGUNAN JL.RAYA TONJONG ,CIMANGGIS ",H1,MIMING,1,GUDANG BAIK,2102062,Meiji Zinc Chromate Primer Black 1 KG,24.00,"51,000.00",KL,7.50,0.00,0.00,"91,800.00","1,132,200.00",VIA SJ.4046,1,"INDOWIRA, PT"
JUAL,261.000.325,09/01/2026 0:00,2512260796,T,,K.527,PT.AKD,SADANG,14,DEPO BANDUNG,1,GUDANG BAIK,240044,Petalac 2K PU CO Base VM152 0.8LT,6.00,"145,000.00",KL,10.00,0.00,0.00,"87,000.00","783,000.00",VIA SJ.4044,1,"INDOWIRA, PT"
JUAL,261.000.325,09/01/2026 0:00,2512260796,T,,K.527,PT.AKD,SADANG,14,DEPO BANDUNG,1,GUDANG BAIK,2300158,Petalac 2K PU CO Base Crystal White 0.8LT,6.00,"160,000.00",KL,10.00,0.00,0.00,"96,000.00","864,000.00",VIA SJ.4044,1,"INDOWIRA, PT"
JUAL,261.000.335,12/01/2026 0:00,2601120214,T,,C.442,TB.MAJU MAKMUR,JL.SEKE AWI SUKAMUKTI KATAPANG,C,YONATHAN,1,GUDANG BAIK,2200162,Kingkong Wall paint Super White 18KG,2.00,"288,000.00",PAIL,7.50,0.00,0.00,"43,200.00","532,800.00",,1,"INDOWIRA, PT"
JUAL,261.000.335,12/01/2026 0:00,2601120214,T,,C.442,TB.MAJU MAKMUR,JL.SEKE AWI SUKAMUKTI KATAPANG,C,YONATHAN,1,GUDANG BAIK,2100011,AlFa Polyester Putty  3KG,3.00,"103,000.00",GLN,5.00,0.00,0.00,"15,450.00","293,550.00",,1,"INDOWIRA, PT"
JUAL,261.000.335,12/01/2026 0:00,2601120214,T,,C.442,TB.MAJU MAKMUR,JL.SEKE AWI SUKAMUKTI KATAPANG,C,YONATHAN,1,GUDANG BAIK,2100006,Alfa Polyester Putty  1 KG,12.00,"39,000.00",KL,5.00,0.00,0.00,"23,400.00","444,600.00",,1,"INDOWIRA, PT"
JUAL,261.000.336,12/01/2026 0:00,2512260779,T,,K.527,PT.AKD,SADANG,14,DEPO BANDUNG,1,GUDANG BAIK,2102842,Petalac 2K PU Hardener Metalic  200 CC,2.00,"55,000.00",KL,10.00,0.00,0.00,"11,000.00","99,000.00",VIA SJ.4048,1,"INDOWIRA, PT"
JUAL,261.000.336,12/01/2026 0:00,2512260779,T,,K.527,PT.AKD,SADANG,14,DEPO BANDUNG,1,GUDANG BAIK,2600003,Petalac 2K PU Metalix CO Base Black Metal 0.8LT,2.00,"188,000.00",KL,10.00,0.00,0.00,"37,600.00","338,400.00",VIA SJ.4048,1,"INDOWIRA, PT"
JUAL,261.000.337,12/01/2026 0:00,2601120216,T,,D.216,UD.SBR SUBUR BAROKAH,JL.SARI RASA BLOK 1 NO.2 A GUNUNG BATU,Y,KEN - Y,1,GUDANG BAIK,2104042,Shintex Wall Paint Super White 5KG,8.00,"110,000.00",GLN,7.50,0.00,0.00,"66,000.00","814,000.00",,1,"INDOWIRA, PT"
JUAL,261.000.339,12/01/2026 0:00,2601120219,T,,C.102,BUANA,TKI II RUKO 2A NO.58,C,YONATHAN,1,GUDANG BAIK,2101411,"Crystal Coat Surfacer White 1,2 KG SET",6.00,"125,000.00",KL,7.50,0.00,0.00,"56,250.00","693,750.00",,1,"INDOWIRA, PT"
JUAL,261.000.340,12/01/2026 0:00,2601120218,T,,C.138,AL-BAROKAH,JL.POJOK SELATAN 226 CIMAHI,C,YONATHAN,1,GUDANG BAIK,2104192,Wiratex Wall Paint Super White 5KG,4.00,"83,000.00",GL,7.50,0.00,0.00,"24,900.00","307,100.00",,1,"INDOWIRA, PT"
JUAL,261.000.340,12/01/2026 0:00,2601120218,T,,C.138,AL-BAROKAH,JL.POJOK SELATAN 226 CIMAHI,C,YONATHAN,1,GUDANG BAIK,2104148,Wiratex Wall Paint Super White 25 KG,3.00,"390,000.00",PL,7.50,0.00,0.00,"87,750.00","1,082,250.00",,1,"INDOWIRA, PT"
JUAL,261.000.341,12/01/2026 0:00,2601120220,T,,N.254,"SANBE FARMA ,PT",JL.TAMAN SARI NO.10,13,BU RINI,1,GUDANG BAIK,2102061,Meiji Zinc Chromate Primer  1 KG,2.00,"51,000.00",KL,10.00,0.00,0.00,"10,200.00","91,800.00",U/P.NANA SARIPUDIN,1,"INDOWIRA, PT"
JUAL,261.000.342,12/01/2026 0:00,2601120224,T,,N.1099,BUDI,PODOMORO PARK JL.BOULEVARD SELATAN KAVLING S6,13,BU RINI,1,GUDANG BAIK,2102068,Meiji Zinc Chromate Primer Broken Whit 20 KG,4.00,"825,000.00",PL,0.00,0.00,0.00,0.00,"3,300,000.00",,1,"INDOWIRA, PT"
JUAL,261.000.343,12/01/2026 0:00,2601050076,T,,H.344,GUNA SENAPUTRA SEJAHTERA,Jl. Pangkalan III Km.2.4 Bogor,H,YANSENG,4,GUDANG BOGOR,2500326,Daltone Stoving Enamel New 200-30 Carbon Black 20L,3.00,"2,100,000.00",PAIL,0.00,0.00,0.00,0.00,"6,300,000.00",,1,"INDOWIRA, PT"
JUAL,261.000.343,12/01/2026 0:00,2601050076,T,,H.344,GUNA SENAPUTRA SEJAHTERA,Jl. Pangkalan III Km.2.4 Bogor,H,YANSENG,4,GUDANG BOGOR,2500348,Daltone Thinner Stoving Enamel New 20LT,3.00,"750,000.00",JRG,0.00,0.00,0.00,0.00,"2,250,000.00",,1,"INDOWIRA, PT"
JUAL,261.000.344,12/01/2026 0:00,2601120226,T,,J.234,KRIYA NUSANTARA GROUP,JL.CIBIRU HILIR NO.36 CIBIRU WETAN CILEUNYI,J,FRANSISKUS,1,GUDANG BAIK,2102840,Petalac 2K PU Hardener Special  200 CC,40.00,"55,000.00",KL,10.00,0.00,0.00,"220,000.00","1,980,000.00",,1,"INDOWIRA, PT"
JUAL,261.000.344,12/01/2026 0:00,2601120226,T,,J.234,KRIYA NUSANTARA GROUP,JL.CIBIRU HILIR NO.36 CIBIRU WETAN CILEUNYI,J,FRANSISKUS,1,GUDANG BAIK,2200068,Petalac 2K PU Colour P.101 Special White Base 0.8L,40.00,"126,000.00",KL,10.00,0.00,0.00,"504,000.00","4,536,000.00",,1,"INDOWIRA, PT"
JUAL,261.000.344,12/01/2026 0:00,2601120226,T,,J.234,KRIYA NUSANTARA GROUP,JL.CIBIRU HILIR NO.36 CIBIRU WETAN CILEUNYI,J,FRANSISKUS,1,GUDANG BAIK,2103148,Petalac Thinner PU  20 LTR,4.00,"834,000.00",JRG,0.00,0.00,0.00,0.00,"3,336,000.00",,1,"INDOWIRA, PT"
JUAL,261.000.346,12/01/2026 0:00,2601120228,T,,D.131,SINAR MAS,TKI III D4 NO.17,D,WILLY,1,GUDANG BAIK,2104191,Wiratex Wall Paint Putih Salju 5KG,4.00,"83,000.00",GL,7.50,0.00,0.00,"24,900.00","307,100.00",,1,"INDOWIRA, PT"
JUAL,261.000.346,12/01/2026 0:00,2601120228,T,,D.131,SINAR MAS,TKI III D4 NO.17,D,WILLY,1,GUDANG BAIK,2104109,Wiratex Wall Paint 801 Spanish 25 KG,1.00,"390,000.00",PL,7.50,0.00,0.00,"29,250.00","360,750.00",,1,"INDOWIRA, PT"
JUAL,261.000.348,12/01/2026 0:00,2601120230,T,,L.428,DERISYA INTERIOR U/P.UJANG RUS,KAMP.CUKANG KAWUNG NO.33 DS.PAKUHAJI NGAMPRAH KETUA RT.04/05,L,RUDI *,1,GUDANG BAIK,2100011,AlFa Polyester Putty  3KG,6.00,"103,000.00",GLN,5.00,0.00,0.00,"30,900.00","587,100.00",,1,"INDOWIRA, PT"
JUAL,261.000.349,12/01/2026 0:00,2601120231,T,,N.343,PT.SANBE PRAKARSA HUSADA,PROYEK RSSI-EXISTING JL KEBON JATI NO.38,13,BU RINI,1,GUDANG BAIK,2102061,Meiji Zinc Chromate Primer  1 KG,1.00,"51,000.00",KL,10.00,0.00,0.00,"5,100.00","45,900.00",U/P.DEDE RUSTANDI,1,"INDOWIRA, PT"
JUAL,261.000.351,12/01/2026 0:00,2601120233,T,,R.461,GAN PROPERTI,ALDIVA PRATAMA RESIDENCE JL.CIPADANG MANAH NO.16 PADALARANG,R,SIMON QIRENE,1,GUDANG BAIK,2102109,Mascot Wall Paint Super White 200 KG,1.00,"1,700,000.00",DRM,0.00,0.00,0.00,0.00,"1,700,000.00",U/P.HENDRI,1,"INDOWIRA, PT"
JUAL,261.000.352,12/01/2026 0:00,2601120234,T,,R.488,GAN PROPERTI,GLAND PADALARANG VALLEY JL.CIPADANG MANAH PADALARANG,R,SIMON QIRENE,1,GUDANG BAIK,2101330,Attaboy Wall Putty Instant Powder  2 KG,30.00,"33,000.00",BKS,0.00,0.00,0.00,0.00,"990,000.00",U/P HENDRI,1,"INDOWIRA, PT"
JUAL,261.000.352,12/01/2026 0:00,2601120234,T,,R.488,GAN PROPERTI,GLAND PADALARANG VALLEY JL.CIPADANG MANAH PADALARANG,R,SIMON QIRENE,1,GUDANG BAIK,2102109,Mascot Wall Paint Super White 200 KG,2.00,"1,700,000.00",DRM,0.00,0.00,0.00,0.00,"3,400,000.00",U/P HENDRI,1,"INDOWIRA, PT"
JUAL,261.000.354,12/01/2026 0:00,2601120240,T,,U.258,TB.GRAHA,JL.CIHANJUANG 121 JATI CIBABAT,U,GANIS,1,GUDANG BAIK,2104148,Wiratex Wall Paint Super White 25 KG,5.00,"390,000.00",PL,7.50,0.00,0.00,"146,250.00","1,803,750.00",,1,"INDOWIRA, PT"
JUAL,261.000.355,12/01/2026 0:00,2601090190,T,,J.103,PT.AKARA INTER DESAIN,JL.INDUSTRI II NO.7A RT.006 RW.009 UTAMA,J,FRANSISKUS,1,GUDANG BAIK,2102842,Petalac 2K PU Hardener Metalic  200 CC,2.00,"55,000.00",KL,10.00,0.00,0.00,"11,000.00","99,000.00",,1,"INDOWIRA, PT"
JUAL,261.000.355,12/01/2026 0:00,2601090190,T,,J.103,PT.AKARA INTER DESAIN,JL.INDUSTRI II NO.7A RT.006 RW.009 UTAMA,J,FRANSISKUS,1,GUDANG BAIK,2600005,Petalac 2K PU Metalic CO Champagne Base 0.8LT,2.00,"145,000.00",KL,10.00,0.00,0.00,"29,000.00","261,000.00",,1,"INDOWIRA, PT"
JUAL,261.000.356,12/01/2026 0:00,2601050062,T,,G.138,JAYA,RENGAS DENGKLOK,G,JULIANTO,1,GUDANG BAIK,2103655,Petalux Wall Paint 612 Cream 5KG,8.00,"158,000.00",GLN,7.50,0.00,0.00,"94,800.00","1,169,200.00",,1,"INDOWIRA, PT"
JUAL,261.000.356,12/01/2026 0:00,2601050062,T,,G.138,JAYA,RENGAS DENGKLOK,G,JULIANTO,1,GUDANG BAIK,2103673,Petalux Wall Paint 6312 Light 5KG,8.00,"158,000.00",GLN,7.50,0.00,0.00,"94,800.00","1,169,200.00",,1,"INDOWIRA, PT"
JUAL,261.000.356,12/01/2026 0:00,2601050062,T,,G.138,JAYA,RENGAS DENGKLOK,G,JULIANTO,1,GUDANG BAIK,2103666,Petalux Wall Paint 6305 Hazel 5KG,8.00,"158,000.00",GLN,7.50,0.00,0.00,"94,800.00","1,169,200.00",,1,"INDOWIRA, PT"
JUAL,261.000.356,12/01/2026 0:00,2601050062,T,,G.138,JAYA,RENGAS DENGKLOK,G,JULIANTO,1,GUDANG BAIK,2103698,Petalux Wall Paint 641 Apple W 5KG,8.00,"158,000.00",GLN,7.50,0.00,0.00,"94,800.00","1,169,200.00",,1,"INDOWIRA, PT"
JUAL,261.000.359,12/01/2026 0:00,2601120241,T,,U.267,TB.ALIF JAYA,JL.SEKEPEER NO.32 RT.4 RW.4 SINDANG JAYA UJUNG BERUNG,U,GANIS,1,GUDANG BAIK,2103813,Shintex Cat Genteng 305 Fire Br 4KG,2.00,"185,000.00",GLN,7.50,0.00,0.00,"27,750.00","342,250.00",,1,"INDOWIRA, PT"
JUAL,261.000.359,12/01/2026 0:00,2601120241,T,,U.267,TB.ALIF JAYA,JL.SEKEPEER NO.32 RT.4 RW.4 SINDANG JAYA UJUNG BERUNG,U,GANIS,1,GUDANG BAIK,2103818,Shintex Cat Genteng 315 Side Gr 4KG,2.00,"185,000.00",GLN,7.50,0.00,0.00,"27,750.00","342,250.00",,1,"INDOWIRA, PT"
JUAL,261.000.359,12/01/2026 0:00,2601120241,T,,U.267,TB.ALIF JAYA,JL.SEKEPEER NO.32 RT.4 RW.4 SINDANG JAYA UJUNG BERUNG,U,GANIS,1,GUDANG BAIK,2101643,Kingkong Wall Paint Super White 1 KG,12.00,"27,000.00",KL,7.50,0.00,0.00,"24,300.00","299,700.00",,1,"INDOWIRA, PT"
JUAL,261.000.359,12/01/2026 0:00,2601120241,T,,U.267,TB.ALIF JAYA,JL.SEKEPEER NO.32 RT.4 RW.4 SINDANG JAYA UJUNG BERUNG,U,GANIS,1,GUDANG BAIK,2103863,Shintex Wall Filler  1 KG,20.00,"23,000.00",KL,7.50,0.00,0.00,"34,500.00","425,500.00",,1,"INDOWIRA, PT"
JUAL,261.000.360,12/01/2026 0:00,2601120239,T,,D.513,PUTRA REJEKI,RAJAWALI BARAT 45,U,GANIS,1,GUDANG BAIK,2104191,Wiratex Wall Paint Putih Salju 5KG,34.00,"83,000.00",GL,7.50,0.00,0.00,"211,650.00","2,610,350.00",,1,"INDOWIRA, PT"
JUAL,261.000.361,12/01/2026 0:00,2601120238,T,,A.313,TEGUH,CIROYOM 49,U,GANIS,1,GUDANG BAIK,2200341,Kingkong WAll Paint 105 Chiffon 4.5KG,2.00,"76,000.00",GLN,7.50,0.00,0.00,"11,400.00","140,600.00",,1,"INDOWIRA, PT"
JUAL,261.000.361,12/01/2026 0:00,2601120238,T,,A.313,TEGUH,CIROYOM 49,U,GANIS,1,GUDANG BAIK,2200139,Kingkong Wall Paint Super White 4.5Kg,4.00,"76,000.00",GLN,7.50,0.00,0.00,"22,800.00","281,200.00",,1,"INDOWIRA, PT"
JUAL,261.000.361,12/01/2026 0:00,2601120238,T,,A.313,TEGUH,CIROYOM 49,U,GANIS,1,GUDANG BAIK,2200248,Kingkong Wall Paint 131 Spring Green 4.5KG,2.00,"76,000.00",GLN,7.50,0.00,0.00,"11,400.00","140,600.00",,1,"INDOWIRA, PT"
JUAL,261.000.362,12/01/2026 0:00,2601120237,T,,N.888,SUMBER WARNA,PUNGKUR,14,DEPO BANDUNG,1,GUDANG BAIK,2103145,Petalac Thinner PU  1 LTR,12.00,"51,000.00",KL,0.00,0.00,0.00,0.00,"612,000.00",,1,"INDOWIRA, PT"
JUAL,261.000.362,12/01/2026 0:00,2601120237,T,,N.888,SUMBER WARNA,PUNGKUR,14,DEPO BANDUNG,1,GUDANG BAIK,2102840,Petalac 2K PU Hardener Special  200 CC,12.00,"55,000.00",KL,10.00,0.00,0.00,"66,000.00","594,000.00",,1,"INDOWIRA, PT"
JUAL,261.000.362,12/01/2026 0:00,2601120237,T,,N.888,SUMBER WARNA,PUNGKUR,14,DEPO BANDUNG,1,GUDANG BAIK,2200303,Petalac Ext 4:1 Special White Matt Base 0.8LT,6.00,"144,000.00",KL,10.00,0.00,0.00,"86,400.00","777,600.00",,1,"INDOWIRA, PT"
JUAL,261.000.362,12/01/2026 0:00,2601120237,T,,N.888,SUMBER WARNA,PUNGKUR,14,DEPO BANDUNG,1,GUDANG BAIK,2200068,Petalac 2K PU Colour P.101 Special White Base 0.8L,6.00,"126,000.00",KL,10.00,0.00,0.00,"75,600.00","680,400.00",,1,"INDOWIRA, PT"
JUAL,261.000.363,12/01/2026 0:00,2601050047,T,,R.571,PERUM BUMI CITRA INDAH 4,CIPATIK,R,SIMON QIRENE,1,GUDANG BAIK,2105145,SHINTEX WALL PAINT 999 ADINDA 200KG,8.00,"3,172,500.00",DRUM,0.00,0.00,0.00,0.00,"25,380,000.00",,1,"INDOWIRA, PT"
JUAL,261.000.363,12/01/2026 0:00,2601050047,T,,R.571,PERUM BUMI CITRA INDAH 4,CIPATIK,R,SIMON QIRENE,1,GUDANG BAIK,2200201,Shintex Wall paint 9101 Orange 200KG,1.00,"3,172,500.00",DRUM,0.00,0.00,0.00,0.00,"3,172,500.00",,1,"INDOWIRA, PT"
JUAL,261.000.364,12/01/2026 0:00,2601120242,T,,N.888,SUMBER WARNA,PUNGKUR,14,DEPO BANDUNG,1,GUDANG BAIK,2102840,Petalac 2K PU Hardener Special  200 CC,6.00,"55,000.00",KL,7.50,2.50,0.00,"32,381.28","297,618.72",,1,"INDOWIRA, PT"
JUAL,261.000.364,12/01/2026 0:00,2601120242,T,,N.888,SUMBER WARNA,PUNGKUR,14,DEPO BANDUNG,1,GUDANG BAIK,2200303,Petalac Ext 4:1 Special White Matt Base 0.8LT,6.00,"144,000.00",KL,7.50,2.50,0.00,"84,780.00","779,220.00",,1,"INDOWIRA, PT"
JUAL,261.000.365,12/01/2026 0:00,2601120243,T,,N.100,PROYEK BU RINI,,13,BU RINI,1,GUDANG BAIK,2103625,Petalux Wall Paint Putih Wangi 25 KG,1.00,"765,000.00",PL,0.00,0.00,0.00,0.00,"765,000.00",BP UTANG,1,"INDOWIRA, PT"
JUAL,261.000.377,12/01/2026 0:00,2601120245,T,,K.201,AGUS CENDANA,KIRCON 141,L,RUDI *,1,GUDANG BAIK,2102840,Petalac 2K PU Hardener Special  200 CC,2.00,"55,000.00",KL,10.00,0.00,0.00,"11,000.00","99,000.00",via sj.4053,1,"INDOWIRA, PT"
JUAL,261.000.377,12/01/2026 0:00,2.601.120.245,T,,K.201,AGUS CENDANA,KIRCON 141,L,RUDI *,1,GUDANG BAIK,2600007,Petalac 2K PU CO Base Stome Grey Matt 0.8LT,1.00,"147,000.00",KL,10.00,0.00,0.00,"14,700.00","132,300.00",via sj.4053,1,"INDOWIRA, PT"
JUAL,261.000.377,12/01/2026 0:00,2601120245,T,,K.201,AGUS CENDANA,KIRCON 141,L,RUDI *,1,GUDANG BAIK,2600006,Petalac 2K PU CO Base Winter Bird Matt 0.8LT,1.00,"145,000.00",KL,10.00,0.00,0.00,"14,500.00","130,500.00",via sj.4053,1,"INDOWIRA, PT"
JUAL,261.000.378,12/01/2026 0:00,2512240753,T,,H.235,PT.PUTRA MODERN BANGUNAN,JL.SILIWANGI NO.12 SUKABUMI,H1,MIMING,1,GUDANG BAIK,2104863,Shintex Wall Filler 4 KG,8.00,"52,000.00",GL,5.00,0.00,0.00,"20,800.00","395,200.00",,1,"INDOWIRA, PT"
JUAL,261.000.378,12/01/2026 0:00,2512240753,T,,H.235,PT.PUTRA MODERN BANGUNAN,JL.SILIWANGI NO.12 SUKABUMI,H1,MIMING,1,GUDANG BAIK,2104191,Wiratex Wall Paint Putih Salju 5KG,4.00,"83,000.00",GL,5.00,0.00,0.00,"16,600.00","315,400.00",,1,"INDOWIRA, PT"
JUAL,261.000.378,12/01/2026 0:00,2512240753,T,,H.235,PT.PUTRA MODERN BANGUNAN,JL.SILIWANGI NO.12 SUKABUMI,H1,MIMING,1,GUDANG BAIK,2104192,Wiratex Wall Paint Super White 5KG,4.00,"83,000.00",GL,5.00,0.00,0.00,"16,600.00","315,400.00",,1,"INDOWIRA, PT"
JUAL,261.000.379,12/01/2026 0:00,2601080161,T,,H.349,BERDIKARI JAYA,JL. Rh. Didi Sukardi 66,H,YANSENG,1,GUDANG BAIK,2200162,Kingkong Wall paint Super White 18KG,2.00,"288,000.00",PAIL,7.50,0.00,0.00,"43,200.00","532,800.00",,1,"INDOWIRA, PT"
JUAL,261.000.379,12/01/2026 0:00,2601080161,T,,H.349,BERDIKARI JAYA,JL. Rh. Didi Sukardi 66,H,YANSENG,1,GUDANG BAIK,2200139,Kingkong Wall Paint Super White 4.5Kg,12.00,"76,000.00",GLN,7.50,0.00,0.00,"68,400.00","843,600.00",,1,"INDOWIRA, PT"
JUAL,261.000.379,12/01/2026 0:00,2601080161,T,,H.349,BERDIKARI JAYA,JL. Rh. Didi Sukardi 66,H,YANSENG,1,GUDANG BAIK,2200222,Kingkong Wall Paint Putih Metropolitan 4.5KG,4.00,"76,000.00",GLN,7.50,0.00,0.00,"22,800.00","281,200.00",,1,"INDOWIRA, PT"
JUAL,261.000.380,12/01/2026 0:00,2601080162,T,,H.354,PELITA MAS,JL. Pelabuhan 2 No 92 Sukabumi,H,YANSENG,1,GUDANG BAIK,2300050,Kingkong Wall Paint 104 Cream 4.5KG,8.00,"76,000.00",GLN,7.50,0.00,0.00,"45,600.00","562,400.00",,1,"INDOWIRA, PT"
JUAL,261.000.380,12/01/2026 0:00,2601080162,T,,H.354,PELITA MAS,JL. Pelabuhan 2 No 92 Sukabumi,H,YANSENG,1,GUDANG BAIK,2200341,Kingkong WAll Paint 105 Chiffon 4.5KG,4.00,"76,000.00",GLN,7.50,0.00,0.00,"22,800.00","281,200.00",,1,"INDOWIRA, PT"
JUAL,261.000.380,12/01/2026 0:00,2601080162,T,,H.354,PELITA MAS,JL. Pelabuhan 2 No 92 Sukabumi,H,YANSENG,1,GUDANG BAIK,2200139,Kingkong Wall Paint Super White 4.5Kg,8.00,"76,000.00",GLN,7.50,0.00,0.00,"45,600.00","562,400.00",,1,"INDOWIRA, PT"
JUAL,261.000.381,12/01/2026 0:00,2512290815,T,,H.215,BARAYA,"Girang, Jl. Manggis, Benda, Cicurug, Sukabumi Regency",H1,MIMING,1,GUDANG BAIK,2102076,Meiji Zinc Chromate Primer  5 KG,28.00,"225,000.00",GLN,7.50,0.00,0.00,"472,500.00","5,827,500.00",,1,"INDOWIRA, PT"
JUAL,261.000.382,12/01/2026 0:00,2601050049,T,,H.343,BAROS JAYA,JL.RH DIDI SUKARDI 156 SUKABUMI,H,YANSENG,1,GUDANG BAIK,2200162,Kingkong Wall paint Super White 18KG,12.00,"288,000.00",PAIL,7.50,0.00,0.00,"259,200.00","3,196,800.00",,1,"INDOWIRA, PT"
JUAL,261.000.382,12/01/2026 0:00,2601050049,T,,H.343,BAROS JAYA,JL.RH DIDI SUKARDI 156 SUKABUMI,H,YANSENG,1,GUDANG BAIK,2200139,Kingkong Wall Paint Super White 4.5Kg,20.00,"76,000.00",GLN,7.50,0.00,0.00,"114,000.00","1,406,000.00",,1,"INDOWIRA, PT"
JUAL,261.000.383,12/01/2026 0:00,2512220653,T,,H.215,BARAYA,"Girang, Jl. Manggis, Benda, Cicurug, Sukabumi Regency",H1,MIMING,1,GUDANG BAIK,2200208,Kingkong Wall Paint Special 521 Meadow 4.5KG,3.00,"76,000.00",GLN,7.50,0.00,0.00,"17,100.00","210,900.00",,1,"INDOWIRA, PT"
JUAL,261.000.384,12/01/2026 0:00,2512300888,T,,H.160,SERBA GUNA,JL.PELABUHAN 2 SUKABUMI,H,YANSENG,1,GUDANG BAIK,2200162,Kingkong Wall paint Super White 18KG,2.00,"288,000.00",PAIL,7.50,0.00,0.00,"43,200.00","532,800.00",,1,"INDOWIRA, PT"
JUAL,261.000.385,12/01/2026 0:00,2601080163,T,,H.338,TB.SINAR BINTANG,JL.OTTO ISKANDAR NO.43 KEBONJATI KEC.CIKOLE SUKABUMI,H,YANSENG,1,GUDANG BAIK,2102076,Meiji Zinc Chromate Primer  5 KG,4.00,"225,000.00",GLN,7.50,0.00,0.00,"67,500.00","832,500.00",,1,"INDOWIRA, PT"
JUAL,261.000.385,12/01/2026 0:00,2601080163,T,,H.338,TB.SINAR BINTANG,JL.OTTO ISKANDAR NO.43 KEBONJATI KEC.CIKOLE SUKABUMI,H,YANSENG,1,GUDANG BAIK,2102066,Meiji Zinc Chromate Primer  20 KG,5.00,"825,000.00",PL,7.50,0.00,0.00,"309,375.00","3,815,625.00",,1,"INDOWIRA, PT"
JUAL,261.000.386,12/01/2026 0:00,2601090213,T,,H.353,JAYAKARTA,JL.KIS MANGUNSARKOSO NO.26 PAMOYANAN,H,YANSENG,1,GUDANG BAIK,2103817,Shintex Cat Genteng 312 White 4KG,4.00,"185,000.00",GLN,7.50,0.00,0.00,"55,500.00","684,500.00",,1,"INDOWIRA, PT"
JUAL,261.000.386,12/01/2026 0:00,2601090213,T,,H.353,JAYAKARTA,JL.KIS MANGUNSARKOSO NO.26 PAMOYANAN,H,YANSENG,1,GUDANG BAIK,2104035,Shintex Wall Paint 999 Adinda 5KG,2.00,"110,000.00",GLN,7.50,0.00,0.00,"16,500.00","203,500.00",,1,"INDOWIRA, PT"
JUAL,261.000.386,12/01/2026 0:00,2601090213,T,,H.353,JAYAKARTA,JL.KIS MANGUNSARKOSO NO.26 PAMOYANAN,H,YANSENG,1,GUDANG BAIK,2103816,Shintex Cat Genteng 310 Willow 4KG,6.00,"185,000.00",GLN,7.50,0.00,0.00,"83,250.00","1,026,750.00",,1,"INDOWIRA, PT"
JUAL,261.000.386,12/01/2026 0:00,2601090213,T,,H.353,JAYAKARTA,JL.KIS MANGUNSARKOSO NO.26 PAMOYANAN,H,YANSENG,1,GUDANG BAIK,2103812,Shintex Cat Genteng 304 Orange 4KG,6.00,"185,000.00",GLN,7.50,0.00,0.00,"83,250.00","1,026,750.00",,1,"INDOWIRA, PT"
JUAL,261.000.386,12/01/2026 0:00,2601090213,T,,H.353,JAYAKARTA,JL.KIS MANGUNSARKOSO NO.26 PAMOYANAN,H,YANSENG,1,GUDANG BAIK,2104042,Shintex Wall Paint Super White 5KG,12.00,"110,000.00",GLN,7.50,0.00,0.00,"99,000.00","1,221,000.00",,1,"INDOWIRA, PT"
JUAL,261.000.387,12/01/2026 0:00,2601120246,T,,H.226,SETIA MURAH,JL. Raya Siliwangi Km 30,H1,MIMING,1,GUDANG BAIK,2200162,Kingkong Wall paint Super White 18KG,6.00,"288,000.00",PAIL,7.50,0.00,0.00,"129,600.00","1,598,400.00",,1,"INDOWIRA, PT"
JUAL,261.000.387,12/01/2026 0:00,2601120246,T,,H.226,SETIA MURAH,JL. Raya Siliwangi Km 30,H1,MIMING,1,GUDANG BAIK,2200139,Kingkong Wall Paint Super White 4.5Kg,20.00,"76,000.00",GLN,7.50,0.00,0.00,"114,000.00","1,406,000.00",,1,"INDOWIRA, PT"
JUAL,261.000.387,12/01/2026 0:00,2601120246,T,,H.226,SETIA MURAH,JL. Raya Siliwangi Km 30,H1,MIMING,1,GUDANG BAIK,2101643,Kingkong Wall Paint Super White 1 KG,18.00,"27,000.00",KL,7.50,0.00,0.00,"36,450.00","449,550.00",,1,"INDOWIRA, PT"
JUAL,261.000.388,12/01/2026 0:00,2512220702,T,,H.351,BUDI WANGI,RAYA PASAR WARUNG KONDANG,H,YANSENG,1,GUDANG BAIK,2200286,Kingkong Wall Paint 104 Cream 18KG,5.00,"288,000.00",PAIL,7.50,0.00,0.00,"108,000.00","1,332,000.00",,1,"INDOWIRA, PT"
JUAL,261.000.388,12/01/2026 0:00,2512220702,T,,H.351,BUDI WANGI,RAYA PASAR WARUNG KONDANG,H,YANSENG,1,GUDANG BAIK,2200319,Kingkong Wall Paint 127 Sun Flower 18KG,5.00,"288,000.00",PAIL,7.50,0.00,0.00,"108,000.00","1,332,000.00",,1,"INDOWIRA, PT"
JUAL,261.000.388,12/01/2026 0:00,2512220702,T,,H.351,BUDI WANGI,RAYA PASAR WARUNG KONDANG,H,YANSENG,1,GUDANG BAIK,2101585,Kingkong Cat Genteng 705 Maroon 4 KG,20.00,"198,000.00",GLN,7.50,0.00,0.00,"297,000.00","3,663,000.00",,1,"INDOWIRA, PT"
JUAL,261.000.388,12/01/2026 0:00,2512220702,T,,H.351,BUDI WANGI,RAYA PASAR WARUNG KONDANG,H,YANSENG,1,GUDANG BAIK,2101586,Kingkong Cat Genteng 706 Tropic 4 KG,20.00,"198,000.00",GLN,7.50,0.00,0.00,"297,000.00","3,663,000.00",,1,"INDOWIRA, PT"
JUAL,261.000.388,12/01/2026 0:00,2512220702,T,,H.351,BUDI WANGI,RAYA PASAR WARUNG KONDANG,H,YANSENG,1,GUDANG BAIK,2101590,Kingkong Cat Genteng 711 Special 4 KG,8.00,"198,000.00",GLN,7.50,0.00,0.00,"118,800.00","1,465,200.00",,1,"INDOWIRA, PT"
JUAL,261.000.388,12/01/2026 0:00,2512220702,T,,H.351,BUDI WANGI,RAYA PASAR WARUNG KONDANG,H,YANSENG,1,GUDANG BAIK,2101584,Kingkong Cat Genteng 704 Prime R 4 KG,20.00,"198,000.00",GLN,7.50,0.00,0.00,"297,000.00","3,663,000.00",,1,"INDOWIRA, PT"
JUAL,261.000.388,12/01/2026 0:00,2512220702,T,,H.351,BUDI WANGI,RAYA PASAR WARUNG KONDANG,H,YANSENG,1,GUDANG BAIK,2200222,Kingkong Wall Paint Putih Metropolitan 4.5KG,60.00,"76,000.00",GLN,7.50,0.00,0.00,"342,000.00","4,218,000.00",,1,"INDOWIRA, PT"
JUAL,261.000.389,12/01/2026 0:00,2512260796,T,,K.527,PT.AKD,SADANG,14,DEPO BANDUNG,1,GUDANG BAIK,2500379,Petalac 2K PU CO Base Marble Grey MD 0.8LT,18.00,"140,000.00",KL,10.00,0.00,0.00,"252,000.00","2,268,000.00",via sj.4040,1,"INDOWIRA, PT"
JUAL,261.000.390,12/01/2026 0:00,2601120247,T,,M.100,UMUM,,14,DEPO BANDUNG,1,GUDANG BAIK,2200139,Kingkong Wall Paint Super White 4.5Kg,1.00,"76,000.00",GLN,10.00,0.00,0.00,"7,600.00","68,400.00",SITI,1,"INDOWIRA, PT"
JUAL,261.000.391,12/01/2026 0:00,2601120268,T,,G.227,MUTIARA WARNA,JL.SOMAWINATA 14 TANI MULYA,G,JULIANTO,1,GUDANG BAIK,2101330,Attaboy Wall Putty Instant Powder  2 KG,4.00,"33,000.00",BKS,7.50,0.00,0.00,"9,900.00","122,100.00",,1,"INDOWIRA, PT"
JUAL,261.000.391,12/01/2026 0:00,2601120268,T,,G.227,MUTIARA WARNA,JL.SOMAWINATA 14 TANI MULYA,G,JULIANTO,1,GUDANG BAIK,2104863,Shintex Wall Filler 4 KG,4.00,"52,000.00",GL,7.50,0.00,0.00,"15,600.00","192,400.00",,1,"INDOWIRA, PT"
JUAL,261.000.393,12/01/2026 0:00,2601120265,T,,C.602,BERKAH,PESANTREN 195/96,C,YONATHAN,1,GUDANG BAIK,2103808,Shintex Cat Genteng 316 Minimal Grey 20 KG,1.00,"865,000.00",PL,7.50,0.00,0.00,"64,875.00","800,125.00",,1,"INDOWIRA, PT"
JUAL,261.000.395,12/01/2026 0:00,2601120248,T,,N.254,"SANBE FARMA ,PT",JL.TAMAN SARI NO.10,13,BU RINI,1,GUDANG BAIK,2102080,Meiji Zinc Chromate Oxide Red 5 KG,2.00,"225,000.00",GLN,10.00,0.00,0.00,"45,000.00","405,000.00",U/P.HERMAN SURYANA,1,"INDOWIRA, PT"
JUAL,261.000.396,12/01/2026 0:00,2601120251,T,,A.313,TEGUH,CIROYOM 49,U,GANIS,1,GUDANG BAIK,2104191,Wiratex Wall Paint Putih Salju 5KG,4.00,"83,000.00",GL,7.50,0.00,0.00,"24,900.00","307,100.00",,1,"INDOWIRA, PT"
JUAL,261.000.397,12/01/2026 0:00,2601120250,T,,A.213,SINAR SARANA,SUNARAJA 80 A,Y,KEN - Y,1,GUDANG BAIK,2102079,Meiji Zinc Chromate Primer Grey 5 KG,4.00,"225,000.00",GLN,7.50,0.00,0.00,"67,500.00","832,500.00",,1,"INDOWIRA, PT"
JUAL,261.000.398,12/01/2026 0:00,2601120269,T,,G.227,MUTIARA WARNA,JL.SOMAWINATA 14 TANI MULYA,G,JULIANTO,1,GUDANG BAIK,2104157,Wiratex Wall Paint 806 Cream 5KG,2.00,"83,000.00",GL,7.50,0.00,0.00,"12,450.00","153,550.00",VIA SJ.4066,1,"INDOWIRA, PT"
JUAL,261.000.399,12/01/2026 0:00,2601120257,T,,D.131,SINAR MAS,TKI III D4 NO.17,D,WILLY,1,GUDANG BAIK,2104147,Wiratex Wall Paint Putih Salju 25 KG,5.00,"390,000.00",PL,7.50,0.00,0.00,"146,250.00","1,803,750.00",,1,"INDOWIRA, PT"
JUAL,261.000.400,12/01/2026 0:00,2601120258,T,,D.221,RESTU IBU,JL.BALADEWA NO.3,Y,KEN - Y,1,GUDANG BAIK,2104192,Wiratex Wall Paint Super White 5KG,20.00,"83,000.00",GL,7.50,0.00,0.00,"124,500.00","1,535,500.00",,1,"INDOWIRA, PT"
JUAL,261.000.401,12/01/2026 0:00,2601120260,T,,J.339,CV.SEJATI JATAYU MANDIRI,JL.Dr JUNJUNAN 65 PASTEUR,J,FRANSISKUS,1,GUDANG BAIK,2200086,Petalac 2K Surfacer FD 21 Base 1LT,3.00,"80,000.00",KL,5.00,0.00,0.00,"12,000.00","228,000.00",,1,"INDOWIRA, PT"
JUAL,261.000.401,12/01/2026 0:00,2601120260,T,,J.339,CV.SEJATI JATAYU MANDIRI,JL.Dr JUNJUNAN 65 PASTEUR,J,FRANSISKUS,1,GUDANG BAIK,2200112,Petalac Hardener Special M20 0.2Lt,3.00,"55,000.00",KL,5.00,0.00,0.00,"8,250.00","156,750.00",,1,"INDOWIRA, PT"
JUAL,261.000.401,12/01/2026 0:00,2601120260,T,,J.339,CV.SEJATI JATAYU MANDIRI,JL.Dr JUNJUNAN 65 PASTEUR,J,FRANSISKUS,1,GUDANG BAIK,2200087,Petalac Hardener Surfacer FD 0.5LT,3.00,"60,000.00",KL,5.00,0.00,0.00,"9,000.00","171,000.00",,1,"INDOWIRA, PT"
JUAL,261.000.401,12/01/2026 0:00,2601120260,T,,J.339,CV.SEJATI JATAYU MANDIRI,JL.Dr JUNJUNAN 65 PASTEUR,J,FRANSISKUS,1,GUDANG BAIK,2200047,Petalac 2K PU Clear Satin Base 0.8Lt,3.00,"110,000.00",KL,5.00,0.00,0.00,"16,500.00","313,500.00",,1,"INDOWIRA, PT"
JUAL,261.000.402,12/01/2026 0:00,2601120261,T,,G.227,MUTIARA WARNA,JL.SOMAWINATA 14 TANI MULYA,G,JULIANTO,1,GUDANG BAIK,2104042,Shintex Wall Paint Super White 5KG,2.00,"110,000.00",GLN,7.50,0.00,0.00,"16,500.00","203,500.00",,1,"INDOWIRA, PT"
JUAL,261.000.402,12/01/2026 0:00,2601120261,T,,G.227,MUTIARA WARNA,JL.SOMAWINATA 14 TANI MULYA,G,JULIANTO,1,GUDANG BAIK,2104836,PETALUX WALL PAINT CM 602 MATAHARI 5KG,2.00,"158,000.00",GLN,7.50,0.00,0.00,"23,700.00","292,300.00",,1,"INDOWIRA, PT"
JUAL,261.000.403,12/01/2026 0:00,2601120270,T,,N.682,SARANA MOTOR,JL.RAYA SAPAN NO.55A,L,RUDI *,1,GUDANG BAIK,2104494,Daltone Clear CoaT MS 4100 1LTS,18.00,"112,000.00",KL,10.00,0.00,0.00,"201,600.00","1,814,400.00",,1,"INDOWIRA, PT"
JUAL,261.000.403,12/01/2026 0:00,2601120270,T,,N.682,SARANA MOTOR,JL.RAYA SAPAN NO.55A,L,RUDI *,1,GUDANG BAIK,2105346,Adler PU Topcoat HS9021 1.5 Liter Set,12.00,"280,000.00",KL,10.00,0.00,0.00,"336,000.00","3,024,000.00",,1,"INDOWIRA, PT"
JUAL,262.000.009,12/01/2026 0:00,2512310910,T,,N.876,PT.MAHA TANDRA,JL.RAYA DAYEUH KOLOT NO.341 RT.001 RW.006,R,SIMON QIRENE,1,GUDANG BAIK,2400131,COFFEE GAJAH,10.00,0.00,BKS,0.00,0.00,0.00,0.00,0.00,u/bonus,1,"INDOWIRA, PT"
JUAL,262.000.010,12/01/2026 0:00,2512310911,T,,W.354,PT.MENTARI AGUNG MANDIRI,JL.RAYA DAYEUH KOLOT O.341C RT 001 RW 006,R,SIMON QIRENE,1,GUDANG BAIK,2400131,COFFEE GAJAH,70.00,0.00,BKS,0.00,0.00,0.00,0.00,0.00,,1,"INDOWIRA, PT"
JUAL,261.000.414,13/01/2026 0:00,2601120256,T,,B.404,BARU,RAYA 494 CIMAHI,C,YONATHAN,1,GUDANG BAIK,2104147,Wiratex Wall Paint Putih Salju 25 KG,2.00,"390,000.00",PL,7.50,0.00,0.00,"58,500.00","721,500.00",,1,"INDOWIRA, PT"
JUAL,261.000.415,13/01/2026 0:00,2601120255,T,,N.200,KURNIA JAYA,JL.RAYA PADALARANG 39 PADALARANG,D,WILLY,1,GUDANG BAIK,2100011,AlFa Polyester Putty  3KG,12.00,"103,000.00",GLN,5.00,0.00,0.00,"61,800.00","1,174,200.00",,1,"INDOWIRA, PT"
JUAL,261.000.416,13/01/2026 0:00,2601120254,T,,J.611,SINAR WARNA,MOH TOHA 250C,L,RUDI *,1,GUDANG BAIK,2100049,Adler Polyester Putty 3002  1 KG SET,48.00,"62,000.00",KL,10.00,0.00,0.00,"297,600.00","2,678,400.00",,1,"INDOWIRA, PT"
JUAL,261.000.417,13/01/2026 0:00,2601120271,T,,G.227,MUTIARA WARNA,JL.SOMAWINATA 14 TANI MULYA,G,JULIANTO,1,GUDANG BAIK,2103817,Shintex Cat Genteng 312 White 4KG,2.00,"185,000.00",GLN,7.50,0.00,0.00,"27,750.00","342,250.00",,1,"INDOWIRA, PT"
JUAL,261.000.417,13/01/2026 0:00,2601120271,T,,G.227,MUTIARA WARNA,JL.SOMAWINATA 14 TANI MULYA,G,JULIANTO,1,GUDANG BAIK,2103796,Shintex Cat Genteng 312 White 1KG,2.00,"57,000.00",KL,7.50,0.00,0.00,"8,550.00","105,450.00",,1,"INDOWIRA, PT"
JUAL,261.000.418,13/01/2026 0:00,2601130275,T,,A.313,TEGUH,CIROYOM 49,U,GANIS,1,GUDANG BAIK,2104119,Wiratex Wall Paint 820 Apple W 25 KG,1.00,"390,000.00",PL,7.50,0.00,0.00,"29,250.00","360,750.00",,1,"INDOWIRA, PT"
JUAL,261.000.419,13/01/2026 0:00,2601130273,T,,W.354,PT.MENTARI AGUNG MANDIRI,JL.RAYA DAYEUH KOLOT O.341C RT 001 RW 006,R,SIMON QIRENE,1,GUDANG BAIK,2103625,Petalux Wall Paint Putih Wangi 25 KG,6.00,"505,000.00",PL,0.00,0.00,0.00,0.00,"3,030,000.00",U/P.TEDI K/PROYEK TATAR PAJAJARAN R4,1,"INDOWIRA, PT"
JUAL,261.000.420,13/01/2026 0:00,2601130274,T,,W.354,PT.MENTARI AGUNG MANDIRI,JL.RAYA DAYEUH KOLOT O.341C RT 001 RW 006,R,SIMON QIRENE,1,GUDANG BAIK,2103625,Petalux Wall Paint Putih Wangi 25 KG,6.00,"505,000.00",PL,0.00,0.00,0.00,0.00,"3,030,000.00",U/P.MOMON K/TATAR PAJAJARAN R4,1,"INDOWIRA, PT"
JUAL,261.000.421,13/01/2026 0:00,2601130272,T,,N.254,"SANBE FARMA ,PT",JL.TAMAN SARI NO.10,13,BU RINI,1,GUDANG BAIK,2102061,Meiji Zinc Chromate Primer  1 KG,5.00,"51,000.00",KL,10.00,0.00,0.00,"25,500.00","229,500.00",U/P.NANA SARIPUDIN,1,"INDOWIRA, PT"
JUAL,261.000.423,13/01/2026 0:00,2601130277,T,,N.1005A,AGUS,PERUM GMA,R,SIMON QIRENE,1,GUDANG BAIK,2104836,PETALUX WALL PAINT CM 602 MATAHARI 5KG,3.00,"158,000.00",GLN,5.00,0.00,0.00,"23,700.00","450,300.00",,1,"INDOWIRA, PT"
JUAL,261.000.424,13/01/2026 0:00,2601130278,T,,R.575,CAHAYA MEGA,JL.GERLONG  78,R,SIMON QIRENE,1,GUDANG BAIK,2101916,Meiji Epoxy Filler Black 1 LTR SET,6.00,"76,000.00",KL,7.50,0.00,0.00,"34,200.00","421,800.00",,1,"INDOWIRA, PT"
JUAL,261.000.424,13/01/2026 0:00,2601130278,T,,R.575,CAHAYA MEGA,JL.GERLONG  78,R,SIMON QIRENE,1,GUDANG BAIK,2101917,Meiji Epoxy Filler White 1 LTR SET,6.00,"76,000.00",KL,7.50,0.00,0.00,"34,200.00","421,800.00",,1,"INDOWIRA, PT"
JUAL,261.000.424,13/01/2026 0:00,2601130278,T,,R.575,CAHAYA MEGA,JL.GERLONG  78,R,SIMON QIRENE,1,GUDANG BAIK,2300180,Daltone PU Base Coat D020 Deep Black 1Lt,6.00,"155,000.00",KL,5.00,0.00,0.00,"46,500.00","883,500.00",,1,"INDOWIRA, PT"
JUAL,261.000.425,13/01/2026 0:00,2601080187,T,,K.331,ATEP,JL.MANGLID NO.10,L,RUDI *,1,GUDANG BAIK,2104494,Daltone Clear CoaT MS 4100 1LTS,6.00,"112,000.00",KL,10.00,0.00,0.00,"67,200.00","604,800.00",,1,"INDOWIRA, PT"
JUAL,261.000.426,13/01/2026 0:00,2512290813,T,,N.682,SARANA MOTOR,JL.RAYA SAPAN NO.55A,L,RUDI *,1,GUDANG BAIK,2104494,Daltone Clear CoaT MS 4100 1LTS,1.00,"112,000.00",KL,10.00,0.00,0.00,"11,200.00","100,800.00",,1,"INDOWIRA, PT"
JUAL,261.000.427,13/01/2026 0:00,2601090200,T,,K.201,AGUS CENDANA,KIRCON 141,L,RUDI *,1,GUDANG BAIK,2101924,Meiji Gum Sealer  1 LTR SET,4.00,"164,000.00",KL,10.00,0.00,0.00,"65,600.00","590,400.00",,1,"INDOWIRA, PT"
JUAL,261.000.428,13/01/2026 0:00,2601060094,T,,N.136,CAPRIFARMINDO,JL.PURNAWARMAN NO.47,13,BU RINI,1,GUDANG BAIK,2100333,Attaboy High Gloss Acrylic Enamel AG 6000 White20L,5.00,"3,300,000.00",PL,0.00,0.00,0.00,0.00,"16,500,000.00",U/P.BUKHORI MUSLIM,1,"INDOWIRA, PT"
JUAL,261.000.429,13/01/2026 0:00,2601130284,T,,G.144,LESTARI,WADAS KARAWANG,G,JULIANTO,1,GUDANG BAIK,2101608,Kingkong Wall Putty Instant Powder  5 KG,24.00,"32,000.00",BKS,5.00,0.00,0.00,"38,400.00","729,600.00",,1,"INDOWIRA, PT"
JUAL,261.000.430,13/01/2026 0:00,2601120267,T,,GB.66,LANGGENG JAYA,DEPAN PERTOKOAN BUMI JAYA MUNJUL JAYA PURWAKARTA,G,JULIANTO,1,GUDANG BAIK,2101608,Kingkong Wall Putty Instant Powder  5 KG,12.00,"32,000.00",BKS,5.00,0.00,0.00,"19,200.00","364,800.00",,1,"INDOWIRA, PT"
JUAL,261.000.431,13/01/2026 0:00,2601120222,T,,G.144,LESTARI,WADAS KARAWANG,G,JULIANTO,1,GUDANG BAIK,2101607,Kingkong Wall Putty Instant Powder  25 KG,10.00,"133,000.00",ZAK,7.50,0.00,0.00,"99,750.00","1,230,250.00",,1,"INDOWIRA, PT"
JUAL,261.000.432,13/01/2026 0:00,2512300886,T,,G.139,KAPUAS JAYA,R.DENGKLOK,G,JULIANTO,1,GUDANG BAIK,2200341,Kingkong WAll Paint 105 Chiffon 4.5KG,4.00,"76,000.00",GLN,7.50,0.00,0.00,"22,800.00","281,200.00",,1,"INDOWIRA, PT"
JUAL,261.000.432,13/01/2026 0:00,2512300886,T,,G.139,KAPUAS JAYA,R.DENGKLOK,G,JULIANTO,1,GUDANG BAIK,2200345,Kingkong Wall Paint 130 Plum Fr 4.5KG,4.00,"76,000.00",GLN,7.50,0.00,0.00,"22,800.00","281,200.00",,1,"INDOWIRA, PT"
JUAL,261.000.432,13/01/2026 0:00,2512300886,T,,G.139,KAPUAS JAYA,R.DENGKLOK,G,JULIANTO,1,GUDANG BAIK,2200139,Kingkong Wall Paint Super White 4.5Kg,8.00,"76,000.00",GLN,7.50,0.00,0.00,"45,600.00","562,400.00",,1,"INDOWIRA, PT"
JUAL,261.000.432,13/01/2026 0:00,2512300886,T,,G.139,KAPUAS JAYA,R.DENGKLOK,G,JULIANTO,1,GUDANG BAIK,2200187,Kingkong Wall Paint Special 524 Purple 4.5KG,4.00,"76,000.00",GLN,7.50,0.00,0.00,"22,800.00","281,200.00",,1,"INDOWIRA, PT"
JUAL,261.000.433,13/01/2026 0:00,2601120252,T,,G.111,BARAYA,PLERED,G,JULIANTO,1,GUDANG BAIK,2200166,Kingkong Wall paint Black 4.5KG,8.00,"76,000.00",GLN,7.50,0.00,0.00,"45,600.00","562,400.00",,1,"INDOWIRA, PT"
JUAL,261.000.433,13/01/2026 0:00,2601120252,T,,G.111,BARAYA,PLERED,G,JULIANTO,1,GUDANG BAIK,2103863,Shintex Wall Filler  1 KG,10.00,"23,000.00",KL,7.50,0.00,0.00,"17,250.00","212,750.00",,1,"INDOWIRA, PT"
JUAL,261.000.433,13/01/2026 0:00,2601120252,T,,G.111,BARAYA,PLERED,G,JULIANTO,1,GUDANG BAIK,2103922,Shintex Wall Paint Super White 1KG,12.00,"32,000.00",KL,7.50,0.00,0.00,"28,800.00","355,200.00",,1,"INDOWIRA, PT"
JUAL,261.000.435,13/01/2026 0:00,2601050073,T,,GE.103,WARNA WARNI,JL.JEND A YANI NO.130 PURWAKARTA,G,JULIANTO,1,GUDANG BAIK,2200102,Daltone Clear Coat MS 4100 0.25Lts,48.00,"36,000.00",KL,5.00,0.00,0.00,"86,400.00","1,641,600.00",,1,"INDOWIRA, PT"
JUAL,261.000.435,13/01/2026 0:00,2601050073,T,,GE.103,WARNA WARNI,JL.JEND A YANI NO.130 PURWAKARTA,G,JULIANTO,1,GUDANG BAIK,2100068,Adler Primer Surfacer EP 1050  2 LITER SET,3.00,"205,000.00",KL,5.00,0.00,0.00,"30,750.00","584,250.00",,1,"INDOWIRA, PT"
JUAL,261.000.435,13/01/2026 0:00,2601050073,T,,GE.103,WARNA WARNI,JL.JEND A YANI NO.130 PURWAKARTA,G,JULIANTO,1,GUDANG BAIK,2105067,DALTONE PU SURFACER FD 1 LTS,36.00,"90,000.00",KLG,5.00,0.00,0.00,"162,000.00","3,078,000.00",,1,"INDOWIRA, PT"
JUAL,261.000.436,13/01/2026 0:00,2601120215,T,,G.202,TERUS MAKMUR,KLARI,G,JULIANTO,1,GUDANG BAIK,2200162,Kingkong Wall paint Super White 18KG,5.00,"288,000.00",PAIL,7.50,0.00,0.00,"108,000.00","1,332,000.00",,1,"INDOWIRA, PT"
JUAL,261.000.436,13/01/2026 0:00,2601120215,T,,G.202,TERUS MAKMUR,KLARI,G,JULIANTO,1,GUDANG BAIK,2200217,Kingkong Wall Paint Special 506 Sunny Y 18KG,1.00,"288,000.00",PAIL,7.50,0.00,0.00,"21,600.00","266,400.00",,1,"INDOWIRA, PT"
JUAL,261.000.437,13/01/2026 0:00,2601080174,T,,GB.50,TB.AFIYAT II,JL.RAYA BOJONG SAWIT PURWAKARTA 026-7015426,G,JULIANTO,1,GUDANG BAIK,2101607,Kingkong Wall Putty Instant Powder  25 KG,6.00,"133,000.00",ZAK,7.50,0.00,0.00,"59,850.00","738,150.00",,1,"INDOWIRA, PT"
JUAL,261.000.437,13/01/2026 0:00,2601080174,T,,GB.50,TB.AFIYAT II,JL.RAYA BOJONG SAWIT PURWAKARTA 026-7015426,G,JULIANTO,1,GUDANG BAIK,2101608,Kingkong Wall Putty Instant Powder  5 KG,5.00,"32,000.00",BKS,5.00,0.00,0.00,"8,000.00","152,000.00",,1,"INDOWIRA, PT"
JUAL,261.000.438,13/01/2026 0:00,2601060113,T,,GD.4,TB.AGUNG JAYA,PERUM CITRA KEBUN MAS BLOK H10 NO.11 DPN,G,JULIANTO,1,GUDANG BAIK,2104863,Shintex Wall Filler 4 KG,12.00,"52,000.00",GL,7.50,0.00,0.00,"46,800.00","577,200.00",,1,"INDOWIRA, PT"
JUAL,261.000.438,13/01/2026 0:00,2601060113,T,,GD.4,TB.AGUNG JAYA,PERUM CITRA KEBUN MAS BLOK H10 NO.11 DPN,G,JULIANTO,1,GUDANG BAIK,2103863,Shintex Wall Filler  1 KG,20.00,"23,000.00",KL,7.50,0.00,0.00,"34,500.00","425,500.00",,1,"INDOWIRA, PT"
JUAL,261.000.439,13/01/2026 0:00,2601120262,T,,G.139,KAPUAS JAYA,R.DENGKLOK,G,JULIANTO,1,GUDANG BAIK,2200341,Kingkong WAll Paint 105 Chiffon 4.5KG,4.00,"76,000.00",GLN,7.50,0.00,0.00,"22,800.00","281,200.00",,1,"INDOWIRA, PT"
JUAL,261.000.439,13/01/2026 0:00,2601120262,T,,G.139,KAPUAS JAYA,R.DENGKLOK,G,JULIANTO,1,GUDANG BAIK,2200139,Kingkong Wall Paint Super White 4.5Kg,12.00,"76,000.00",GLN,7.50,0.00,0.00,"68,400.00","843,600.00",,1,"INDOWIRA, PT"
JUAL,261.000.439,13/01/2026 0:00,2601120262,T,,G.139,KAPUAS JAYA,R.DENGKLOK,G,JULIANTO,1,GUDANG BAIK,2200189,Kingkong Wall Paint Special 532 Mountai 4.5KG,8.00,"76,000.00",GLN,7.50,0.00,0.00,"45,600.00","562,400.00",,1,"INDOWIRA, PT"
JUAL,261.000.440,13/01/2026 0:00,2601060114,T,,GC.60,PUTRA MANDIRI JAYA,JL.JEGANG PAGADUNGAN SAMPING KLINIK NAROM CIBARUSAH,G,JULIANTO,1,GUDANG BAIK,2101643,Kingkong Wall Paint Super White 1 KG,24.00,"27,000.00",KL,7.50,0.00,0.00,"48,600.00","599,400.00",,1,"INDOWIRA, PT"
JUAL,261.000.441,13/01/2026 0:00,2601060121,T,,G.171,SAUYUNAN,BY PASS BARU KRW,G,JULIANTO,1,GUDANG BAIK,2103543,Petalux Wall Paint 6318 Junipe 25 KG,2.00,"765,000.00",PL,7.50,0.00,0.00,"114,750.00","1,415,250.00",,1,"INDOWIRA, PT"
JUAL,261.000.442,13/01/2026 0:00,2601120223,T,,G.129,GUNUNG MAS,JL.TARUMA NEGARA ARAH TOL KRW BARAT,G,JULIANTO,1,GUDANG BAIK,2300314,Shintex Base A 5KG,12.00,"103,000.00",GLN,12.50,0.00,0.00,"154,500.00","1,081,500.00",,1,"INDOWIRA, PT"
JUAL,261.000.442,13/01/2026 0:00,2601120223,T,,G.129,GUNUNG MAS,JL.TARUMA NEGARA ARAH TOL KRW BARAT,G,JULIANTO,1,GUDANG BAIK,2300316,Shintex Base B 5KG,8.00,"93,000.00",GLN,12.50,0.00,0.00,"93,000.00","651,000.00",,1,"INDOWIRA, PT"
JUAL,261.000.442,13/01/2026 0:00,2601120223,T,,G.129,GUNUNG MAS,JL.TARUMA NEGARA ARAH TOL KRW BARAT,G,JULIANTO,1,GUDANG BAIK,2300318,Shintex Base C 5KG,4.00,"77,000.00",GLN,12.50,0.00,0.00,"38,500.00","269,500.00",,1,"INDOWIRA, PT"
JUAL,261.000.442,13/01/2026 0:00,2601120223,T,,G.129,GUNUNG MAS,JL.TARUMA NEGARA ARAH TOL KRW BARAT,G,JULIANTO,1,GUDANG BAIK,2100230,Attaboy Colorant White XT 1 LITER,2.00,"411,000.00",KL,0.00,0.00,0.00,0.00,"822,000.00",,1,"INDOWIRA, PT"
JUAL,261.000.443,13/01/2026 0:00,2512220706,T,,G.231,TC.SUGIH MAKMUR,JL.ADIARSA BARAT KARAWANG,G,JULIANTO,1,GUDANG BAIK,2105139,DALTONE CLEAR COAT HS8021 1.5LTS,1.00,"197,500.00",KL,5.00,0.00,0.00,"9,875.00","187,625.00",,1,"INDOWIRA, PT"
JUAL,261.000.444,13/01/2026 0:00,2512290824,T,,G.129,GUNUNG MAS,JL.TARUMA NEGARA ARAH TOL KRW BARAT,G,JULIANTO,1,GUDANG BAIK,2300319,Shintex Base C 25KG,1.00,"350,000.00",PAIL,12.50,0.00,0.00,"43,750.00","306,250.00",,1,"INDOWIRA, PT"
JUAL,261.000.444,13/01/2026 0:00,2512290824,T,,G.129,GUNUNG MAS,JL.TARUMA NEGARA ARAH TOL KRW BARAT,G,JULIANTO,1,GUDANG BAIK,2100230,Attaboy Colorant White XT 1 LITER,1.00,"411,000.00",KL,0.00,0.00,0.00,0.00,"411,000.00",,1,"INDOWIRA, PT"
JUAL,261.000.444,13/01/2026 0:00,2512290824,T,,G.129,GUNUNG MAS,JL.TARUMA NEGARA ARAH TOL KRW BARAT,G,JULIANTO,1,GUDANG BAIK,2100232,Attaboy Colorant Yellow RT 1 LITER,1.00,"267,000.00",KL,0.00,0.00,0.00,0.00,"267,000.00",,1,"INDOWIRA, PT"
JUAL,261.000.445,13/01/2026 0:00,2601130283,T,,A.213,SINAR SARANA,SUNARAJA 80 A,Y,KEN - Y,1,GUDANG BAIK,2102069,Meiji Zinc Chromate Primer Grey 20 KG,2.00,"825,000.00",PL,7.50,0.00,0.00,"123,750.00","1,526,250.00",,1,"INDOWIRA, PT"
JUAL,261.000.446,13/01/2026 0:00,2601130285,T,,J.228,SAHABAT WARNA,JL.RUMAH SAKIT NO.75 UJUNG BERUNG,J,FRANSISKUS,1,GUDANG BAIK,2100011,AlFa Polyester Putty  3KG,18.00,"103,000.00",GLN,5.00,0.00,0.00,"92,700.00","1,761,300.00",,1,"INDOWIRA, PT"
JUAL,261.000.446,13/01/2026 0:00,2601130285,T,,J.228,SAHABAT WARNA,JL.RUMAH SAKIT NO.75 UJUNG BERUNG,J,FRANSISKUS,1,GUDANG BAIK,2100006,Alfa Polyester Putty  1 KG,24.00,"39,000.00",KL,5.00,0.00,0.00,"46,800.00","889,200.00",,1,"INDOWIRA, PT"
JUAL,261.000.446,13/01/2026 0:00,2601130285,T,,J.228,SAHABAT WARNA,JL.RUMAH SAKIT NO.75 UJUNG BERUNG,J,FRANSISKUS,1,GUDANG BAIK,2100049,Adler Polyester Putty 3002  1 KG SET,12.00,"62,000.00",KL,10.00,0.00,0.00,"74,400.00","669,600.00",,1,"INDOWIRA, PT"
JUAL,261.000.448,13/01/2026 0:00,2601130287,T,,K.201,AGUS CENDANA,KIRCON 141,L,RUDI *,1,GUDANG BAIK,2101924,Meiji Gum Sealer  1 LTR SET,2.00,"164,000.00",KL,10.00,0.00,0.00,"32,800.00","295,200.00",,1,"INDOWIRA, PT"
JUAL,261.000.449,13/01/2026 0:00,2601130288,T,,B.510,PADA SURTI,KIRCON 346,C,YONATHAN,1,GUDANG BAIK,2102095,Mascot Wall Filler  4 KG,6.00,"39,000.00",GLN,7.50,0.00,0.00,"17,550.00","216,450.00",,1,"INDOWIRA, PT"
JUAL,261.000.450,13/01/2026 0:00,2601130289,T,,C.210,PRIMA JAYA,KEBON KOPI 66,U,GANIS,1,GUDANG BAIK,2104183,Wiratex Wall paint 848 5KG,2.00,"83,000.00",GL,7.50,0.00,0.00,"12,450.00","153,550.00",,1,"INDOWIRA, PT"
JUAL,261.000.450,13/01/2026 0:00,2601130289,T,,C.210,PRIMA JAYA,KEBON KOPI 66,U,GANIS,1,GUDANG BAIK,2104182,Wiratex Wall Paint 847 Spring 5KG,2.00,"83,000.00",GL,7.50,0.00,0.00,"12,450.00","153,550.00",,1,"INDOWIRA, PT"
JUAL,261.000.450,13/01/2026 0:00,2601130289,T,,C.210,PRIMA JAYA,KEBON KOPI 66,U,GANIS,1,GUDANG BAIK,2104169,Wiratex Wall Paint 828 Valenti 5KG,2.00,"83,000.00",GL,7.50,0.00,0.00,"12,450.00","153,550.00",,1,"INDOWIRA, PT"
JUAL,261.000.450,13/01/2026 0:00,2601130289,T,,C.210,PRIMA JAYA,KEBON KOPI 66,U,GANIS,1,GUDANG BAIK,2104191,Wiratex Wall Paint Putih Salju 5KG,6.00,"83,000.00",GL,7.50,0.00,0.00,"37,350.00","460,650.00",,1,"INDOWIRA, PT"
JUAL,261.000.451,13/01/2026 0:00,2601130290,T,,U.248,TB.BINTANG JAYA,TAMAN KOPO INDAH III RUKO BLOK F NO.43,U,GANIS,1,GUDANG BAIK,2102066,Meiji Zinc Chromate Primer  20 KG,6.00,"825,000.00",PL,7.50,0.00,0.00,"371,250.00","4,578,750.00",,1,"INDOWIRA, PT"
JUAL,261.000.452,13/01/2026 0:00,2601130291,T,,D.116,TB.BAROKAH,JL.SULAKSANA ANTAPANI NO.39 TLP:08122183,C,YONATHAN,1,GUDANG BAIK,2103863,Shintex Wall Filler  1 KG,12.00,"23,000.00",KL,7.50,0.00,0.00,"20,700.00","255,300.00",,1,"INDOWIRA, PT"
JUAL,261.000.453,13/01/2026 0:00,2601130292,T,,D.211,KARYA AGUNG,LEUWIGAJAH 55,G,JULIANTO,1,GUDANG BAIK,2102076,Meiji Zinc Chromate Primer  5 KG,8.00,"225,000.00",GLN,7.50,0.00,0.00,"135,000.00","1,665,000.00",,1,"INDOWIRA, PT"
JUAL,261.000.454,13/01/2026 0:00,2601130293,T,,A.219,MEDAL LIGAR,JL.BBK CIPARAY 147-172,Y,KEN - Y,1,GUDANG BAIK,2104174,Wiratex Wall Paint 833 Mellow 5KG,4.00,"83,000.00",GL,7.50,0.00,0.00,"24,900.00","307,100.00",,1,"INDOWIRA, PT"
JUAL,261.000.454,13/01/2026 0:00,2601130293,T,,A.219,MEDAL LIGAR,JL.BBK CIPARAY 147-172,Y,KEN - Y,1,GUDANG BAIK,2104182,Wiratex Wall Paint 847 Spring 5KG,4.00,"83,000.00",GL,7.50,0.00,0.00,"24,900.00","307,100.00",,1,"INDOWIRA, PT"
JUAL,261.000.454,13/01/2026 0:00,2601130293,T,,A.219,MEDAL LIGAR,JL.BBK CIPARAY 147-172,Y,KEN - Y,1,GUDANG BAIK,2102178,Mascot Wall Paint Super White 5 KG,4.00,"65,000.00",GLN,7.50,0.00,0.00,"19,500.00","240,500.00",,1,"INDOWIRA, PT"
JUAL,261.000.458,13/01/2026 0:00,2601130294,T,,C.138,AL-BAROKAH,JL.POJOK SELATAN 226 CIMAHI,C,YONATHAN,1,GUDANG BAIK,2103786,Shintex Cat Bak White 1 KG,6.00,"60,000.00",KL,7.50,0.00,0.00,"27,000.00","333,000.00",,1,"INDOWIRA, PT"
JUAL,261.000.459,13/01/2026 0:00,2601130295,T,,N.666,PT.ALMEGA JAYA,JL.SEKEKUKUMBUNG 77,13,BU RINI,1,GUDANG BAIK,2101915,Meiji Epoxy Filler  1 LTR SET,24.00,"76,000.00",KL,0.00,0.00,0.00,0.00,"1,824,000.00",,1,"INDOWIRA, PT"
JUAL,261.000.460,13/01/2026 0:00,2601130306,T,,K.521,TOPIC,JATAYU,L,RUDI *,1,GUDANG BAIK,2102840,Petalac 2K PU Hardener Special  200 CC,18.00,"55,000.00",KL,10.00,0.00,0.00,"99,000.00","891,000.00",,1,"INDOWIRA, PT"
JUAL,261.000.460,13/01/2026 0:00,2601130306,T,,K.521,TOPIC,JATAYU,L,RUDI *,1,GUDANG BAIK,2200050,"Petalac 2K PU Clear Matt MV3 Base 0,8Lt",18.00,"121,000.00",KL,10.00,0.00,0.00,"217,800.00","1,960,200.00",,1,"INDOWIRA, PT"
JUAL,261.000.460,13/01/2026 0:00,2601130306,T,,K.521,TOPIC,JATAYU,L,RUDI *,1,GUDANG BAIK,2103148,Petalac Thinner PU  20 LTR,2.00,"834,000.00",JRG,0.00,0.00,0.00,0.00,"1,668,000.00",,1,"INDOWIRA, PT"
JUAL,261.000.461,13/01/2026 0:00,2601130304,T,,L.125,TSJ AUTO,TRS.BUAH BATU NO.32,L,RUDI *,1,GUDANG BAIK,2105139,DALTONE CLEAR COAT HS8021 1.5LTS,1.00,"197,500.00",KL,10.00,0.00,0.00,"19,750.00","177,750.00",,1,"INDOWIRA, PT"
JUAL,261.000.462,13/01/2026 0:00,2601130297,T,,G.215,ELIT GRUP KHARISMA,"JL.RAYA KAMPUNG SUKARAME RT.004 RW.002 LANGENSARI, LEMBANG , KAB.BANDU",G,JULIANTO,1,GUDANG BAIK,2102061,Meiji Zinc Chromate Primer  1 KG,24.00,"51,000.00",KL,7.50,0.00,0.00,"91,800.00","1,132,200.00",,1,"INDOWIRA, PT"
JUAL,261.000.462,13/01/2026 0:00,2601130297,T,,G.215,ELIT GRUP KHARISMA,"JL.RAYA KAMPUNG SUKARAME RT.004 RW.002 LANGENSARI, LEMBANG , KAB.BANDU",G,JULIANTO,1,GUDANG BAIK,2102064,Meiji Zinc Chromate Primer Grey 1 KG,12.00,"51,000.00",KL,7.50,0.00,0.00,"45,900.00","566,100.00",,1,"INDOWIRA, PT"
JUAL,261.000.462,13/01/2026 0:00,2601130297,T,,G.215,ELIT GRUP KHARISMA,"JL.RAYA KAMPUNG SUKARAME RT.004 RW.002 LANGENSARI, LEMBANG , KAB.BANDU",G,JULIANTO,1,GUDANG BAIK,2102062,Meiji Zinc Chromate Primer Black 1 KG,24.00,"51,000.00",KL,7.50,0.00,0.00,"91,800.00","1,132,200.00",,1,"INDOWIRA, PT"
JUAL,261.000.463,13/01/2026 0:00,2601130298,T,,G.519,TB.CAHAYA FAMILY,JL.KOLMAS GG.SARI LAKSANA NO.4 PARONGPON,G,JULIANTO,1,GUDANG BAIK,2103802,Shintex Cat Genteng 305 Fire Br 20 KG,1.00,"865,000.00",PL,7.50,0.00,0.00,"64,875.00","800,125.00",,1,"INDOWIRA, PT"
JUAL,261.000.464,13/01/2026 0:00,2601130303,T,,J.415,BINTANG BERLIAN,H.ZAKARIA NO.6 BELAKANG MOLIS,J,FRANSISKUS,1,GUDANG BAIK,2100011,AlFa Polyester Putty  3KG,12.00,"103,000.00",GLN,5.00,0.00,0.00,"61,800.00","1,174,200.00",,1,"INDOWIRA, PT"
JUAL,261.000.464,13/01/2026 0:00,2601130303,T,,J.415,BINTANG BERLIAN,H.ZAKARIA NO.6 BELAKANG MOLIS,J,FRANSISKUS,1,GUDANG BAIK,2101915,Meiji Epoxy Filler  1 LTR SET,2.00,"76,000.00",KL,10.00,0.00,0.00,"15,200.00","136,800.00",,1,"INDOWIRA, PT"
JUAL,261.000.464,13/01/2026 0:00,2601130303,T,,J.415,BINTANG BERLIAN,H.ZAKARIA NO.6 BELAKANG MOLIS,J,FRANSISKUS,1,GUDANG BAIK,2100049,Adler Polyester Putty 3002  1 KG SET,2.00,"62,000.00",KL,10.00,0.00,0.00,"12,400.00","111,600.00",,1,"INDOWIRA, PT"
JUAL,261.000.465,13/01/2026 0:00,2601130305,T,,K.104,KAROSERI SANGGAR KARYA,BANJARAN,J,FRANSISKUS,1,GUDANG BAIK,2100029,Adler Epoxy Undercoat  1 LITER,30.00,"105,000.00",KL,10.00,0.00,0.00,"315,000.00","2,835,000.00",,1,"INDOWIRA, PT"
JUAL,262.000.011,13/01/2026 0:00,2601130301,T,,M.108,TISNA(OPLOSAN),,M,UMUM,1,GUDANG BAIK,2103145,Petalac Thinner PU  1 LTR,1.00,0.00,KL,0.00,0.00,0.00,0.00,0.00,,1,"INDOWIRA, PT"
JUAL,261.000.468,14/01/2026 0:00,2601140313,T,,N.888,SUMBER WARNA,PUNGKUR,14,DEPO BANDUNG,1,GUDANG BAIK,2101915,Meiji Epoxy Filler  1 LTR SET,11.00,"76,000.00",KL,7.50,2.50,0.00,"82,032.50","753,967.50",,1,"INDOWIRA, PT"
JUAL,261.000.468,14/01/2026 0:00,2601140313,T,,N.888,SUMBER WARNA,PUNGKUR,14,DEPO BANDUNG,1,GUDANG BAIK,2101917,Meiji Epoxy Filler White 1 LTR SET,22.00,"76,000.00",KL,7.50,2.50,0.00,"164,065.00","1,507,935.00",,1,"INDOWIRA, PT"
JUAL,261.000479A,14/01/2026 0:00,2601140312,T,,J.201,AAY/CITRA TEKNIK,CARINGIN 302,J,FRANSISKUS,1,GUDANG BAIK,2100006,Alfa Polyester Putty  1 KG,12.00,"39,000.00",KL,5.00,0.00,0.00,"23,400.00","444,600.00",,1,"INDOWIRA, PT"
JUAL,261.000479A,14/01/2026 0:00,2601140312,T,,J.201,AAY/CITRA TEKNIK,CARINGIN 302,J,FRANSISKUS,1,GUDANG BAIK,2102074,Meiji Zinc Chromate Light Grey 20 KG,1.00,"825,000.00",PL,7.50,0.00,0.00,"61,875.00","763,125.00",,1,"INDOWIRA, PT"
JUAL,261.000480A,14/01/2026 0:00,2601130302,T,,K.510,MENTARI ELEKTRIK,JL.SADANG RAHAYU KAV A4 NO.39,L,RUDI *,1,GUDANG BAIK,2100049,Adler Polyester Putty 3002  1 KG SET,2.00,"62,000.00",KL,10.00,0.00,0.00,"12,400.00","111,600.00",,1,"INDOWIRA, PT"
JUAL,261.000480A,14/01/2026 0:00,2601130302,T,,K.510,MENTARI ELEKTRIK,JL.SADANG RAHAYU KAV A4 NO.39,L,RUDI *,1,GUDANG BAIK,2103148,Petalac Thinner PU  20 LTR,1.00,"834,000.00",JRG,0.00,0.00,0.00,0.00,"834,000.00",,1,"INDOWIRA, PT"
JUAL,261.000481A,14/01/2026 0:00,2601140314,T,,N.1021,HERI KARYANA,JL.PANYANDAAN NO.1 RT.02 RW.05 MANDALA MEKAR JATIHANDAP,13,BU RINI,1,GUDANG BAIK,2102840,Petalac 2K PU Hardener Special  200 CC,6.00,"55,000.00",KL,0.00,0.00,0.00,0.00,"330,000.00",,1,"INDOWIRA, PT"
JUAL,261.000481A,14/01/2026 0:00,2601140314,T,,N.1021,HERI KARYANA,JL.PANYANDAAN NO.1 RT.02 RW.05 MANDALA MEKAR JATIHANDAP,13,BU RINI,1,GUDANG BAIK,2200050,"Petalac 2K PU Clear Matt MV3 Base 0,8Lt",6.00,"121,000.00",KL,0.00,0.00,0.00,0.00,"726,000.00",,1,"INDOWIRA, PT"
JUAL,261.000482A,14/01/2026 0:00,2601120260,T,,J.339,CV.SEJATI JATAYU MANDIRI,JL.Dr JUNJUNAN 65 PASTEUR,J,FRANSISKUS,1,GUDANG BAIK,2101924,Meiji Gum Sealer  1 LTR SET,3.00,"164,000.00",KL,5.00,0.00,0.00,"24,600.00","467,400.00",,1,"INDOWIRA, PT"
JUAL,261.000482A,14/01/2026 0:00,2601120260,T,,J.339,CV.SEJATI JATAYU MANDIRI,JL.Dr JUNJUNAN 65 PASTEUR,J,FRANSISKUS,1,GUDANG BAIK,2102840,Petalac 2K PU Hardener Special  200 CC,4.00,"55,000.00",KL,5.00,0.00,0.00,"11,000.00","209,000.00",,1,"INDOWIRA, PT"
JUAL,261.000482A,14/01/2026 0:00,2601120260,T,,J.339,CV.SEJATI JATAYU MANDIRI,JL.Dr JUNJUNAN 65 PASTEUR,J,FRANSISKUS,1,GUDANG BAIK,2600010,Petalac 2K PU CO Base Merah Maroon Satin,4.00,"140,000.00",KL,5.00,0.00,0.00,"28,000.00","532,000.00",,1,"INDOWIRA, PT"
JUAL,261.000.513,14/01/2026 0:00,2601140316,T,,G.526,SUBUR JAYA II,JL.A YANI HAUR GEULIS,G,JULIANTO,1,GUDANG BAIK,2104494,Daltone Clear CoaT MS 4100 1LTS,6.00,"112,000.00",KL,5.00,0.00,0.00,"33,600.00","638,400.00",,1,"INDOWIRA, PT"
JUAL,261.000.514,14/01/2026 0:00,2601120221,T,,GF.101,LANGGENG QUICK,JL.RAYA KESAMBI DEPAN MASJID KESAMBI DESA KADUNG WUNGU KEC.ANJATAN IND,G,JULIANTO,1,GUDANG BAIK,2100006,Alfa Polyester Putty  1 KG,24.00,"39,000.00",KL,5.00,0.00,0.00,"46,800.00","889,200.00",,1,"INDOWIRA, PT"
JUAL,261.000.514,14/01/2026 0:00,2601120221,T,,GF.101,LANGGENG QUICK,JL.RAYA KESAMBI DEPAN MASJID KESAMBI DESA KADUNG WUNGU KEC.ANJATAN IND,G,JULIANTO,1,GUDANG BAIK,2101915,Meiji Epoxy Filler  1 LTR SET,12.00,"76,000.00",KL,7.50,0.00,0.00,"68,400.00","843,600.00",,1,"INDOWIRA, PT"
JUAL,261.000.515,14/01/2026 0:00,2512220691,T,,GA.101,TB.PUTRA MANDIRI,JL.PALASARI 1 CIATER SUBANG,G,JULIANTO,1,GUDANG BAIK,2104117,Wiratex Wall Paint 814 Adinda 25 KG,1.00,"390,000.00",PL,7.50,0.00,0.00,"29,250.00","360,750.00",,1,"INDOWIRA, PT"
JUAL,261.000.517,14/01/2026 0:00,2601140317,T,,G.526,SUBUR JAYA II,JL.A YANI HAUR GEULIS,G,JULIANTO,1,GUDANG BAIK,2200102,Daltone Clear Coat MS 4100 0.25Lts,6.00,"36,000.00",KL,5.00,0.00,0.00,"10,800.00","205,200.00",,1,"INDOWIRA, PT"
JUAL,261.000.518,14/01/2026 0:00,2601080160,T,,G.185,SUBUR JAYA,JEND.A.YANI 12 HAURGEULIS,G,JULIANTO,1,GUDANG BAIK,2100011,AlFa Polyester Putty  3KG,12.00,"103,000.00",GLN,5.00,0.00,0.00,"61,800.00","1,174,200.00",,1,"INDOWIRA, PT"
JUAL,261.000.518,14/01/2026 0:00,2601080160,T,,G.185,SUBUR JAYA,JEND.A.YANI 12 HAURGEULIS,G,JULIANTO,1,GUDANG BAIK,2100006,Alfa Polyester Putty  1 KG,12.00,"39,000.00",KL,5.00,0.00,0.00,"23,400.00","444,600.00",,1,"INDOWIRA, PT"
JUAL,261.000.518,14/01/2026 0:00,2601080160,T,,G.185,SUBUR JAYA,JEND.A.YANI 12 HAURGEULIS,G,JULIANTO,1,GUDANG BAIK,2101913,Meiji Epoxy Filler  0.25 LTR SET,12.00,"26,500.00",KL,5.00,0.00,0.00,"15,900.00","302,100.00",,1,"INDOWIRA, PT"
JUAL,261.000.518,14/01/2026 0:00,2601080160,T,,G.185,SUBUR JAYA,JEND.A.YANI 12 HAURGEULIS,G,JULIANTO,1,GUDANG BAIK,2105078,Daltone Epoxy Filler Grey 0.25 Lts,12.00,"25,000.00",KL,5.00,0.00,0.00,"15,000.00","285,000.00",,1,"INDOWIRA, PT"
JUAL,261.000.519,14/01/2026 0:00,2512220689,T,,G.106,ALAM MAKMUR,KALIJATI,G,JULIANTO,1,GUDANG BAIK,2200207,Kingkong Wall Paint Special 521 Meadow 18KG,1.00,"288,000.00",PAIL,7.50,0.00,0.00,"21,600.00","266,400.00",,1,"INDOWIRA, PT"
JUAL,261.000.519,14/01/2026 0:00,2512220689,T,,G.106,ALAM MAKMUR,KALIJATI,G,JULIANTO,1,GUDANG BAIK,2200230,Kingkong Wall Paint Special 532 Mountai 18KG,1.00,"288,000.00",PAIL,7.50,0.00,0.00,"21,600.00","266,400.00",,1,"INDOWIRA, PT"
JUAL,261.000.519,14/01/2026 0:00,2512220689,T,,G.106,ALAM MAKMUR,KALIJATI,G,JULIANTO,1,GUDANG BAIK,2200208,Kingkong Wall Paint Special 521 Meadow 4.5KG,4.00,"76,000.00",GLN,7.50,0.00,0.00,"22,800.00","281,200.00",,1,"INDOWIRA, PT"
JUAL,261.000.520,14/01/2026 0:00,2601050042,T,,G.163,PELITA,HAURGEULIS,G,JULIANTO,1,GUDANG BAIK,2200123,Shintex wall Paint 9213 25KG,1.00,"510,000.00",PAIL,7.50,0.00,0.00,"38,250.00","471,750.00",,1,"INDOWIRA, PT"
JUAL,261.000.520,14/01/2026 0:00,2601050042,T,,G.163,PELITA,HAURGEULIS,G,JULIANTO,1,GUDANG BAIK,2200117,Shintex wall paint 9211 25KG,1.00,"510,000.00",PAIL,7.50,0.00,0.00,"38,250.00","471,750.00",,1,"INDOWIRA, PT"
JUAL,261.000.520,14/01/2026 0:00,2601050042,T,,G.163,PELITA,HAURGEULIS,G,JULIANTO,1,GUDANG BAIK,2104139,Wiratex Wall Paint 848 25 KG,1.00,"390,000.00",PL,7.50,0.00,0.00,"29,250.00","360,750.00",,1,"INDOWIRA, PT"
JUAL,261.000.520,14/01/2026 0:00,2601050042,T,,G.163,PELITA,HAURGEULIS,G,JULIANTO,1,GUDANG BAIK,2103960,Shintex Wall Paint 9112 25 KG,1.00,"510,000.00",PL,7.50,0.00,0.00,"38,250.00","471,750.00",,1,"INDOWIRA, PT"
JUAL,261.000.520,14/01/2026 0:00,2601050042,T,,G.163,PELITA,HAURGEULIS,G,JULIANTO,1,GUDANG BAIK,2104117,Wiratex Wall Paint 814 Adinda 25 KG,1.00,"390,000.00",PL,7.50,0.00,0.00,"29,250.00","360,750.00",,1,"INDOWIRA, PT"
JUAL,261.000.520,14/01/2026 0:00,2601050042,T,,G.163,PELITA,HAURGEULIS,G,JULIANTO,1,GUDANG BAIK,2104120,Wiratex Wall Paint 822 Palazo 25 KG,1.00,"390,000.00",PL,7.50,0.00,0.00,"29,250.00","360,750.00",,1,"INDOWIRA, PT"
JUAL,261.000.520,14/01/2026 0:00,2601050042,T,,G.163,PELITA,HAURGEULIS,G,JULIANTO,1,GUDANG BAIK,2104119,Wiratex Wall Paint 820 Apple W 25 KG,1.00,"390,000.00",PL,7.50,0.00,0.00,"29,250.00","360,750.00",,1,"INDOWIRA, PT"
JUAL,261.000.520,14/01/2026 0:00,2601050042,T,,G.163,PELITA,HAURGEULIS,G,JULIANTO,1,GUDANG BAIK,2104109,Wiratex Wall Paint 801 Spanish 25 KG,1.00,"390,000.00",PL,7.50,0.00,0.00,"29,250.00","360,750.00",,1,"INDOWIRA, PT"
JUAL,261.000.520,14/01/2026 0:00,2601050042,T,,G.163,PELITA,HAURGEULIS,G,JULIANTO,1,GUDANG BAIK,2103954,Shintex Wall Paint 9106 Gallan 25 KG,1.00,"510,000.00",PL,7.50,0.00,0.00,"38,250.00","471,750.00",,1,"INDOWIRA, PT"
JUAL,261.000.520,14/01/2026 0:00,2601050042,T,,G.163,PELITA,HAURGEULIS,G,JULIANTO,1,GUDANG BAIK,2103946,Shintex Wall Paint 902 Berlian 25 KG,1.00,"510,000.00",PL,7.50,0.00,0.00,"38,250.00","471,750.00",,1,"INDOWIRA, PT"
JUAL,261.000.521,14/01/2026 0:00,2601050042,T,,G.163,PELITA,HAURGEULIS,G,JULIANTO,1,GUDANG BAIK,2104164,Wiratex Wall Paint 822 Palazo 5KG,8.00,"83,000.00",GL,7.50,0.00,0.00,"49,800.00","614,200.00",,1,"INDOWIRA, PT"
JUAL,261.000.522,14/01/2026 0:00,2601070145,T,,GF.101,LANGGENG QUICK,JL.RAYA KESAMBI DEPAN MASJID KESAMBI DESA KADUNG WUNGU KEC.ANJATAN IND,G,JULIANTO,1,GUDANG BAIK,2101915,Meiji Epoxy Filler  1 LTR SET,12.00,"76,000.00",KL,7.50,0.00,0.00,"68,400.00","843,600.00",,1,"INDOWIRA, PT"
JUAL,261.000.523,14/01/2026 0:00,2601070151,T,,G.526,SUBUR JAYA II,JL.A YANI HAUR GEULIS,G,JULIANTO,1,GUDANG BAIK,2100011,AlFa Polyester Putty  3KG,6.00,"103,000.00",GLN,5.00,0.00,0.00,"30,900.00","587,100.00",,1,"INDOWIRA, PT"
JUAL,261.000.523,14/01/2026 0:00,2601070151,T,,G.526,SUBUR JAYA II,JL.A YANI HAUR GEULIS,G,JULIANTO,1,GUDANG BAIK,2105077,Daltone Epoxy Filler Grey 1Lts,6.00,"70,000.00",KL,5.00,0.00,0.00,"21,000.00","399,000.00",,1,"INDOWIRA, PT"
JUAL,261.000.524,14/01/2026 0:00,2512300880,T,,GB.87,TB.INTI WARNA II,JL.PEJUANG 45 NO.72 SUBANG,G,JULIANTO,1,GUDANG BAIK,2100018,Alfa Zinc Chromate Primer GREEN 20 KG,20.00,"720,000.00",PL,7.50,5.00,0.00,"1,746,000.00","12,654,000.00",+,1,"INDOWIRA, PT"
JUAL,261.000.524,14/01/2026 0:00,2512300880,T,,GB.87,TB.INTI WARNA II,JL.PEJUANG 45 NO.72 SUBANG,G,JULIANTO,1,GUDANG BAIK,2100016,Alfa Zinc Chromate Primer BM Grey 20kg,30.00,"720,000.00",PL,7.50,5.00,0.00,"2,619,000.00","18,981,000.00",+,1,"INDOWIRA, PT"
JUAL,261.000.525,14/01/2026 0:00,2601080167,T,,N.1095,PT.BUKIT SURYA NUSANTARA,CIWARUGA RESORT MAHIA,13,BU RINI,1,GUDANG BAIK,2500297,Attaboy Natural Stone Protector Black Doff V2 1LT,25.00,"98,000.00",KL,0.00,0.00,0.00,0.00,"2,450,000.00",,1,"INDOWIRA, PT"
JUAL,261.000.527,14/01/2026 0:00,2601140334,T,,GF.101,LANGGENG QUICK,JL.RAYA KESAMBI DEPAN MASJID KESAMBI DESA KADUNG WUNGU KEC.ANJATAN IND,G,JULIANTO,1,GUDANG BAIK,2100011,AlFa Polyester Putty  3KG,6.00,"103,000.00",GLN,5.00,0.00,0.00,"30,900.00","587,100.00",,1,"INDOWIRA, PT"
JUAL,261.000.528,14/01/2026 0:00,2601140336,T,,K.204,EMIR,CIHANJUANG ATAS,L,RUDI *,1,GUDANG BAIK,2103148,Petalac Thinner PU  20 LTR,1.00,"834,000.00",JRG,0.00,0.00,0.00,0.00,"834,000.00",,1,"INDOWIRA, PT"
JUAL,261.000.529,14/01/2026 0:00,2601140337,T,,D.134,SUKSES BERDIKARI,"JL.RAYA SOREANG KOPO KM 14,5",D,WILLY,1,GUDANG BAIK,2104191,Wiratex Wall Paint Putih Salju 5KG,4.00,"83,000.00",GL,7.50,0.00,0.00,"24,900.00","307,100.00",,1,"INDOWIRA, PT"
JUAL,261.000.529,14/01/2026 0:00,2601140337,T,,D.134,SUKSES BERDIKARI,"JL.RAYA SOREANG KOPO KM 14,5",D,WILLY,1,GUDANG BAIK,2100006,Alfa Polyester Putty  1 KG,12.00,"39,000.00",KL,5.00,0.00,0.00,"23,400.00","444,600.00",,1,"INDOWIRA, PT"
JUAL,261.000.530,14/01/2026 0:00,2601130281,T,,G.112,BENDA MEKANIK,PASAR LAMA 42 SUBANG,G,JULIANTO,1,GUDANG BAIK,2101608,Kingkong Wall Putty Instant Powder  5 KG,18.00,"32,000.00",BKS,5.00,0.00,0.00,"28,800.00","547,200.00",,1,"INDOWIRA, PT"
JUAL,261.000.531,14/01/2026 0:00,2601140338,T,,K.527,PT.AKD,SADANG,14,DEPO BANDUNG,1,GUDANG BAIK,2200086,Petalac 2K Surfacer FD 21 Base 1LT,25.00,"80,000.00",KL,10.00,0.00,0.00,"200,000.00","1,800,000.00",,1,"INDOWIRA, PT"
JUAL,261.000.531,14/01/2026 0:00,2601140338,T,,K.527,PT.AKD,SADANG,14,DEPO BANDUNG,1,GUDANG BAIK,2200087,Petalac Hardener Surfacer FD 0.5LT,25.00,"60,000.00",KL,10.00,0.00,0.00,"150,000.00","1,350,000.00",,1,"INDOWIRA, PT"
JUAL,261.000.531,14/01/2026 0:00,2601140338,T,,K.527,PT.AKD,SADANG,14,DEPO BANDUNG,1,GUDANG BAIK,2200046,Petalac 2K PU Clear Gloss Base 0.8LT,12.00,"108,000.00",KL,10.00,0.00,0.00,"129,600.00","1,166,400.00",,1,"INDOWIRA, PT"
JUAL,261.000.531,14/01/2026 0:00,2601140338,T,,K.527,PT.AKD,SADANG,14,DEPO BANDUNG,1,GUDANG BAIK,2102840,Petalac 2K PU Hardener Special  200 CC,70.00,"55,000.00",KL,10.00,0.00,0.00,"385,000.00","3,465,000.00",,1,"INDOWIRA, PT"
JUAL,261.000.531,14/01/2026 0:00,2601140338,T,,K.527,PT.AKD,SADANG,14,DEPO BANDUNG,1,GUDANG BAIK,2200050,"Petalac 2K PU Clear Matt MV3 Base 0,8Lt",58.00,"121,000.00",KL,10.00,0.00,0.00,"701,800.00","6,316,200.00",,1,"INDOWIRA, PT"
JUAL,261.000.531,14/01/2026 0:00,2601140338,T,,K.527,PT.AKD,SADANG,14,DEPO BANDUNG,1,GUDANG BAIK,2103148,Petalac Thinner PU  20 LTR,10.00,"834,000.00",JRG,0.00,0.00,0.00,0.00,"8,340,000.00",,1,"INDOWIRA, PT"
JUAL,261.000.533,14/01/2026 0:00,2601140326,T,,J.406,HARTA FURNITURE,JL.GEMPOL SARI 313 CIJERAH,J,FRANSISKUS,1,GUDANG BAIK,2101926,Meiji Lacquer Primer Surfacer IK  1 LITER,36.00,"57,000.00",KL,5.00,0.00,0.00,"102,600.00","1,949,400.00",,1,"INDOWIRA, PT"
JUAL,261.000.534,14/01/2026 0:00,2601140329,T,,N.870,PT.KSS,JL.PATARUMAN,13,BU RINI,1,GUDANG BAIK,2100018,Alfa Zinc Chromate Primer GREEN 20 KG,1.00,"720,000.00",PL,0.00,0.00,0.00,0.00,"720,000.00",,1,"INDOWIRA, PT"
JUAL,261.000.535,14/01/2026 0:00,2601140330,T,,J.140,PT.INDONESIA RABBONI GARMEN,JL.BANJARAN 102 (EX UNILON),J,FRANSISKUS,1,GUDANG BAIK,2103989,Shintex Wall Paint Super White 25 KG,6.00,"510,000.00",PL,0.00,0.00,0.00,0.00,"3,060,000.00",,1,"INDOWIRA, PT"
JUAL,261.000.536,14/01/2026 0:00,2601070135,T,,J.202,GLOBAL KRIYA NUSANTARA/AL IKHS,JL.GOLF TAMAN CINTA/INSPEKSI NO.2,J,FRANSISKUS,1,GUDANG BAIK,2200052,Petalac 2K PU Clear Gloss Base 20lt,1.00,"2,457,000.00",PAIL,10.00,0.00,0.00,"245,700.00","2,211,300.00",,1,"INDOWIRA, PT"
JUAL,261.000.536,14/01/2026 0:00,2601070135,T,,J.202,GLOBAL KRIYA NUSANTARA/AL IKHS,JL.GOLF TAMAN CINTA/INSPEKSI NO.2,J,FRANSISKUS,1,GUDANG BAIK,2101387,Crystal Coat Clear Gloss  1 LITER,1.00,"657,000.00",KL,10.00,0.00,0.00,"65,700.00","591,300.00",,1,"INDOWIRA, PT"
JUAL,261.000.536,14/01/2026 0:00,2601070135,T,,J.202,GLOBAL KRIYA NUSANTARA/AL IKHS,JL.GOLF TAMAN CINTA/INSPEKSI NO.2,J,FRANSISKUS,1,GUDANG BAIK,2200197,Petalac 2K PU Hardener Special 1LITER,10.00,"252,000.00",KL,10.00,0.00,0.00,"252,000.00","2,268,000.00",,1,"INDOWIRA, PT"
JUAL,261.000.537,14/01/2026 0:00,2601120216,T,,D.216,UD.SBR SUBUR BAROKAH,JL.SARI RASA BLOK 1 NO.2 A GUNUNG BATU,Y,KEN - Y,1,GUDANG BAIK,2104030,Shintex Wall Paint 974 Chiffon 5KG,8.00,"110,000.00",GLN,7.50,0.00,0.00,"66,000.00","814,000.00",,1,"INDOWIRA, PT"
JUAL,261.000.538,14/01/2026 0:00,2601120235,T,,M.100,UMUM,,14,DEPO BANDUNG,1,GUDANG BAIK,2103708,Petalux Wall Paint 674 Valenti 5KG,1.00,"158,000.00",GLN,10.00,0.00,0.00,"15,800.00","142,200.00",BP.ATO,1,"INDOWIRA, PT"
JUAL,261.000.539,14/01/2026 0:00,2601140318,T,,J.511,YANTO/ADIKREASI,JL.CIHANJUANG 253,J,FRANSISKUS,1,GUDANG BAIK,2101416,Crystal Coat Thinner  1 LITER,4.00,"56,610.00",KL,0.00,0.00,0.00,0.00,"226,440.00",,1,"INDOWIRA, PT"
JUAL,261.000.539,14/01/2026 0:00,2601140318,T,,J.511,YANTO/ADIKREASI,JL.CIHANJUANG 253,J,FRANSISKUS,1,GUDANG BAIK,2101387,Crystal Coat Clear Gloss  1 LITER,1.00,"729,270.00",KL,10.00,0.00,0.00,"72,927.00","656,343.00",,1,"INDOWIRA, PT"
JUAL,261.000.539,14/01/2026 0:00,2601140318,T,,J.511,YANTO/ADIKREASI,JL.CIHANJUANG 253,J,FRANSISKUS,1,GUDANG BAIK,2101391,Crystal Coat Clear Matt MV3 1 LITER,1.00,"729,270.00",KL,10.00,0.00,0.00,"72,927.00","656,343.00",,1,"INDOWIRA, PT"
JUAL,261.000.541,14/01/2026 0:00,2601140320,T,,D.304,FAJAR,SUKAGALIH 68,Y,KEN - Y,1,GUDANG BAIK,2104148,Wiratex Wall Paint Super White 25 KG,5.00,"390,000.00",PL,7.50,0.00,0.00,"146,250.00","1,803,750.00",,1,"INDOWIRA, PT"
JUAL,261.000.542,14/01/2026 0:00,2601140322,T,,W.473,SRI MULYA KENCANA,"JL,RAYA GADOBANGKONG 39 A",U,GANIS,1,GUDANG BAIK,2101915,Meiji Epoxy Filler  1 LTR SET,11.00,"76,000.00",KL,7.50,0.00,0.00,"62,700.00","773,300.00",,1,"INDOWIRA, PT"
JUAL,261.000.542,14/01/2026 0:00,2601140322,T,,W.473,SRI MULYA KENCANA,"JL,RAYA GADOBANGKONG 39 A",U,GANIS,1,GUDANG BAIK,2101917,Meiji Epoxy Filler White 1 LTR SET,22.00,"76,000.00",KL,7.50,0.00,0.00,"125,400.00","1,546,600.00",,1,"INDOWIRA, PT"
JUAL,261.000.543,14/01/2026 0:00,2601140323,T,,K.127,RENALDY,JL.KEBON KANGKUNG SUDIRMAN BELAKANG 563,L,RUDI *,1,GUDANG BAIK,2100068,Adler Primer Surfacer EP 1050  2 LITER SET,1.00,"205,000.00",KL,10.00,0.00,0.00,"20,500.00","184,500.00",,1,"INDOWIRA, PT"
JUAL,262.000.012,14/01/2026 0:00,2601140313,T,,N.888,SUMBER WARNA,PUNGKUR,14,DEPO BANDUNG,1,GUDANG BAIK,2101915,Meiji Epoxy Filler  1 LTR SET,1.00,0.00,KL,0.00,0.00,0.00,0.00,0.00,,1,"INDOWIRA, PT"
JUAL,262.000.012,14/01/2026 0:00,2601140313,T,,N.888,SUMBER WARNA,PUNGKUR,14,DEPO BANDUNG,1,GUDANG BAIK,2101917,Meiji Epoxy Filler White 1 LTR SET,2.00,0.00,KL,0.00,0.00,0.00,0.00,0.00,,1,"INDOWIRA, PT"
JUAL,262.000.013,14/01/2026 0:00,2601140322,T,,W.473,SRI MULYA KENCANA,"JL,RAYA GADOBANGKONG 39 A",U,GANIS,1,GUDANG BAIK,2101915,Meiji Epoxy Filler  1 LTR SET,1.00,0.00,KL,0.00,0.00,0.00,0.00,0.00,U/BONUS,1,"INDOWIRA, PT"
JUAL,262.000.013,14/01/2026 0:00,2601140322,T,,W.473,SRI MULYA KENCANA,"JL,RAYA GADOBANGKONG 39 A",U,GANIS,1,GUDANG BAIK,2101917,Meiji Epoxy Filler White 1 LTR SET,2.00,0.00,KL,0.00,0.00,0.00,0.00,0.00,U/BONUS,1,"INDOWIRA, PT"
JUAL,261.000.547,15/01/2026 0:00,2601140328,T,,H.733C,SUMBER USAHA,GUNUNG PUTRI,H,YANSENG,1,GUDANG BAIK,2104157,Wiratex Wall Paint 806 Cream 5KG,12.00,"83,000.00",GL,7.50,0.00,0.00,"74,700.00","921,300.00",,1,"INDOWIRA, PT"
JUAL,261.000.547,15/01/2026 0:00,2601140328,T,,H.733C,SUMBER USAHA,GUNUNG PUTRI,H,YANSENG,1,GUDANG BAIK,2104192,Wiratex Wall Paint Super White 5KG,20.00,"83,000.00",GL,7.50,0.00,0.00,"124,500.00","1,535,500.00",,1,"INDOWIRA, PT"
JUAL,261.000.548,15/01/2026 0:00,2601070141,T,,Y.280,ABDI JAYA,KOMP.MEKAR WANGI JL.MEKAR SEJAHTERA POS 16,Y,KEN - Y,1,GUDANG BAIK,2300180,Daltone PU Base Coat D020 Deep Black 1Lt,1.00,"155,000.00",KL,10.00,0.00,0.00,"15,500.00","139,500.00",,1,"INDOWIRA, PT"
JUAL,261.000.549,15/01/2026 0:00,2601150340,T,,C.408,LANGGENG CEMERLANG,JL.GADOBANGKONG NO.2 CIMAHI,R,SIMON QIRENE,1,GUDANG BAIK,2101916,Meiji Epoxy Filler Black 1 LTR SET,6.00,"76,000.00",KL,7.50,0.00,0.00,"34,200.00","421,800.00",,1,"INDOWIRA, PT"
JUAL,261.000.550,15/01/2026 0:00,2601140324,T,,B.421,BOGA SENI BERKAH,"JL.RADIO,CILILIN BANDUNG BARAT",C,YONATHAN,1,GUDANG BAIK,2102095,Mascot Wall Filler  4 KG,20.00,"39,000.00",GLN,7.50,0.00,0.00,"58,500.00","721,500.00",,1,"INDOWIRA, PT"
JUAL,261.000.551,15/01/2026 0:00,2601150341,T,,D.211,KARYA AGUNG,LEUWIGAJAH 55,G,JULIANTO,1,GUDANG BAIK,2102076,Meiji Zinc Chromate Primer  5 KG,8.00,"225,000.00",GLN,7.50,0.00,0.00,"135,000.00","1,665,000.00",,1,"INDOWIRA, PT"
JUAL,261.000.552,15/01/2026 0:00,2601150342,T,,N.1098A,ANDRE,JL.GERLONG TONGGOH IV NO.1 GEGER KALONG,13,BU RINI,1,GUDANG BAIK,2100068,Adler Primer Surfacer EP 1050  2 LITER SET,10.00,"205,000.00",KL,0.00,0.00,0.00,0.00,"2,050,000.00",,1,"INDOWIRA, PT"
JUAL,261.000.553,15/01/2026 0:00,2601150343,T,,D.223,TB.PUTRA ABADI,JL.BIMA NO.129 022-6123038,Y,KEN - Y,1,GUDANG BAIK,2400160,Shintex Cat Bak Hitam 1KG,5.00,"60,000.00",KL,7.50,0.00,0.00,"22,500.00","277,500.00",,1,"INDOWIRA, PT"
JUAL,261.000.553,15/01/2026 0:00,2601150343,T,,D.223,TB.PUTRA ABADI,JL.BIMA NO.129 022-6123038,Y,KEN - Y,1,GUDANG BAIK,2102129,Mascot Wall Paint Super White 20 KG,2.00,"215,000.00",PL,7.50,0.00,0.00,"32,250.00","397,750.00",,1,"INDOWIRA, PT"
JUAL,261.000.554,15/01/2026 0:00,2601140339,T,,K.510,MENTARI ELEKTRIK,JL.SADANG RAHAYU KAV A4 NO.39,L,RUDI *,1,GUDANG BAIK,2103149,Petalac Thinner PU  5 LTR,1.00,"220,000.00",GLN,0.00,0.00,0.00,0.00,"220,000.00",,1,"INDOWIRA, PT"
JUAL,261.000.555,15/01/2026 0:00,2601150346,T,,W.354,PT.MENTARI AGUNG MANDIRI,JL.RAYA DAYEUH KOLOT O.341C RT 001 RW 006,R,SIMON QIRENE,1,GUDANG BAIK,2103625,Petalux Wall Paint Putih Wangi 25 KG,1.00,"505,000.00",PL,0.00,0.00,0.00,0.00,"505,000.00",U/P.ANTON,1,"INDOWIRA, PT"
JUAL,261.000.555,15/01/2026 0:00,2601150346,T,,W.354,PT.MENTARI AGUNG MANDIRI,JL.RAYA DAYEUH KOLOT O.341C RT 001 RW 006,R,SIMON QIRENE,1,GUDANG BAIK,2103593,Petalux Wall Paint CM 602 Matahari 25 KG,1.00,"515,000.00",PL,0.00,0.00,0.00,0.00,"515,000.00",U/P.ANTON,1,"INDOWIRA, PT"
JUAL,261.000.556,15/01/2026 0:00,2601150345,T,,P.244,PT.METROPOLITAN HORISON DEVELO,HOTEL HORISON JL.PELAJAR PEJUANG 45 NO.121,13,BU RINI,1,GUDANG BAIK,2103640,Petalux Wall Paint Super White 25 KG,1.00,"803,200.00",PL,0.00,0.00,0.00,0.00,"803,200.00",,1,"INDOWIRA, PT"
JUAL,261.000.557,15/01/2026 0:00,2601150347,T,,K.127,RENALDY,JL.KEBON KANGKUNG SUDIRMAN BELAKANG 563,L,RUDI *,1,GUDANG BAIK,2102840,Petalac 2K PU Hardener Special  200 CC,1.00,"55,000.00",KL,10.00,0.00,0.00,"5,500.00","49,500.00",,1,"INDOWIRA, PT"
JUAL,261.000.557,15/01/2026 0:00,2601150347,T,,K.127,RENALDY,JL.KEBON KANGKUNG SUDIRMAN BELAKANG 563,L,RUDI *,1,GUDANG BAIK,2200050,"Petalac 2K PU Clear Matt MV3 Base 0,8Lt",1.00,"121,000.00",KL,10.00,0.00,0.00,"12,100.00","108,900.00",,1,"INDOWIRA, PT"
JUAL,261.000.558,15/01/2026 0:00,2601130299,T,,K.521,TOPIC,JATAYU,L,RUDI *,1,GUDANG BAIK,2102840,Petalac 2K PU Hardener Special  200 CC,1.00,"55,000.00",KL,10.00,0.00,0.00,"5,500.00","49,500.00",VIA SJ.4079,1,"INDOWIRA, PT"
JUAL,261.000.558,15/01/2026 0:00,2601130299,T,,K.521,TOPIC,JATAYU,L,RUDI *,1,GUDANG BAIK,2600011,Petalac 2K PU CO Base Cream Matt Ranggamalela 0.8L,1.00,"145,000.00",KL,10.00,0.00,0.00,"14,500.00","130,500.00",VIA SJ.4079,1,"INDOWIRA, PT"
JUAL,261.000.559,15/01/2026 0:00,2601080182,T,,U.217,CELLCO,GATSU 43 A,13,BU RINI,1,GUDANG BAIK,2100346,Attaboy Multi Colour Paint S6612 4 LTR,1.00,"510,000.00",GLN,0.00,0.00,0.00,0.00,"510,000.00",,1,"INDOWIRA, PT"
JUAL,261.000.560,15/01/2026 0:00,2601130296,T,,Q.301,PT.VISTA KREASINDO,JL.CENTEH NO.4,13,BU RINI,1,GUDANG BAIK,2102840,Petalac 2K PU Hardener Special  200 CC,1.00,"55,000.00",KL,0.00,0.00,0.00,0.00,"55,000.00",,1,"INDOWIRA, PT"
JUAL,261.000.560,15/01/2026 0:00,2601130296,T,,Q.301,PT.VISTA KREASINDO,JL.CENTEH NO.4,13,BU RINI,1,GUDANG BAIK,2300053,Petalac 2K PU CO Base P.113 Lava Brown 0.8LT,1.00,"140,000.00",KL,0.00,0.00,0.00,0.00,"140,000.00",,1,"INDOWIRA, PT"
JUAL,261.000.561,15/01/2026 0:00,2601150348,T,,K.412,"YUNIKO,PD",KEBON JATI 224,14,DEPO BANDUNG,1,GUDANG BAIK,2101387,Crystal Coat Clear Gloss  1 LITER,6.00,"657,000.00",KL,10.00,0.00,0.00,"394,200.00","3,547,800.00",,1,"INDOWIRA, PT"
JUAL,261.000.563,15/01/2026 0:00,2512290798,T,,D.619,SALUYU,PATROL PARONGPONG,G,JULIANTO,1,GUDANG BAIK,2104182,Wiratex Wall Paint 847 Spring 5KG,8.00,"83,000.00",GL,7.50,0.00,0.00,"49,800.00","614,200.00",,1,"INDOWIRA, PT"
JUAL,261.000.563,15/01/2026 0:00,2512290798,T,,D.619,SALUYU,PATROL PARONGPONG,G,JULIANTO,1,GUDANG BAIK,2104171,Wiratex Wall Paint 830 Blue Be 5KG,4.00,"83,000.00",GL,7.50,0.00,0.00,"24,900.00","307,100.00",,1,"INDOWIRA, PT"
JUAL,261.000.564,15/01/2026 0:00,2512180574,T,,J.112,PRISTAN,JL.S.HATTA 539,J,FRANSISKUS,1,GUDANG BAIK,2102840,Petalac 2K PU Hardener Special  200 CC,12.00,"55,000.00",KL,10.00,0.00,0.00,"66,000.00","594,000.00",,1,"INDOWIRA, PT"
JUAL,261.000.564,15/01/2026 0:00,2512180574,T,,J.112,PRISTAN,JL.S.HATTA 539,J,FRANSISKUS,1,GUDANG BAIK,2200050,"Petalac 2K PU Clear Matt MV3 Base 0,8Lt",12.00,"121,000.00",KL,10.00,0.00,0.00,"145,200.00","1,306,800.00",,1,"INDOWIRA, PT"
JUAL,261.000.566,15/01/2026 0:00,2601150349,T,,K.201,AGUS CENDANA,KIRCON 141,L,RUDI *,1,GUDANG BAIK,2101917,Meiji Epoxy Filler White 1 LTR SET,6.00,"76,000.00",KL,10.00,0.00,0.00,"45,600.00","410,400.00",,1,"INDOWIRA, PT"
JUAL,261.000.567,15/01/2026 0:00,2601150357,T,,H.344,GUNA SENAPUTRA SEJAHTERA,Jl. Pangkalan III Km.2.4 Bogor,H,YANSENG,1,GUDANG BAIK,2500326,Daltone Stoving Enamel New 200-30 Carbon Black 20L,3.00,"2,100,000.00",PAIL,0.00,0.00,0.00,0.00,"6,300,000.00",,1,"INDOWIRA, PT"
JUAL,261.000.567,15/01/2026 0:00,2601150357,T,,H.344,GUNA SENAPUTRA SEJAHTERA,Jl. Pangkalan III Km.2.4 Bogor,H,YANSENG,1,GUDANG BAIK,2500348,Daltone Thinner Stoving Enamel New 20LT,3.00,"750,000.00",JRG,0.00,0.00,0.00,0.00,"2,250,000.00",,1,"INDOWIRA, PT"
JUAL,261.000.568,15/01/2026 0:00,2601140335,T,,H.219,KENCANA SURKEN,"Jl. Suryakencana No.208, RT.03/RW.12",H1,MIMING,1,GUDANG BAIK,2103863,Shintex Wall Filler  1 KG,10.00,"23,000.00",KL,7.50,0.00,0.00,"17,250.00","212,750.00",,1,"INDOWIRA, PT"
JUAL,261.000.568,15/01/2026 0:00,2601140335,T,,H.219,KENCANA SURKEN,"Jl. Suryakencana No.208, RT.03/RW.12",H1,MIMING,1,GUDANG BAIK,2103888,Shintex Wall Paint 9107 Libert 1KG,12.00,"32,000.00",KL,7.50,0.00,0.00,"28,800.00","355,200.00",,1,"INDOWIRA, PT"
JUAL,261.000.568,15/01/2026 0:00,2601140335,T,,H.219,KENCANA SURKEN,"Jl. Suryakencana No.208, RT.03/RW.12",H1,MIMING,1,GUDANG BAIK,2104046,Shintex Wall Paint Warna Khusus A Kuning Muda 1KG,12.00,"32,000.00",KL,7.50,0.00,0.00,"28,800.00","355,200.00",,1,"INDOWIRA, PT"
JUAL,261.000.569,15/01/2026 0:00,2601130307,T,,H.178,SINAR WARU III,PUTAT NUTUG,H,YANSENG,1,GUDANG BAIK,2102178,Mascot Wall Paint Super White 5 KG,8.00,"65,000.00",GLN,7.50,0.00,0.00,"39,000.00","481,000.00",,1,"INDOWIRA, PT"
JUAL,261.000.569,15/01/2026 0:00,2601130307,T,,H.178,SINAR WARU III,PUTAT NUTUG,H,YANSENG,1,GUDANG BAIK,2102061,Meiji Zinc Chromate Primer  1 KG,24.00,"51,000.00",KL,7.50,0.00,0.00,"91,800.00","1,132,200.00",,1,"INDOWIRA, PT"
JUAL,261.000.569,15/01/2026 0:00,2601130307,T,,H.178,SINAR WARU III,PUTAT NUTUG,H,YANSENG,1,GUDANG BAIK,2102155,Mascot Wall Paint Super White 25 KG,2.00,"270,000.00",PL,7.50,0.00,0.00,"40,500.00","499,500.00",,1,"INDOWIRA, PT"
JUAL,261.000.570,15/01/2026 0:00,2601090213,T,,H.353,JAYAKARTA,JL.KIS MANGUNSARKOSO NO.26 PAMOYANAN,H,YANSENG,1,GUDANG BAIK,2104009,Shintex Wall Paint 9109 5KG,3.00,"110,000.00",GLN,7.50,0.00,0.00,"24,750.00","305,250.00",,1,"INDOWIRA, PT"
JUAL,261.000.571,15/01/2026 0:00,2601150358,T,,C.139,TK.SWP,JL.M.TOHA 214  U/P.BP.RIO YUDITH,13,BU RINI,1,GUDANG BAIK,2100006,Alfa Polyester Putty  1 KG,12.00,"39,000.00",KL,5.00,0.00,0.00,"23,400.00","444,600.00",,1,"INDOWIRA, PT"
JUAL,261.000.572,15/01/2026 0:00,2601150350,T,,M.100,UMUM,,M,UMUM,1,GUDANG BAIK,2101607,Kingkong Wall Putty Instant Powder  25 KG,1.00,"133,000.00",ZAK,10.00,0.00,0.00,"13,300.00","119,700.00",CI LILIS,1,"INDOWIRA, PT"
JUAL,261.000.573,15/01/2026 0:00,2601150351,T,,Y.291,BERKAH ABADI 2,PERTIGAAN PATROL - PARONGPONG,Y,KEN - Y,1,GUDANG BAIK,2104188,Wiratex Wall Paint 853 5KG,2.00,"83,000.00",GL,7.50,0.00,0.00,"12,450.00","153,550.00",,1,"INDOWIRA, PT"
JUAL,261.000.573,15/01/2026 0:00,2601150351,T,,Y.291,BERKAH ABADI 2,PERTIGAAN PATROL - PARONGPONG,Y,KEN - Y,1,GUDANG BAIK,2104192,Wiratex Wall Paint Super White 5KG,4.00,"83,000.00",GL,7.50,0.00,0.00,"24,900.00","307,100.00",,1,"INDOWIRA, PT"
JUAL,261.000.573,15/01/2026 0:00,2601150351,T,,Y.291,BERKAH ABADI 2,PERTIGAAN PATROL - PARONGPONG,Y,KEN - Y,1,GUDANG BAIK,2103789,Shintex Cat Genteng 301 Black 1KG,6.00,"57,000.00",KL,7.50,0.00,0.00,"25,650.00","316,350.00",,1,"INDOWIRA, PT"
JUAL,261.000.573,15/01/2026 0:00,2601150351,T,,Y.291,BERKAH ABADI 2,PERTIGAAN PATROL - PARONGPONG,Y,KEN - Y,1,GUDANG BAIK,2104148,Wiratex Wall Paint Super White 25 KG,1.00,"390,000.00",PL,7.50,0.00,0.00,"29,250.00","360,750.00",,1,"INDOWIRA, PT"
JUAL,261.000.574,15/01/2026 0:00,2601150355,T,,W.475,TB.WARGI ASIH,JL.TERUSAN CICUKANG NO.115,C,YONATHAN,1,GUDANG BAIK,2100006,Alfa Polyester Putty  1 KG,12.00,"39,000.00",KL,5.00,0.00,0.00,"23,400.00","444,600.00",,1,"INDOWIRA, PT"
JUAL,261.000.575,15/01/2026 0:00,2601150353,T,,J.222,KOTA HARUM,JL.KOSAMBI 76,J,FRANSISKUS,1,GUDANG BAIK,2102840,Petalac 2K PU Hardener Special  200 CC,12.00,"55,000.00",KL,10.00,0.00,0.00,"66,000.00","594,000.00",,1,"INDOWIRA, PT"
JUAL,261.000.575,15/01/2026 0:00,2601150353,T,,J.222,KOTA HARUM,JL.KOSAMBI 76,J,FRANSISKUS,1,GUDANG BAIK,2200050,"Petalac 2K PU Clear Matt MV3 Base 0,8Lt",12.00,"121,000.00",KL,10.00,0.00,0.00,"145,200.00","1,306,800.00",,1,"INDOWIRA, PT"
JUAL,261.000.576,15/01/2026 0:00,2601140338,T,,K.527,PT.AKD,SADANG,14,DEPO BANDUNG,1,GUDANG BAIK,2200086,Petalac 2K Surfacer FD 21 Base 1LT,5.00,"80,000.00",KL,10.00,0.00,0.00,"40,000.00","360,000.00",,1,"INDOWIRA, PT"
JUAL,261.000.576,15/01/2026 0:00,2601140338,T,,K.527,PT.AKD,SADANG,14,DEPO BANDUNG,1,GUDANG BAIK,2200087,Petalac Hardener Surfacer FD 0.5LT,5.00,"60,000.00",KL,10.00,0.00,0.00,"30,000.00","270,000.00",,1,"INDOWIRA, PT"
JUAL,261.000.576,15/01/2026 0:00,2601140338,T,,K.527,PT.AKD,SADANG,14,DEPO BANDUNG,1,GUDANG BAIK,2102840,Petalac 2K PU Hardener Special  200 CC,2.00,"55,000.00",KL,10.00,0.00,0.00,"11,000.00","99,000.00",,1,"INDOWIRA, PT"
JUAL,261.000.576,15/01/2026 0:00,2601140338,T,,K.527,PT.AKD,SADANG,14,DEPO BANDUNG,1,GUDANG BAIK,2200050,"Petalac 2K PU Clear Matt MV3 Base 0,8Lt",2.00,"121,000.00",KL,10.00,0.00,0.00,"24,200.00","217,800.00",,1,"INDOWIRA, PT"
JUAL,261.000.577,15/01/2026 0:00,2601130279,T,,P.191,PT.MBP UNTUK PT CERES,JL.RAYA DAYEUH KOLOT 92,13,BU RINI,1,GUDANG BAIK,2101061,Attaboy Weatherguard DX Mirrage 20lt,1.00,"2,099,010.00",PL,0.00,0.00,0.00,0.00,"2,099,010.00",,1,"INDOWIRA, PT"
JUAL,261.000.578,15/01/2026 0:00,2601140321,T,,W.473,SRI MULYA KENCANA,"JL,RAYA GADOBANGKONG 39 A",U,GANIS,1,GUDANG BAIK,2101377,Crystal Coat Candytone Vergoldet 1lts,1.00,"657,000.00",KL,7.50,0.00,0.00,"49,275.00","607,725.00",,1,"INDOWIRA, PT"
JUAL,261.000.581,19/01/2026 0:00,2601150361,T,,M.100,UMUM,,M,UMUM,1,GUDANG BAIK,2103297,Petalux Ceiling & Gypsum Paint Putih Wangi 5KG,2.00,"135,000.00",GLN,10.00,0.00,0.00,"27,000.00","243,000.00",BU LILIS,1,"INDOWIRA, PT"
JUAL,261.000.587,19/01/2026 0:00,2601190363,T,,Y.291,BERKAH ABADI 2,PERTIGAAN PATROL - PARONGPONG,Y,KEN - Y,1,GUDANG BAIK,2104162,Wiratex Wall Paint 814 Adinda 5KG,4.00,"83,000.00",GL,7.50,0.00,0.00,"24,900.00","307,100.00",,1,"INDOWIRA, PT"
JUAL,261.000.587,19/01/2026 0:00,2601190363,T,,Y.291,BERKAH ABADI 2,PERTIGAAN PATROL - PARONGPONG,Y,KEN - Y,1,GUDANG BAIK,2104191,Wiratex Wall Paint Putih Salju 5KG,6.00,"83,000.00",GL,7.50,0.00,0.00,"37,350.00","460,650.00",,1,"INDOWIRA, PT"
JUAL,261.000.587,19/01/2026 0:00,2601190363,T,,Y.291,BERKAH ABADI 2,PERTIGAAN PATROL - PARONGPONG,Y,KEN - Y,1,GUDANG BAIK,2104148,Wiratex Wall Paint Super White 25 KG,1.00,"390,000.00",PL,7.50,0.00,0.00,"29,250.00","360,750.00",,1,"INDOWIRA, PT"
JUAL,261.000.588,19/01/2026 0:00,2601190366,T,,C.448,LAMPING SARADAN,JL.SINDANG SARI RT.05 RW.14 DAERAH KATAPANG M/JUNTI HILIR D/KANTOR KEC,C,YONATHAN,1,GUDANG BAIK,2103863,Shintex Wall Filler  1 KG,12.00,"23,000.00",KL,7.50,0.00,0.00,"20,700.00","255,300.00",,1,"INDOWIRA, PT"
JUAL,261.000.589,19/01/2026 0:00,2601190365,T,,B.215,SINAR AGUNG,CARINGIN 258,C,YONATHAN,1,GUDANG BAIK,2104073,Tawon Kembang Meni Kayu & Besi 0.8 KG,12.00,"40,000.00",KL,7.50,0.00,0.00,"36,000.00","444,000.00",,1,"INDOWIRA, PT"
JUAL,261.000.590,19/01/2026 0:00,2601190364,T,,C.450,TALANG METAL,JL.JAMIKA NO.74 JAMIKA,C,YONATHAN,1,GUDANG BAIK,2101330,Attaboy Wall Putty Instant Powder  2 KG,60.00,"33,000.00",BKS,7.50,0.00,0.00,"148,500.00","1,831,500.00",,1,"INDOWIRA, PT"
JUAL,261.000.591,19/01/2026 0:00,2601140332,T,,G.202,TERUS MAKMUR,KLARI,G,JULIANTO,1,GUDANG BAIK,2105214,Meiji Zinc Chromate Primer Dark Grey 20KG,5.00,"825,000.00",PAIL,7.50,0.00,0.00,"309,375.00","3,815,625.00",,1,"INDOWIRA, PT"
JUAL,261.000.592,19/01/2026 0:00,2601190368,T,,R.485,TB.WAHANA BANGUNAN,CIBADUYUT RAYA NO.165 SEBELAH GG H.RUSDI,D,WILLY,1,GUDANG BAIK,2102074,Meiji Zinc Chromate Light Grey 20 KG,3.00,"825,000.00",PL,7.50,0.00,0.00,"185,625.00","2,289,375.00",,1,"INDOWIRA, PT"
JUAL,261.000.593,19/01/2026 0:00,2601190371,T,,K.331,ATEP,JL.MANGLID NO.10,L,RUDI *,1,GUDANG BAIK,2104494,Daltone Clear CoaT MS 4100 1LTS,6.00,"112,000.00",KL,10.00,0.00,0.00,"67,200.00","604,800.00",,1,"INDOWIRA, PT"
JUAL,261.000.594,19/01/2026 0:00,2601190374,T,,N.888,SUMBER WARNA,PUNGKUR,14,DEPO BANDUNG,1,GUDANG BAIK,2103145,Petalac Thinner PU  1 LTR,24.00,"51,000.00",KL,0.00,0.00,0.00,0.00,"1,224,000.00",,1,"INDOWIRA, PT"
JUAL,261.000.594,19/01/2026 0:00,2601190374,T,,N.888,SUMBER WARNA,PUNGKUR,14,DEPO BANDUNG,1,GUDANG BAIK,2101915,Meiji Epoxy Filler  1 LTR SET,33.00,"76,000.00",KL,7.50,2.50,0.00,"246,097.50","2,261,902.50",,1,"INDOWIRA, PT"
JUAL,261.000.594,19/01/2026 0:00,2601190374,T,,N.888,SUMBER WARNA,PUNGKUR,14,DEPO BANDUNG,1,GUDANG BAIK,2101917,Meiji Epoxy Filler White 1 LTR SET,55.00,"76,000.00",KL,7.50,2.50,0.00,"410,162.50","3,769,837.50",,1,"INDOWIRA, PT"
JUAL,261.000.594,19/01/2026 0:00,2601190374,T,,N.888,SUMBER WARNA,PUNGKUR,14,DEPO BANDUNG,1,GUDANG BAIK,2200046,Petalac 2K PU Clear Gloss Base 0.8LT,6.00,"108,000.00",KL,7.50,2.50,0.00,"63,585.00","584,415.00",,1,"INDOWIRA, PT"
JUAL,261.000.594,19/01/2026 0:00,2.601.190.374,T,,N.888,SUMBER WARNA,PUNGKUR,14,DEPO BANDUNG,1,GUDANG BAIK,2102840,Petalac 2K PU Hardener Special  200 CC,24.00,"55,000.00",KL,7.50,2.50,0.00,"129,525.12","1,190,474.88",,1,"INDOWIRA, PT"
JUAL,261.000.594,19/01/2026 0:00,2601190374,T,,N.888,SUMBER WARNA,PUNGKUR,14,DEPO BANDUNG,1,GUDANG BAIK,2200303,Petalac Ext 4:1 Special White Matt Base 0.8LT,6.00,"144,000.00",KL,7.50,2.50,0.00,"84,780.00","779,220.00",,1,"INDOWIRA, PT"
JUAL,261.000.594,19/01/2026 0:00,2601190374,T,,N.888,SUMBER WARNA,PUNGKUR,14,DEPO BANDUNG,1,GUDANG BAIK,2200068,Petalac 2K PU Colour P.101 Special White Base 0.8L,12.00,"126,000.00",KL,7.50,2.50,0.00,"148,365.00","1,363,635.00",,1,"INDOWIRA, PT"
JUAL,261.000.595,19/01/2026 0:00,2601190372,T,,K.410,SUMBER JAYA,PUNGKUR 21,L,RUDI *,1,GUDANG BAIK,2101416,Crystal Coat Thinner  1 LITER,6.00,"51,000.00",KL,5.00,0.00,0.00,"15,300.00","290,700.00",,1,"INDOWIRA, PT"
JUAL,261.000.595,19/01/2026 0:00,2.601.190.372,T,,K.410,SUMBER JAYA,PUNGKUR 21,L,RUDI *,1,GUDANG BAIK,2101367,Crystal Coat Candytone Golden Oran 1 LITER,6.00,"657,000.00",KL,10.00,5.00,0.00,"571,590.00","3,370,410.00",,1,"INDOWIRA, PT"
JUAL,261.000.596,19/01/2026 0:00,2601190378,T,,J.334,TEGUH JAYA MANDIRI,JL.ANDIR KATAPANG KP.CIPATAT NO.75 SAMPING MESJID AL-HIDAYAH,J,FRANSISKUS,1,GUDANG BAIK,2100011,AlFa Polyester Putty  3KG,6.00,"103,000.00",GLN,5.00,0.00,0.00,"30,900.00","587,100.00",,1,"INDOWIRA, PT"
JUAL,261.000.597,19/01/2026 0:00,2601190387,T,,Y.285,KENARI JAYA,JL.SINDANG SARI NO.3 CIJERAH,Y,KEN - Y,1,GUDANG BAIK,2103818,Shintex Cat Genteng 315 Side Gr 4KG,6.00,"185,000.00",GLN,7.50,0.00,0.00,"83,250.00","1,026,750.00",,1,"INDOWIRA, PT"
JUAL,261.000.597,19/01/2026 0:00,2601190387,T,,Y.285,KENARI JAYA,JL.SINDANG SARI NO.3 CIJERAH,Y,KEN - Y,1,GUDANG BAIK,2104119,Wiratex Wall Paint 820 Apple W 25 KG,1.00,"390,000.00",PL,7.50,0.00,0.00,"29,250.00","360,750.00",,1,"INDOWIRA, PT"
JUAL,261.000.598,19/01/2026 0:00,2601190388,T,,N.254,"SANBE FARMA ,PT",JL.TAMAN SARI NO.10,13,BU RINI,1,GUDANG BAIK,2102066,Meiji Zinc Chromate Primer  20 KG,1.00,"825,000.00",PL,10.00,0.00,0.00,"82,500.00","742,500.00",U/P.NASRUL HIDAYAT,1,"INDOWIRA, PT"
JUAL,261.000.599,19/01/2026 0:00,2601190390,T,,J.103,PT.AKARA INTER DESAIN,JL.INDUSTRI II NO.7A RT.006 RW.009 UTAMA,J,FRANSISKUS,1,GUDANG BAIK,2100011,AlFa Polyester Putty  3KG,2.00,"103,000.00",GLN,5.00,0.00,0.00,"10,300.00","195,700.00",,1,"INDOWIRA, PT"
JUAL,261.000.599,19/01/2026 0:00,2601190390,T,,J.103,PT.AKARA INTER DESAIN,JL.INDUSTRI II NO.7A RT.006 RW.009 UTAMA,J,FRANSISKUS,1,GUDANG BAIK,2102077,Meiji Zinc Chromate Primer Black 5 KG,1.00,"225,000.00",GLN,7.50,0.00,0.00,"16,875.00","208,125.00",,1,"INDOWIRA, PT"
JUAL,261.000.600,19/01/2026 0:00,2601190395,T,,R.574,TB.RIZKY GYPSUM,JL.CIMENTENG MARTASIK CIPAGERAN RT.01/11,R,SIMON QIRENE,1,GUDANG BAIK,2104148,Wiratex Wall Paint Super White 25 KG,1.00,"390,000.00",PL,7.50,0.00,0.00,"29,250.00","360,750.00",,1,"INDOWIRA, PT"
JUAL,261.000.601,19/01/2026 0:00,2601190391,T,,GA.27,TB.PUTRA SIMPANG,KOMP.BTN BALITSA BLOK.N NO.38 CIKOLE M/D,G,JULIANTO,1,GUDANG BAIK,2104191,Wiratex Wall Paint Putih Salju 5KG,20.00,"83,000.00",GL,7.50,0.00,0.00,"124,500.00","1,535,500.00",,1,"INDOWIRA, PT"
JUAL,261.000.601,19/01/2026 0:00,2601190391,T,,GA.27,TB.PUTRA SIMPANG,KOMP.BTN BALITSA BLOK.N NO.38 CIKOLE M/D,G,JULIANTO,1,GUDANG BAIK,2102076,Meiji Zinc Chromate Primer  5 KG,4.00,"225,000.00",GLN,7.50,0.00,0.00,"67,500.00","832,500.00",,1,"INDOWIRA, PT"
JUAL,261.000.601,19/01/2026 0:00,2601190391,T,,GA.27,TB.PUTRA SIMPANG,KOMP.BTN BALITSA BLOK.N NO.38 CIKOLE M/D,G,JULIANTO,1,GUDANG BAIK,2102075,Meiji Zinc Chromate Primer Light Grey 5 KG,4.00,"225,000.00",GLN,7.50,0.00,0.00,"67,500.00","832,500.00",,1,"INDOWIRA, PT"
JUAL,261.000.602,19/01/2026 0:00,2601190392,T,,G.529,INTI METAL 2,JL.KOLONEL MASTURI 325A CISARUA - PARONGPONG,G,JULIANTO,1,GUDANG BAIK,2102061,Meiji Zinc Chromate Primer  1 KG,6.00,"51,000.00",KL,7.50,0.00,0.00,"22,950.00","283,050.00",,1,"INDOWIRA, PT"
JUAL,261.000.603,19/01/2026 0:00,2601190376,T,,D.616,PB.BAROKAH,CIPANJAR 242 CIWARUGA CIGUGUR GIRANG,Y,KEN - Y,1,GUDANG BAIK,2104192,Wiratex Wall Paint Super White 5KG,4.00,"83,000.00",GL,7.50,0.00,0.00,"24,900.00","307,100.00",,1,"INDOWIRA, PT"
JUAL,261.000.603,19/01/2026 0:00,2601190376,T,,D.616,PB.BAROKAH,CIPANJAR 242 CIWARUGA CIGUGUR GIRANG,Y,KEN - Y,1,GUDANG BAIK,2104042,Shintex Wall Paint Super White 5KG,20.00,"110,000.00",GLN,7.50,0.00,0.00,"165,000.00","2,035,000.00",,1,"INDOWIRA, PT"
JUAL,261.000.603,19/01/2026 0:00,2601190376,T,,D.616,PB.BAROKAH,CIPANJAR 242 CIWARUGA CIGUGUR GIRANG,Y,KEN - Y,1,GUDANG BAIK,2103989,Shintex Wall Paint Super White 25 KG,3.00,"510,000.00",PL,7.50,0.00,0.00,"114,750.00","1,415,250.00",,1,"INDOWIRA, PT"
JUAL,261.000.605,19/01/2026 0:00,2601190382,T,,G.227,MUTIARA WARNA,JL.SOMAWINATA 14 TANI MULYA,G,JULIANTO,1,GUDANG BAIK,2104157,Wiratex Wall Paint 806 Cream 5KG,4.00,"83,000.00",GL,7.50,0.00,0.00,"24,900.00","307,100.00",,1,"INDOWIRA, PT"
JUAL,261.000.605,19/01/2026 0:00,2601190382,T,,G.227,MUTIARA WARNA,JL.SOMAWINATA 14 TANI MULYA,G,JULIANTO,1,GUDANG BAIK,2103737,Petalux Wall Paint Putih Wangi 5KG,4.00,"158,000.00",GLN,7.50,0.00,0.00,"47,400.00","584,600.00",,1,"INDOWIRA, PT"
JUAL,261.000.605,19/01/2026 0:00,2601190382,T,,G.227,MUTIARA WARNA,JL.SOMAWINATA 14 TANI MULYA,G,JULIANTO,1,GUDANG BAIK,2104113,Wiratex Wall Paint 806 Cream 25 KG,1.00,"390,000.00",PL,7.50,0.00,0.00,"29,250.00","360,750.00",,1,"INDOWIRA, PT"
JUAL,261.000.605,19/01/2026 0:00,2601190382,T,,G.227,MUTIARA WARNA,JL.SOMAWINATA 14 TANI MULYA,G,JULIANTO,1,GUDANG BAIK,2104148,Wiratex Wall Paint Super White 25 KG,3.00,"390,000.00",PL,7.50,0.00,0.00,"87,750.00","1,082,250.00",,1,"INDOWIRA, PT"
JUAL,261.000.605,19/01/2026 0:00,2601190382,T,,G.227,MUTIARA WARNA,JL.SOMAWINATA 14 TANI MULYA,G,JULIANTO,1,GUDANG BAIK,2103625,Petalux Wall Paint Putih Wangi 25 KG,2.00,"765,000.00",PL,7.50,0.00,0.00,"114,750.00","1,415,250.00",,1,"INDOWIRA, PT"
JUAL,261.000.606,19/01/2026 0:00,2601190400,T,,B.404,BARU,RAYA 494 CIMAHI,C,YONATHAN,1,GUDANG BAIK,2104191,Wiratex Wall Paint Putih Salju 5KG,8.00,"83,000.00",GL,7.50,0.00,0.00,"49,800.00","614,200.00",,1,"INDOWIRA, PT"
JUAL,261.000.606,19/01/2026 0:00,2601190400,T,,B.404,BARU,RAYA 494 CIMAHI,C,YONATHAN,1,GUDANG BAIK,2104147,Wiratex Wall Paint Putih Salju 25 KG,1.00,"390,000.00",PL,7.50,0.00,0.00,"29,250.00","360,750.00",,1,"INDOWIRA, PT"
JUAL,261.000.608,19/01/2026 0:00,2601190384,T,,D.106,KURNIAWAN JAYA,TERUSAN CIBADUYUT 61 C,C,YONATHAN,1,GUDANG BAIK,2400160,Shintex Cat Bak Hitam 1KG,6.00,"60,000.00",KL,7.50,0.00,0.00,"27,000.00","333,000.00",,1,"INDOWIRA, PT"
JUAL,261.000.613,19/01/2026 0:00,2512260792,T,,D.136,DELI JAYA STEEL,JL.RAYA LASWI 214 MANGGAHANG KEC.BALE ENDAH,D,WILLY,1,GUDANG BAIK,2102064,Meiji Zinc Chromate Primer Grey 1 KG,2.00,"51,000.00",KL,7.50,0.00,0.00,"7,650.00","94,350.00",,1,"INDOWIRA, PT"
JUAL,261.000.614,19/01/2026 0:00,2601190389,T,,N.1005A,AGUS,PERUM GMA,R,SIMON QIRENE,1,GUDANG BAIK,2104836,PETALUX WALL PAINT CM 602 MATAHARI 5KG,2.00,"158,000.00",GLN,5.00,0.00,0.00,"15,800.00","300,200.00",,1,"INDOWIRA, PT"
JUAL,261.000.615,19/01/2026 0:00,2601190385,T,,U.159,TB.MEGA MULYA,JL.PARAKAN SAAT NO.50,U,GANIS,1,GUDANG BAIK,2102064,Meiji Zinc Chromate Primer Grey 1 KG,12.00,"51,000.00",KL,7.50,0.00,0.00,"45,900.00","566,100.00",,1,"INDOWIRA, PT"
JUAL,261.000.616,19/01/2026 0:00,2601190375,T,,N.888,SUMBER WARNA,PUNGKUR,14,DEPO BANDUNG,1,GUDANG BAIK,2102079,Meiji Zinc Chromate Primer Grey 5 KG,4.00,"225,000.00",GLN,7.50,2.50,0.00,"88,312.48","811,687.52",,1,"INDOWIRA, PT"
JUAL,261.000.616,19/01/2026 0:00,2601190375,T,,N.888,SUMBER WARNA,PUNGKUR,14,DEPO BANDUNG,1,GUDANG BAIK,2101924,Meiji Gum Sealer  1 LTR SET,6.00,"164,000.00",KL,7.50,2.50,0.00,"96,555.00","887,445.00",,1,"INDOWIRA, PT"
JUAL,261.000.616,19/01/2026 0:00,2601190375,T,,N.888,SUMBER WARNA,PUNGKUR,14,DEPO BANDUNG,1,GUDANG BAIK,2100049,Adler Polyester Putty 3002  1 KG SET,24.00,"62,000.00",KL,7.50,2.50,0.00,"146,010.00","1,341,990.00",,1,"INDOWIRA, PT"
JUAL,261.000.616,19/01/2026 0:00,2601190375,T,,N.888,SUMBER WARNA,PUNGKUR,14,DEPO BANDUNG,1,GUDANG BAIK,2300092,Petalac Hardener Special Black Matt 200CC,6.00,"55,000.00",KL,7.50,2.50,0.00,"32,381.28","297,618.72",,1,"INDOWIRA, PT"
JUAL,261.000.616,19/01/2026 0:00,2601190375,T,,N.888,SUMBER WARNA,PUNGKUR,14,DEPO BANDUNG,1,GUDANG BAIK,2300088,Petalac 2K PU Colour Base Black Matt 0.8LT,6.00,"133,000.00",KL,7.50,2.50,0.00,"78,303.72","719,696.28",,1,"INDOWIRA, PT"
JUAL,261.000.616,19/01/2026 0:00,2601190375,T,,N.888,SUMBER WARNA,PUNGKUR,14,DEPO BANDUNG,1,GUDANG BAIK,2102069,Meiji Zinc Chromate Primer Grey 20 KG,2.00,"825,000.00",PL,7.50,2.50,0.00,"161,906.24","1,488,093.76",,1,"INDOWIRA, PT"
JUAL,261.000.618,19/01/2026 0:00,2601150352,T,,K.205,GRATIA ARENA PILAR,JL.CUKANG KAWUNG 52,L,RUDI *,1,GUDANG BAIK,2101419,Crystal Coat Thinner  5 LITER,1.00,"221,000.00",GLN,0.00,0.00,0.00,0.00,"221,000.00",,1,"INDOWIRA, PT"
JUAL,261.000.618,19/01/2026 0:00,2601150352,T,,K.205,GRATIA ARENA PILAR,JL.CUKANG KAWUNG 52,L,RUDI *,1,GUDANG BAIK,2101387,Crystal Coat Clear Gloss  1 LITER,1.00,"657,000.00",KL,10.00,0.00,0.00,"65,700.00","591,300.00",,1,"INDOWIRA, PT"
JUAL,261.000.619,19/01/2026 0:00,2601190383,T,,Q.245,PT.SINAR MULIA PERKASA /HOTEL,JL.SUMATRA 51 - HOTEL ARYA DUTA,R,SIMON QIRENE,1,GUDANG BAIK,2103630,Petalux Wall Paint POS PH04 25 KG,1.00,"765,000.00",PL,0.00,0.00,0.00,0.00,"765,000.00",,1,"INDOWIRA, PT"
JUAL,261.000.619,19/01/2026 0:00,2601190383,T,,Q.245,PT.SINAR MULIA PERKASA /HOTEL,JL.SUMATRA 51 - HOTEL ARYA DUTA,R,SIMON QIRENE,1,GUDANG BAIK,2103293,Petalux Celling & Gypsum Paint Putih Wangi 25 KG,1.00,"655,000.00",PL,0.00,0.00,0.00,0.00,"655,000.00",,1,"INDOWIRA, PT"
JUAL,261.000.620,19/01/2026 0:00,2601190406,T,,G.132,HARAPAN PERDANA,WIRASABA 5 KRW,G,JULIANTO,1,GUDANG BAIK,2103730,Petalux Wall Paint Putih Hemat 01 5KG,2.00,"158,000.00",GLN,7.50,0.00,0.00,"23,700.00","292,300.00",,1,"INDOWIRA, PT"
JUAL,261.000.620,19/01/2026 0:00,2601190406,T,,G.132,HARAPAN PERDANA,WIRASABA 5 KRW,G,JULIANTO,1,GUDANG BAIK,2103618,Petalux Wall Paint Putih Hemat 01 25 KG,1.00,"765,000.00",PL,7.50,0.00,0.00,"57,375.00","707,625.00",,1,"INDOWIRA, PT"
JUAL,261.000.621,19/01/2026 0:00,2601190407,T,,G.138,JAYA,RENGAS DENGKLOK,G,JULIANTO,1,GUDANG BAIK,2103681,Petalux Wall Paint 6320 Fresh 5KG,6.00,"158,000.00",GLN,7.50,0.00,0.00,"71,100.00","876,900.00",,1,"INDOWIRA, PT"
JUAL,261.000.622,19/01/2026 0:00,2512090291,T,,G.524,ANUGRAH,Kp.Pasir Calung RT.02/07 DS.Cipada Cisarua,G,JULIANTO,1,GUDANG BAIK,2100891,Attaboy Supercryl Base A  2.5 LTR,3.00,"237,000.00",GL,15.00,0.00,0.00,"106,650.00","604,350.00",,1,"INDOWIRA, PT"
JUAL,261.000.622,19/01/2026 0:00,2512090291,T,,G.524,ANUGRAH,Kp.Pasir Calung RT.02/07 DS.Cipada Cisarua,G,JULIANTO,1,GUDANG BAIK,2100894,Attaboy Supercryl Base B  2.5 LTR,4.00,"196,000.00",GL,15.00,0.00,0.00,"117,600.00","666,400.00",,1,"INDOWIRA, PT"
JUAL,261.000.622,19/01/2026 0:00,2512090291,T,,G.524,ANUGRAH,Kp.Pasir Calung RT.02/07 DS.Cipada Cisarua,G,JULIANTO,1,GUDANG BAIK,2101318,"Attaboy Weatherguard Base A  2,5 LITER",2.00,"339,000.00",GL,15.00,0.00,0.00,"101,700.00","576,300.00",,1,"INDOWIRA, PT"
JUAL,261.000.622,19/01/2026 0:00,2512090291,T,,G.524,ANUGRAH,Kp.Pasir Calung RT.02/07 DS.Cipada Cisarua,G,JULIANTO,1,GUDANG BAIK,2101319,"Attaboy Weatherguard Base B  2,5 LITER",3.00,"260,000.00",GL,15.00,0.00,0.00,"117,000.00","663,000.00",,1,"INDOWIRA, PT"
JUAL,261.000.622,19/01/2026 0:00,2512090291,T,,G.524,ANUGRAH,Kp.Pasir Calung RT.02/07 DS.Cipada Cisarua,G,JULIANTO,1,GUDANG BAIK,2103286,Petalux Base A  5KG,2.00,"157,000.00",GLN,15.00,0.00,0.00,"47,100.00","266,900.00",,1,"INDOWIRA, PT"
JUAL,261.000.622,19/01/2026 0:00,2512090291,T,,G.524,ANUGRAH,Kp.Pasir Calung RT.02/07 DS.Cipada Cisarua,G,JULIANTO,1,GUDANG BAIK,2103284,Petalux Base A  25 KG,1.00,"721,000.00",PL,15.00,0.00,0.00,"108,150.00","612,850.00",,1,"INDOWIRA, PT"
JUAL,261.000.623,19/01/2026 0:00,2601190393,T,,G.524,ANUGRAH,Kp.Pasir Calung RT.02/07 DS.Cipada Cisarua,G,JULIANTO,1,GUDANG BAIK,2103284,Petalux Base A  25 KG,2.00,"721,000.00",PL,15.00,0.00,0.00,"216,300.00","1,225,700.00",,1,"INDOWIRA, PT"
JUAL,261.000.623,19/01/2026 0:00,2601190393,T,,G.524,ANUGRAH,Kp.Pasir Calung RT.02/07 DS.Cipada Cisarua,G,JULIANTO,1,GUDANG BAIK,2103285,Petalux Base B  25 KG,3.00,"590,000.00",PL,15.00,0.00,0.00,"265,500.00","1,504,500.00",,1,"INDOWIRA, PT"
JUAL,261.000.624,19/01/2026 0:00,2.601.190.408,T,,G.524,ANUGRAH,Kp.Pasir Calung RT.02/07 DS.Cipada Cisarua,G,JULIANTO,1,GUDANG BAIK,2100227,Attaboy Colorant Red RS 1 LITER,1.00,"517,000.00",KL,0.00,0.00,0.00,0.00,"517,000.00",,1,"INDOWIRA, PT"
JUAL,261.000.624,19/01/2026 0:00,2601190408,T,,G.524,ANUGRAH,Kp.Pasir Calung RT.02/07 DS.Cipada Cisarua,G,JULIANTO,1,GUDANG BAIK,2100217,Attaboy Colorant Blue MS 1 LITER,1.00,"400,000.00",KL,0.00,0.00,0.00,0.00,"400,000.00",,1,"INDOWIRA, PT"
JUAL,261.000.624,19/01/2026 0:00,2601190408,T,,G.524,ANUGRAH,Kp.Pasir Calung RT.02/07 DS.Cipada Cisarua,G,JULIANTO,1,GUDANG BAIK,2100219,Attaboy Colorant Black TT 1 LITER,1.00,"239,000.00",KL,0.00,0.00,0.00,0.00,"239,000.00",,1,"INDOWIRA, PT"
JUAL,261.000.624,19/01/2026 0:00,2601190408,T,,G.524,ANUGRAH,Kp.Pasir Calung RT.02/07 DS.Cipada Cisarua,G,JULIANTO,1,GUDANG BAIK,2100231,Attaboy Colorant Yellow KS 1 LITER,1.00,"400,000.00",KL,0.00,0.00,0.00,0.00,"400,000.00",,1,"INDOWIRA, PT"
JUAL,261.000.624,19/01/2026 0:00,2601190408,T,,G.524,ANUGRAH,Kp.Pasir Calung RT.02/07 DS.Cipada Cisarua,G,JULIANTO,1,GUDANG BAIK,2100225,Attaboy Colorant Red Oxide VT 1 LITER,1.00,"306,000.00",KL,0.00,0.00,0.00,0.00,"306,000.00",,1,"INDOWIRA, PT"
JUAL,261.000.624,19/01/2026 0:00,2601190408,T,,G.524,ANUGRAH,Kp.Pasir Calung RT.02/07 DS.Cipada Cisarua,G,JULIANTO,1,GUDANG BAIK,2100221,Attaboy Colorant Green Strong LS 1 LITER,1.00,"444,000.00",KL,0.00,0.00,0.00,0.00,"444,000.00",,1,"INDOWIRA, PT"
JUAL,261.000.624,19/01/2026 0:00,2601190408,T,,G.524,ANUGRAH,Kp.Pasir Calung RT.02/07 DS.Cipada Cisarua,G,JULIANTO,1,GUDANG BAIK,2100224,Attaboy Colorant Orange Yellow US 1 LITER,1.00,"794,000.00",KL,0.00,0.00,0.00,0.00,"794,000.00",,1,"INDOWIRA, PT"
JUAL,261.000.628,19/01/2026 0:00,2601190401,T,,J.408,CEN HAW,JL.HOLIS 209,J,FRANSISKUS,1,GUDANG BAIK,2101917,Meiji Epoxy Filler White 1 LTR SET,3.00,"76,000.00",KL,0.00,0.00,0.00,0.00,"228,000.00",,1,"INDOWIRA, PT"
JUAL,261.000.629,19/01/2026 0:00,2601190415,T,,H.343,BAROS JAYA,JL.RH DIDI SUKARDI 156 SUKABUMI,H,YANSENG,1,GUDANG BAIK,2102075,Meiji Zinc Chromate Primer Light Grey 5 KG,8.00,"225,000.00",GLN,7.50,0.00,0.00,"135,000.00","1,665,000.00",,1,"INDOWIRA, PT"
JUAL,261.000.629,19/01/2026 0:00,2601190415,T,,H.343,BAROS JAYA,JL.RH DIDI SUKARDI 156 SUKABUMI,H,YANSENG,1,GUDANG BAIK,2102073,Meiji Zinc Chromate Primer Black 20 KG,15.00,"825,000.00",PL,7.50,0.00,0.00,"928,125.00","11,446,875.00",,1,"INDOWIRA, PT"
JUAL,261.000.630,19/01/2026 0:00,2601190398,T,,H.231,YUDHA BAJA,JL. Veteran 2 Teluk Pinang Ciawi,H1,MIMING,1,GUDANG BAIK,2100006,Alfa Polyester Putty  1 KG,120.00,"39,000.00",KL,5.00,0.00,0.00,"234,000.00","4,446,000.00",,1,"INDOWIRA, PT"
JUAL,261.000.631,19/01/2026 0:00,2601190427,T,,H.733C,SUMBER USAHA,GUNUNG PUTRI,H,YANSENG,1,GUDANG BAIK,2102076,Meiji Zinc Chromate Primer  5 KG,12.00,"225,000.00",GLN,7.50,0.00,0.00,"202,500.00","2,497,500.00",,1,"INDOWIRA, PT"
JUAL,261.000.634,19/01/2026 0:00,2512220702,T,,H.351,BUDI WANGI,RAYA PASAR WARUNG KONDANG,H,YANSENG,1,GUDANG BAIK,2200369,Kingkong Wall Paint 132 18KG,5.00,"288,000.00",PAIL,7.50,0.00,0.00,"108,000.00","1,332,000.00",,1,"INDOWIRA, PT"
JUAL,261.000.634,19/01/2026 0:00,2512220702,T,,H.351,BUDI WANGI,RAYA PASAR WARUNG KONDANG,H,YANSENG,1,GUDANG BAIK,2200310,Kingkong Wall Paint Black 18KG,10.00,"288,000.00",PAIL,7.50,0.00,0.00,"216,000.00","2,664,000.00",,1,"INDOWIRA, PT"
JUAL,261.000.634,19/01/2026 0:00,2512220702,T,,H.351,BUDI WANGI,RAYA PASAR WARUNG KONDANG,H,YANSENG,1,GUDANG BAIK,2200293,Kingkong Wall Paint 117 Rose 18KG,5.00,"288,000.00",PAIL,7.50,0.00,0.00,"108,000.00","1,332,000.00",,1,"INDOWIRA, PT"
JUAL,261.000.634,19/01/2026 0:00,2512220702,T,,H.351,BUDI WANGI,RAYA PASAR WARUNG KONDANG,H,YANSENG,1,GUDANG BAIK,2200246,Kingkong Wall Paint 116 Orchid 18KG,5.00,"288,000.00",PAIL,7.50,0.00,0.00,"108,000.00","1,332,000.00",,1,"INDOWIRA, PT"
JUAL,261.000.634,19/01/2026 0:00,2512220702,T,,H.351,BUDI WANGI,RAYA PASAR WARUNG KONDANG,H,YANSENG,1,GUDANG BAIK,2200339,Kingkong Wall Paint 119 Canary 18KG,5.00,"288,000.00",PAIL,7.50,0.00,0.00,"108,000.00","1,332,000.00",,1,"INDOWIRA, PT"
JUAL,261.000.634,19/01/2026 0:00,2512220702,T,,H.351,BUDI WANGI,RAYA PASAR WARUNG KONDANG,H,YANSENG,1,GUDANG BAIK,2200287,Kingkong Wall Paint 131 Spring 18 Kg,5.00,"288,000.00",PAIL,7.50,0.00,0.00,"108,000.00","1,332,000.00",,1,"INDOWIRA, PT"
JUAL,261.000.634,19/01/2026 0:00,2512220702,T,,H.351,BUDI WANGI,RAYA PASAR WARUNG KONDANG,H,YANSENG,1,GUDANG BAIK,2200342,Kingkong Wall Paint 124 Blue La 18KG,1.00,"288,000.00",PAIL,7.50,0.00,0.00,"21,600.00","266,400.00",,1,"INDOWIRA, PT"
JUAL,261.000.634,19/01/2026 0:00,2512220702,T,,H.351,BUDI WANGI,RAYA PASAR WARUNG KONDANG,H,YANSENG,1,GUDANG BAIK,2200167,Kingkong Wall Paint Putih Metro 18KG,30.00,"288,000.00",PAIL,7.50,0.00,0.00,"648,000.00","7,992,000.00",,1,"INDOWIRA, PT"
JUAL,261.000.635,19/01/2026 0:00,2601140327,T,,H.343,BAROS JAYA,JL.RH DIDI SUKARDI 156 SUKABUMI,H,YANSENG,1,GUDANG BAIK,2200162,Kingkong Wall paint Super White 18KG,5.00,"288,000.00",PAIL,7.50,0.00,0.00,"108,000.00","1,332,000.00",,1,"INDOWIRA, PT"
JUAL,261.000.635,19/01/2026 0:00,2601140327,T,,H.343,BAROS JAYA,JL.RH DIDI SUKARDI 156 SUKABUMI,H,YANSENG,1,GUDANG BAIK,2200139,Kingkong Wall Paint Super White 4.5Kg,8.00,"76,000.00",GLN,7.50,0.00,0.00,"45,600.00","562,400.00",,1,"INDOWIRA, PT"
JUAL,261.000.636,19/01/2026 0:00,2601190438,T,,K.201,AGUS CENDANA,KIRCON 141,L,RUDI *,1,GUDANG BAIK,2103148,Petalac Thinner PU  20 LTR,1.00,"834,000.00",JRG,0.00,0.00,0.00,0.00,"834,000.00",,1,"INDOWIRA, PT"
JUAL,261.000.637,19/01/2026 0:00,2601190435,T,,J.335,SNOW FLYING INDONESIA,JL.BANJARAN 102 (EX UNILON),J,FRANSISKUS,1,GUDANG BAIK,2103293,Petalux Celling & Gypsum Paint Putih Wangi 25 KG,6.00,"655,000.00",PL,0.00,0.00,0.00,0.00,"3,930,000.00",,1,"INDOWIRA, PT"
JUAL,261.000.639,19/01/2026 0:00,2601190432,T,,K.401,BONTI,HOLIS 222,L,RUDI *,1,GUDANG BAIK,2100043,Adler PU Primer Surfacer 8022 Grey 1 LITER,6.00,"120,000.00",KL,10.00,0.00,0.00,"72,000.00","648,000.00",,1,"INDOWIRA, PT"
JUAL,261.000.639,19/01/2026 0:00,2601190432,T,,K.401,BONTI,HOLIS 222,L,RUDI *,1,GUDANG BAIK,2100052,Adler Polyester Putty 3002  25 KG SET,2.00,"1,300,000.00",PL,10.00,0.00,0.00,"260,000.00","2,340,000.00",,1,"INDOWIRA, PT"
JUAL,261.000.640,19/01/2026 0:00,2601190431,T,,C.408,LANGGENG CEMERLANG,JL.GADOBANGKONG NO.2 CIMAHI,R,SIMON QIRENE,1,GUDANG BAIK,2101916,Meiji Epoxy Filler Black 1 LTR SET,6.00,"76,000.00",KL,7.50,0.00,0.00,"34,200.00","421,800.00",,1,"INDOWIRA, PT"
JUAL,261.000.641,19/01/2026 0:00,2601190428,T,,L.117,DUA SEKAWAN,JL KIRCON 343,L,RUDI *,1,GUDANG BAIK,2100006,Alfa Polyester Putty  1 KG,12.00,"39,000.00",KL,5.00,0.00,0.00,"23,400.00","444,600.00",,1,"INDOWIRA, PT"
JUAL,261.000.642,19/01/2026 0:00,2601190423,T,,A.213,SINAR SARANA,SUNARAJA 80 A,Y,KEN - Y,1,GUDANG BAIK,2104191,Wiratex Wall Paint Putih Salju 5KG,8.00,"83,000.00",GL,7.50,0.00,0.00,"49,800.00","614,200.00",,1,"INDOWIRA, PT"
JUAL,261.000.643,19/01/2026 0:00,2601190422,T,,N.666,PT.ALMEGA JAYA,JL.SEKEKUKUMBUNG 77,13,BU RINI,1,GUDANG BAIK,2101915,Meiji Epoxy Filler  1 LTR SET,24.00,"76,000.00",KL,0.00,0.00,0.00,0.00,"1,824,000.00",,1,"INDOWIRA, PT"
JUAL,261.000.645,19/01/2026 0:00,2601190420,T,,U.232,BINTANG JAYA,JL.GUNUNG BATU 93C,D,WILLY,1,GUDANG BAIK,2104075,Tawon Kembang Meni Kayu & Besi  4.5 KG,5.00,"195,000.00",GLN,7.50,0.00,0.00,"73,125.00","901,875.00",,1,"INDOWIRA, PT"
JUAL,261.000.645,19/01/2026 0:00,2601190420,T,,U.232,BINTANG JAYA,JL.GUNUNG BATU 93C,D,WILLY,1,GUDANG BAIK,2104073,Tawon Kembang Meni Kayu & Besi 0.8 KG,6.00,"40,000.00",KL,7.50,0.00,0.00,"18,000.00","222,000.00",,1,"INDOWIRA, PT"
JUAL,261.000.646,19/01/2026 0:00,2601190417,T,,K.113,BINTANG JAYA AUTO,S.HATTA 346,L,RUDI *,1,GUDANG BAIK,2100052,Adler Polyester Putty 3002  25 KG SET,1.00,"1,300,000.00",PL,10.00,0.00,0.00,"130,000.00","1,170,000.00",,1,"INDOWIRA, PT"
JUAL,261.000.647,19/01/2026 0:00,2601190416,T,,K.527,PT.AKD,SADANG,14,DEPO BANDUNG,1,GUDANG BAIK,2200162,Kingkong Wall paint Super White 18KG,2.00,"288,000.00",PAIL,7.50,0.00,0.00,"43,200.00","532,800.00",,1,"INDOWIRA, PT"
JUAL,261.000.647,19/01/2026 0:00,2601190416,T,,K.527,PT.AKD,SADANG,14,DEPO BANDUNG,1,GUDANG BAIK,2100029,Adler Epoxy Undercoat  1 LITER,6.00,"105,000.00",KL,10.00,0.00,0.00,"63,000.00","567,000.00",,1,"INDOWIRA, PT"
JUAL,261.000.647,19/01/2026 0:00,2601190416,T,,K.527,PT.AKD,SADANG,14,DEPO BANDUNG,1,GUDANG BAIK,2100049,Adler Polyester Putty 3002  1 KG SET,60.00,"62,000.00",KL,10.00,0.00,0.00,"372,000.00","3,348,000.00",,1,"INDOWIRA, PT"
JUAL,261.000.647,19/01/2026 0:00,2601190416,T,,K.527,PT.AKD,SADANG,14,DEPO BANDUNG,1,GUDANG BAIK,2101411,"Crystal Coat Surfacer White 1,2 KG SET",60.00,"125,000.00",KL,10.00,0.00,0.00,"750,000.00","6,750,000.00",,1,"INDOWIRA, PT"
JUAL,261.000.647,19/01/2026 0:00,2601190416,T,,K.527,PT.AKD,SADANG,14,DEPO BANDUNG,1,GUDANG BAIK,2101421,Crystal Coat Thinner Surfacer  20 LITER,3.00,"700,000.00",JRG,0.00,0.00,0.00,0.00,"2,100,000.00",,1,"INDOWIRA, PT"
JUAL,261.000.648,19/01/2026 0:00,2601190414,T,,Y.284,PUTRA SEJATI 3,RANCA BENTANG NO.3,Y,KEN - Y,1,GUDANG BAIK,2104185,Wiratex Wall Paint 850 5KG,4.00,"83,000.00",GL,7.50,0.00,0.00,"24,900.00","307,100.00",,1,"INDOWIRA, PT"
JUAL,261.000.648,19/01/2026 0:00,2601190414,T,,Y.284,PUTRA SEJATI 3,RANCA BENTANG NO.3,Y,KEN - Y,1,GUDANG BAIK,2104157,Wiratex Wall Paint 806 Cream 5KG,4.00,"83,000.00",GL,7.50,0.00,0.00,"24,900.00","307,100.00",,1,"INDOWIRA, PT"
JUAL,261.000.648,19/01/2026 0:00,2601190414,T,,Y.284,PUTRA SEJATI 3,RANCA BENTANG NO.3,Y,KEN - Y,1,GUDANG BAIK,2104166,Wiratex Wall Paint 824 Durian 5KG,2.00,"83,000.00",GL,7.50,0.00,0.00,"12,450.00","153,550.00",,1,"INDOWIRA, PT"
JUAL,261.000.648,19/01/2026 0:00,2601190414,T,,Y.284,PUTRA SEJATI 3,RANCA BENTANG NO.3,Y,KEN - Y,1,GUDANG BAIK,2104191,Wiratex Wall Paint Putih Salju 5KG,8.00,"83,000.00",GL,7.50,0.00,0.00,"49,800.00","614,200.00",,1,"INDOWIRA, PT"
JUAL,261.000.648,19/01/2026 0:00,2601190414,T,,Y.284,PUTRA SEJATI 3,RANCA BENTANG NO.3,Y,KEN - Y,1,GUDANG BAIK,2104147,Wiratex Wall Paint Putih Salju 25 KG,1.00,"390,000.00",PL,7.50,0.00,0.00,"29,250.00","360,750.00",,1,"INDOWIRA, PT"
JUAL,261.000.649,19/01/2026 0:00,2601190413,T,,C.138,AL-BAROKAH,JL.POJOK SELATAN 226 CIMAHI,C,YONATHAN,1,GUDANG BAIK,2104863,Shintex Wall Filler 4 KG,8.00,"52,000.00",GL,7.50,0.00,0.00,"31,200.00","384,800.00",,1,"INDOWIRA, PT"
JUAL,261.000.649,19/01/2026 0:00,2601190413,T,,C.138,AL-BAROKAH,JL.POJOK SELATAN 226 CIMAHI,C,YONATHAN,1,GUDANG BAIK,2103863,Shintex Wall Filler  1 KG,24.00,"23,000.00",KL,7.50,0.00,0.00,"41,400.00","510,600.00",,1,"INDOWIRA, PT"
JUAL,261.000.651,19/01/2026 0:00,2601190411,T,,K.201,AGUS CENDANA,KIRCON 141,L,RUDI *,1,GUDANG BAIK,2102749,Petalac PU Clear Sealer  1 LTR SET,6.00,"121,000.00",KL,10.00,0.00,0.00,"72,600.00","653,400.00",,1,"INDOWIRA, PT"
JUAL,261.000.651,19/01/2026 0:00,2601190411,T,,K.201,AGUS CENDANA,KIRCON 141,L,RUDI *,1,GUDANG BAIK,2101917,Meiji Epoxy Filler White 1 LTR SET,6.00,"76,000.00",KL,10.00,0.00,0.00,"45,600.00","410,400.00",,1,"INDOWIRA, PT"
JUAL,261.000.654,19/01/2026 0:00,2601190404,T,,K.311,PIPING,KEBON KOPI 76,13,BU RINI,1,GUDANG BAIK,2300092,Petalac Hardener Special Black Matt 200CC,4.00,"55,000.00",KL,10.00,0.00,0.00,"22,000.00","198,000.00",,1,"INDOWIRA, PT"
JUAL,261.000.654,19/01/2026 0:00,2601190404,T,,K.311,PIPING,KEBON KOPI 76,13,BU RINI,1,GUDANG BAIK,2300088,Petalac 2K PU Colour Base Black Matt 0.8LT,4.00,"133,000.00",KL,10.00,0.00,0.00,"53,200.00","478,800.00",,1,"INDOWIRA, PT"
JUAL,261.000.654,19/01/2026 0:00,2601190404,T,,K.311,PIPING,KEBON KOPI 76,13,BU RINI,1,GUDANG BAIK,2100068,Adler Primer Surfacer EP 1050  2 LITER SET,4.00,"205,000.00",KL,10.00,0.00,0.00,"82,000.00","738,000.00",,1,"INDOWIRA, PT"
JUAL,261.000.655,19/01/2026 0:00,2512260796,T,,K.527,PT.AKD,SADANG,14,DEPO BANDUNG,1,GUDANG BAIK,2102842,Petalac 2K PU Hardener Metalic  200 CC,19.00,"55,000.00",KL,10.00,0.00,0.00,"104,500.00","940,500.00",VIA SJ.4070,1,"INDOWIRA, PT"
JUAL,261.000.655,19/01/2026 0:00,2512260796,T,,K.527,PT.AKD,SADANG,14,DEPO BANDUNG,1,GUDANG BAIK,2600008,Petalac 2K PU Metalix CO Base Rose Gold MX 0.8LT,19.00,"155,000.00",KL,10.00,0.00,0.00,"294,500.00","2,650,500.00",VIA SJ.4070,1,"INDOWIRA, PT"
JUAL,261.000.656,19/01/2026 0:00,2601150356,T,,W.473,SRI MULYA KENCANA,"JL,RAYA GADOBANGKONG 39 A",U,GANIS,1,GUDANG BAIK,2101377,Crystal Coat Candytone Vergoldet 1lts,1.00,"657,000.00",KL,7.50,0.00,0.00,"49,275.00","607,725.00",,1,"INDOWIRA, PT"
JUAL,262.000.014,19/01/2026 0:00,2601190374,T,,N.888,SUMBER WARNA,PUNGKUR,14,DEPO BANDUNG,1,GUDANG BAIK,2101915,Meiji Epoxy Filler  1 LTR SET,3.00,0.00,KL,0.00,0.00,0.00,0.00,0.00,U/BONUS,1,"INDOWIRA, PT"
JUAL,262.000.014,19/01/2026 0:00,2601190374,T,,N.888,SUMBER WARNA,PUNGKUR,14,DEPO BANDUNG,1,GUDANG BAIK,2101917,Meiji Epoxy Filler White 1 LTR SET,5.00,0.00,KL,0.00,0.00,0.00,0.00,0.00,U/BONUS,1,"INDOWIRA, PT"
JUAL,262.000.015,19/01/2026 0:00,2601190424,T,,M.104,DEPO KUNINGAN,,M,UMUM,1,GUDANG BAIK,2101559,Kingkong Cat Genteng 705 Maroon 1 KG,2.00,"61,000.00",KL,10.00,10.00,2.00,"25,156.40","96,843.60",PO26010074 ANUGRAH ILAHI,1,"INDOWIRA, PT"
JUAL,262.000.015,19/01/2026 0:00,2601190424,T,,M.104,DEPO KUNINGAN,,M,UMUM,1,GUDANG BAIK,2101560,Kingkong Cat Genteng 706 Tropic 1 KG,2.00,"61,000.00",KL,10.00,10.00,2.00,"25,156.40","96,843.60",PO26010074 ANUGRAH ILAHI,1,"INDOWIRA, PT"
JUAL,262.000.015,19/01/2026 0:00,2601190424,T,,M.104,DEPO KUNINGAN,,M,UMUM,1,GUDANG BAIK,2101556,Kingkong Cat Genteng 701 Deep Bl 1 KG,2.00,"61,000.00",KL,10.00,10.00,2.00,"25,156.40","96,843.60",PO26010074 ANUGRAH ILAHI,1,"INDOWIRA, PT"
JUAL,262.000.015,19/01/2026 0:00,2601190424,T,,M.104,DEPO KUNINGAN,,M,UMUM,1,GUDANG BAIK,2101564,Kingkong Cat Genteng 711 Special 1 KG,2.00,"61,000.00",KL,10.00,10.00,2.00,"25,156.40","96,843.60",PO26010074 ANUGRAH ILAHI,1,"INDOWIRA, PT"
JUAL,262.000.015,19/01/2026 0:00,2601190424,T,,M.104,DEPO KUNINGAN,,M,UMUM,1,GUDANG BAIK,2101557,Kingkong Cat Genteng 703 Chocola 1 KG,2.00,"61,000.00",KL,10.00,10.00,2.00,"25,156.40","96,843.60",PO26010074 ANUGRAH ILAHI,1,"INDOWIRA, PT"
JUAL,262.000.018,19/01/2026 0:00,2601190437,T,,H.343,BAROS JAYA,JL.RH DIDI SUKARDI 156 SUKABUMI,H,YANSENG,1,GUDANG BAIK,2400109,Meiji Zinc Chromate Primer Blue 20KG,9.00,"825,000.00",PAIL,7.50,0.00,0.00,"556,875.00","6,868,125.00",u/tukar langsung,1,"INDOWIRA, PT"
JUAL,262.000.018,19/01/2026 0:00,2601190437,T,,H.343,BAROS JAYA,JL.RH DIDI SUKARDI 156 SUKABUMI,H,YANSENG,1,GUDANG BAIK,2102074,Meiji Zinc Chromate Light Grey 20 KG,2.00,"825,000.00",PL,7.50,0.00,0.00,"123,750.00","1,526,250.00",u/tukar langsung,1,"INDOWIRA, PT"
JUAL,261.000.662,20/01/2026 0:00,2512220627,T,,R.400,TB.SUMBER REJEKI,JL.CIAWI TALI DEPAN PERUMAHAN BUMI CITEU,R,SIMON QIRENE,1,GUDANG BAIK,2103866,Shintex Wall Filler  25 KG,1.00,"263,000.00",PL,7.50,0.00,0.00,"19,725.00","243,275.00",KIRIM KE PROYEK GANG MUKTI CIHANJUANG,1,"INDOWIRA, PT"
JUAL,261.000.663,20/01/2026 0:00,2601190442,T,,G.227,MUTIARA WARNA,JL.SOMAWINATA 14 TANI MULYA,G,JULIANTO,1,GUDANG BAIK,2104157,Wiratex Wall Paint 806 Cream 5KG,2.00,"83,000.00",GL,7.50,0.00,0.00,"12,450.00","153,550.00",,1,"INDOWIRA, PT"
JUAL,261.000.663,20/01/2026 0:00,2601190442,T,,G.227,MUTIARA WARNA,JL.SOMAWINATA 14 TANI MULYA,G,JULIANTO,1,GUDANG BAIK,2103683,Petalux Wall Paint 6322 Earl g 5KG,1.00,"158,000.00",GLN,7.50,0.00,0.00,"11,850.00","146,150.00",,1,"INDOWIRA, PT"
JUAL,261.000.663,20/01/2026 0:00,2601190442,T,,G.227,MUTIARA WARNA,JL.SOMAWINATA 14 TANI MULYA,G,JULIANTO,1,GUDANG BAIK,2103700,Petalux Wall Paint 643 Irish W 5KG,1.00,"158,000.00",GLN,7.50,0.00,0.00,"11,850.00","146,150.00",,1,"INDOWIRA, PT"
JUAL,261.000.663,20/01/2026 0:00,2601190442,T,,G.227,MUTIARA WARNA,JL.SOMAWINATA 14 TANI MULYA,G,JULIANTO,1,GUDANG BAIK,2102161,Mascot Wall Paint 206 Irish W 5 KG,4.00,"65,000.00",GLN,7.50,0.00,0.00,"19,500.00","240,500.00",,1,"INDOWIRA, PT"
JUAL,261.000.663,20/01/2026 0:00,2601190442,T,,G.227,MUTIARA WARNA,JL.SOMAWINATA 14 TANI MULYA,G,JULIANTO,1,GUDANG BAIK,2103819,Shintex Cat Genteng 316 Minimal Grey 4KG,4.00,"185,000.00",GLN,7.50,0.00,0.00,"55,500.00","684,500.00",,1,"INDOWIRA, PT"
JUAL,261.000.664,20/01/2026 0:00,2601190441,T,,U.230,TB.KENARI,JL.CIJERAH 79,C,YONATHAN,1,GUDANG BAIK,2103737,Petalux Wall Paint Putih Wangi 5KG,2.00,"158,000.00",GLN,7.50,0.00,0.00,"23,700.00","292,300.00",,1,"INDOWIRA, PT"
JUAL,261.000.665,20/01/2026 0:00,2601190443,T,,N.1005A,AGUS,PERUM GMA,R,SIMON QIRENE,1,GUDANG BAIK,2103618,Petalux Wall Paint Putih Hemat 01 25 KG,1.00,"765,000.00",PL,5.00,0.00,0.00,"38,250.00","726,750.00",,1,"INDOWIRA, PT"
JUAL,261.000.666,20/01/2026 0:00,2601190399,T,,N.1096,PADI HIJAU BUANA,PAJIPING 16B/5B RT.05/02 BABAKAN CIAMIS SUMUR BANDUNG,14,DEPO BANDUNG,1,GUDANG BAIK,2100913,Attaboy Thinner OS 2000  1 LITER,3.00,"43,000.00",KL,10.00,10.00,10.00,"34,959.00","94,041.00",,1,"INDOWIRA, PT"
JUAL,261.000.666,20/01/2026 0:00,2601190399,T,,N.1096,PADI HIJAU BUANA,PAJIPING 16B/5B RT.05/02 BABAKAN CIAMIS SUMUR BANDUNG,14,DEPO BANDUNG,1,GUDANG BAIK,2100705,Attaboy OS Super Primer White 18 LITER,2.00,"1,500,000.00",PL,10.00,10.00,10.00,"813,000.00","2,187,000.00",,1,"INDOWIRA, PT"
JUAL,261.000.667,20/01/2026 0:00,2601190439,T,,N.1081,ARIS RISMANSYAH,JL.SUKAMAJU NO.2 RT.003/005 CIPADUNG KULON,13,BU RINI,1,GUDANG BAIK,2102074,Meiji Zinc Chromate Light Grey 20 KG,3.00,"825,000.00",PL,5.00,0.00,0.00,"123,750.00","2,351,250.00",,1,"INDOWIRA, PT"
JUAL,261.000.668,20/01/2026 0:00,2601190445,T,,R.400,TB.SUMBER REJEKI,JL.CIAWI TALI DEPAN PERUMAHAN BUMI CITEU,R,SIMON QIRENE,1,GUDANG BAIK,2103866,Shintex Wall Filler  25 KG,5.00,"263,000.00",PL,7.50,0.00,0.00,"98,625.00","1,216,375.00",K/PROYEK GG.MUKTI NO.5,1,"INDOWIRA, PT"
JUAL,261.000.668,20/01/2026 0:00,2601190445,T,,R.400,TB.SUMBER REJEKI,JL.CIAWI TALI DEPAN PERUMAHAN BUMI CITEU,R,SIMON QIRENE,1,GUDANG BAIK,2103640,Petalux Wall Paint Super White 25 KG,3.00,"765,000.00",PL,7.50,0.00,0.00,"172,125.00","2,122,875.00",K/PROYEK GG.MUKTI NO.5,1,"INDOWIRA, PT"
JUAL,261.000.668,20/01/2026 0:00,2601190445,T,,R.400,TB.SUMBER REJEKI,JL.CIAWI TALI DEPAN PERUMAHAN BUMI CITEU,R,SIMON QIRENE,1,GUDANG BAIK,2103623,Petalux Wall Paint Putih hemat 06 25 KG,5.00,"765,000.00",PL,7.50,0.00,0.00,"286,875.00","3,538,125.00",K/PROYEK GG.MUKTI NO.5,1,"INDOWIRA, PT"
JUAL,261.000.669,20/01/2026 0:00,2601190444,T,,D.231,BANGUN BERKAT SAUDARA(PD.DEWI),JL.PUNGKUR 89,D,WILLY,1,GUDANG BAIK,2100068,Adler Primer Surfacer EP 1050  2 LITER SET,1.00,"205,000.00",KL,5.00,0.00,0.00,"10,250.00","194,750.00",,1,"INDOWIRA, PT"
JUAL,261.000.670,20/01/2026 0:00,2601190446,T,,A.213,SINAR SARANA,SUNARAJA 80 A,Y,KEN - Y,1,GUDANG BAIK,2103297,Petalux Ceiling & Gypsum Paint Putih Wangi 5KG,8.00,"135,000.00",GLN,7.50,0.00,0.00,"81,000.00","999,000.00",,1,"INDOWIRA, PT"
JUAL,261.000.671,20/01/2026 0:00,2601190447,T,,F.501,APOLLO,RAYA TAGOG 571 PADALARANG,D,WILLY,1,GUDANG BAIK,2100011,AlFa Polyester Putty  3KG,6.00,"103,000.00",GLN,5.00,0.00,0.00,"30,900.00","587,100.00",,1,"INDOWIRA, PT"
JUAL,261.000.671,20/01/2026 0:00,2601190447,T,,F.501,APOLLO,RAYA TAGOG 571 PADALARANG,D,WILLY,1,GUDANG BAIK,2100006,Alfa Polyester Putty  1 KG,12.00,"39,000.00",KL,5.00,0.00,0.00,"23,400.00","444,600.00",,1,"INDOWIRA, PT"
JUAL,261.000.672,20/01/2026 0:00,2601190448,T,,D.507,INTI LOGAM,PASAR ATAS 38,U,GANIS,1,GUDANG BAIK,2101917,Meiji Epoxy Filler White 1 LTR SET,11.00,"76,000.00",KL,7.50,0.00,0.00,"62,700.00","773,300.00",,1,"INDOWIRA, PT"
JUAL,261.000.673,20/01/2026 0:00,2601190450,T,,J.331,INA JAYA ABADI,JL.AKI PADMA SELATAN NO.21,J,FRANSISKUS,1,GUDANG BAIK,2105214,Meiji Zinc Chromate Primer Dark Grey 20KG,2.00,"825,000.00",PAIL,5.00,0.00,0.00,"82,500.00","1,567,500.00",,1,"INDOWIRA, PT"
JUAL,261.000.700,20/01/2026 0:00,2601190455,T,,U.268,TB.SETIA NUGRAHA 2,JL.CIGUGUR GIRANG KEC.PARONGPONG,U,GANIS,1,GUDANG BAIK,2103783,Shintex Cat Bak 009 Sky Blu 1 KG,12.00,"60,000.00",KL,7.50,0.00,0.00,"54,000.00","666,000.00",,1,"INDOWIRA, PT"
JUAL,261.000.700,20/01/2026 0:00,2601190455,T,,U.268,TB.SETIA NUGRAHA 2,JL.CIGUGUR GIRANG KEC.PARONGPONG,U,GANIS,1,GUDANG BAIK,2103794,Shintex Cat Genteng 309 Leather 1KG,12.00,"57,000.00",KL,7.50,0.00,0.00,"51,300.00","632,700.00",,1,"INDOWIRA, PT"
JUAL,261.000.701,20/01/2026 0:00,2601190454,T,,L.531,IBU ETTY,KP.GUNUNG LEUTIK RT.4/12 NO.35 BATUJAJAR,L,RUDI *,1,GUDANG BAIK,2100006,Alfa Polyester Putty  1 KG,12.00,"39,000.00",KL,5.00,0.00,0.00,"23,400.00","444,600.00",,1,"INDOWIRA, PT"
JUAL,261.000.702,20/01/2026 0:00,2601190453,T,,D.223,TB.PUTRA ABADI,JL.BIMA NO.129 022-6123038,Y,KEN - Y,1,GUDANG BAIK,2102178,Mascot Wall Paint Super White 5 KG,12.00,"65,000.00",GLN,7.50,0.00,0.00,"58,500.00","721,500.00",,1,"INDOWIRA, PT"
JUAL,261.000.702,20/01/2026 0:00,2601190453,T,,D.223,TB.PUTRA ABADI,JL.BIMA NO.129 022-6123038,Y,KEN - Y,1,GUDANG BAIK,2102129,Mascot Wall Paint Super White 20 KG,1.00,"215,000.00",PL,7.50,0.00,0.00,"16,125.00","198,875.00",,1,"INDOWIRA, PT"
JUAL,261.000.703,20/01/2026 0:00,2601120270,T,,N.682,SARANA MOTOR,JL.RAYA SAPAN NO.55A,L,RUDI *,1,GUDANG BAIK,2105346,Adler PU Topcoat HS9021 1.5 Liter Set,6.00,"280,000.00",KL,10.00,0.00,0.00,"168,000.00","1,512,000.00",,1,"INDOWIRA, PT"
JUAL,261.000.714,20/01/2026 0:00,2601130280,T,,N.138,PT.CIPTA DIMENSI GENERAL,JL.GAJAH TUNGGAL KM.1 JATIUWUNG TANGERAN,13,BU RINI,1,GUDANG BAIK,2500358,Meiji Zinc Chromate SAC KS Green 20KG,9.00,"976,800.00",PAIL,0.00,0.00,0.00,0.00,"8,791,200.00",,1,"INDOWIRA, PT"
JUAL,261.000.715,20/01/2026 0:00,2601130280,T,,N.138,PT.CIPTA DIMENSI GENERAL,JL.GAJAH TUNGGAL KM.1 JATIUWUNG TANGERAN,13,BU RINI,1,GUDANG BAIK,2500359,Shintex Syntetix Enamel Medium Grey CD 20LT,11.00,"1,376,400.00",PAIL,0.00,0.00,0.00,0.00,"15,140,400.00",,1,"INDOWIRA, PT"
JUAL,261.000.716,20/01/2026 0:00,2512090288,T,,N.138,PT.CIPTA DIMENSI GENERAL,JL.GAJAH TUNGGAL KM.1 JATIUWUNG TANGERAN,14,DEPO BANDUNG,1,GUDANG BAIK,2500359,Shintex Syntetix Enamel Medium Grey CD 20LT,1.00,"1,376,400.00",PAIL,0.00,0.00,0.00,0.00,"1,376,400.00",,1,"INDOWIRA, PT"
JUAL,261.000.717,20/01/2026 0:00,2601190463,T,,U.288,TB.GMS,JL.TERUSAN NANJUNG KP.SUKABIRUS RT.01/09 NO.22 B,U,GANIS,1,GUDANG BAIK,2104182,Wiratex Wall Paint 847 Spring 5KG,4.00,"83,000.00",GL,7.50,0.00,0.00,"24,900.00","307,100.00",,1,"INDOWIRA, PT"
JUAL,261.000.717,20/01/2026 0:00,2601190463,T,,U.288,TB.GMS,JL.TERUSAN NANJUNG KP.SUKABIRUS RT.01/09 NO.22 B,U,GANIS,1,GUDANG BAIK,2102178,Mascot Wall Paint Super White 5 KG,12.00,"65,000.00",GLN,7.50,0.00,0.00,"58,500.00","721,500.00",,1,"INDOWIRA, PT"
JUAL,261.000.717,20/01/2026 0:00,2601190463,T,,U.288,TB.GMS,JL.TERUSAN NANJUNG KP.SUKABIRUS RT.01/09 NO.22 B,U,GANIS,1,GUDANG BAIK,2102152,Mascot Wall Paint 2156 Garden 25 KG,2.00,"270,000.00",PL,7.50,0.00,0.00,"40,500.00","499,500.00",,1,"INDOWIRA, PT"
JUAL,261.000.718,20/01/2026 0:00,2601190462,T,,K.219,HENLEY,JL.SUKAMENAK NO.147 SAMPING MIXUE,L,RUDI *,1,GUDANG BAIK,2104090,Wiratex Ceiling & Gypsum Paint Putih Prima 20 KG,1.00,"305,000.00",PL,7.50,0.00,0.00,"22,875.00","282,125.00",,1,"INDOWIRA, PT"
JUAL,261.000.719,20/01/2026 0:00,2601190461,T,,J.303,ASTA ARTHA/DIRGANTARA YUDHA,JL.KOPO JAYA II NO.13A,J,FRANSISKUS,1,GUDANG BAIK,2103148,Petalac Thinner PU  20 LTR,1.00,"834,000.00",JRG,0.00,0.00,0.00,0.00,"834,000.00",,1,"INDOWIRA, PT"
JUAL,261.000.720,20/01/2026 0:00,2601190460,T,,A.205,IRON,SUNIARAJA,Y,KEN - Y,1,GUDANG BAIK,2103145,Petalac Thinner PU  1 LTR,6.00,"51,000.00",KL,0.00,0.00,0.00,0.00,"306,000.00",,1,"INDOWIRA, PT"
JUAL,261.000.720,20/01/2026 0:00,2601190460,T,,A.205,IRON,SUNIARAJA,Y,KEN - Y,1,GUDANG BAIK,2200173,Petalac 2K PU Metalix MX01 Base 0.8Lt,4.00,"126,000.00",KL,7.50,0.00,0.00,"37,800.00","466,200.00",,1,"INDOWIRA, PT"
JUAL,261.000.720,20/01/2026 0:00,2601190460,T,,A.205,IRON,SUNIARAJA,Y,KEN - Y,1,GUDANG BAIK,2102842,Petalac 2K PU Hardener Metalic  200 CC,4.00,"55,000.00",KL,7.50,0.00,0.00,"16,500.00","203,500.00",,1,"INDOWIRA, PT"
JUAL,261.000.720,20/01/2026 0:00,2601190460,T,,A.205,IRON,SUNIARAJA,Y,KEN - Y,1,GUDANG BAIK,2300092,Petalac Hardener Special Black Matt 200CC,2.00,"55,000.00",KL,7.50,0.00,0.00,"8,250.00","101,750.00",,1,"INDOWIRA, PT"
JUAL,261.000.720,20/01/2026 0:00,2601190460,T,,A.205,IRON,SUNIARAJA,Y,KEN - Y,1,GUDANG BAIK,2300088,Petalac 2K PU Colour Base Black Matt 0.8LT,2.00,"133,000.00",KL,7.50,0.00,0.00,"19,950.00","246,050.00",,1,"INDOWIRA, PT"
JUAL,261.000.720,20/01/2026 0:00,2601190460,T,,A.205,IRON,SUNIARAJA,Y,KEN - Y,1,GUDANG BAIK,2100068,Adler Primer Surfacer EP 1050  2 LITER SET,5.00,"205,000.00",KL,7.50,0.00,0.00,"76,875.00","948,125.00",,1,"INDOWIRA, PT"
JUAL,261.000.721,20/01/2026 0:00,2601190467,T,,N.521,PT.SAGE KONTRUKSI INDONESIA,JL.GUNUNG RAHAYU II C 7 GUNUNG BATU CIMA,13,BU RINI,1,GUDANG BAIK,240046,Attaboy High Gloss Acrylic Enamel S1002-G50Y 20LT,1.00,"2,094,570.00",PAIL,0.00,0.00,0.00,0.00,"2,094,570.00",K/PT.CERES,1,"INDOWIRA, PT"
JUAL,261.000.722,20/01/2026 0:00,2601190466,T,,B.510,PADA SURTI,KIRCON 346,C,YONATHAN,1,GUDANG BAIK,2104192,Wiratex Wall Paint Super White 5KG,16.00,"83,000.00",GL,7.50,0.00,0.00,"99,600.00","1,228,400.00",,1,"INDOWIRA, PT"
JUAL,261.000.723,20/01/2026 0:00,2601190465,T,,K.219,HENLEY,JL.SUKAMENAK NO.147 SAMPING MIXUE,L,RUDI *,1,GUDANG BAIK,2101915,Meiji Epoxy Filler  1 LTR SET,2.00,"76,000.00",KL,10.00,0.00,0.00,"15,200.00","136,800.00",K/WORK SHOP,1,"INDOWIRA, PT"
JUAL,261.000.725,20/01/2026 0:00,2601190469,T,,L.533,FELIX (NEMAKIDS),JL.KARANGTINGGAL NO.18,L,RUDI *,1,GUDANG BAIK,2101917,Meiji Epoxy Filler White 1 LTR SET,11.00,"76,000.00",KL,10.00,0.00,0.00,"83,600.00","752,400.00",,1,"INDOWIRA, PT"
JUAL,261.000.726,20/01/2026 0:00,2601190458,T,,P.191,PT.MBP UNTUK PT CERES,JL.RAYA DAYEUH KOLOT 92,13,BU RINI,1,GUDANG BAIK,240046,Attaboy High Gloss Acrylic Enamel S1002-G50Y 20LT,1.00,"2,036,850.00",PAIL,0.00,0.00,0.00,0.00,"2,036,850.00",,1,"INDOWIRA, PT"
JUAL,261.000.727,20/01/2026 0:00,2601140310,T,,J.413,NYOMAN NUARTA,JL.SETRA SARIV/16,J,FRANSISKUS,1,GUDANG BAIK,2102840,Petalac 2K PU Hardener Special  200 CC,2.00,"55,000.00",KL,0.00,0.00,0.00,0.00,"110,000.00",via sj.4071,1,"INDOWIRA, PT"
JUAL,261.000.727,20/01/2026 0:00,2601140310,T,,J.413,NYOMAN NUARTA,JL.SETRA SARIV/16,J,FRANSISKUS,1,GUDANG BAIK,2600012,Petalac 2K PU CO Base Cream Tua Satin 0.8LT,1.00,"150,000.00",KL,0.00,0.00,0.00,0.00,"150,000.00",via sj.4071,1,"INDOWIRA, PT"
JUAL,261.000.727,20/01/2026 0:00,2601140310,T,,J.413,NYOMAN NUARTA,JL.SETRA SARIV/16,J,FRANSISKUS,1,GUDANG BAIK,2500178,Petalac 2K PU CO Base Cream Muda Satin 0.8LT,1.00,"150,000.00",KL,0.00,0.00,0.00,0.00,"150,000.00",via sj.4071,1,"INDOWIRA, PT"
JUAL,261.000.728,20/01/2026 0:00,2601130302,T,,K.510,MENTARI ELEKTRIK,JL.SADANG RAHAYU KAV A4 NO.39,L,RUDI *,1,GUDANG BAIK,2400225,Petalac 2K PU CO Base OFF White II 20LT,1.00,"3,010,000.00",PAIL,10.00,0.00,0.00,"301,000.00","2,709,000.00",via sj.4076,1,"INDOWIRA, PT"
JUAL,261.000.728,20/01/2026 0:00,2601130302,T,,K.510,MENTARI ELEKTRIK,JL.SADANG RAHAYU KAV A4 NO.39,L,RUDI *,1,GUDANG BAIK,2102840,Petalac 2K PU Hardener Special  200 CC,25.00,"55,000.00",KL,10.00,0.00,0.00,"137,500.00","1,237,500.00",via sj.4076,1,"INDOWIRA, PT"
JUAL,261.000.729,20/01/2026 0:00,2601140315,T,,J.313,ART DECO,JL.SEKEKUKUMBUNG 103 TKI II,J,FRANSISKUS,1,GUDANG BAIK,2102840,Petalac 2K PU Hardener Special  200 CC,2.00,"55,000.00",KL,10.00,0.00,0.00,"11,000.00","99,000.00",via sj.4091,1,"INDOWIRA, PT"
JUAL,261.000.729,20/01/2026 0:00,2601140315,T,,J.313,ART DECO,JL.SEKEKUKUMBUNG 103 TKI II,J,FRANSISKUS,1,GUDANG BAIK,2300113,Petalac 2K PU CO Base PE 925 Brown KJ Matt 0.8LT,2.00,"158,000.00",KL,10.00,0.00,0.00,"31,600.00","284,400.00",via sj.4091,1,"INDOWIRA, PT"
JUAL,261.000.729,20/01/2026 0:00,2601140315,T,,J.313,ART DECO,JL.SEKEKUKUMBUNG 103 TKI II,J,FRANSISKUS,1,GUDANG BAIK,2103148,Petalac Thinner PU  20 LTR,1.00,"834,000.00",JRG,0.00,0.00,0.00,0.00,"834,000.00",via sj.4091,1,"INDOWIRA, PT"
JUAL,261.000.730,20/01/2026 0:00,2601190475,T,,K.201,AGUS CENDANA,KIRCON 141,L,RUDI *,1,GUDANG BAIK,2102840,Petalac 2K PU Hardener Special  200 CC,12.00,"55,000.00",KL,10.00,0.00,0.00,"66,000.00","594,000.00",,1,"INDOWIRA, PT"
JUAL,261.000.730,20/01/2026 0:00,2601190475,T,,K.201,AGUS CENDANA,KIRCON 141,L,RUDI *,1,GUDANG BAIK,2200068,Petalac 2K PU Colour P.101 Special White Base 0.8L,6.00,"126,000.00",KL,10.00,0.00,0.00,"75,600.00","680,400.00",,1,"INDOWIRA, PT"
JUAL,261.000.730,20/01/2026 0:00,2601190475,T,,K.201,AGUS CENDANA,KIRCON 141,L,RUDI *,1,GUDANG BAIK,2200074,Petalac 2K PU Colour Special White Matt Base 0.8Lt,6.00,"133,000.00",KL,10.00,0.00,0.00,"79,800.00","718,200.00",,1,"INDOWIRA, PT"
JUAL,261.000.731,20/01/2026 0:00,2601150344,T,,J.303,ASTA ARTHA/DIRGANTARA YUDHA,JL.KOPO JAYA II NO.13A,J,FRANSISKUS,1,GUDANG BAIK,2102840,Petalac 2K PU Hardener Special  200 CC,1.00,"55,000.00",KL,10.00,0.00,0.00,"5,500.00","49,500.00",via sj.4093,1,"INDOWIRA, PT"
JUAL,261.000.731,20/01/2026 0:00,2601150344,T,,J.303,ASTA ARTHA/DIRGANTARA YUDHA,JL.KOPO JAYA II NO.13A,J,FRANSISKUS,1,GUDANG BAIK,2500013,Petalac 2K PU CO Base Abu Tua Matt 0.8LT,1.00,"155,000.00",KL,10.00,0.00,0.00,"15,500.00","139,500.00",via sj.4093,1,"INDOWIRA, PT"
JUAL,262.000.019,20/01/2026 0:00,2601190448,T,,D.507,INTI LOGAM,PASAR ATAS 38,U,GANIS,1,GUDANG BAIK,2101917,Meiji Epoxy Filler White 1 LTR SET,1.00,0.00,KL,0.00,0.00,0.00,0.00,0.00,,1,"INDOWIRA, PT"
JUAL,262.000.020,20/01/2026 0:00,2601190469,T,,L.533,FELIX (NEMAKIDS),JL.KARANGTINGGAL NO.18,L,RUDI *,1,GUDANG BAIK,2101917,Meiji Epoxy Filler White 1 LTR SET,1.00,0.00,KL,0.00,0.00,0.00,0.00,0.00,,1,"INDOWIRA, PT"
JUAL,261.000.737,21/01/2026 0:00,2601190473,T,,X.247,JAYA BARU,TERUSAN CIBADUYUT 101,R,SIMON QIRENE,1,GUDANG BAIK,2103737,Petalux Wall Paint Putih Wangi 5KG,8.00,"158,000.00",GLN,7.50,0.00,0.00,"94,800.00","1,169,200.00",,1,"INDOWIRA, PT"
JUAL,261.000.737,21/01/2026 0:00,2601190473,T,,X.247,JAYA BARU,TERUSAN CIBADUYUT 101,R,SIMON QIRENE,1,GUDANG BAIK,2103283,Petalux Alkali Resistant Wall Sealer White 4KG,4.00,"150,000.00",GLN,7.50,0.00,0.00,"45,000.00","555,000.00",,1,"INDOWIRA, PT"
JUAL,261.000.737,21/01/2026 0:00,2601190473,T,,X.247,JAYA BARU,TERUSAN CIBADUYUT 101,R,SIMON QIRENE,1,GUDANG BAIK,2103625,Petalux Wall Paint Putih Wangi 25 KG,2.00,"765,000.00",PL,7.50,0.00,0.00,"114,750.00","1,415,250.00",,1,"INDOWIRA, PT"
JUAL,261.000.737,21/01/2026 0:00,2601190473,T,,X.247,JAYA BARU,TERUSAN CIBADUYUT 101,R,SIMON QIRENE,1,GUDANG BAIK,2103280,Petalux Alkali Resistant Wall Sealer White 20 KG,2.00,"665,000.00",PL,7.50,0.00,0.00,"99,750.00","1,230,250.00",,1,"INDOWIRA, PT"
JUAL,261.000.738,21/01/2026 0:00,2601190471,T,,R.487,TK.ARVIAN,JL.CIBIRU CEBEK SOREANG,U,GANIS,1,GUDANG BAIK,2103863,Shintex Wall Filler  1 KG,12.00,"23,000.00",KL,7.50,0.00,0.00,"20,700.00","255,300.00",,1,"INDOWIRA, PT"
JUAL,261.000.739,21/01/2026 0:00,2601190470,T,,J.202,GLOBAL KRIYA NUSANTARA/AL IKHS,JL.GOLF TAMAN CINTA/INSPEKSI NO.2,J,FRANSISKUS,1,GUDANG BAIK,2200052,Petalac 2K PU Clear Gloss Base 20lt,2.00,"2,457,000.00",PAIL,10.00,0.00,0.00,"491,400.00","4,422,600.00",U/SAMPLE GLOBAL KRIYA,1,"INDOWIRA, PT"
JUAL,261.000.739,21/01/2026 0:00,2601190470,T,,J.202,GLOBAL KRIYA NUSANTARA/AL IKHS,JL.GOLF TAMAN CINTA/INSPEKSI NO.2,J,FRANSISKUS,1,GUDANG BAIK,2103148,Petalac Thinner PU  20 LTR,2.00,"834,000.00",JRG,0.00,0.00,0.00,0.00,"1,668,000.00",U/SAMPLE GLOBAL KRIYA,1,"INDOWIRA, PT"
JUAL,261.000.740,21/01/2026 0:00,2601190472,T,,K.323,TK.SINAR SURYA,JL.TERUSAN PASIR KOJA NO.108 A SEBELAH MATERIAL NANJUNG,R,SIMON QIRENE,1,GUDANG BAIK,2103297,Petalux Ceiling & Gypsum Paint Putih Wangi 5KG,4.00,"135,000.00",GLN,7.50,0.00,0.00,"40,500.00","499,500.00",,1,"INDOWIRA, PT"
JUAL,261.000.740,21/01/2026 0:00,2601190472,T,,K.323,TK.SINAR SURYA,JL.TERUSAN PASIR KOJA NO.108 A SEBELAH MATERIAL NANJUNG,R,SIMON QIRENE,1,GUDANG BAIK,2103293,Petalux Celling & Gypsum Paint Putih Wangi 25 KG,4.00,"655,000.00",PL,7.50,0.00,0.00,"196,500.00","2,423,500.00",,1,"INDOWIRA, PT"
JUAL,261.000.741,21/01/2026 0:00,2601190483,T,,K.503,ASEHA,JL.MAHMUD NO.2A CIGONDEWAH,14,DEPO BANDUNG,1,GUDANG BAIK,2102155,Mascot Wall Paint Super White 25 KG,1.00,"270,000.00",PL,7.50,0.00,0.00,"20,250.00","249,750.00",,1,"INDOWIRA, PT"
JUAL,261.000.742,21/01/2026 0:00,2601190482,T,,Y.285,KENARI JAYA,JL.SINDANG SARI NO.3 CIJERAH,Y,KEN - Y,1,GUDANG BAIK,2104187,Wiratex Wall Paint 852 5KG,2.00,"83,000.00",GL,7.50,0.00,0.00,"12,450.00","153,550.00",,1,"INDOWIRA, PT"
JUAL,261.000.742,21/01/2026 0:00,2601190482,T,,Y.285,KENARI JAYA,JL.SINDANG SARI NO.3 CIJERAH,Y,KEN - Y,1,GUDANG BAIK,2104179,Wiratex Wall Paint 844 Terraco 5KG,2.00,"83,000.00",GL,7.50,0.00,0.00,"12,450.00","153,550.00",,1,"INDOWIRA, PT"
JUAL,261.000.742,21/01/2026 0:00,2601190482,T,,Y.285,KENARI JAYA,JL.SINDANG SARI NO.3 CIJERAH,Y,KEN - Y,1,GUDANG BAIK,2103789,Shintex Cat Genteng 301 Black 1KG,2.00,"57,000.00",KL,7.50,0.00,0.00,"8,550.00","105,450.00",,1,"INDOWIRA, PT"
JUAL,261.000.742,21/01/2026 0:00,2601190482,T,,Y.285,KENARI JAYA,JL.SINDANG SARI NO.3 CIJERAH,Y,KEN - Y,1,GUDANG BAIK,2103791,Shintex Cat Genteng 304 Orange 1KG,2.00,"57,000.00",KL,7.50,0.00,0.00,"8,550.00","105,450.00",,1,"INDOWIRA, PT"
JUAL,261.000.743,21/01/2026 0:00,2601190481,T,,C.449,TB.HEHE,JL.PAGARSIH 149,C,YONATHAN,1,GUDANG BAIK,2101608,Kingkong Wall Putty Instant Powder  5 KG,12.00,"32,000.00",BKS,5.00,0.00,0.00,"19,200.00","364,800.00",,1,"INDOWIRA, PT"
JUAL,261.000.746,21/01/2026 0:00,2601190478,T,,A.219,MEDAL LIGAR,JL.BBK CIPARAY 147-172,Y,KEN - Y,1,GUDANG BAIK,2104153,Wiratex Wall Paint 801 Spanish 5KG,4.00,"83,000.00",GL,7.50,0.00,0.00,"24,900.00","307,100.00",,1,"INDOWIRA, PT"
JUAL,261.000.747,21/01/2026 0:00,2601190477,T,,Y.303,BENGKEL PUTRA MANDIRI,JL.ARCAMANIK NO.31 SINDANG LAYA DEPAN WARUNG MIE SINLAY,Y,KEN - Y,1,GUDANG BAIK,2100011,AlFa Polyester Putty  3KG,1.00,"103,000.00",GLN,0.00,0.00,0.00,0.00,"103,000.00",,1,"INDOWIRA, PT"
JUAL,261.000.747,21/01/2026 0:00,2601190477,T,,Y.303,BENGKEL PUTRA MANDIRI,JL.ARCAMANIK NO.31 SINDANG LAYA DEPAN WARUNG MIE SINLAY,Y,KEN - Y,1,GUDANG BAIK,2102075,Meiji Zinc Chromate Primer Light Grey 5 KG,1.00,"225,000.00",GLN,0.00,0.00,0.00,0.00,"225,000.00",,1,"INDOWIRA, PT"
JUAL,261.000.748,21/01/2026 0:00,2601190476,T,,A.209,NETRAL,PASIRKALIKI 6,Y,KEN - Y,1,GUDANG BAIK,2104147,Wiratex Wall Paint Putih Salju 25 KG,2.00,"390,000.00",PL,7.50,0.00,0.00,"58,500.00","721,500.00",,1,"INDOWIRA, PT"
JUAL,261.000.749,21/01/2026 0:00,2601190474,T,,L.125,TSJ AUTO,TRS.BUAH BATU NO.32,L,RUDI *,1,GUDANG BAIK,2105139,DALTONE CLEAR COAT HS8021 1.5LTS,1.00,"197,500.00",KL,10.00,0.00,0.00,"19,750.00","177,750.00",,1,"INDOWIRA, PT"
JUAL,261.000.750,21/01/2026 0:00,2601190452,T,,Q.245,PT.SINAR MULIA PERKASA /HOTEL,JL.SUMATRA 51 - HOTEL ARYA DUTA,R,SIMON QIRENE,1,GUDANG BAIK,2103630,Petalux Wall Paint POS PH04 25 KG,2.00,"765,000.00",PL,0.00,0.00,0.00,0.00,"1,530,000.00",,1,"INDOWIRA, PT"
JUAL,261.000.750,21/01/2026 0:00,2601190452,T,,Q.245,PT.SINAR MULIA PERKASA /HOTEL,JL.SUMATRA 51 - HOTEL ARYA DUTA,R,SIMON QIRENE,1,GUDANG BAIK,2103293,Petalux Celling & Gypsum Paint Putih Wangi 25 KG,1.00,"655,000.00",PL,0.00,0.00,0.00,0.00,"655,000.00",,1,"INDOWIRA, PT"
JUAL,261.000.751,21/01/2026 0:00,2601210485,T,,C.208,KURNIA,CIBEUREUM 90,D,WILLY,1,GUDANG BAIK,2100011,AlFa Polyester Putty  3KG,3.00,"103,000.00",GLN,5.00,0.00,0.00,"15,450.00","293,550.00",,1,"INDOWIRA, PT"
JUAL,261.000.752,21/01/2026 0:00,2601210486,T,,U.265,CIPTA MANDIRI,PARAKAN SAAT NO.1 CINGISED,U,GANIS,1,GUDANG BAIK,2102076,Meiji Zinc Chromate Primer  5 KG,8.00,"225,000.00",GLN,7.50,0.00,0.00,"135,000.00","1,665,000.00",,1,"INDOWIRA, PT"
JUAL,261.000.752,21/01/2026 0:00,2601210486,T,,U.265,CIPTA MANDIRI,PARAKAN SAAT NO.1 CINGISED,U,GANIS,1,GUDANG BAIK,2102077,Meiji Zinc Chromate Primer Black 5 KG,4.00,"225,000.00",GLN,7.50,0.00,0.00,"67,500.00","832,500.00",,1,"INDOWIRA, PT"
JUAL,261.000.753,21/01/2026 0:00,2601190404,T,,K.311,PIPING,KEBON KOPI 76,13,BU RINI,1,GUDANG BAIK,2102840,Petalac 2K PU Hardener Special  200 CC,3.00,"55,000.00",KL,10.00,0.00,0.00,"16,500.00","148,500.00",,1,"INDOWIRA, PT"
JUAL,261.000.753,21/01/2026 0:00,2601190404,T,,K.311,PIPING,KEBON KOPI 76,13,BU RINI,1,GUDANG BAIK,2500059,Petalac 2K PU CO Base Buce Brown Matt 0.8LT,3.00,"153,000.00",KL,10.00,0.00,0.00,"45,900.00","413,100.00",,1,"INDOWIRA, PT"
JUAL,261.000.754,21/01/2026 0:00,2601210487,T,,K.412,"YUNIKO,PD",KEBON JATI 224,14,DEPO BANDUNG,1,GUDANG BAIK,2100052,Adler Polyester Putty 3002  25 KG SET,3.00,"1,300,000.00",PL,10.00,0.00,0.00,"390,000.00","3,510,000.00",,1,"INDOWIRA, PT"
JUAL,261.000.756,21/01/2026 0:00,2601190418,T,,L.428,DERISYA INTERIOR U/P.UJANG RUS,KAMP.CUKANG KAWUNG NO.33 DS.PAKUHAJI NGAMPRAH KETUA RT.04/05,L,RUDI *,1,GUDANG BAIK,2103145,Petalac Thinner PU  1 LTR,11.00,"51,000.00",KL,0.00,0.00,0.00,0.00,"561,000.00",,1,"INDOWIRA, PT"
JUAL,261.000.756,21/01/2026 0:00,2601190418,T,,L.428,DERISYA INTERIOR U/P.UJANG RUS,KAMP.CUKANG KAWUNG NO.33 DS.PAKUHAJI NGAMPRAH KETUA RT.04/05,L,RUDI *,1,GUDANG BAIK,2102840,Petalac 2K PU Hardener Special  200 CC,7.00,"55,000.00",KL,10.00,0.00,0.00,"38,500.00","346,500.00",,1,"INDOWIRA, PT"
JUAL,261.000.756,21/01/2026 0:00,2601190418,T,,L.428,DERISYA INTERIOR U/P.UJANG RUS,KAMP.CUKANG KAWUNG NO.33 DS.PAKUHAJI NGAMPRAH KETUA RT.04/05,L,RUDI *,1,GUDANG BAIK,240035,Petalac 2K PU Colour Base P.112 Mole Brown 0.8LT,7.00,"142,000.00",KL,10.00,0.00,0.00,"99,400.00","894,600.00",,1,"INDOWIRA, PT"
JUAL,261.000.757,21/01/2026 0:00,2601190369,T,,K.405,MAESTRO LAMP,JL.SASTRA NO.3,L,RUDI *,1,GUDANG BAIK,2101419,Crystal Coat Thinner  5 LITER,1.00,"221,000.00",GLN,0.00,0.00,0.00,0.00,"221,000.00",,1,"INDOWIRA, PT"
JUAL,261.000.758,21/01/2026 0:00,2601210489,T,,J.512,KIRANA PAINT,JL.MARGACINTA 14 MARGACINTA CIWASTRA,L,RUDI *,1,GUDANG BAIK,2105139,DALTONE CLEAR COAT HS8021 1.5LTS,3.00,"197,500.00",KL,10.00,0.00,0.00,"59,250.00","533,250.00",,1,"INDOWIRA, PT"
JUAL,261.000.758,21/01/2026 0:00,2601210489,T,,J.512,KIRANA PAINT,JL.MARGACINTA 14 MARGACINTA CIWASTRA,L,RUDI *,1,GUDANG BAIK,2100049,Adler Polyester Putty 3002  1 KG SET,12.00,"62,000.00",KL,10.00,0.00,0.00,"74,400.00","669,600.00",,1,"INDOWIRA, PT"
JUAL,261.000.759,21/01/2026 0:00,2601210490,T,,W.520,PT.HIKMAH SURYA MENTARI,JL.PROPELAT BARAT II NO.40 RT.005 RW.021 MARGASARI BUAH BATU,R,SIMON QIRENE,1,GUDANG BAIK,2103625,Petalux Wall Paint Putih Wangi 25 KG,1.00,"505,000.00",PL,0.00,0.00,0.00,0.00,"505,000.00",U/P.ANTON,1,"INDOWIRA, PT"
JUAL,261.000.759,21/01/2026 0:00,2601210490,T,,W.520,PT.HIKMAH SURYA MENTARI,JL.PROPELAT BARAT II NO.40 RT.005 RW.021 MARGASARI BUAH BATU,R,SIMON QIRENE,1,GUDANG BAIK,2103593,Petalux Wall Paint CM 602 Matahari 25 KG,1.00,"515,000.00",PL,0.00,0.00,0.00,0.00,"515,000.00",U/P.ANTON,1,"INDOWIRA, PT"
JUAL,261.000.760,21/01/2026 0:00,2601210491,T,,W.534,PT.ALAM TERBIT JAYA,JL.RAYA DAYEUH KOLOT NO.341C RT.001 RW.006 CITEUREUP DAYEUH KOLOT,R,SIMON QIRENE,1,GUDANG BAIK,2103625,Petalux Wall Paint Putih Wangi 25 KG,1.00,"505,000.00",PL,0.00,0.00,0.00,0.00,"505,000.00",U/P.ANTON,1,"INDOWIRA, PT"
JUAL,261.000.760,21/01/2026 0:00,2601210491,T,,W.534,PT.ALAM TERBIT JAYA,JL.RAYA DAYEUH KOLOT NO.341C RT.001 RW.006 CITEUREUP DAYEUH KOLOT,R,SIMON QIRENE,1,GUDANG BAIK,2103593,Petalux Wall Paint CM 602 Matahari 25 KG,1.00,"515,000.00",PL,0.00,0.00,0.00,0.00,"515,000.00",U/P.ANTON,1,"INDOWIRA, PT"
JUAL,261.000.761,21/01/2026 0:00,2601190457,T,,P.191,PT.MBP UNTUK PT CERES,JL.RAYA DAYEUH KOLOT 92,13,BU RINI,1,GUDANG BAIK,240046,Attaboy High Gloss Acrylic Enamel S1002-G50Y 20LT,2.00,"2,036,850.00",PAIL,0.00,0.00,0.00,0.00,"4,073,700.00",,1,"INDOWIRA, PT"
JUAL,261.000.767,21/01/2026 0:00,2601140327,T,,H.343,BAROS JAYA,JL.RH DIDI SUKARDI 156 SUKABUMI,H,YANSENG,1,GUDANG BAIK,2102073,Meiji Zinc Chromate Primer Black 20 KG,10.00,"825,000.00",PL,7.50,0.00,0.00,"618,750.00","7,631,250.00",via sj.4096,1,"INDOWIRA, PT"
JUAL,261.000.768,21/01/2026 0:00,2601210503,T,,K.527,PT.AKD,SADANG,14,DEPO BANDUNG,1,GUDANG BAIK,2600013,Petalac 2K PU CO Base Fango MD 010.8LT,13.00,"145,000.00",KL,10.00,0.00,0.00,"188,500.00","1,696,500.00",VIA SJ.4099,1,"INDOWIRA, PT"
JUAL,261.000.768,21/01/2026 0:00,2601210503,T,,K.527,PT.AKD,SADANG,14,DEPO BANDUNG,1,GUDANG BAIK,2102840,Petalac 2K PU Hardener Special  200 CC,13.00,"55,000.00",KL,10.00,0.00,0.00,"71,500.00","643,500.00",VIA SJ.4099,1,"INDOWIRA, PT"
JUAL,261.000.781,21/01/2026 0:00,2601070140,T,,N.726A,CV.HIKMAH JAYA SENTOSA,JL.S.HATTA 444,13,BU RINI,1,GUDANG BAIK,2600002,Attaboy Floor Epoxy Top Coat SL Silver Sentosa 20L,2.00,"2,700,000.00",PAIL,0.00,0.00,0.00,0.00,"5,400,000.00",,1,"INDOWIRA, PT"
JUAL,261.000.782,21/01/2026 0:00,2601190370,T,,K.405,MAESTRO LAMP,JL.SASTRA NO.3,L,RUDI *,1,GUDANG BAIK,2101419,Crystal Coat Thinner  5 LITER,2.00,"221,000.00",GLN,0.00,0.00,0.00,0.00,"442,000.00",,1,"INDOWIRA, PT"
JUAL,261.000.782,21/01/2026 0:00,2601190370,T,,K.405,MAESTRO LAMP,JL.SASTRA NO.3,L,RUDI *,1,GUDANG BAIK,2101387,Crystal Coat Clear Gloss  1 LITER,3.00,"657,000.00",KL,10.00,0.00,0.00,"197,100.00","1,773,900.00",,1,"INDOWIRA, PT"
JUAL,261.000.782,21/01/2026 0:00,2601190370,T,,K.405,MAESTRO LAMP,JL.SASTRA NO.3,L,RUDI *,1,GUDANG BAIK,2101363,Crystal Coat Candytone Copper 1Lts,4.00,"657,000.00",KL,10.00,5.00,0.00,"381,060.00","2,246,940.00",,1,"INDOWIRA, PT"
JUAL,261.000.784,21/01/2026 0:00,2601190369,T,,K.405,MAESTRO LAMP,JL.SASTRA NO.3,L,RUDI *,1,GUDANG BAIK,2101361,Crystal Coat Candytone Black 1 LITER,1.00,"657,000.00",KL,10.00,5.00,0.00,"95,265.00","561,735.00",,1,"INDOWIRA, PT"
JUAL,261.000.785,21/01/2026 0:00,2601190434,T,,O.125,"JAYAKARTA,HTL",IR.H.JUANDA,13,BU RINI,1,GUDANG BAIK,2103611,Petalux Pos Wall Paint HJ Catty Mery gold 25 KG,2.00,"765,000.00",PL,0.00,0.00,0.00,0.00,"1,530,000.00",,1,"INDOWIRA, PT"
JUAL,261.000.786,21/01/2026 0:00,2601140311,T,,N.530,SIMPLY VALORE,THE EDGE BAROS BP.ii,13,BU RINI,1,GUDANG BAIK,2600009,Petalux Wall Paint DX Universal Grey 25KG,1.00,"765,000.00",PAIL,0.00,0.00,0.00,0.00,"765,000.00",,1,"INDOWIRA, PT"
JUAL,261.000.786,21/01/2026 0:00,2601140311,T,,N.530,SIMPLY VALORE,THE EDGE BAROS BP.ii,13,BU RINI,1,GUDANG BAIK,2103516,Petalux Wall Paint 602 Berlian 25 KG,1.00,"765,000.00",PL,0.00,0.00,0.00,0.00,"765,000.00",,1,"INDOWIRA, PT"
JUAL,261.000.787,21/01/2026 0:00,2601210520,T,,G.227,MUTIARA WARNA,JL.SOMAWINATA 14 TANI MULYA,G,JULIANTO,1,GUDANG BAIK,2103529,Petalux Wall Paint 6303 Stone 25 KG,1.00,"765,000.00",PL,7.50,0.00,0.00,"57,375.00","707,625.00",,1,"INDOWIRA, PT"
JUAL,261.000.788,21/01/2026 0:00,2601210506,T,,N.136,CAPRIFARMINDO,JL.PURNAWARMAN NO.47,13,BU RINI,1,GUDANG BAIK,2102076,Meiji Zinc Chromate Primer  5 KG,2.00,"225,000.00",GLN,10.00,0.00,0.00,"45,000.00","405,000.00",U/P.ISMANTO,1,"INDOWIRA, PT"
JUAL,261.000.789,21/01/2026 0:00,2601210507,T,,J.220,AUTO BLINK,JL.GATOT SUBROTO 37,J,FRANSISKUS,1,GUDANG BAIK,2200162,Kingkong Wall paint Super White 18KG,1.00,"288,000.00",PAIL,5.00,0.00,0.00,"14,400.00","273,600.00",,1,"INDOWIRA, PT"
JUAL,261.000.790,21/01/2026 0:00,2601210508,T,,J.140,PT.INDONESIA RABBONI GARMEN,JL.BANJARAN 102 (EX UNILON),J,FRANSISKUS,1,GUDANG BAIK,2103185,Protar Cat Proteksi Tahan Air 7204 Abu Muda 20 KG,1.00,"1,150,000.00",PL,0.00,0.00,0.00,0.00,"1,150,000.00",,1,"INDOWIRA, PT"
JUAL,261.000.793,21/01/2026 0:00,2601210512,T,,D.304,FAJAR,SUKAGALIH 68,Y,KEN - Y,1,GUDANG BAIK,2104148,Wiratex Wall Paint Super White 25 KG,5.00,"390,000.00",PL,7.50,0.00,0.00,"146,250.00","1,803,750.00",,1,"INDOWIRA, PT"
JUAL,261.000.795,21/01/2026 0:00,2601210516,T,,C.125,GLORIOUS,JL.TKI III BLOK E3 NO.10 PATUNG MACAN,J,FRANSISKUS,1,GUDANG BAIK,2102749,Petalac PU Clear Sealer  1 LTR SET,6.00,"121,000.00",KL,10.00,0.00,0.00,"72,600.00","653,400.00",,1,"INDOWIRA, PT"
JUAL,262.000.022,21/01/2026 0:00,2601210504,T,,M.104,DEPO KUNINGAN,,M,UMUM,1,GUDANG BAIK,2104184,Wiratex Wall Paint 849 5KG,2.00,"83,000.00",GL,10.00,10.00,2.00,"34,229.20","131,770.80",PO26010094 AGEUNG SINAR JAYA,1,"INDOWIRA, PT"
JUAL,262.000.023,21/01/2026 0:00,2601210521,T,,M.108,TISNA(OPLOSAN),,M,UMUM,1,GUDANG BAIK,2103145,Petalac Thinner PU  1 LTR,1.00,0.00,KL,0.00,0.00,0.00,0.00,0.00,,1,"INDOWIRA, PT"
JUAL,261.000.802,22/01/2026 0:00,2601220525,T,,K.311,PIPING,KEBON KOPI 76,13,BU RINI,1,GUDANG BAIK,2103148,Petalac Thinner PU  20 LTR,1.00,"834,000.00",JRG,0.00,0.00,0.00,0.00,"834,000.00",,1,"INDOWIRA, PT"
JUAL,261.000.804,22/01/2026 0:00,2601220532,T,,N.1100A,SURAHMAN,DARUSSUNAH ECO PESANTREN DT,13,BU RINI,1,GUDANG BAIK,2105214,Meiji Zinc Chromate Primer Dark Grey 20KG,2.00,"825,000.00",PAIL,5.00,0.00,0.00,"82,500.00","1,567,500.00",,1,"INDOWIRA, PT"
JUAL,261.000.809,22/01/2026 0:00,2601220531,T,,R.574,TB.RIZKY GYPSUM,JL.CIMENTENG MARTASIK CIPAGERAN RT.01/11,R,SIMON QIRENE,1,GUDANG BAIK,2300105,Kingkong Wall Paint 115 Salem 4.5KG,2.00,"76,000.00",GLN,7.50,0.00,0.00,"11,400.00","140,600.00",,1,"INDOWIRA, PT"
JUAL,261.000.809,22/01/2026 0:00,2601220531,T,,R.574,TB.RIZKY GYPSUM,JL.CIMENTENG MARTASIK CIPAGERAN RT.01/11,R,SIMON QIRENE,1,GUDANG BAIK,2200331,Kingkong Wall Paint 116 Orchid 4.5KG,2.00,"76,000.00",GLN,7.50,0.00,0.00,"11,400.00","140,600.00",,1,"INDOWIRA, PT"
JUAL,261.000.809,22/01/2026 0:00,2601220531,T,,R.574,TB.RIZKY GYPSUM,JL.CIMENTENG MARTASIK CIPAGERAN RT.01/11,R,SIMON QIRENE,1,GUDANG BAIK,2200215,Kingkong Wall Paint Special 519 Bahama 4.5KG,2.00,"76,000.00",GLN,7.50,0.00,0.00,"11,400.00","140,600.00",,1,"INDOWIRA, PT"
JUAL,261.000.809,22/01/2026 0:00,2601220531,T,,R.574,TB.RIZKY GYPSUM,JL.CIMENTENG MARTASIK CIPAGERAN RT.01/11,R,SIMON QIRENE,1,GUDANG BAIK,2200222,Kingkong Wall Paint Putih Metropolitan 4.5KG,4.00,"76,000.00",GLN,7.50,0.00,0.00,"22,800.00","281,200.00",,1,"INDOWIRA, PT"
JUAL,261.000.809,22/01/2026 0:00,2601220531,T,,R.574,TB.RIZKY GYPSUM,JL.CIMENTENG MARTASIK CIPAGERAN RT.01/11,R,SIMON QIRENE,1,GUDANG BAIK,2200188,Kingkong Wall Paint Special 548 Aquarin 4.5KG,2.00,"76,000.00",GLN,7.50,0.00,0.00,"11,400.00","140,600.00",,1,"INDOWIRA, PT"
JUAL,261.000.809,22/01/2026 0:00,2601220531,T,,R.574,TB.RIZKY GYPSUM,JL.CIMENTENG MARTASIK CIPAGERAN RT.01/11,R,SIMON QIRENE,1,GUDANG BAIK,2104093,Wiratex Ceiling & Gypsum Paint Putih Prima 5 KG,4.00,"79,000.00",GLN,7.50,0.00,0.00,"23,700.00","292,300.00",,1,"INDOWIRA, PT"
JUAL,261.000.811,22/01/2026 0:00,2601210503,T,,K.527,PT.AKD,SADANG,14,DEPO BANDUNG,1,GUDANG BAIK,2102840,Petalac 2K PU Hardener Special  200 CC,12.00,"55,000.00",KL,10.00,0.00,0.00,"66,000.00","594,000.00",,1,"INDOWIRA, PT"
JUAL,261.000.811,22/01/2026 0:00,2601210503,T,,K.527,PT.AKD,SADANG,14,DEPO BANDUNG,1,GUDANG BAIK,2600014,Petalac 2k PU CO Base Snow Field 0.8LT,12.00,"138,000.00",KL,10.00,0.00,0.00,"165,600.00","1,490,400.00",,1,"INDOWIRA, PT"
JUAL,261.000.812,22/01/2026 0:00,2601220538,T,,J.103,PT.AKARA INTER DESAIN,JL.INDUSTRI II NO.7A RT.006 RW.009 UTAMA,J,FRANSISKUS,1,GUDANG BAIK,2103149,Petalac Thinner PU  5 LTR,1.00,"220,000.00",GLN,0.00,0.00,0.00,0.00,"220,000.00",,1,"INDOWIRA, PT"
JUAL,261.000.812,22/01/2026 0:00,2601220538,T,,J.103,PT.AKARA INTER DESAIN,JL.INDUSTRI II NO.7A RT.006 RW.009 UTAMA,J,FRANSISKUS,1,GUDANG BAIK,2200086,Petalac 2K Surfacer FD 21 Base 1LT,1.00,"80,000.00",KL,10.00,0.00,0.00,"8,000.00","72,000.00",,1,"INDOWIRA, PT"
JUAL,261.000.812,22/01/2026 0:00,2601220538,T,,J.103,PT.AKARA INTER DESAIN,JL.INDUSTRI II NO.7A RT.006 RW.009 UTAMA,J,FRANSISKUS,1,GUDANG BAIK,2200087,Petalac Hardener Surfacer FD 0.5LT,1.00,"60,000.00",KL,10.00,0.00,0.00,"6,000.00","54,000.00",,1,"INDOWIRA, PT"
JUAL,261.000.814,22/01/2026 0:00,2601220541,T,,J.112,PRISTAN,JL.S.HATTA 539,J,FRANSISKUS,1,GUDANG BAIK,2102840,Petalac 2K PU Hardener Special  200 CC,12.00,"55,000.00",KL,10.00,0.00,0.00,"66,000.00","594,000.00",,1,"INDOWIRA, PT"
JUAL,261.000.814,22/01/2026 0:00,2601220541,T,,J.112,PRISTAN,JL.S.HATTA 539,J,FRANSISKUS,1,GUDANG BAIK,2200303,Petalac Ext 4:1 Special White Matt Base 0.8LT,12.00,"144,000.00",KL,10.00,0.00,0.00,"172,800.00","1,555,200.00",,1,"INDOWIRA, PT"
JUAL,261.000.815,22/01/2026 0:00,2601220530,T,,R.553,CI CATRINE,NAHA LIVING POINT JL.LENGKONG 2 TENGAH NO.3,R,SIMON QIRENE,1,GUDANG BAIK,2103734,Petalux Wall Paint Putih hemat 05 5KG,2.00,"158,000.00",GLN,0.00,0.00,0.00,0.00,"316,000.00",,1,"INDOWIRA, PT"
JUAL,261.000.816,22/01/2026 0:00,2601220529,T,,J.148,CITRA ASRI RESIDENCE,LUAR LINGKAR GEDE BAGE,J,FRANSISKUS,1,GUDANG BAIK,2101608,Kingkong Wall Putty Instant Powder  5 KG,1.00,"32,000.00",BKS,0.00,0.00,0.00,0.00,"32,000.00",,1,"INDOWIRA, PT"
JUAL,261.000.816,22/01/2026 0:00,2601220529,T,,J.148,CITRA ASRI RESIDENCE,LUAR LINGKAR GEDE BAGE,J,FRANSISKUS,1,GUDANG BAIK,2104090,Wiratex Ceiling & Gypsum Paint Putih Prima 20 KG,2.00,"305,000.00",PL,0.00,0.00,0.00,0.00,"610,000.00",,1,"INDOWIRA, PT"
JUAL,261.000.817,22/01/2026 0:00,2601220527,T,,J.234,KRIYA NUSANTARA GROUP,JL.CIBIRU HILIR NO.36 CIBIRU WETAN CILEUNYI,J,FRANSISKUS,1,GUDANG BAIK,2101416,Crystal Coat Thinner  1 LITER,18.00,"51,000.00",KL,0.00,0.00,0.00,0.00,"918,000.00",,1,"INDOWIRA, PT"
JUAL,261.000.817,22/01/2026 0:00,2601220527,T,,J.234,KRIYA NUSANTARA GROUP,JL.CIBIRU HILIR NO.36 CIBIRU WETAN CILEUNYI,J,FRANSISKUS,1,GUDANG BAIK,2101387,Crystal Coat Clear Gloss  1 LITER,6.00,"657,000.00",KL,10.00,0.00,0.00,"394,200.00","3,547,800.00",,1,"INDOWIRA, PT"
JUAL,261.000.817,22/01/2026 0:00,2601220527,T,,J.234,KRIYA NUSANTARA GROUP,JL.CIBIRU HILIR NO.36 CIBIRU WETAN CILEUNYI,J,FRANSISKUS,1,GUDANG BAIK,2101391,Crystal Coat Clear Matt MV3 1 LITER,3.00,"657,000.00",KL,10.00,0.00,0.00,"197,100.00","1,773,900.00",,1,"INDOWIRA, PT"
JUAL,261.000.818,22/01/2026 0:00,2601210519,T,,N.1037,ENZO KITCHEN,IBCC BLOK C 2 NO.10-11,13,BU RINI,1,GUDANG BAIK,2102840,Petalac 2K PU Hardener Special  200 CC,6.00,"55,000.00",KL,0.00,0.00,0.00,0.00,"330,000.00",,1,"INDOWIRA, PT"
JUAL,261.000.818,22/01/2026 0:00,2601210519,T,,N.1037,ENZO KITCHEN,IBCC BLOK C 2 NO.10-11,13,BU RINI,1,GUDANG BAIK,2200071,Petalac 2K PU Colour P.002 Black Base 0.8Lt,6.00,"126,000.00",KL,0.00,0.00,0.00,0.00,"756,000.00",,1,"INDOWIRA, PT"
JUAL,261.000.819,22/01/2026 0:00,2601210493,T,,P.160,SENTRAD,RANCAEKEK PERMAI II,13,BU RINI,1,GUDANG BAIK,2102109,Mascot Wall Paint Super White 200 KG,5.00,"1,700,000.00",DRM,0.00,0.00,0.00,0.00,"8,500,000.00",K/KP.BOJONG JATI RT.02/16 RANCAEKEK,1,"INDOWIRA, PT"
JUAL,261.000.820,22/01/2026 0:00,2601210496,T,,N.888,SUMBER WARNA,PUNGKUR,14,DEPO BANDUNG,1,GUDANG BAIK,2102840,Petalac 2K PU Hardener Special  200 CC,2.00,"55,000.00",KL,7.50,2.50,0.00,"10,793.76","99,206.24",,1,"INDOWIRA, PT"
JUAL,261.000.820,22/01/2026 0:00,2601210496,T,,N.888,SUMBER WARNA,PUNGKUR,14,DEPO BANDUNG,1,GUDANG BAIK,2200228,Petalac 2K PU CO P118 Dark O Base 0.8LT,1.00,"143,000.00",KL,7.50,2.50,0.00,"14,031.88","128,968.12",,1,"INDOWIRA, PT"
JUAL,261.000.820,22/01/2026 0:00,2601210496,T,,N.888,SUMBER WARNA,PUNGKUR,14,DEPO BANDUNG,1,GUDANG BAIK,2102728,Petalac 2K PU Colour Base P004 Dark Yellow 0.8lt,1.00,"133,000.00",KL,7.50,2.50,0.00,"13,050.62","119,949.38",,1,"INDOWIRA, PT"
JUAL,261.000.821,22/01/2026 0:00,2601190452,T,,Q.245,PT.SINAR MULIA PERKASA /HOTEL,JL.SUMATRA 51 - HOTEL ARYA DUTA,R,SIMON QIRENE,1,GUDANG BAIK,2103630,Petalux Wall Paint POS PH04 25 KG,1.00,"765,000.00",PL,0.00,0.00,0.00,0.00,"765,000.00",,1,"INDOWIRA, PT"
JUAL,261.000.822,22/01/2026 0:00,2601210515,T,,N.706,EKA TANTY,JLSURYA KENCANA NO.59 DEPAN HOTEL ANUGRAH SUKABUMI,13,BU RINI,1,GUDANG BAIK,2300042,Petalac Ext 4:1 Clear Matt Base 0.8LT,3.00,"132,000.00",KL,5.00,0.00,0.00,"19,800.00","376,200.00",,1,"INDOWIRA, PT"
JUAL,261.000.822,22/01/2026 0:00,2601210515,T,,N.706,EKA TANTY,JLSURYA KENCANA NO.59 DEPAN HOTEL ANUGRAH SUKABUMI,13,BU RINI,1,GUDANG BAIK,2102840,Petalac 2K PU Hardener Special  200 CC,3.00,"55,000.00",KL,5.00,0.00,0.00,"8,250.00","156,750.00",,1,"INDOWIRA, PT"
JUAL,261.000.823,22/01/2026 0:00,2601190459,T,,N.1028,EDY RUSWANDY,BAGUS RANGIN NO.15/50 LEBAK GEDE DAERAH GASIBU DIPATIUKUR,13,BU RINI,1,GUDANG BAIK,2400164,Shintex Wall Paint 92402 AB Light Grey 25KG,15.00,"410,000.00",PAIL,0.00,0.00,0.00,0.00,"6,150,000.00",,1,"INDOWIRA, PT"
JUAL,261.000.823,22/01/2026 0:00,2601190459,T,,N.1028,EDY RUSWANDY,BAGUS RANGIN NO.15/50 LEBAK GEDE DAERAH GASIBU DIPATIUKUR,13,BU RINI,1,GUDANG BAIK,2100913,Attaboy Thinner OS 2000  1 LITER,4.00,"43,000.00",KL,0.00,0.00,0.00,0.00,"172,000.00",,1,"INDOWIRA, PT"
JUAL,261.000.823,22/01/2026 0:00,2601190459,T,,N.1028,EDY RUSWANDY,BAGUS RANGIN NO.15/50 LEBAK GEDE DAERAH GASIBU DIPATIUKUR,13,BU RINI,1,GUDANG BAIK,2100705,Attaboy OS Super Primer White 18 LITER,2.00,"1,500,000.00",PL,5.00,0.00,0.00,"150,000.00","2,850,000.00",,1,"INDOWIRA, PT"
JUAL,261.000.824,22/01/2026 0:00,2601190439,T,,N.1081,ARIS RISMANSYAH,JL.SUKAMAJU NO.2 RT.003/005 CIPADUNG KULON,13,BU RINI,1,GUDANG BAIK,2102074,Meiji Zinc Chromate Light Grey 20 KG,2.00,"825,000.00",PL,5.00,0.00,0.00,"82,500.00","1,567,500.00",,1,"INDOWIRA, PT"
JUAL,261.000.826,22/01/2026 0:00,2601220544,T,,K.527,PT.AKD,SADANG,14,DEPO BANDUNG,1,GUDANG BAIK,2103148,Petalac Thinner PU  20 LTR,8.00,"834,000.00",JRG,0.00,0.00,0.00,0.00,"6,672,000.00",,1,"INDOWIRA, PT"
JUAL,261.000.827,22/01/2026 0:00,2601220526,T,,G.227,MUTIARA WARNA,JL.SOMAWINATA 14 TANI MULYA,G,JULIANTO,1,GUDANG BAIK,2103866,Shintex Wall Filler  25 KG,1.00,"263,000.00",PL,7.50,0.00,0.00,"19,725.00","243,275.00",,1,"INDOWIRA, PT"
JUAL,261.000.828,22/01/2026 0:00,2601190429,T,,Y.284,PUTRA SEJATI 3,RANCA BENTANG NO.3,Y,KEN - Y,1,GUDANG BAIK,2104119,Wiratex Wall Paint 820 Apple W 25 KG,1.00,"390,000.00",PL,7.50,0.00,0.00,"29,250.00","360,750.00",,1,"INDOWIRA, PT"
JUAL,261.000.829,22/01/2026 0:00,2601190440,T,,N.815A,FAUZAN,KIDANG PANANJUNG 33 KOTA BARU PARAHYANGAN,13,BU RINI,1,GUDANG BAIK,2100913,Attaboy Thinner OS 2000  1 LITER,2.00,"43,000.00",KL,0.00,0.00,0.00,0.00,"86,000.00",,1,"INDOWIRA, PT"
JUAL,261.000.829,22/01/2026 0:00,2601190440,T,,N.815A,FAUZAN,KIDANG PANANJUNG 33 KOTA BARU PARAHYANGAN,13,BU RINI,1,GUDANG BAIK,2100705,Attaboy OS Super Primer White 18 LITER,1.00,"1,500,000.00",PL,0.00,0.00,0.00,0.00,"1,500,000.00",,1,"INDOWIRA, PT"
JUAL,261.000.830,22/01/2026 0:00,2601220549,T,,K.527,PT.AKD,SADANG,14,DEPO BANDUNG,1,GUDANG BAIK,2101416,Crystal Coat Thinner  1 LITER,24.00,"51,000.00",KL,0.00,0.00,0.00,0.00,"1,224,000.00",,1,"INDOWIRA, PT"
JUAL,261.000.830,22/01/2026 0:00,2601220549,T,,K.527,PT.AKD,SADANG,14,DEPO BANDUNG,1,GUDANG BAIK,2101387,Crystal Coat Clear Gloss  1 LITER,4.00,"657,000.00",KL,10.00,0.00,0.00,"262,800.00","2,365,200.00",,1,"INDOWIRA, PT"
JUAL,261.000.830,22/01/2026 0:00,2601220549,T,,K.527,PT.AKD,SADANG,14,DEPO BANDUNG,1,GUDANG BAIK,2101366,Crystal Coat Candytone Golden Metal 1 LTS,6.00,"657,000.00",KL,10.00,5.00,0.00,"571,590.00","3,370,410.00",,1,"INDOWIRA, PT"
JUAL,261.000.831,22/01/2026 0:00,2601120225,T,,N.726A,CV.HIKMAH JAYA SENTOSA,JL.S.HATTA 444,13,BU RINI,1,GUDANG BAIK,2500270,Attaboy Epoxy Floor Primer SL MT380 20KG,1.00,"2,390,000.00",PAIL,0.00,0.00,0.00,0.00,"2,390,000.00",,1,"INDOWIRA, PT"
JUAL,261.000.832,22/01/2026 0:00,2601130306,T,,K.521,TOPIC,JATAYU,L,RUDI *,1,GUDANG BAIK,2102840,Petalac 2K PU Hardener Special  200 CC,1.00,"55,000.00",KL,10.00,0.00,0.00,"5,500.00","49,500.00",via sj.4080,1,"INDOWIRA, PT"
JUAL,261.000.832,22/01/2026 0:00,2601130306,T,,K.521,TOPIC,JATAYU,L,RUDI *,1,GUDANG BAIK,2500343,Petalac 2K PU CO Base Topic White Matt 0.8LT,1.00,"140,000.00",KL,10.00,0.00,0.00,"14,000.00","126,000.00",via sj.4080,1,"INDOWIRA, PT"
JUAL,261.000.833,22/01/2026 0:00,2601220568,T,,H.362,TB.DKK BAJA TAJUR HALANG,"JL.TAJUR HALANG RAYA,BOMANG BOGOR",H,YANSENG,1,GUDANG BAIK,2400109,Meiji Zinc Chromate Primer Blue 20KG,3.00,"825,000.00",PAIL,7.50,0.00,0.00,"185,625.00","2,289,375.00",,1,"INDOWIRA, PT"
JUAL,261.000.833,22/01/2026 0:00,2601220568,T,,H.362,TB.DKK BAJA TAJUR HALANG,"JL.TAJUR HALANG RAYA,BOMANG BOGOR",H,YANSENG,1,GUDANG BAIK,2102061,Meiji Zinc Chromate Primer  1 KG,6.00,"51,000.00",KL,7.50,0.00,0.00,"22,950.00","283,050.00",,1,"INDOWIRA, PT"
JUAL,261.000.833,22/01/2026 0:00,2601220568,T,,H.362,TB.DKK BAJA TAJUR HALANG,"JL.TAJUR HALANG RAYA,BOMANG BOGOR",H,YANSENG,1,GUDANG BAIK,2104539,Meiji Zinc Chromate Light Grey 1 Kg,6.00,"51,000.00",KL,7.50,0.00,0.00,"22,950.00","283,050.00",,1,"INDOWIRA, PT"
JUAL,261.000.833,22/01/2026 0:00,2601220568,T,,H.362,TB.DKK BAJA TAJUR HALANG,"JL.TAJUR HALANG RAYA,BOMANG BOGOR",H,YANSENG,1,GUDANG BAIK,2400115,Meiji Zinc Chromate Primer Blue 1KG,6.00,"51,000.00",KL,7.50,0.00,0.00,"22,950.00","283,050.00",,1,"INDOWIRA, PT"
JUAL,261.000.833,22/01/2026 0:00,2601220568,T,,H.362,TB.DKK BAJA TAJUR HALANG,"JL.TAJUR HALANG RAYA,BOMANG BOGOR",H,YANSENG,1,GUDANG BAIK,2102065,Meiji Zinc Chromate Primer Iron Oxide 1 KG,6.00,"51,000.00",KL,7.50,0.00,0.00,"22,950.00","283,050.00",,1,"INDOWIRA, PT"
JUAL,261.000.833,22/01/2026 0:00,2601220568,T,,H.362,TB.DKK BAJA TAJUR HALANG,"JL.TAJUR HALANG RAYA,BOMANG BOGOR",H,YANSENG,1,GUDANG BAIK,2102063,Meiji Zinc Chromate Primer Broken White 1 KG,6.00,"51,000.00",KL,7.50,0.00,0.00,"22,950.00","283,050.00",,1,"INDOWIRA, PT"
JUAL,261.000.833,22/01/2026 0:00,2601220568,T,,H.362,TB.DKK BAJA TAJUR HALANG,"JL.TAJUR HALANG RAYA,BOMANG BOGOR",H,YANSENG,1,GUDANG BAIK,2102066,Meiji Zinc Chromate Primer  20 KG,3.00,"825,000.00",PL,7.50,0.00,0.00,"185,625.00","2,289,375.00",,1,"INDOWIRA, PT"
JUAL,261.000.833,22/01/2026 0:00,2601220568,T,,H.362,TB.DKK BAJA TAJUR HALANG,"JL.TAJUR HALANG RAYA,BOMANG BOGOR",H,YANSENG,1,GUDANG BAIK,2102074,Meiji Zinc Chromate Light Grey 20 KG,2.00,"825,000.00",PL,7.50,0.00,0.00,"123,750.00","1,526,250.00",,1,"INDOWIRA, PT"
JUAL,261.000.833,22/01/2026 0:00,2601220568,T,,H.362,TB.DKK BAJA TAJUR HALANG,"JL.TAJUR HALANG RAYA,BOMANG BOGOR",H,YANSENG,1,GUDANG BAIK,2102072,Meiji Zinc Chromate Primer Oxide Red 20 KG,2.00,"825,000.00",PL,7.50,0.00,0.00,"123,750.00","1,526,250.00",,1,"INDOWIRA, PT"
JUAL,261.000.834,22/01/2026 0:00,2601220568,T,,H.362,TB.DKK BAJA TAJUR HALANG,"JL.TAJUR HALANG RAYA,BOMANG BOGOR",H,YANSENG,1,GUDANG BAIK,2400116,Meiji Zinc Chromate Primer Blue 5KG,4.00,"225,000.00",GL,7.50,0.00,0.00,"67,500.00","832,500.00",,1,"INDOWIRA, PT"
JUAL,261.000.834,22/01/2026 0:00,2601220568,T,,H.362,TB.DKK BAJA TAJUR HALANG,"JL.TAJUR HALANG RAYA,BOMANG BOGOR",H,YANSENG,1,GUDANG BAIK,2102076,Meiji Zinc Chromate Primer  5 KG,4.00,"225,000.00",GLN,7.50,0.00,0.00,"67,500.00","832,500.00",,1,"INDOWIRA, PT"
JUAL,261.000.834,22/01/2026 0:00,2601220568,T,,H.362,TB.DKK BAJA TAJUR HALANG,"JL.TAJUR HALANG RAYA,BOMANG BOGOR",H,YANSENG,1,GUDANG BAIK,2102080,Meiji Zinc Chromate Oxide Red 5 KG,4.00,"225,000.00",GLN,7.50,0.00,0.00,"67,500.00","832,500.00",,1,"INDOWIRA, PT"
JUAL,261.000.834,22/01/2026 0:00,2601220568,T,,H.362,TB.DKK BAJA TAJUR HALANG,"JL.TAJUR HALANG RAYA,BOMANG BOGOR",H,YANSENG,1,GUDANG BAIK,2102075,Meiji Zinc Chromate Primer Light Grey 5 KG,4.00,"225,000.00",GLN,7.50,0.00,0.00,"67,500.00","832,500.00",,1,"INDOWIRA, PT"
JUAL,261.000.834,22/01/2026 0:00,2601220568,T,,H.362,TB.DKK BAJA TAJUR HALANG,"JL.TAJUR HALANG RAYA,BOMANG BOGOR",H,YANSENG,1,GUDANG BAIK,2104540,Meiji Zinc Chromate Primer Broken White 5kg,4.00,"225,000.00",GLN,7.50,0.00,0.00,"67,500.00","832,500.00",,1,"INDOWIRA, PT"
JUAL,261.000.835,22/01/2026 0:00,2601220559,T,,G.188,SUMBER ALAM,ION MARTASASMITA PAMANUKAN,G,JULIANTO,1,GUDANG BAIK,2200143,Kingkong Wall Paint 121 Shapire 18KG,1.00,"288,000.00",PAIL,7.50,0.00,0.00,"21,600.00","266,400.00",,1,"INDOWIRA, PT"
JUAL,261.000.835,22/01/2026 0:00,2601220559,T,,G.188,SUMBER ALAM,ION MARTASASMITA PAMANUKAN,G,JULIANTO,1,GUDANG BAIK,2200167,Kingkong Wall Paint Putih Metro 18KG,1.00,"288,000.00",PAIL,7.50,0.00,0.00,"21,600.00","266,400.00",,1,"INDOWIRA, PT"
JUAL,261.000.835,22/01/2026 0:00,2601220559,T,,G.188,SUMBER ALAM,ION MARTASASMITA PAMANUKAN,G,JULIANTO,1,GUDANG BAIK,2200162,Kingkong Wall paint Super White 18KG,3.00,"288,000.00",PAIL,7.50,0.00,0.00,"64,800.00","799,200.00",,1,"INDOWIRA, PT"
JUAL,261.000.835,22/01/2026 0:00,2601220559,T,,G.188,SUMBER ALAM,ION MARTASASMITA PAMANUKAN,G,JULIANTO,1,GUDANG BAIK,2200297,Kingkong Wall Paint 109 Aple W 4.5KG,4.00,"76,000.00",GLN,7.50,0.00,0.00,"22,800.00","281,200.00",,1,"INDOWIRA, PT"
JUAL,261.000.835,22/01/2026 0:00,2601220559,T,,G.188,SUMBER ALAM,ION MARTASASMITA PAMANUKAN,G,JULIANTO,1,GUDANG BAIK,2200139,Kingkong Wall Paint Super White 4.5Kg,8.00,"76,000.00",GLN,7.50,0.00,0.00,"45,600.00","562,400.00",,1,"INDOWIRA, PT"
JUAL,261.000.835,22/01/2026 0:00,2601220559,T,,G.188,SUMBER ALAM,ION MARTASASMITA PAMANUKAN,G,JULIANTO,1,GUDANG BAIK,2200222,Kingkong Wall Paint Putih Metropolitan 4.5KG,4.00,"76,000.00",GLN,7.50,0.00,0.00,"22,800.00","281,200.00",,1,"INDOWIRA, PT"
JUAL,261.000.835,22/01/2026 0:00,2601220559,T,,G.188,SUMBER ALAM,ION MARTASASMITA PAMANUKAN,G,JULIANTO,1,GUDANG BAIK,2103799,Shintex Cat Genteng 301 Black 20 KG,1.00,"865,000.00",PL,7.50,0.00,0.00,"64,875.00","800,125.00",,1,"INDOWIRA, PT"
JUAL,261.000.835,22/01/2026 0:00,2601220559,T,,G.188,SUMBER ALAM,ION MARTASASMITA PAMANUKAN,G,JULIANTO,1,GUDANG BAIK,2103830,Shintex Cat Genteng Sp 306 Tropic 20 KG,1.00,"1,100,000.00",PL,7.50,0.00,0.00,"82,500.00","1,017,500.00",,1,"INDOWIRA, PT"
JUAL,261.000.835,22/01/2026 0:00,2601220559,T,,G.188,SUMBER ALAM,ION MARTASASMITA PAMANUKAN,G,JULIANTO,1,GUDANG BAIK,2103808,Shintex Cat Genteng 316 Minimal Grey 20 KG,1.00,"865,000.00",PL,7.50,0.00,0.00,"64,875.00","800,125.00",,1,"INDOWIRA, PT"
JUAL,261.000.836,22/01/2026 0:00,2601220559,T,,G.188,SUMBER ALAM,ION MARTASASMITA PAMANUKAN,G,JULIANTO,1,GUDANG BAIK,2100011,AlFa Polyester Putty  3KG,6.00,"103,000.00",GLN,5.00,0.00,0.00,"30,900.00","587,100.00",,1,"INDOWIRA, PT"
JUAL,261.000.836,22/01/2026 0:00,2601220559,T,,G.188,SUMBER ALAM,ION MARTASASMITA PAMANUKAN,G,JULIANTO,1,GUDANG BAIK,2103789,Shintex Cat Genteng 301 Black 1KG,12.00,"57,000.00",KL,7.50,0.00,0.00,"51,300.00","632,700.00",,1,"INDOWIRA, PT"
JUAL,261.000.836,22/01/2026 0:00,2601220559,T,,G.188,SUMBER ALAM,ION MARTASASMITA PAMANUKAN,G,JULIANTO,1,GUDANG BAIK,2103796,Shintex Cat Genteng 312 White 1KG,12.00,"57,000.00",KL,7.50,0.00,0.00,"51,300.00","632,700.00",,1,"INDOWIRA, PT"
JUAL,261.000.836,22/01/2026 0:00,2601220559,T,,G.188,SUMBER ALAM,ION MARTASASMITA PAMANUKAN,G,JULIANTO,1,GUDANG BAIK,2103793,Shintex Cat Genteng 308 Tile Re 1KG,12.00,"57,000.00",KL,7.50,0.00,0.00,"51,300.00","632,700.00",,1,"INDOWIRA, PT"
JUAL,261.000.837,22/01/2026 0:00,2601190430,T,,G.106,ALAM MAKMUR,KALIJATI,G,JULIANTO,1,GUDANG BAIK,2200183,Kingkong Wall Paint 105 Chiffon 18KG,5.00,"288,000.00",PAIL,7.50,0.00,0.00,"108,000.00","1,332,000.00",,1,"INDOWIRA, PT"
JUAL,261.000.837,22/01/2026 0:00,2601190430,T,,G.106,ALAM MAKMUR,KALIJATI,G,JULIANTO,1,GUDANG BAIK,2200167,Kingkong Wall Paint Putih Metro 18KG,5.00,"288,000.00",PAIL,7.50,0.00,0.00,"108,000.00","1,332,000.00",,1,"INDOWIRA, PT"
JUAL,261.000.838,22/01/2026 0:00,2601190394,T,,G.106,ALAM MAKMUR,KALIJATI,G,JULIANTO,1,GUDANG BAIK,2200162,Kingkong Wall paint Super White 18KG,5.00,"288,000.00",PAIL,7.50,0.00,0.00,"108,000.00","1,332,000.00",,1,"INDOWIRA, PT"
JUAL,261.000.838,22/01/2026 0:00,2601190394,T,,G.106,ALAM MAKMUR,KALIJATI,G,JULIANTO,1,GUDANG BAIK,2200222,Kingkong Wall Paint Putih Metropolitan 4.5KG,8.00,"76,000.00",GLN,7.50,0.00,0.00,"45,600.00","562,400.00",,1,"INDOWIRA, PT"
JUAL,261.000.839,22/01/2026 0:00,2601210522,T,,G.106,ALAM MAKMUR,KALIJATI,G,JULIANTO,1,GUDANG BAIK,2200251,Kingkong Wall Paint 121 Saphire 4.5KG,20.00,"76,000.00",GLN,7.50,0.00,0.00,"114,000.00","1,406,000.00",,1,"INDOWIRA, PT"
JUAL,261.000.839,22/01/2026 0:00,2601210522,T,,G.106,ALAM MAKMUR,KALIJATI,G,JULIANTO,1,GUDANG BAIK,2200250,Kingkong Wall Paint 124 Blue La 4.5KG,12.00,"76,000.00",GLN,7.50,0.00,0.00,"68,400.00","843,600.00",,1,"INDOWIRA, PT"
JUAL,261.000.839,22/01/2026 0:00,2601210522,T,,G.106,ALAM MAKMUR,KALIJATI,G,JULIANTO,1,GUDANG BAIK,2300026,Kingkong Wall Paint 129 River Stone 4.5KG,8.00,"76,000.00",GLN,7.50,0.00,0.00,"45,600.00","562,400.00",,1,"INDOWIRA, PT"
JUAL,261.000.839,22/01/2026 0:00,2601210522,T,,G.106,ALAM MAKMUR,KALIJATI,G,JULIANTO,1,GUDANG BAIK,2200248,Kingkong Wall Paint 131 Spring Green 4.5KG,8.00,"76,000.00",GLN,7.50,0.00,0.00,"45,600.00","562,400.00",,1,"INDOWIRA, PT"
JUAL,261.000.840,22/01/2026 0:00,2601220567,T,,G.205,ALPIN JAYA,JL.PUSAKA (PANTURA) BELAKANG RM.TAMAN SA,G,JULIANTO,1,GUDANG BAIK,2200254,Kingkong Wall Paint 132 4.5KG,4.00,"76,000.00",GLN,7.50,0.00,0.00,"22,800.00","281,200.00",,1,"INDOWIRA, PT"
JUAL,261.000.840,22/01/2026 0:00,2601220567,T,,G.205,ALPIN JAYA,JL.PUSAKA (PANTURA) BELAKANG RM.TAMAN SA,G,JULIANTO,1,GUDANG BAIK,2300050,Kingkong Wall Paint 104 Cream 4.5KG,4.00,"76,000.00",GLN,7.50,0.00,0.00,"22,800.00","281,200.00",,1,"INDOWIRA, PT"
JUAL,261.000.840,22/01/2026 0:00,2601220567,T,,G.205,ALPIN JAYA,JL.PUSAKA (PANTURA) BELAKANG RM.TAMAN SA,G,JULIANTO,1,GUDANG BAIK,2200297,Kingkong Wall Paint 109 Aple W 4.5KG,4.00,"76,000.00",GLN,7.50,0.00,0.00,"22,800.00","281,200.00",,1,"INDOWIRA, PT"
JUAL,261.000.840,22/01/2026 0:00,2601220567,T,,G.205,ALPIN JAYA,JL.PUSAKA (PANTURA) BELAKANG RM.TAMAN SA,G,JULIANTO,1,GUDANG BAIK,2200341,Kingkong WAll Paint 105 Chiffon 4.5KG,4.00,"76,000.00",GLN,7.50,0.00,0.00,"22,800.00","281,200.00",,1,"INDOWIRA, PT"
JUAL,261.000.840,22/01/2026 0:00,2601220567,T,,G.205,ALPIN JAYA,JL.PUSAKA (PANTURA) BELAKANG RM.TAMAN SA,G,JULIANTO,1,GUDANG BAIK,2200345,Kingkong Wall Paint 130 Plum Fr 4.5KG,4.00,"76,000.00",GLN,7.50,0.00,0.00,"22,800.00","281,200.00",,1,"INDOWIRA, PT"
JUAL,261.000.840,22/01/2026 0:00,2601220567,T,,G.205,ALPIN JAYA,JL.PUSAKA (PANTURA) BELAKANG RM.TAMAN SA,G,JULIANTO,1,GUDANG BAIK,2200250,Kingkong Wall Paint 124 Blue La 4.5KG,4.00,"76,000.00",GLN,7.50,0.00,0.00,"22,800.00","281,200.00",,1,"INDOWIRA, PT"
JUAL,261.000.840,22/01/2026 0:00,2601220567,T,,G.205,ALPIN JAYA,JL.PUSAKA (PANTURA) BELAKANG RM.TAMAN SA,G,JULIANTO,1,GUDANG BAIK,2200223,Kingkong Wall Paint 127 Sun Flo 4.5KG,4.00,"76,000.00",GLN,7.50,0.00,0.00,"22,800.00","281,200.00",,1,"INDOWIRA, PT"
JUAL,261.000.840,22/01/2026 0:00,2601220567,T,,G.205,ALPIN JAYA,JL.PUSAKA (PANTURA) BELAKANG RM.TAMAN SA,G,JULIANTO,1,GUDANG BAIK,2200252,Kingkong Wall Paint 128 Minimal 4.5KG,4.00,"76,000.00",GLN,7.50,0.00,0.00,"22,800.00","281,200.00",,1,"INDOWIRA, PT"
JUAL,261.000.840,22/01/2026 0:00,2601220567,T,,G.205,ALPIN JAYA,JL.PUSAKA (PANTURA) BELAKANG RM.TAMAN SA,G,JULIANTO,1,GUDANG BAIK,2300026,Kingkong Wall Paint 129 River Stone 4.5KG,4.00,"76,000.00",GLN,7.50,0.00,0.00,"22,800.00","281,200.00",,1,"INDOWIRA, PT"
JUAL,261.000.840,22/01/2026 0:00,2601220567,T,,G.205,ALPIN JAYA,JL.PUSAKA (PANTURA) BELAKANG RM.TAMAN SA,G,JULIANTO,1,GUDANG BAIK,2200248,Kingkong Wall Paint 131 Spring Green 4.5KG,4.00,"76,000.00",GLN,7.50,0.00,0.00,"22,800.00","281,200.00",,1,"INDOWIRA, PT"
JUAL,261.000.840,22/01/2026 0:00,2601220567,T,,G.205,ALPIN JAYA,JL.PUSAKA (PANTURA) BELAKANG RM.TAMAN SA,G,JULIANTO,1,GUDANG BAIK,2200222,Kingkong Wall Paint Putih Metropolitan 4.5KG,4.00,"76,000.00",GLN,7.50,0.00,0.00,"22,800.00","281,200.00",,1,"INDOWIRA, PT"
JUAL,261.000.841,22/01/2026 0:00,2601220567,T,,G.205,ALPIN JAYA,JL.PUSAKA (PANTURA) BELAKANG RM.TAMAN SA,G,JULIANTO,1,GUDANG BAIK,2200191,Kingkong Wall Paint Special 542 Orange 4.5KG,4.00,"76,000.00",GLN,7.50,0.00,0.00,"22,800.00","281,200.00",,1,"INDOWIRA, PT"
JUAL,261.000.841,22/01/2026 0:00,2601220567,T,,G.205,ALPIN JAYA,JL.PUSAKA (PANTURA) BELAKANG RM.TAMAN SA,G,JULIANTO,1,GUDANG BAIK,2200215,Kingkong Wall Paint Special 519 Bahama 4.5KG,4.00,"76,000.00",GLN,7.50,0.00,0.00,"22,800.00","281,200.00",,1,"INDOWIRA, PT"
JUAL,261.000.841,22/01/2026 0:00,2601220567,T,,G.205,ALPIN JAYA,JL.PUSAKA (PANTURA) BELAKANG RM.TAMAN SA,G,JULIANTO,1,GUDANG BAIK,2200189,Kingkong Wall Paint Special 532 Mountai 4.5KG,4.00,"76,000.00",GLN,7.50,0.00,0.00,"22,800.00","281,200.00",,1,"INDOWIRA, PT"
JUAL,261.000.841,22/01/2026 0:00,2601220567,T,,G.205,ALPIN JAYA,JL.PUSAKA (PANTURA) BELAKANG RM.TAMAN SA,G,JULIANTO,1,GUDANG BAIK,2200198,Kingkong Wall Paint Special 506 Sunny Y 4.5KG,4.00,"76,000.00",GLN,7.50,0.00,0.00,"22,800.00","281,200.00",,1,"INDOWIRA, PT"
JUAL,261.000.841,22/01/2026 0:00,2601220567,T,,G.205,ALPIN JAYA,JL.PUSAKA (PANTURA) BELAKANG RM.TAMAN SA,G,JULIANTO,1,GUDANG BAIK,2200199,Kingkong Wall Paint Special 507 Poppy O 4.5KG,4.00,"76,000.00",GLN,7.50,0.00,0.00,"22,800.00","281,200.00",,1,"INDOWIRA, PT"
JUAL,261.000.841,22/01/2026 0:00,2601220567,T,,G.205,ALPIN JAYA,JL.PUSAKA (PANTURA) BELAKANG RM.TAMAN SA,G,JULIANTO,1,GUDANG BAIK,2200188,Kingkong Wall Paint Special 548 Aquarin 4.5KG,4.00,"76,000.00",GLN,7.50,0.00,0.00,"22,800.00","281,200.00",,1,"INDOWIRA, PT"
JUAL,261.000.842,22/01/2026 0:00,2601220536,T,,G.122,DAYA TEKNIK,HAURGEULIS,G,JULIANTO,1,GUDANG BAIK,2102061,Meiji Zinc Chromate Primer  1 KG,24.00,"51,000.00",KL,7.50,0.00,0.00,"91,800.00","1,132,200.00",,1,"INDOWIRA, PT"
JUAL,261.000.842,22/01/2026 0:00,2601220536,T,,G.122,DAYA TEKNIK,HAURGEULIS,G,JULIANTO,1,GUDANG BAIK,2104539,Meiji Zinc Chromate Light Grey 1 Kg,24.00,"51,000.00",KL,7.50,0.00,0.00,"91,800.00","1,132,200.00",,1,"INDOWIRA, PT"
JUAL,261.000.845,22/01/2026 0:00,2601220523,T,,Q.301,PT.VISTA KREASINDO,JL.CENTEH NO.4,13,BU RINI,1,GUDANG BAIK,240035,Petalac 2K PU Colour Base P.112 Mole Brown 0.8LT,2.00,"142,000.00",KL,0.00,0.00,0.00,0.00,"284,000.00",,1,"INDOWIRA, PT"
JUAL,261.000.846,22/01/2026 0:00,2601210514,T,,Q.301,PT.VISTA KREASINDO,JL.CENTEH NO.4,13,BU RINI,1,GUDANG BAIK,2200130,Petalac 2K PU CO P.110 Broken White Base 0.8Lt,12.00,"140,000.00",KL,0.00,0.00,0.00,0.00,"1,680,000.00",,1,"INDOWIRA, PT"
JUAL,261.000.847,22/01/2026 0:00,2601210487,T,,K.412,"YUNIKO,PD",KEBON JATI 224,14,DEPO BANDUNG,1,GUDANG BAIK,2100052,Adler Polyester Putty 3002  25 KG SET,2.00,"1,300,000.00",PL,10.00,0.00,0.00,"260,000.00","2,340,000.00",,1,"INDOWIRA, PT"
JUAL,261.000.848,22/01/2026 0:00,2601220545,T,,G.227,MUTIARA WARNA,JL.SOMAWINATA 14 TANI MULYA,G,JULIANTO,1,GUDANG BAIK,2104160,Wiratex Wall Paint 809 Jonquil 5KG,2.00,"83,000.00",GL,7.50,0.00,0.00,"12,450.00","153,550.00",,1,"INDOWIRA, PT"
JUAL,261.000.848,22/01/2026 0:00,2601220545,T,,G.227,MUTIARA WARNA,JL.SOMAWINATA 14 TANI MULYA,G,JULIANTO,1,GUDANG BAIK,2104115,Wiratex Wall Paint 809 Jonquil 25 KG,2.00,"390,000.00",PL,7.50,0.00,0.00,"58,500.00","721,500.00",,1,"INDOWIRA, PT"
JUAL,261.000.850,22/01/2026 0:00,2601220552,T,,D.211,KARYA AGUNG,LEUWIGAJAH 55,G,JULIANTO,1,GUDANG BAIK,2102076,Meiji Zinc Chromate Primer  5 KG,4.00,"225,000.00",GLN,7.50,0.00,0.00,"67,500.00","832,500.00",,1,"INDOWIRA, PT"
JUAL,261.000.851,22/01/2026 0:00,2601220555,T,,D.624,TB.SETIA NUGRAHA 1,PARIGI LAME 117 CIWARUGA,U,GANIS,1,GUDANG BAIK,2103818,Shintex Cat Genteng 315 Side Gr 4KG,4.00,"185,000.00",GLN,7.50,0.00,0.00,"55,500.00","684,500.00",,1,"INDOWIRA, PT"
JUAL,261.000.852,22/01/2026 0:00,2601220557,T,,J.611,SINAR WARNA,MOH TOHA 250C,L,RUDI *,1,GUDANG BAIK,2100049,Adler Polyester Putty 3002  1 KG SET,48.00,"62,000.00",KL,10.00,0.00,0.00,"297,600.00","2,678,400.00",,1,"INDOWIRA, PT"
JUAL,261.000.853,22/01/2026 0:00,2601220566,T,,A.114,HS.JAYA,RANCABALI NO.37 DEPAN MESJID ISTIQOMAH,Y,KEN - Y,1,GUDANG BAIK,2200162,Kingkong Wall paint Super White 18KG,1.00,"288,000.00",PAIL,7.50,0.00,0.00,"21,600.00","266,400.00",,1,"INDOWIRA, PT"
JUAL,261.000.853,22/01/2026 0:00,2601220566,T,,A.114,HS.JAYA,RANCABALI NO.37 DEPAN MESJID ISTIQOMAH,Y,KEN - Y,1,GUDANG BAIK,2200331,Kingkong Wall Paint 116 Orchid 4.5KG,4.00,"76,000.00",GLN,7.50,0.00,0.00,"22,800.00","281,200.00",,1,"INDOWIRA, PT"
JUAL,261.000.853,22/01/2026 0:00,2601220566,T,,A.114,HS.JAYA,RANCABALI NO.37 DEPAN MESJID ISTIQOMAH,Y,KEN - Y,1,GUDANG BAIK,2200252,Kingkong Wall Paint 128 Minimal 4.5KG,4.00,"76,000.00",GLN,7.50,0.00,0.00,"22,800.00","281,200.00",,1,"INDOWIRA, PT"
JUAL,261.000.853,22/01/2026 0:00,2601220566,T,,A.114,HS.JAYA,RANCABALI NO.37 DEPAN MESJID ISTIQOMAH,Y,KEN - Y,1,GUDANG BAIK,2300026,Kingkong Wall Paint 129 River Stone 4.5KG,4.00,"76,000.00",GLN,7.50,0.00,0.00,"22,800.00","281,200.00",,1,"INDOWIRA, PT"
JUAL,262.000.025,22/01/2026 0:00,2601220548,T,,M.104,DEPO KUNINGAN,,M,UMUM,1,GUDANG BAIK,2200251,Kingkong Wall Paint 121 Saphire 4.5KG,1.00,"76,000.00",GLN,10.00,10.00,2.00,"15,671.20","60,328.80",PO26010028 KINGKONG,1,"INDOWIRA, PT"
JUAL,262.000.025,22/01/2026 0:00,2601220548,T,,M.104,DEPO KUNINGAN,,M,UMUM,1,GUDANG BAIK,2200223,Kingkong Wall Paint 127 Sun Flo 4.5KG,1.00,"76,000.00",GLN,10.00,10.00,2.00,"15,671.20","60,328.80",PO26010028 KINGKONG,1,"INDOWIRA, PT"
JUAL,262.000.025,22/01/2026 0:00,2601220548,T,,M.104,DEPO KUNINGAN,,M,UMUM,1,GUDANG BAIK,2300026,Kingkong Wall Paint 129 River Stone 4.5KG,2.00,"76,000.00",GLN,10.00,10.00,2.00,"31,342.40","120,657.60",PO26010028 KINGKONG,1,"INDOWIRA, PT"
JUAL,262.000.026,22/01/2026 0:00,2601220547,T,,M.104,DEPO KUNINGAN,,M,UMUM,1,GUDANG BAIK,2101583,Kingkong Cat Genteng 703 Chocola 4 KG,4.00,"198,000.00",GLN,10.00,10.00,2.00,"163,310.40","628,689.60",PO06010103,1,"INDOWIRA, PT"
JUAL,261.000.859,23/01/2026 0:00,2601220558,T,,W.354,PT.MENTARI AGUNG MANDIRI,JL.RAYA DAYEUH KOLOT O.341C RT 001 RW 006,R,SIMON QIRENE,1,GUDANG BAIK,2103737,Petalux Wall Paint Putih Wangi 5KG,1.00,"158,000.00",GLN,0.00,0.00,0.00,0.00,"158,000.00",U/P.ANTON,1,"INDOWIRA, PT"
JUAL,261.000.860,23/01/2026 0:00,2601220560,T,,A.745,MEKAR RAHAYU II,JL.PAMENTASAN SUKALILAH 30 RT.2 RW.6,C,YONATHAN,1,GUDANG BAIK,2101926,Meiji Lacquer Primer Surfacer IK  1 LITER,12.00,"57,000.00",KL,5.00,0.00,0.00,"34,200.00","649,800.00",,1,"INDOWIRA, PT"
JUAL,261.000.861,23/01/2026 0:00,2601220563,T,,C.209,LANGGANAN BARU,SINDANG SARI BARAT 27 CIJERAH,C,YONATHAN,1,GUDANG BAIK,2102079,Meiji Zinc Chromate Primer Grey 5 KG,4.00,"225,000.00",GLN,7.50,0.00,0.00,"67,500.00","832,500.00",,1,"INDOWIRA, PT"
JUAL,261.000.863,23/01/2026 0:00,2601220564,T,,R.127,HARYANTO,BUDI SARI 6 NO.10 SETIA BUDI,13,BU RINI,1,GUDANG BAIK,2104192,Wiratex Wall Paint Super White 5KG,6.00,"83,000.00",GL,0.00,0.00,0.00,0.00,"498,000.00",,1,"INDOWIRA, PT"
JUAL,261.000.864,23/01/2026 0:00,2601230576,T,,Y.241,TB.HURIP JAYA,CIKUTRA NO.129 A,Y,KEN - Y,1,GUDANG BAIK,2102129,Mascot Wall Paint Super White 20 KG,2.00,"215,000.00",PL,7.50,0.00,0.00,"32,250.00","397,750.00",,1,"INDOWIRA, PT"
JUAL,261.000.866,23/01/2026 0:00,2601230578,T,,W.422,YANA,BUMI SILIWANGI,14,DEPO BANDUNG,1,GUDANG BAIK,2104836,PETALUX WALL PAINT CM 602 MATAHARI 5KG,3.00,"158,000.00",GLN,0.00,0.00,0.00,0.00,"474,000.00",,1,"INDOWIRA, PT"
JUAL,261.000.867,23/01/2026 0:00,2601230581,T,,K.405,MAESTRO LAMP,JL.SASTRA NO.3,L,RUDI *,1,GUDANG BAIK,2101419,Crystal Coat Thinner  5 LITER,1.00,"221,000.00",GLN,0.00,0.00,0.00,0.00,"221,000.00",,1,"INDOWIRA, PT"
JUAL,261.000.867,23/01/2026 0:00,2601230581,T,,K.405,MAESTRO LAMP,JL.SASTRA NO.3,L,RUDI *,1,GUDANG BAIK,2101365,Crystal Coat Candytone Golden Lacq 1 LITER,2.00,"657,000.00",KL,10.00,5.00,0.00,"190,530.00","1,123,470.00",,1,"INDOWIRA, PT"
JUAL,261.000.868,23/01/2026 0:00,2601230573,T,,A.209,NETRAL,PASIRKALIKI 6,Y,KEN - Y,1,GUDANG BAIK,2100011,AlFa Polyester Putty  3KG,4.00,"103,000.00",GLN,5.00,0.00,0.00,"20,600.00","391,400.00",,1,"INDOWIRA, PT"
JUAL,261.000.868,23/01/2026 0:00,2601230573,T,,A.209,NETRAL,PASIRKALIKI 6,Y,KEN - Y,1,GUDANG BAIK,2100006,Alfa Polyester Putty  1 KG,12.00,"39,000.00",KL,5.00,0.00,0.00,"23,400.00","444,600.00",,1,"INDOWIRA, PT"
JUAL,261.000.869,23/01/2026 0:00,2601230572,T,,W.354,PT.MENTARI AGUNG MANDIRI,JL.RAYA DAYEUH KOLOT O.341C RT 001 RW 006,R,SIMON QIRENE,1,GUDANG BAIK,2103625,Petalux Wall Paint Putih Wangi 25 KG,3.00,"505,000.00",PL,0.00,0.00,0.00,0.00,"1,515,000.00",U/P.NANANG,1,"INDOWIRA, PT"
JUAL,261.000.870,23/01/2026 0:00,2601230582,T,,G.525,ANEKA JAYA KERAMIK,JL.RAYA GADOBANGKONG NO.48 DEPAN DARTO TAILOR,G,JULIANTO,1,GUDANG BAIK,2300315,Shintex Base A 25KG,2.00,"485,000.00",PAIL,12.50,0.00,0.00,"121,250.00","848,750.00",,1,"INDOWIRA, PT"
JUAL,261.000.872,23/01/2026 0:00,2601190470,T,,J.202,GLOBAL KRIYA NUSANTARA/AL IKHS,JL.GOLF TAMAN CINTA/INSPEKSI NO.2,J,FRANSISKUS,1,GUDANG BAIK,2200052,Petalac 2K PU Clear Gloss Base 20lt,1.00,"2,457,000.00",PAIL,10.00,0.00,0.00,"245,700.00","2,211,300.00",,1,"INDOWIRA, PT"
JUAL,261.000.873,23/01/2026 0:00,2601050047,T,,R.571,PERUM BUMI CITRA INDAH 4,CIPATIK,R,SIMON QIRENE,1,GUDANG BAIK,2102109,Mascot Wall Paint Super White 200 KG,10.00,"1,365,000.00",DRM,0.00,0.00,0.00,0.00,"13,650,000.00",,1,"INDOWIRA, PT"
JUAL,261.000.874,23/01/2026 0:00,2601230574,T,,H.180,KCN SS,BOGOR,H,YANSENG,1,GUDANG BAIK,2101924,Meiji Gum Sealer  1 LTR SET,12.00,"164,000.00",KL,7.50,3.00,0.00,"202,212.00","1,765,788.00",,1,"INDOWIRA, PT"
JUAL,261.000.875,23/01/2026 0:00,2601050061,T,,H.229,WARNA JAYA,JL. Cigudeg,H1,MIMING,1,GUDANG BAIK,2101913,Meiji Epoxy Filler  0.25 LTR SET,96.00,"26,500.00",KL,5.00,0.00,0.00,"127,200.00","2,416,800.00",,1,"INDOWIRA, PT"
JUAL,261.000.876,23/01/2026 0:00,2601220571,T,,H.146,MURAH MAKMUR,RY.CIGOMBONG 348 CIANJUR,H,YANSENG,1,GUDANG BAIK,2102068,Meiji Zinc Chromate Primer Broken Whit 20 KG,2.00,"825,000.00",PL,7.50,0.00,0.00,"123,750.00","1,526,250.00",,1,"INDOWIRA, PT"
JUAL,261.000.877,23/01/2026 0:00,2601190442,T,,G.227,MUTIARA WARNA,JL.SOMAWINATA 14 TANI MULYA,G,JULIANTO,1,GUDANG BAIK,2104157,Wiratex Wall Paint 806 Cream 5KG,2.00,"83,000.00",GL,7.50,0.00,0.00,"12,450.00","153,550.00",,1,"INDOWIRA, PT"
JUAL,261.000.878,23/01/2026 0:00,2512310912,T,,D.619,SALUYU,PATROL PARONGPONG,G,JULIANTO,1,GUDANG BAIK,2104191,Wiratex Wall Paint Putih Salju 5KG,8.00,"83,000.00",GL,7.50,0.00,0.00,"49,800.00","614,200.00",,1,"INDOWIRA, PT"
JUAL,261.000.879,23/01/2026 0:00,2601230585,T,,G.227,MUTIARA WARNA,JL.SOMAWINATA 14 TANI MULYA,G,JULIANTO,1,GUDANG BAIK,2400160,Shintex Cat Bak Hitam 1KG,2.00,"60,000.00",KL,7.50,0.00,0.00,"9,000.00","111,000.00",,1,"INDOWIRA, PT"
JUAL,261.000.879,23/01/2026 0:00,2601230585,T,,G.227,MUTIARA WARNA,JL.SOMAWINATA 14 TANI MULYA,G,JULIANTO,1,GUDANG BAIK,2100556,Attaboy Natural Stone Protector Black 1 LITER,2.00,"98,000.00",KL,7.50,0.00,0.00,"14,700.00","181,300.00",,1,"INDOWIRA, PT"
JUAL,261.000.882,23/01/2026 0:00,2601230589,T,,J.615,DADALI SPORT CENTER,JL.PENGUIN NO.2 KOMP.DADALI,R,SIMON QIRENE,1,GUDANG BAIK,2100067,Adler Primer Surfacer EP 1050  8 LITER SET,1.00,"785,000.00",GLN,10.00,0.00,0.00,"78,500.00","706,500.00",,1,"INDOWIRA, PT"
JUAL,261.000.883,23/01/2026 0:00,2601230587,T,,J.321,PT.ELIZABET HANJAYA,JL.IBU INGGIT GANARSIH NO.12 ASTANA ANYAR,J,FRANSISKUS,1,GUDANG BAIK,2101416,Crystal Coat Thinner  1 LITER,4.00,"51,000.00",KL,0.00,0.00,0.00,0.00,"204,000.00",,1,"INDOWIRA, PT"
JUAL,261.000.883,23/01/2026 0:00,2601230587,T,,J.321,PT.ELIZABET HANJAYA,JL.IBU INGGIT GANARSIH NO.12 ASTANA ANYAR,J,FRANSISKUS,1,GUDANG BAIK,2101387,Crystal Coat Clear Gloss  1 LITER,2.00,"657,000.00",KL,10.00,0.00,0.00,"131,400.00","1,182,600.00",,1,"INDOWIRA, PT"
JUAL,261.000.884,23/01/2026 0:00,2601230590,T,,J.333,RICKY,JL.HOLIS NO.20B,J,FRANSISKUS,1,GUDANG BAIK,2103145,Petalac Thinner PU  1 LTR,12.00,"51,000.00",KL,0.00,0.00,0.00,0.00,"612,000.00",,1,"INDOWIRA, PT"
JUAL,261.000.884,23/01/2026 0:00,2601230590,T,,J.333,RICKY,JL.HOLIS NO.20B,J,FRANSISKUS,1,GUDANG BAIK,2102840,Petalac 2K PU Hardener Special  200 CC,2.00,"55,000.00",KL,10.00,0.00,0.00,"11,000.00","99,000.00",,1,"INDOWIRA, PT"
JUAL,261.000.884,23/01/2026 0:00,2601230590,T,,J.333,RICKY,JL.HOLIS NO.20B,J,FRANSISKUS,1,GUDANG BAIK,2300092,Petalac Hardener Special Black Matt 200CC,2.00,"55,000.00",KL,10.00,0.00,0.00,"11,000.00","99,000.00",,1,"INDOWIRA, PT"
JUAL,261.000.884,23/01/2026 0:00,2601230590,T,,J.333,RICKY,JL.HOLIS NO.20B,J,FRANSISKUS,1,GUDANG BAIK,2300088,Petalac 2K PU Colour Base Black Matt 0.8LT,2.00,"133,000.00",KL,10.00,0.00,0.00,"26,600.00","239,400.00",,1,"INDOWIRA, PT"
JUAL,261.000.884,23/01/2026 0:00,2601230590,T,,J.333,RICKY,JL.HOLIS NO.20B,J,FRANSISKUS,1,GUDANG BAIK,2200074,Petalac 2K PU Colour Special White Matt Base 0.8Lt,2.00,"133,000.00",KL,10.00,0.00,0.00,"26,600.00","239,400.00",,1,"INDOWIRA, PT"
JUAL,261.000.885,23/01/2026 0:00,2601230591,T,,K.219,HENLEY,JL.SUKAMENAK NO.147 SAMPING MIXUE,L,RUDI *,1,GUDANG BAIK,2104090,Wiratex Ceiling & Gypsum Paint Putih Prima 20 KG,1.00,"282,125.00",PL,0.00,0.00,0.00,0.00,"282,125.00",K/ASTARA RESIDENCE,1,"INDOWIRA, PT"
JUAL,261.000.886,23/01/2026 0:00,2601230591,T,,K.219,HENLEY,JL.SUKAMENAK NO.147 SAMPING MIXUE,L,RUDI *,1,GUDANG BAIK,2104090,Wiratex Ceiling & Gypsum Paint Putih Prima 20 KG,1.00,"282,125.00",PL,0.00,0.00,0.00,0.00,"282,125.00",K/ASTARA RESIDENCE,1,"INDOWIRA, PT"
JUAL,261.000.887,23/01/2026 0:00,2601230592,T,,K.219,HENLEY,JL.SUKAMENAK NO.147 SAMPING MIXUE,L,RUDI *,1,GUDANG BAIK,2300092,Petalac Hardener Special Black Matt 200CC,3.00,"55,000.00",KL,10.00,0.00,0.00,"16,500.00","148,500.00",,1,"INDOWIRA, PT"
JUAL,261.000.887,23/01/2026 0:00,2601230592,T,,K.219,HENLEY,JL.SUKAMENAK NO.147 SAMPING MIXUE,L,RUDI *,1,GUDANG BAIK,2300088,Petalac 2K PU Colour Base Black Matt 0.8LT,3.00,"133,000.00",KL,10.00,0.00,0.00,"39,900.00","359,100.00",,1,"INDOWIRA, PT"
JUAL,262.000.027,23/01/2026 0:00,2601230584,T,,D.426,TC.BUL JAYA,MARGACINTA NO.194 CIWASTRA,D,WILLY,1,GUDANG BAIK,2100049,Adler Polyester Putty 3002  1 KG SET,1.00,"62,000.00",KL,7.50,0.00,0.00,"4,650.00","57,350.00",U/PENGGANTIAN TUKARAN,1,"INDOWIRA, PT"
JUAL,262.000.028,23/01/2026 0:00,2601230586,T,,H.221,KURNIA UTAMA,"Jl. Raya Dramaga No.KM.7 No.6, RT.03/RW.03, Margajaya",H1,MIMING,1,GUDANG BAIK,2101585,Kingkong Cat Genteng 705 Maroon 4 KG,2.00,"198,000.00",GLN,7.50,0.00,0.00,"29,700.00","366,300.00",u/pengganti tukaran,1,"INDOWIRA, PT"
RETUR,RJ26010034,23/01/2026 0:00,,T,,K.201,AGUS CENDANA,KIRCON 141,L,RUDI *,1,GUDANG BAIK,2102840,Petalac 2K PU Hardener Special  200 CC,-8.00,"49,549.55",KL,10.00,0.00,0.00,"-39,639.68","-356,756.72",,1,"INDOWIRA, PT"
RETUR,RJ26010034,23/01/2026 0:00,,T,,K.201,AGUS CENDANA,KIRCON 141,L,RUDI *,1,GUDANG BAIK,2300092,Petalac Hardener Special Black Matt 200CC,-7.00,"49,549.55",KL,10.00,0.00,0.00,"-34,684.72","-312,162.13",,1,"INDOWIRA, PT"
RETUR,RJ26010034,23/01/2026 0:00,,T,,K.201,AGUS CENDANA,KIRCON 141,L,RUDI *,1,GUDANG BAIK,2300088,Petalac 2K PU Colour Base Black Matt 0.8LT,-11.00,"119,819.82",KL,10.00,0.00,0.00,"-131,801.78","-1,186,216.24",,1,"INDOWIRA, PT"
RETUR,RJ26010034,23/01/2026 0:00,,T,,K.201,AGUS CENDANA,KIRCON 141,L,RUDI *,1,GUDANG BAIK,2200071,Petalac 2K PU Colour P.002 Black Base 0.8Lt,-4.00,"113,513.51",KL,10.00,0.00,0.00,"-45,405.40","-408,648.64",,1,"INDOWIRA, PT"
RETUR,RJ26010035,23/01/2026 0:00,251.014.561,T,,C.319,SINAR SEKELIMUS,BY PASS 97,C,YONATHAN,1,GUDANG BAIK,2102076,Meiji Zinc Chromate Primer  5 KG,-4.00,"225,000.00",GLN,7.50,0.00,0.00,"-67,500.00","-832,500.00",,1,"INDOWIRA, PT"
RETUR,RJ26010036,23/01/2026 0:00,261.000480A,T,,K.510,MENTARI ELEKTRIK,JL.SADANG RAHAYU KAV A4 NO.39,L,RUDI *,1,GUDANG BAIK,2103148,Petalac Thinner PU  20 LTR,-1.00,"834,000.00",JRG,0.00,0.00,0.00,0.00,"-834,000.00",,1,"INDOWIRA, PT"
RETUR,RJ26010037,23/01/2026 0:00,261.000.347,T,,C.310,MAREMA,JL.SOEKARNO HATTA NO.57,D,WILLY,1,GUDANG BAIK,2100011,AlFa Polyester Putty  3KG,-4.00,"92,792.79",GLN,5.00,0.00,0.00,"-18,558.56","-352,612.60",,1,"INDOWIRA, PT"
RETUR,RJ26010038,23/01/2026 0:00,262.000.001,T,,D.623,SETIA 2,SERSAN BAJURI 19 LEDENG,Y,KEN - Y,1,GUDANG BAIK,2104141,Wiratex Wall Paint 850 25 KG,-1.00,"390,000.00",PL,7.50,0.00,0.00,"-29,250.00","-360,750.00",,1,"INDOWIRA, PT"
RETUR,RJ26010039,23/01/2026 0:00,262.000.028,T,,H.221,KURNIA UTAMA,"Jl. Raya Dramaga No.KM.7 No.6, RT.03/RW.03, Margajaya",H1,MIMING,2,GUDANG RUSAK,2101585,Kingkong Cat Genteng 705 Maroon 4 KG,-2.00,"198,000.00",GLN,7.50,0.00,0.00,"-29,700.00","-366,300.00",,1,"INDOWIRA, PT"
RETUR,RJ26010040,23/01/2026 0:00,261.000.564,T,,J.112,PRISTAN,JL.S.HATTA 539,J,FRANSISKUS,1,GUDANG BAIK,2102840,Petalac 2K PU Hardener Special  200 CC,-12.00,"55,000.00",KL,10.00,0.00,0.00,"-66,000.00","-594,000.00",,1,"INDOWIRA, PT"
RETUR,RJ26010040,23/01/2026 0:00,261.000.564,T,,J.112,PRISTAN,JL.S.HATTA 539,J,FRANSISKUS,1,GUDANG BAIK,2200050,"Petalac 2K PU Clear Matt MV3 Base 0,8Lt",-12.00,"121,000.00",KL,10.00,0.00,0.00,"-145,200.00","-1,306,800.00",,1,"INDOWIRA, PT"
RETUR,RJ26010041,23/01/2026 0:00,261.000.060,T,,B.404,BARU,RAYA 494 CIMAHI,C,YONATHAN,1,GUDANG BAIK,2104192,Wiratex Wall Paint Super White 5KG,-7.00,"83,000.00",GL,7.50,0.00,0.00,"-43,575.00","-537,425.00",,1,"INDOWIRA, PT"
RETUR,RJ26010041,23/01/2026 0:00,261.000.060,T,,B.404,BARU,RAYA 494 CIMAHI,C,YONATHAN,1,GUDANG BAIK,2104148,Wiratex Wall Paint Super White 25 KG,-1.00,"390,000.00",PL,7.50,0.00,0.00,"-29,250.00","-360,750.00",,1,"INDOWIRA, PT"
JUAL,261.000.910,26/01/2026 0:00,2601260603,T,,G.525,ANEKA JAYA KERAMIK,JL.RAYA GADOBANGKONG NO.48 DEPAN DARTO TAILOR,G,JULIANTO,1,GUDANG BAIK,2300333,Attaboy Colorant Ext.Red Shade Yellow AR 1Liter,1.00,"666,000.00",KL,0.00,0.00,0.00,0.00,"666,000.00",,1,"INDOWIRA, PT"
JUAL,261.000.911,26/01/2026 0:00,2601260604,T,,W.354,PT.MENTARI AGUNG MANDIRI,JL.RAYA DAYEUH KOLOT O.341C RT 001 RW 006,R,SIMON QIRENE,1,GUDANG BAIK,2103593,Petalux Wall Paint CM 602 Matahari 25 KG,2.00,"515,000.00",PL,0.00,0.00,0.00,0.00,"1,030,000.00",U/P.ANTON,1,"INDOWIRA, PT"
JUAL,261.000.911,26/01/2026 0:00,2601260604,T,,W.354,PT.MENTARI AGUNG MANDIRI,JL.RAYA DAYEUH KOLOT O.341C RT 001 RW 006,R,SIMON QIRENE,1,GUDANG BAIK,2103625,Petalux Wall Paint Putih Wangi 25 KG,1.00,"505,000.00",PL,0.00,0.00,0.00,0.00,"505,000.00",U/P.ANTON,1,"INDOWIRA, PT"
JUAL,261.000.912,26/01/2026 0:00,2601230600,T,,U.159,TB.MEGA MULYA,JL.PARAKAN SAAT NO.50,U,GANIS,1,GUDANG BAIK,2102155,Mascot Wall Paint Super White 25 KG,3.00,"270,000.00",PL,7.50,0.00,0.00,"60,750.00","749,250.00",,1,"INDOWIRA, PT"
JUAL,261.000.913,26/01/2026 0:00,2601230602,T,,D.529,SALUYU DJAYA,JL.JEND.A YANI 355,D,WILLY,1,GUDANG BAIK,2105295,ALFA ZINC CHROMATE PRIMER BLACK 20KG,5.00,"720,000.00",PAIL,7.50,0.00,0.00,"270,000.00","3,330,000.00",,1,"INDOWIRA, PT"
JUAL,261.000.914,26/01/2026 0:00,2601230596,T,,Y.255,TB.REGENCY,JL.SUPARMIN NO.11 LANUD HUSEN,Y,KEN - Y,1,GUDANG BAIK,2103898,Shintex Wall Paint 918 Ice Blu 1KG,1.00,"32,000.00",KL,7.50,0.00,0.00,"2,400.00","29,600.00",,1,"INDOWIRA, PT"
JUAL,261.000.914,26/01/2026 0:00,2601230596,T,,Y.255,TB.REGENCY,JL.SUPARMIN NO.11 LANUD HUSEN,Y,KEN - Y,1,GUDANG BAIK,2103872,Shintex Wall Paint BS3040 Crea 1KG,1.00,"32,000.00",KL,7.50,0.00,0.00,"2,400.00","29,600.00",,1,"INDOWIRA, PT"
JUAL,261.000.914,26/01/2026 0:00,2601230596,T,,Y.255,TB.REGENCY,JL.SUPARMIN NO.11 LANUD HUSEN,Y,KEN - Y,1,GUDANG BAIK,2103922,Shintex Wall Paint Super White 1KG,1.00,"32,000.00",KL,7.50,0.00,0.00,"2,400.00","29,600.00",,1,"INDOWIRA, PT"
JUAL,261.000.915,26/01/2026 0:00,2601230595,T,,C.507,LAJU JAYA,JL.BURUJUL 39 TKI II,D,WILLY,1,GUDANG BAIK,2104127,Wiratex Wall Paint 830 Blue Be 25 KG,2.00,"390,000.00",PL,7.50,0.00,0.00,"58,500.00","721,500.00",,1,"INDOWIRA, PT"
JUAL,261.000.915,26/01/2026 0:00,2601230595,T,,C.507,LAJU JAYA,JL.BURUJUL 39 TKI II,D,WILLY,1,GUDANG BAIK,2104147,Wiratex Wall Paint Putih Salju 25 KG,15.00,"390,000.00",PL,7.50,0.00,0.00,"438,750.00","5,411,250.00",,1,"INDOWIRA, PT"
JUAL,261.000.916,26/01/2026 0:00,2601230594,T,,D.134,SUKSES BERDIKARI,"JL.RAYA SOREANG KOPO KM 14,5",D,WILLY,1,GUDANG BAIK,2104119,Wiratex Wall Paint 820 Apple W 25 KG,3.00,"390,000.00",PL,7.50,0.00,0.00,"87,750.00","1,082,250.00",,1,"INDOWIRA, PT"
JUAL,261.000.917,26/01/2026 0:00,2601230593,T,,G.521,YE LIH,CIMAHI,G,JULIANTO,1,GUDANG BAIK,2103286,Petalux Base A  5KG,4.00,"157,000.00",GLN,15.00,0.00,0.00,"94,200.00","533,800.00",,1,"INDOWIRA, PT"
JUAL,261.000.917,26/01/2026 0:00,2601230593,T,,G.521,YE LIH,CIMAHI,G,JULIANTO,1,GUDANG BAIK,2103737,Petalux Wall Paint Putih Wangi 5KG,8.00,"158,000.00",GLN,7.50,0.00,0.00,"94,800.00","1,169,200.00",,1,"INDOWIRA, PT"
JUAL,261.000.917,26/01/2026 0:00,2601230593,T,,G.521,YE LIH,CIMAHI,G,JULIANTO,1,GUDANG BAIK,2101643,Kingkong Wall Paint Super White 1 KG,12.00,"27,000.00",KL,7.50,0.00,0.00,"24,300.00","299,700.00",,1,"INDOWIRA, PT"
JUAL,261.000.918,26/01/2026 0:00,2601260606,T,,D.223,TB.PUTRA ABADI,JL.BIMA NO.129 022-6123038,Y,KEN - Y,1,GUDANG BAIK,2104157,Wiratex Wall Paint 806 Cream 5KG,8.00,"83,000.00",GL,7.50,0.00,0.00,"49,800.00","614,200.00",,1,"INDOWIRA, PT"
JUAL,261.000.919,26/01/2026 0:00,2601260605,T,,N.888,SUMBER WARNA,PUNGKUR,14,DEPO BANDUNG,1,GUDANG BAIK,2200046,Petalac 2K PU Clear Gloss Base 0.8LT,6.00,"108,000.00",KL,7.50,2.50,0.00,"63,585.00","584,415.00",,1,"INDOWIRA, PT"
JUAL,261.000.919,26/01/2026 0:00,2601260605,T,,N.888,SUMBER WARNA,PUNGKUR,14,DEPO BANDUNG,1,GUDANG BAIK,2102840,Petalac 2K PU Hardener Special  200 CC,12.00,"55,000.00",KL,7.50,2.50,0.00,"64,762.56","595,237.44",,1,"INDOWIRA, PT"
JUAL,261.000.919,26/01/2026 0:00,2601260605,T,,N.888,SUMBER WARNA,PUNGKUR,14,DEPO BANDUNG,1,GUDANG BAIK,2200068,Petalac 2K PU Colour P.101 Special White Base 0.8L,6.00,"126,000.00",KL,7.50,2.50,0.00,"74,182.50","681,817.50",,1,"INDOWIRA, PT"
JUAL,261.000.921,26/01/2026 0:00,2601260610,T,,N.902,SOO KEUM TECH,KP.LEMBUR SAWAH NO.31 RT.02 RW.12 UTAMA,13,BU RINI,1,GUDANG BAIK,2101365,Crystal Coat Candytone Golden Lacq 1 LITER,5.00,"729,270.00",KL,0.00,0.00,0.00,0.00,"3,646,350.00",,1,"INDOWIRA, PT"
JUAL,261.000.922,26/01/2026 0:00,2601260609,T,,N.521,PT.SAGE KONTRUKSI INDONESIA,JL.GUNUNG RAHAYU II C 7 GUNUNG BATU CIMA,13,BU RINI,1,GUDANG BAIK,240046,Attaboy High Gloss Acrylic Enamel S1002-G50Y 20LT,2.00,"2,094,570.00",PAIL,0.00,0.00,0.00,0.00,"4,189,140.00",K/PT.CERES,1,"INDOWIRA, PT"
JUAL,261.000.923,26/01/2026 0:00,2601260608,T,,A.205,IRON,SUNIARAJA,Y,KEN - Y,1,GUDANG BAIK,2104075,Tawon Kembang Meni Kayu & Besi  4.5 KG,8.00,"195,000.00",GLN,7.50,0.00,0.00,"117,000.00","1,443,000.00",,1,"INDOWIRA, PT"
JUAL,261.000.923,26/01/2026 0:00,2601260608,T,,A.205,IRON,SUNIARAJA,Y,KEN - Y,1,GUDANG BAIK,2104073,Tawon Kembang Meni Kayu & Besi 0.8 KG,24.00,"40,000.00",KL,7.50,0.00,0.00,"72,000.00","888,000.00",,1,"INDOWIRA, PT"
JUAL,261.000.924,26/01/2026 0:00,2601230588,T,,P.160,SENTRAD,RANCAEKEK PERMAI II,13,BU RINI,1,GUDANG BAIK,2102109,Mascot Wall Paint Super White 200 KG,2.00,"1,700,000.00",DRM,0.00,0.00,0.00,0.00,"3,400,000.00",U/P.PA ACIN,1,"INDOWIRA, PT"
JUAL,261.000.925,26/01/2026 0:00,2601260619,T,,R.475,GAN PROPERTI,GLAND PADALARANG RESIDENCE 3,R,SIMON QIRENE,1,GUDANG BAIK,2101330,Attaboy Wall Putty Instant Powder  2 KG,12.00,"33,000.00",BKS,0.00,0.00,0.00,0.00,"396,000.00",U/P.AGIL,1,"INDOWIRA, PT"
JUAL,261.000.926,26/01/2026 0:00,2601260617,T,,W.386,CV.PURNAMA JAYA INDO,JL.WANGSA PRAJA KULON NO.5 TATAR WANGSAKERTA,13,BU RINI,1,GUDANG BAIK,2101412,Crystal Coat Surfacer White 24 KG SET,1.00,"2,156,000.00",PL,5.00,0.00,0.00,"107,800.00","2,048,200.00",,1,"INDOWIRA, PT"
JUAL,261.000.926,26/01/2026 0:00,2601260617,T,,W.386,CV.PURNAMA JAYA INDO,JL.WANGSA PRAJA KULON NO.5 TATAR WANGSAKERTA,13,BU RINI,1,GUDANG BAIK,2103148,Petalac Thinner PU  20 LTR,2.00,"834,000.00",JRG,0.00,0.00,0.00,0.00,"1,668,000.00",,1,"INDOWIRA, PT"
JUAL,261.000.927,26/01/2026 0:00,2601260616,T,,K.410,SUMBER JAYA,PUNGKUR 21,L,RUDI *,1,GUDANG BAIK,2101367,Crystal Coat Candytone Golden Oran 1 LITER,3.00,"657,000.00",KL,10.00,5.00,0.00,"285,795.00","1,685,205.00",,1,"INDOWIRA, PT"
JUAL,261.000.928,26/01/2026 0:00,2601260615,T,,G.227,MUTIARA WARNA,JL.SOMAWINATA 14 TANI MULYA,G,JULIANTO,1,GUDANG BAIK,2100558,Attaboy Natural Stone Protector Gloss  1 LITER,2.00,"98,000.00",KL,7.50,0.00,0.00,"14,700.00","181,300.00",,1,"INDOWIRA, PT"
JUAL,261.000.928,26/01/2026 0:00,2601260615,T,,G.227,MUTIARA WARNA,JL.SOMAWINATA 14 TANI MULYA,G,JULIANTO,1,GUDANG BAIK,2103989,Shintex Wall Paint Super White 25 KG,3.00,"510,000.00",PL,7.50,0.00,0.00,"114,750.00","1,415,250.00",,1,"INDOWIRA, PT"
JUAL,261.000.929,26/01/2026 0:00,2601260613,T,,A.603,DUCOLUX,SUNIARAJA 68,D,WILLY,1,GUDANG BAIK,2100011,AlFa Polyester Putty  3KG,2.00,"103,000.00",GLN,5.00,0.00,0.00,"10,300.00","195,700.00",,1,"INDOWIRA, PT"
JUAL,261.000.929,26/01/2026 0:00,2601260613,T,,A.603,DUCOLUX,SUNIARAJA 68,D,WILLY,1,GUDANG BAIK,2100006,Alfa Polyester Putty  1 KG,6.00,"39,000.00",KL,5.00,0.00,0.00,"11,700.00","222,300.00",,1,"INDOWIRA, PT"
JUAL,261.000.930,26/01/2026 0:00,2601260612,T,,U.275,KATAPANG MAKMUR,JL.KH.WAHID HASIM KM 12 NO.12 MARGAHAYU,D,WILLY,1,GUDANG BAIK,2102075,Meiji Zinc Chromate Primer Light Grey 5 KG,2.00,"225,000.00",GLN,7.50,0.00,0.00,"33,750.00","416,250.00",,1,"INDOWIRA, PT"
JUAL,261.000.930,26/01/2026 0:00,2601260612,T,,U.275,KATAPANG MAKMUR,JL.KH.WAHID HASIM KM 12 NO.12 MARGAHAYU,D,WILLY,1,GUDANG BAIK,2102074,Meiji Zinc Chromate Light Grey 20 KG,1.00,"825,000.00",PL,7.50,0.00,0.00,"61,875.00","763,125.00",,1,"INDOWIRA, PT"
JUAL,261.000.931,26/01/2026 0:00,2601260607,T,,D.221,RESTU IBU,JL.BALADEWA NO.3,Y,KEN - Y,1,GUDANG BAIK,2104863,Shintex Wall Filler 4 KG,12.00,"52,000.00",GL,7.50,0.00,0.00,"46,800.00","577,200.00",,1,"INDOWIRA, PT"
JUAL,261.000.931,26/01/2026 0:00,2601260607,T,,D.221,RESTU IBU,JL.BALADEWA NO.3,Y,KEN - Y,1,GUDANG BAIK,2104157,Wiratex Wall Paint 806 Cream 5KG,4.00,"83,000.00",GL,7.50,0.00,0.00,"24,900.00","307,100.00",,1,"INDOWIRA, PT"
JUAL,261.000.931,26/01/2026 0:00,2601260607,T,,D.221,RESTU IBU,JL.BALADEWA NO.3,Y,KEN - Y,1,GUDANG BAIK,2104162,Wiratex Wall Paint 814 Adinda 5KG,4.00,"83,000.00",GL,7.50,0.00,0.00,"24,900.00","307,100.00",,1,"INDOWIRA, PT"
JUAL,261.000.931,26/01/2026 0:00,2601260607,T,,D.221,RESTU IBU,JL.BALADEWA NO.3,Y,KEN - Y,1,GUDANG BAIK,2104160,Wiratex Wall Paint 809 Jonquil 5KG,4.00,"83,000.00",GL,7.50,0.00,0.00,"24,900.00","307,100.00",,1,"INDOWIRA, PT"
JUAL,261.000.931,26/01/2026 0:00,2601260607,T,,D.221,RESTU IBU,JL.BALADEWA NO.3,Y,KEN - Y,1,GUDANG BAIK,2104192,Wiratex Wall Paint Super White 5KG,12.00,"83,000.00",GL,7.50,0.00,0.00,"74,700.00","921,300.00",,1,"INDOWIRA, PT"
JUAL,261.000.931,26/01/2026 0:00,2601260607,T,,D.221,RESTU IBU,JL.BALADEWA NO.3,Y,KEN - Y,1,GUDANG BAIK,2100556,Attaboy Natural Stone Protector Black 1 LITER,3.00,"98,000.00",KL,7.50,0.00,0.00,"22,050.00","271,950.00",,1,"INDOWIRA, PT"
JUAL,261.000.931,26/01/2026 0:00,2601260607,T,,D.221,RESTU IBU,JL.BALADEWA NO.3,Y,KEN - Y,1,GUDANG BAIK,2100558,Attaboy Natural Stone Protector Gloss  1 LITER,3.00,"98,000.00",KL,7.50,0.00,0.00,"22,050.00","271,950.00",,1,"INDOWIRA, PT"
JUAL,261.000.932,26/01/2026 0:00,2601260626,T,,K.219,HENLEY,JL.SUKAMENAK NO.147 SAMPING MIXUE,L,RUDI *,1,GUDANG BAIK,2101915,Meiji Epoxy Filler  1 LTR SET,2.00,"76,000.00",KL,10.00,0.00,0.00,"15,200.00","136,800.00",,1,"INDOWIRA, PT"
JUAL,261.000.934,26/01/2026 0:00,2601260625,T,,O.160,TONY/CV.SINAR ABADI,SPRING HILL JL.ROSE GARDEN 30 RESOR DAGO PAKAR,13,BU RINI,1,GUDANG BAIK,2103625,Petalux Wall Paint Putih Wangi 25 KG,7.00,"725,000.00",PL,0.00,0.00,0.00,0.00,"5,075,000.00",,1,"INDOWIRA, PT"
JUAL,261.000.935,26/01/2026 0:00,2601220553,T,,J.413,NYOMAN NUARTA,JL.SETRA SARIV/16,J,FRANSISKUS,1,GUDANG BAIK,2102840,Petalac 2K PU Hardener Special  200 CC,10.00,"55,000.00",KL,0.00,0.00,0.00,0.00,"550,000.00",,1,"INDOWIRA, PT"
JUAL,261.000.935,26/01/2026 0:00,2601220553,T,,J.413,NYOMAN NUARTA,JL.SETRA SARIV/16,J,FRANSISKUS,1,GUDANG BAIK,2600012,Petalac 2K PU CO Base Cream Tua Satin 0.8LT,5.00,"150,000.00",KL,0.00,0.00,0.00,0.00,"750,000.00",,1,"INDOWIRA, PT"
JUAL,261.000.935,26/01/2026 0:00,2601220553,T,,J.413,NYOMAN NUARTA,JL.SETRA SARIV/16,J,FRANSISKUS,1,GUDANG BAIK,2500178,Petalac 2K PU CO Base Cream Muda Satin 0.8LT,5.00,"150,000.00",KL,0.00,0.00,0.00,0.00,"750,000.00",,1,"INDOWIRA, PT"
JUAL,261.000.936,26/01/2026 0:00,2601260629,T,,D.231,BANGUN BERKAT SAUDARA(PD.DEWI),JL.PUNGKUR 89,D,WILLY,1,GUDANG BAIK,2101920,Meiji Epoxy Filler White 20 LTR SET,3.00,"1,325,000.00",PL,5.00,0.00,0.00,"198,750.00","3,776,250.00",,1,"INDOWIRA, PT"
JUAL,261.000.937,26/01/2026 0:00,2601260630,T,,G.227,MUTIARA WARNA,JL.SOMAWINATA 14 TANI MULYA,G,JULIANTO,1,GUDANG BAIK,2104863,Shintex Wall Filler 4 KG,2.00,"52,000.00",GL,7.50,0.00,0.00,"7,800.00","96,200.00",,1,"INDOWIRA, PT"
JUAL,261.000.937,26/01/2026 0:00,2601260630,T,,G.227,MUTIARA WARNA,JL.SOMAWINATA 14 TANI MULYA,G,JULIANTO,1,GUDANG BAIK,2100556,Attaboy Natural Stone Protector Black 1 LITER,2.00,"98,000.00",KL,7.50,0.00,0.00,"14,700.00","181,300.00",,1,"INDOWIRA, PT"
JUAL,261.000.940,26/01/2026 0:00,2601260632,T,,L.531,IBU ETTY,KP.GUNUNG LEUTIK RT.4/12 NO.35 BATUJAJAR,L,RUDI *,1,GUDANG BAIK,2300092,Petalac Hardener Special Black Matt 200CC,1.00,"55,000.00",KL,10.00,0.00,0.00,"5,500.00","49,500.00",,1,"INDOWIRA, PT"
JUAL,261.000.940,26/01/2026 0:00,2601260632,T,,L.531,IBU ETTY,KP.GUNUNG LEUTIK RT.4/12 NO.35 BATUJAJAR,L,RUDI *,1,GUDANG BAIK,2300088,Petalac 2K PU Colour Base Black Matt 0.8LT,1.00,"133,000.00",KL,10.00,0.00,0.00,"13,300.00","119,700.00",,1,"INDOWIRA, PT"
JUAL,261.000.941,26/01/2026 0:00,2601130280,T,,N.138,PT.CIPTA DIMENSI GENERAL,JL.GAJAH TUNGGAL KM.1 JATIUWUNG TANGERAN,14,DEPO BANDUNG,1,GUDANG BAIK,2500359,Shintex Syntetix Enamel Medium Grey CD 20LT,1.00,"1,376,400.00",PAIL,0.00,0.00,0.00,0.00,"1,376,400.00",,1,"INDOWIRA, PT"
JUAL,261.000.942,26/01/2026 0:00,2601220542,T,,U.178,TB.YUSUF NANJUNG,JL.DIMENSI NO.16 TLP:6676997,U,GANIS,1,GUDANG BAIK,2104146,Wiratex Wall Paint Putih Metro 25 KG,2.00,"390,000.00",PL,7.50,0.00,0.00,"58,500.00","721,500.00",,1,"INDOWIRA, PT"
JUAL,261.000.943,26/01/2026 0:00,2601190468,T,,N.212,"MULIA LESTARI,PT",CIBALIGO KM.1.7 NO.70,13,BU RINI,1,GUDANG BAIK,2103261,Petalux Acrylic Enamel Paint PHB Blue 20lt,2.00,"2,553,000.00",PL,0.00,0.00,0.00,0.00,"5,106,000.00",,1,"INDOWIRA, PT"
JUAL,261.000.944,26/01/2026 0:00,2601210517,T,,H.353,JAYAKARTA,JL.KIS MANGUNSARKOSO NO.26 PAMOYANAN,H,YANSENG,1,GUDANG BAIK,2104009,Shintex Wall Paint 9109 5KG,4.00,"110,000.00",GLN,7.50,0.00,0.00,"33,000.00","407,000.00",,1,"INDOWIRA, PT"
JUAL,261.000.944,26/01/2026 0:00,2601210517,T,,H.353,JAYAKARTA,JL.KIS MANGUNSARKOSO NO.26 PAMOYANAN,H,YANSENG,1,GUDANG BAIK,2104029,Shintex Wall Paint 966 Apple W 5KG,6.00,"110,000.00",GLN,7.50,0.00,0.00,"49,500.00","610,500.00",,1,"INDOWIRA, PT"
JUAL,261.000.944,26/01/2026 0:00,2601210517,T,,H.353,JAYAKARTA,JL.KIS MANGUNSARKOSO NO.26 PAMOYANAN,H,YANSENG,1,GUDANG BAIK,2104042,Shintex Wall Paint Super White 5KG,4.00,"110,000.00",GLN,7.50,0.00,0.00,"33,000.00","407,000.00",,1,"INDOWIRA, PT"
JUAL,261.000.944,26/01/2026 0:00,2601210517,T,,H.353,JAYAKARTA,JL.KIS MANGUNSARKOSO NO.26 PAMOYANAN,H,YANSENG,1,GUDANG BAIK,2102129,Mascot Wall Paint Super White 20 KG,10.00,"215,000.00",PL,7.50,0.00,0.00,"161,250.00","1,988,750.00",,1,"INDOWIRA, PT"
JUAL,261.000.948,26/01/2026 0:00,2601260638,T,,H.180,KCN SS,BOGOR,H,YANSENG,1,GUDANG BAIK,2200208,Kingkong Wall Paint Special 521 Meadow 4.5KG,4.00,"76,000.00",GLN,7.50,0.00,0.00,"22,800.00","281,200.00",,1,"INDOWIRA, PT"
JUAL,261.000.948,26/01/2026 0:00,2601260638,T,,H.180,KCN SS,BOGOR,H,YANSENG,1,GUDANG BAIK,2200191,Kingkong Wall Paint Special 542 Orange 4.5KG,4.00,"76,000.00",GLN,7.50,0.00,0.00,"22,800.00","281,200.00",,1,"INDOWIRA, PT"
JUAL,261.000.948,26/01/2026 0:00,2601260638,T,,H.180,KCN SS,BOGOR,H,YANSENG,1,GUDANG BAIK,2200215,Kingkong Wall Paint Special 519 Bahama 4.5KG,4.00,"76,000.00",GLN,7.50,0.00,0.00,"22,800.00","281,200.00",,1,"INDOWIRA, PT"
JUAL,261.000.948,26/01/2026 0:00,2601260638,T,,H.180,KCN SS,BOGOR,H,YANSENG,1,GUDANG BAIK,2200213,Kingkong Wall Paint Special 551 Sky Blu 4.5KG,4.00,"76,000.00",GLN,7.50,0.00,0.00,"22,800.00","281,200.00",,1,"INDOWIRA, PT"
JUAL,261.000.948,26/01/2026 0:00,2601260638,T,,H.180,KCN SS,BOGOR,H,YANSENG,1,GUDANG BAIK,2200189,Kingkong Wall Paint Special 532 Mountai 4.5KG,4.00,"76,000.00",GLN,7.50,0.00,0.00,"22,800.00","281,200.00",,1,"INDOWIRA, PT"
JUAL,261.000.948,26/01/2026 0:00,2601260638,T,,H.180,KCN SS,BOGOR,H,YANSENG,1,GUDANG BAIK,2200198,Kingkong Wall Paint Special 506 Sunny Y 4.5KG,4.00,"76,000.00",GLN,7.50,0.00,0.00,"22,800.00","281,200.00",,1,"INDOWIRA, PT"
JUAL,261.000.948,26/01/2026 0:00,2601260638,T,,H.180,KCN SS,BOGOR,H,YANSENG,1,GUDANG BAIK,2200195,Kingkong Wall Paint Special 526 Fresh G 4.5KG,4.00,"76,000.00",GLN,7.50,0.00,0.00,"22,800.00","281,200.00",,1,"INDOWIRA, PT"
JUAL,261.000.948,26/01/2026 0:00,2601260638,T,,H.180,KCN SS,BOGOR,H,YANSENG,1,GUDANG BAIK,2200199,Kingkong Wall Paint Special 507 Poppy O 4.5KG,4.00,"76,000.00",GLN,7.50,0.00,0.00,"22,800.00","281,200.00",,1,"INDOWIRA, PT"
JUAL,261.000.948,26/01/2026 0:00,2601260638,T,,H.180,KCN SS,BOGOR,H,YANSENG,1,GUDANG BAIK,2200190,Kingkong Wall Paint Special 537 Primros 4.5KG,4.00,"76,000.00",GLN,7.50,0.00,0.00,"22,800.00","281,200.00",,1,"INDOWIRA, PT"
JUAL,261.000.948,26/01/2026 0:00,2601260638,T,,H.180,KCN SS,BOGOR,H,YANSENG,1,GUDANG BAIK,2200188,Kingkong Wall Paint Special 548 Aquarin 4.5KG,4.00,"76,000.00",GLN,7.50,0.00,0.00,"22,800.00","281,200.00",,1,"INDOWIRA, PT"
JUAL,261.000.948,26/01/2026 0:00,2601260638,T,,H.180,KCN SS,BOGOR,H,YANSENG,1,GUDANG BAIK,2200224,Kingkong Wall Paint Special 549 Rose Ga 4.5KG,4.00,"76,000.00",GLN,7.50,0.00,0.00,"22,800.00","281,200.00",,1,"INDOWIRA, PT"
JUAL,261.000.949,26/01/2026 0:00,2601210494,T,,H.343,BAROS JAYA,JL.RH DIDI SUKARDI 156 SUKABUMI,H,YANSENG,1,GUDANG BAIK,2200286,Kingkong Wall Paint 104 Cream 18KG,1.00,"288,000.00",PAIL,7.50,0.00,0.00,"21,600.00","266,400.00",,1,"INDOWIRA, PT"
JUAL,261.000.949,26/01/2026 0:00,2601210494,T,,H.343,BAROS JAYA,JL.RH DIDI SUKARDI 156 SUKABUMI,H,YANSENG,1,GUDANG BAIK,2200162,Kingkong Wall paint Super White 18KG,3.00,"288,000.00",PAIL,7.50,0.00,0.00,"64,800.00","799,200.00",,1,"INDOWIRA, PT"
JUAL,261.000.949,26/01/2026 0:00,2601210494,T,,H.343,BAROS JAYA,JL.RH DIDI SUKARDI 156 SUKABUMI,H,YANSENG,1,GUDANG BAIK,2200207,Kingkong Wall Paint Special 521 Meadow 18KG,1.00,"288,000.00",PAIL,7.50,0.00,0.00,"21,600.00","266,400.00",,1,"INDOWIRA, PT"
JUAL,261.000.949,26/01/2026 0:00,2601210494,T,,H.343,BAROS JAYA,JL.RH DIDI SUKARDI 156 SUKABUMI,H,YANSENG,1,GUDANG BAIK,2200196,Kingkong Wall Paint Special 542 Orange 18KG,1.00,"288,000.00",PAIL,7.50,0.00,0.00,"21,600.00","266,400.00",,1,"INDOWIRA, PT"
JUAL,261.000.949,26/01/2026 0:00,2601210494,T,,H.343,BAROS JAYA,JL.RH DIDI SUKARDI 156 SUKABUMI,H,YANSENG,1,GUDANG BAIK,2200217,Kingkong Wall Paint Special 506 Sunny Y 18KG,1.00,"288,000.00",PAIL,7.50,0.00,0.00,"21,600.00","266,400.00",,1,"INDOWIRA, PT"
JUAL,261.000.949,26/01/2026 0:00,2601210494,T,,H.343,BAROS JAYA,JL.RH DIDI SUKARDI 156 SUKABUMI,H,YANSENG,1,GUDANG BAIK,2200297,Kingkong Wall Paint 109 Aple W 4.5KG,4.00,"76,000.00",GLN,7.50,0.00,0.00,"22,800.00","281,200.00",,1,"INDOWIRA, PT"
JUAL,261.000.949,26/01/2026 0:00,2601210494,T,,H.343,BAROS JAYA,JL.RH DIDI SUKARDI 156 SUKABUMI,H,YANSENG,1,GUDANG BAIK,2200250,Kingkong Wall Paint 124 Blue La 4.5KG,4.00,"76,000.00",GLN,7.50,0.00,0.00,"22,800.00","281,200.00",,1,"INDOWIRA, PT"
JUAL,261.000.949,26/01/2026 0:00,2601210494,T,,H.343,BAROS JAYA,JL.RH DIDI SUKARDI 156 SUKABUMI,H,YANSENG,1,GUDANG BAIK,2200223,Kingkong Wall Paint 127 Sun Flo 4.5KG,4.00,"76,000.00",GLN,7.50,0.00,0.00,"22,800.00","281,200.00",,1,"INDOWIRA, PT"
JUAL,261.000.949,26/01/2026 0:00,2601210494,T,,H.343,BAROS JAYA,JL.RH DIDI SUKARDI 156 SUKABUMI,H,YANSENG,1,GUDANG BAIK,2200139,Kingkong Wall Paint Super White 4.5Kg,8.00,"76,000.00",GLN,7.50,0.00,0.00,"45,600.00","562,400.00",,1,"INDOWIRA, PT"
JUAL,261.000.949,26/01/2026 0:00,2601210494,T,,H.343,BAROS JAYA,JL.RH DIDI SUKARDI 156 SUKABUMI,H,YANSENG,1,GUDANG BAIK,2200208,Kingkong Wall Paint Special 521 Meadow 4.5KG,4.00,"76,000.00",GLN,7.50,0.00,0.00,"22,800.00","281,200.00",,1,"INDOWIRA, PT"
JUAL,261.000.949,26/01/2026 0:00,2601210494,T,,H.343,BAROS JAYA,JL.RH DIDI SUKARDI 156 SUKABUMI,H,YANSENG,1,GUDANG BAIK,2200198,Kingkong Wall Paint Special 506 Sunny Y 4.5KG,4.00,"76,000.00",GLN,7.50,0.00,0.00,"22,800.00","281,200.00",,1,"INDOWIRA, PT"
JUAL,261.000.950,26/01/2026 0:00,2601190396,T,,H.187,PURA BAJA (PONCOL JAYA 2),"DEPAN MATRIAL SINAR JAYA BANGUNAN JL.RAYA TONJONG ,CIMANGGIS ",H1,MIMING,1,GUDANG BAIK,2102064,Meiji Zinc Chromate Primer Grey 1 KG,24.00,"51,000.00",KL,7.50,0.00,0.00,"91,800.00","1,132,200.00",,1,"INDOWIRA, PT"
JUAL,261.000.950,26/01/2026 0:00,2601190396,T,,H.187,PURA BAJA (PONCOL JAYA 2),"DEPAN MATRIAL SINAR JAYA BANGUNAN JL.RAYA TONJONG ,CIMANGGIS ",H1,MIMING,1,GUDANG BAIK,2102069,Meiji Zinc Chromate Primer Grey 20 KG,2.00,"825,000.00",PL,7.50,0.00,0.00,"123,750.00","1,526,250.00",,1,"INDOWIRA, PT"
JUAL,261.000.951,26/01/2026 0:00,2601220561,T,,H.343,BAROS JAYA,JL.RH DIDI SUKARDI 156 SUKABUMI,H,YANSENG,1,GUDANG BAIK,2400109,Meiji Zinc Chromate Primer Blue 20KG,7.00,"825,000.00",PAIL,7.50,0.00,0.00,"433,125.00","5,341,875.00",,1,"INDOWIRA, PT"
JUAL,261.000.951,26/01/2026 0:00,2601220561,T,,H.343,BAROS JAYA,JL.RH DIDI SUKARDI 156 SUKABUMI,H,YANSENG,1,GUDANG BAIK,2102073,Meiji Zinc Chromate Primer Black 20 KG,5.00,"825,000.00",PL,7.50,0.00,0.00,"309,375.00","3,815,625.00",,1,"INDOWIRA, PT"
JUAL,261.000.952,26/01/2026 0:00,2601190451,T,,H.187,PURA BAJA (PONCOL JAYA 2),"DEPAN MATRIAL SINAR JAYA BANGUNAN JL.RAYA TONJONG ,CIMANGGIS ",H1,MIMING,1,GUDANG BAIK,2102068,Meiji Zinc Chromate Primer Broken Whit 20 KG,3.00,"825,000.00",PL,7.50,0.00,0.00,"185,625.00","2,289,375.00",,1,"INDOWIRA, PT"
JUAL,261.000.953,26/01/2026 0:00,2601230575,T,,H.226,SETIA MURAH,JL. Raya Siliwangi Km 30,H1,MIMING,1,GUDANG BAIK,2200162,Kingkong Wall paint Super White 18KG,6.00,"288,000.00",PAIL,7.50,0.00,0.00,"129,600.00","1,598,400.00",,1,"INDOWIRA, PT"
JUAL,261.000.954,26/01/2026 0:00,2601220554,T,,H.733F,SUMBER USAHA CITEUREUP,Citeureup,H,YANSENG,1,GUDANG BAIK,2104188,Wiratex Wall Paint 853 5KG,4.00,"83,000.00",GL,7.50,0.00,0.00,"24,900.00","307,100.00",,1,"INDOWIRA, PT"
JUAL,261.000.954,26/01/2026 0:00,2601220554,T,,H.733F,SUMBER USAHA CITEUREUP,Citeureup,H,YANSENG,1,GUDANG BAIK,2104184,Wiratex Wall Paint 849 5KG,4.00,"83,000.00",GL,7.50,0.00,0.00,"24,900.00","307,100.00",,1,"INDOWIRA, PT"
JUAL,261.000.954,26/01/2026 0:00,2601220554,T,,H.733F,SUMBER USAHA CITEUREUP,Citeureup,H,YANSENG,1,GUDANG BAIK,2104157,Wiratex Wall Paint 806 Cream 5KG,4.00,"83,000.00",GL,7.50,0.00,0.00,"24,900.00","307,100.00",,1,"INDOWIRA, PT"
JUAL,261.000.954,26/01/2026 0:00,2.601.220.554,T,,H.733F,SUMBER USAHA CITEUREUP,Citeureup,H,YANSENG,1,GUDANG BAIK,2104182,Wiratex Wall Paint 847 Spring 5KG,4.00,"83,000.00",GL,7.50,0.00,0.00,"24,900.00","307,100.00",,1,"INDOWIRA, PT"
JUAL,261.000.954,26/01/2026 0:00,2601220554,T,,H.733F,SUMBER USAHA CITEUREUP,Citeureup,H,YANSENG,1,GUDANG BAIK,2104192,Wiratex Wall Paint Super White 5KG,40.00,"83,000.00",GL,7.50,0.00,0.00,"249,000.00","3,071,000.00",,1,"INDOWIRA, PT"
JUAL,261.000.954,26/01/2026 0:00,2601220554,T,,H.733F,SUMBER USAHA CITEUREUP,Citeureup,H,YANSENG,1,GUDANG BAIK,2104138,Wiratex Wall Paint 847 25 KG,1.00,"390,000.00",PL,7.50,0.00,0.00,"29,250.00","360,750.00",,1,"INDOWIRA, PT"
JUAL,261.000.954,26/01/2026 0:00,2601220554,T,,H.733F,SUMBER USAHA CITEUREUP,Citeureup,H,YANSENG,1,GUDANG BAIK,2102066,Meiji Zinc Chromate Primer  20 KG,6.00,"825,000.00",PL,7.50,0.00,0.00,"371,250.00","4,578,750.00",,1,"INDOWIRA, PT"
JUAL,261.000.954,26/01/2026 0:00,2601220554,T,,H.733F,SUMBER USAHA CITEUREUP,Citeureup,H,YANSENG,1,GUDANG BAIK,2104113,Wiratex Wall Paint 806 Cream 25 KG,2.00,"390,000.00",PL,7.50,0.00,0.00,"58,500.00","721,500.00",,1,"INDOWIRA, PT"
JUAL,261.000.954,26/01/2026 0:00,2601220554,T,,H.733F,SUMBER USAHA CITEUREUP,Citeureup,H,YANSENG,1,GUDANG BAIK,2104128,Wiratex Wall Paint 831 Fresh B 25 KG,1.00,"390,000.00",PL,7.50,0.00,0.00,"29,250.00","360,750.00",,1,"INDOWIRA, PT"
JUAL,261.000.955,26/01/2026 0:00,2601190397,T,,H.328,DUCO JAYA PAINT,JL.RAYA PUNCAK GADOG,H1,MIMING,1,GUDANG BAIK,2102066,Meiji Zinc Chromate Primer  20 KG,1.00,"825,000.00",PL,7.50,0.00,0.00,"61,875.00","763,125.00",,1,"INDOWIRA, PT"
JUAL,261.000.955,26/01/2026 0:00,2601190397,T,,H.328,DUCO JAYA PAINT,JL.RAYA PUNCAK GADOG,H1,MIMING,1,GUDANG BAIK,2102069,Meiji Zinc Chromate Primer Grey 20 KG,2.00,"825,000.00",PL,7.50,0.00,0.00,"123,750.00","1,526,250.00",,1,"INDOWIRA, PT"
JUAL,261.000.956,26/01/2026 0:00,2601260637,T,,H.733C,SUMBER USAHA,GUNUNG PUTRI,H,YANSENG,1,GUDANG BAIK,2104160,Wiratex Wall Paint 809 Jonquil 5KG,4.00,"83,000.00",GL,7.50,0.00,0.00,"24,900.00","307,100.00",,1,"INDOWIRA, PT"
JUAL,261.000.956,26/01/2026 0:00,2601260637,T,,H.733C,SUMBER USAHA,GUNUNG PUTRI,H,YANSENG,1,GUDANG BAIK,2104192,Wiratex Wall Paint Super White 5KG,20.00,"83,000.00",GL,7.50,0.00,0.00,"124,500.00","1,535,500.00",,1,"INDOWIRA, PT"
JUAL,261.000.957,26/01/2026 0:00,2601260646,T,,R.577,PB.SINAR MUDA,BLOK HEGAR MANAH NO.18 MELONG,R,SIMON QIRENE,1,GUDANG BAIK,2102158,Mascot Wall Paint 201 Apricot 5 KG,10.00,"65,000.00",GLN,7.50,0.00,0.00,"48,750.00","601,250.00",,1,"INDOWIRA, PT"
JUAL,261.000.957,26/01/2026 0:00,2601260646,T,,R.577,PB.SINAR MUDA,BLOK HEGAR MANAH NO.18 MELONG,R,SIMON QIRENE,1,GUDANG BAIK,2102161,Mascot Wall Paint 206 Irish W 5 KG,5.00,"65,000.00",GLN,7.50,0.00,0.00,"24,375.00","300,625.00",,1,"INDOWIRA, PT"
JUAL,261.000.957,26/01/2026 0:00,2601260646,T,,R.577,PB.SINAR MUDA,BLOK HEGAR MANAH NO.18 MELONG,R,SIMON QIRENE,1,GUDANG BAIK,2102178,Mascot Wall Paint Super White 5 KG,10.00,"65,000.00",GLN,7.50,0.00,0.00,"48,750.00","601,250.00",,1,"INDOWIRA, PT"
JUAL,261.000.957,26/01/2026 0:00,2601260646,T,,R.577,PB.SINAR MUDA,BLOK HEGAR MANAH NO.18 MELONG,R,SIMON QIRENE,1,GUDANG BAIK,2104073,Tawon Kembang Meni Kayu & Besi 0.8 KG,12.00,"40,000.00",KL,7.50,0.00,0.00,"36,000.00","444,000.00",,1,"INDOWIRA, PT"
JUAL,261.000.957,26/01/2026 0:00,2601260646,T,,R.577,PB.SINAR MUDA,BLOK HEGAR MANAH NO.18 MELONG,R,SIMON QIRENE,1,GUDANG BAIK,2102113,Mascot Wall Paint 203 Cream 20 KG,2.00,"215,000.00",PL,7.50,0.00,0.00,"32,250.00","397,750.00",,1,"INDOWIRA, PT"
JUAL,261.000.957,26/01/2026 0:00,2601260646,T,,R.577,PB.SINAR MUDA,BLOK HEGAR MANAH NO.18 MELONG,R,SIMON QIRENE,1,GUDANG BAIK,2102129,Mascot Wall Paint Super White 20 KG,5.00,"215,000.00",PL,7.50,0.00,0.00,"80,625.00","994,375.00",,1,"INDOWIRA, PT"
JUAL,261.000.958,26/01/2026 0:00,2601260645,T,,M.100,UMUM,,14,DEPO BANDUNG,1,GUDANG BAIK,2103297,Petalux Ceiling & Gypsum Paint Putih Wangi 5KG,2.00,"135,000.00",GLN,10.00,0.00,0.00,"27,000.00","243,000.00",BU LILIS,1,"INDOWIRA, PT"
JUAL,261.000.959,26/01/2026 0:00,2601260653,T,,J.572,BROTHER LAND / JOY,"MELONG ASIH 40 D ,CIJERAH RT.08 RW.03 RUKO KUNING DEPAN KANTOR POS",J,FRANSISKUS,1,GUDANG BAIK,2100011,AlFa Polyester Putty  3KG,2.00,"103,000.00",GLN,5.00,0.00,0.00,"10,300.00","195,700.00",,1,"INDOWIRA, PT"
JUAL,261.000.959,26/01/2026 0:00,2601260653,T,,J.572,BROTHER LAND / JOY,"MELONG ASIH 40 D ,CIJERAH RT.08 RW.03 RUKO KUNING DEPAN KANTOR POS",J,FRANSISKUS,1,GUDANG BAIK,2101917,Meiji Epoxy Filler White 1 LTR SET,5.00,"76,000.00",KL,10.00,0.00,0.00,"38,000.00","342,000.00",,1,"INDOWIRA, PT"
JUAL,261.000.960,26/01/2026 0:00,2601260654,T,,N.1099,BUDI,PODOMORO PARK JL.BOULEVARD SELATAN KAVLING S6,13,BU RINI,1,GUDANG BAIK,2102068,Meiji Zinc Chromate Primer Broken Whit 20 KG,5.00,"825,000.00",PL,0.00,0.00,0.00,0.00,"4,125,000.00",13,1,"INDOWIRA, PT"
JUAL,261.000.961,26/01/2026 0:00,2601260652,T,,Y.291,BERKAH ABADI 2,PERTIGAAN PATROL - PARONGPONG,Y,KEN - Y,1,GUDANG BAIK,2104181,Wiratex Wall Paint 846 Plum Fr 5KG,2.00,"83,000.00",GL,7.50,0.00,0.00,"12,450.00","153,550.00",,1,"INDOWIRA, PT"
JUAL,261.000.961,26/01/2026 0:00,2601260652,T,,Y.291,BERKAH ABADI 2,PERTIGAAN PATROL - PARONGPONG,Y,KEN - Y,1,GUDANG BAIK,2103813,Shintex Cat Genteng 305 Fire Br 4KG,8.00,"185,000.00",GLN,7.50,0.00,0.00,"111,000.00","1,369,000.00",,1,"INDOWIRA, PT"
JUAL,261.000.961,26/01/2026 0:00,2601260652,T,,Y.291,BERKAH ABADI 2,PERTIGAAN PATROL - PARONGPONG,Y,KEN - Y,1,GUDANG BAIK,2103815,Shintex Cat Genteng 309 Leather 4KG,4.00,"185,000.00",GLN,7.50,0.00,0.00,"55,500.00","684,500.00",,1,"INDOWIRA, PT"
JUAL,261.000.962,26/01/2026 0:00,2601260651,T,,J.334,TEGUH JAYA MANDIRI,JL.ANDIR KATAPANG KP.CIPATAT NO.75 SAMPING MESJID AL-HIDAYAH,J,FRANSISKUS,1,GUDANG BAIK,2102129,Mascot Wall Paint Super White 20 KG,2.00,"215,000.00",PL,7.50,0.00,0.00,"32,250.00","397,750.00",,1,"INDOWIRA, PT"
JUAL,261.000.963,26/01/2026 0:00,2601260650,T,,F.501,APOLLO,RAYA TAGOG 571 PADALARANG,D,WILLY,1,GUDANG BAIK,2100006,Alfa Polyester Putty  1 KG,12.00,"39,000.00",KL,5.00,0.00,0.00,"23,400.00","444,600.00",,1,"INDOWIRA, PT"
JUAL,261.000.964,26/01/2026 0:00,2601260649,T,,A.209,NETRAL,PASIRKALIKI 6,Y,KEN - Y,1,GUDANG BAIK,2103625,Petalux Wall Paint Putih Wangi 25 KG,2.00,"765,000.00",PL,7.50,0.00,0.00,"114,750.00","1,415,250.00",,1,"INDOWIRA, PT"
JUAL,261.000.965,26/01/2026 0:00,2601260656,T,,C.125,GLORIOUS,JL.TKI III BLOK E3 NO.10 PATUNG MACAN,J,FRANSISKUS,1,GUDANG BAIK,2103149,Petalac Thinner PU  5 LTR,1.00,"220,000.00",GLN,0.00,0.00,0.00,0.00,"220,000.00",,1,"INDOWIRA, PT"
JUAL,261.000.965,26/01/2026 0:00,2601260656,T,,C.125,GLORIOUS,JL.TKI III BLOK E3 NO.10 PATUNG MACAN,J,FRANSISKUS,1,GUDANG BAIK,2102749,Petalac PU Clear Sealer  1 LTR SET,6.00,"121,000.00",KL,10.00,0.00,0.00,"72,600.00","653,400.00",,1,"INDOWIRA, PT"
JUAL,261.000.965,26/01/2026 0:00,2601260656,T,,C.125,GLORIOUS,JL.TKI III BLOK E3 NO.10 PATUNG MACAN,J,FRANSISKUS,1,GUDANG BAIK,2200046,Petalac 2K PU Clear Gloss Base 0.8LT,1.00,"108,000.00",KL,10.00,0.00,0.00,"10,800.00","97,200.00",,1,"INDOWIRA, PT"
JUAL,261.000.965,26/01/2026 0:00,2601260656,T,,C.125,GLORIOUS,JL.TKI III BLOK E3 NO.10 PATUNG MACAN,J,FRANSISKUS,1,GUDANG BAIK,2102840,Petalac 2K PU Hardener Special  200 CC,2.00,"55,000.00",KL,10.00,0.00,0.00,"11,000.00","99,000.00",,1,"INDOWIRA, PT"
JUAL,261.000.965,26/01/2026 0:00,2601260656,T,,C.125,GLORIOUS,JL.TKI III BLOK E3 NO.10 PATUNG MACAN,J,FRANSISKUS,1,GUDANG BAIK,2200050,"Petalac 2K PU Clear Matt MV3 Base 0,8Lt",1.00,"121,000.00",KL,10.00,0.00,0.00,"12,100.00","108,900.00",,1,"INDOWIRA, PT"
JUAL,261.000.966,26/01/2026 0:00,2601260656,T,,C.125,GLORIOUS,JL.TKI III BLOK E3 NO.10 PATUNG MACAN,J,FRANSISKUS,1,GUDANG BAIK,2103149,Petalac Thinner PU  5 LTR,1.00,"220,000.00",GLN,0.00,0.00,0.00,0.00,"220,000.00",,1,"INDOWIRA, PT"
JUAL,261.000.967,26/01/2026 0:00,2601260657,T,,C.310,MAREMA,JL.SOEKARNO HATTA NO.57,D,WILLY,1,GUDANG BAIK,2102076,Meiji Zinc Chromate Primer  5 KG,5.00,"225,000.00",GLN,7.50,0.00,0.00,"84,375.00","1,040,625.00",,1,"INDOWIRA, PT"
JUAL,261.000.967,26/01/2026 0:00,2601260657,T,,C.310,MAREMA,JL.SOEKARNO HATTA NO.57,D,WILLY,1,GUDANG BAIK,2102079,Meiji Zinc Chromate Primer Grey 5 KG,5.00,"225,000.00",GLN,7.50,0.00,0.00,"84,375.00","1,040,625.00",,1,"INDOWIRA, PT"
JUAL,261.000.968,26/01/2026 0:00,2601150342,T,,N.1098A,ANDRE,JL.GERLONG TONGGOH IV NO.1 GEGER KALONG,13,BU RINI,1,GUDANG BAIK,2102840,Petalac 2K PU Hardener Special  200 CC,1.00,"55,000.00",KL,0.00,0.00,0.00,0.00,"55,000.00",VIA SJ.4103,1,"INDOWIRA, PT"
JUAL,261.000.968,26/01/2026 0:00,2601150342,T,,N.1098A,ANDRE,JL.GERLONG TONGGOH IV NO.1 GEGER KALONG,13,BU RINI,1,GUDANG BAIK,2500078,Petalac Ext 4:1 CO Base MX Iron AJ Matt 0.8LT,1.00,"152,000.00",KL,0.00,0.00,0.00,0.00,"152,000.00",VIA SJ.4103,1,"INDOWIRA, PT"
JUAL,262.000.037,26/01/2026 0:00,2601260638,T,,H.180,KCN SS,BOGOR,H,YANSENG,1,GUDANG BAIK,2104955,Bonus Sarung,1.00,0.00,PCS,0.00,0.00,0.00,0.00,0.00,,1,"INDOWIRA, PT"
JUAL,262.000.038,26/01/2026 0:00,2601260657,T,,C.310,MAREMA,JL.SOEKARNO HATTA NO.57,D,WILLY,1,GUDANG BAIK,2104955,Bonus Sarung,1.00,0.00,PCS,0.00,0.00,0.00,0.00,0.00,,1,"INDOWIRA, PT"
JUAL,261.000.975,27/01/2026 0:00,2601260658,T,,J.413,NYOMAN NUARTA,JL.SETRA SARIV/16,J,FRANSISKUS,1,GUDANG BAIK,2103223,Protar Cat Proteksi Tahan Air 7204 Abu Muda 4KG,1.00,"235,000.00",GLN,0.00,0.00,0.00,0.00,"235,000.00",,1,"INDOWIRA, PT"
JUAL,261.000.976,27/01/2026 0:00,2601270665,T,,R.485,TB.WAHANA BANGUNAN,CIBADUYUT RAYA NO.165 SEBELAH GG H.RUSDI,D,WILLY,1,GUDANG BAIK,2102074,Meiji Zinc Chromate Light Grey 20 KG,7.00,"825,000.00",PL,7.50,0.00,0.00,"433,125.00","5,341,875.00",K/JL.MAHMUD NO.25 RAHAYU,1,"INDOWIRA, PT"
JUAL,261.000.977,27/01/2026 0:00,2601270664,T,,W.354,PT.MENTARI AGUNG MANDIRI,JL.RAYA DAYEUH KOLOT O.341C RT 001 RW 006,R,SIMON QIRENE,1,GUDANG BAIK,2103625,Petalux Wall Paint Putih Wangi 25 KG,4.00,"505,000.00",PL,0.00,0.00,0.00,0.00,"2,020,000.00",U/P.ICA,1,"INDOWIRA, PT"
JUAL,261.000.978,27/01/2026 0:00,2601270667,T,,K.410,SUMBER JAYA,PUNGKUR 21,L,RUDI *,1,GUDANG BAIK,2104147,Wiratex Wall Paint Putih Salju 25 KG,2.00,"390,000.00",PL,7.50,0.00,0.00,"58,500.00","721,500.00",,1,"INDOWIRA, PT"
JUAL,261.000.979,27/01/2026 0:00,2601270663,T,,N.888,SUMBER WARNA,PUNGKUR,14,DEPO BANDUNG,1,GUDANG BAIK,2100049,Adler Polyester Putty 3002  1 KG SET,24.00,"62,000.00",KL,7.50,2.50,0.00,"146,010.00","1,341,990.00",,1,"INDOWIRA, PT"
JUAL,261.000.979,27/01/2026 0:00,2601270663,T,,N.888,SUMBER WARNA,PUNGKUR,14,DEPO BANDUNG,1,GUDANG BAIK,2300086,Petalac 2K PU CO Base Black Satin 0.8LT,2.00,"150,000.00",KL,7.50,2.50,0.00,"29,437.50","270,562.50",,1,"INDOWIRA, PT"
JUAL,261.000.979,27/01/2026 0:00,2601270663,T,,N.888,SUMBER WARNA,PUNGKUR,14,DEPO BANDUNG,1,GUDANG BAIK,2300092,Petalac Hardener Special Black Matt 200CC,2.00,"55,000.00",KL,7.50,2.50,0.00,"10,793.76","99,206.24",,1,"INDOWIRA, PT"
JUAL,261.000.980,27/01/2026 0:00,2601270662,T,,G.227,MUTIARA WARNA,JL.SOMAWINATA 14 TANI MULYA,G,JULIANTO,1,GUDANG BAIK,2104148,Wiratex Wall Paint Super White 25 KG,2.00,"390,000.00",PL,7.50,0.00,0.00,"58,500.00","721,500.00",K/SUSILO NO. 4 U/P.PAK H.AA AROM,1,"INDOWIRA, PT"
JUAL,261.000.980,27/01/2026 0:00,2601270662,T,,G.227,MUTIARA WARNA,JL.SOMAWINATA 14 TANI MULYA,G,JULIANTO,1,GUDANG BAIK,2103625,Petalux Wall Paint Putih Wangi 25 KG,2.00,"765,000.00",PL,7.50,0.00,0.00,"114,750.00","1,415,250.00",K/SUSILO NO. 4 U/P.PAK H.AA AROM,1,"INDOWIRA, PT"
JUAL,261.000.981,27/01/2026 0:00,2601270670,T,,C.209,LANGGANAN BARU,SINDANG SARI BARAT 27 CIJERAH,C,YONATHAN,1,GUDANG BAIK,2102064,Meiji Zinc Chromate Primer Grey 1 KG,24.00,"51,000.00",KL,7.50,0.00,0.00,"91,800.00","1,132,200.00",,1,"INDOWIRA, PT"
JUAL,261.000.982,27/01/2026 0:00,2601270669,T,,K.331,ATEP,JL.MANGLID NO.10,L,RUDI *,1,GUDANG BAIK,2104494,Daltone Clear CoaT MS 4100 1LTS,6.00,"112,000.00",KL,10.00,0.00,0.00,"67,200.00","604,800.00",,1,"INDOWIRA, PT"
JUAL,261.000.985,27/01/2026 0:00,2601260628,T,,C.429,JAYA SUBUR 3,CIBORERANG TERUSAN BOJONG TANJUNG KATAPA,C,YONATHAN,1,GUDANG BAIK,2101643,Kingkong Wall Paint Super White 1 KG,24.00,"27,000.00",KL,7.50,0.00,0.00,"48,600.00","599,400.00",,1,"INDOWIRA, PT"
JUAL,261.000.986,27/01/2026 0:00,2601260621,T,,J.140,PT.INDONESIA RABBONI GARMEN,JL.BANJARAN 102 (EX UNILON),J,FRANSISKUS,1,GUDANG BAIK,2103989,Shintex Wall Paint Super White 25 KG,6.00,"510,000.00",PL,0.00,0.00,0.00,0.00,"3,060,000.00",,1,"INDOWIRA, PT"
JUAL,261.000.987,27/01/2026 0:00,2601270671,T,,K.527,PT.AKD,SADANG,14,DEPO BANDUNG,1,GUDANG BAIK,2200310,Kingkong Wall Paint Black 18KG,1.00,"288,000.00",PAIL,7.50,0.00,0.00,"21,600.00","266,400.00",,1,"INDOWIRA, PT"
JUAL,261.000.987,27/01/2026 0:00,2601270671,T,,K.527,PT.AKD,SADANG,14,DEPO BANDUNG,1,GUDANG BAIK,2200162,Kingkong Wall paint Super White 18KG,2.00,"288,000.00",PAIL,7.50,0.00,0.00,"43,200.00","532,800.00",,1,"INDOWIRA, PT"
JUAL,261.000.987,27/01/2026 0:00,2601270671,T,,K.527,PT.AKD,SADANG,14,DEPO BANDUNG,1,GUDANG BAIK,2102141,Mascot Wall Paint 207 Tile Re 25 KG,4.00,"270,000.00",PL,7.50,0.00,0.00,"81,000.00","999,000.00",,1,"INDOWIRA, PT"
JUAL,261.000.988,27/01/2026 0:00,2601260640,T,,G.227,MUTIARA WARNA,JL.SOMAWINATA 14 TANI MULYA,G,JULIANTO,1,GUDANG BAIK,2104113,Wiratex Wall Paint 806 Cream 25 KG,2.00,"390,000.00",PL,7.50,0.00,0.00,"58,500.00","721,500.00",K/CV.TIMBUL JAYA - JL.PERSADA NO.51 CIPA,1,"INDOWIRA, PT"
JUAL,261.000.989,27/01/2026 0:00,2601230590,T,,J.333,RICKY,JL.HOLIS NO.20B,J,FRANSISKUS,1,GUDANG BAIK,2102837,Petalac 2K PU Hardener Normal  200CC,1.00,"55,000.00",KL,10.00,0.00,0.00,"5,500.00","49,500.00",,1,"INDOWIRA, PT"
JUAL,261.000.989,27/01/2026 0:00,2601230590,T,,J.333,RICKY,JL.HOLIS NO.20B,J,FRANSISKUS,1,GUDANG BAIK,2400217,Petalac 2K PU Metalix Gold Matt Base 0.8LT,1.00,"145,000.00",KL,10.00,0.00,0.00,"14,500.00","130,500.00",,1,"INDOWIRA, PT"
JUAL,261.000.990,27/01/2026 0:00,2601270672,T,,K.406,OPTIMA,JL.SASTRA NO.2,L,RUDI *,1,GUDANG BAIK,2101917,Meiji Epoxy Filler White 1 LTR SET,2.00,"76,000.00",KL,10.00,0.00,0.00,"15,200.00","136,800.00",,1,"INDOWIRA, PT"
JUAL,261.000.991,27/01/2026 0:00,2601260620,T,,R.488,GAN PROPERTI,GLAND PADALARANG VALLEY JL.CIPADANG MANAH PADALARANG,R,SIMON QIRENE,1,GUDANG BAIK,2102109,Mascot Wall Paint Super White 200 KG,2.00,"1,700,000.00",DRM,0.00,0.00,0.00,0.00,"3,400,000.00",U/P.HENDRI,1,"INDOWIRA, PT"
JUAL,261.000.992,27/01/2026 0:00,2601150360,T,,N.815A,FAUZAN,KIDANG PANANJUNG 33 KOTA BARU PARAHYANGAN,13,BU RINI,1,GUDANG BAIK,2100360,Attaboy Multi Colour Paint S6616 4 LTR,5.00,"510,000.00",GLN,0.00,0.00,0.00,0.00,"2,550,000.00",,1,"INDOWIRA, PT"
JUAL,261.000.993,27/01/2026 0:00,2601230598,T,,J.413,NYOMAN NUARTA,JL.SETRA SARIV/16,J,FRANSISKUS,1,GUDANG BAIK,2102840,Petalac 2K PU Hardener Special  200 CC,5.00,"55,000.00",KL,0.00,0.00,0.00,0.00,"275,000.00",,1,"INDOWIRA, PT"
JUAL,261.000.993,27/01/2026 0:00,2601230598,T,,J.413,NYOMAN NUARTA,JL.SETRA SARIV/16,J,FRANSISKUS,1,GUDANG BAIK,2500377,Petalac 2K PU CO Base Coklat Muda Satin 0.8LT,5.00,"135,000.00",KL,0.00,0.00,0.00,0.00,"675,000.00",,1,"INDOWIRA, PT"
JUAL,261.000.994,27/01/2026 0:00,2601190459,T,,N.1028,EDY RUSWANDY,BAGUS RANGIN NO.15/50 LEBAK GEDE DAERAH GASIBU DIPATIUKUR,13,BU RINI,1,GUDANG BAIK,2400165,Shintex Wall Paint 92403 AB White 25KG,35.00,"410,000.00",PAIL,0.00,0.00,0.00,0.00,"14,350,000.00",,1,"INDOWIRA, PT"
JUAL,261.000.995,27/01/2026 0:00,2601190484,T,,G.227,MUTIARA WARNA,JL.SOMAWINATA 14 TANI MULYA,G,JULIANTO,1,GUDANG BAIK,2103700,Petalux Wall Paint 643 Irish W 5KG,2.00,"158,000.00",GLN,7.50,0.00,0.00,"23,700.00","292,300.00",,1,"INDOWIRA, PT"
JUAL,261.000.996,27/01/2026 0:00,2601260642,T,,W.473,SRI MULYA KENCANA,"JL,RAYA GADOBANGKONG 39 A",U,GANIS,1,GUDANG BAIK,2101377,Crystal Coat Candytone Vergoldet 1lts,1.00,"657,000.00",KL,7.50,0.00,0.00,"49,275.00","607,725.00",,1,"INDOWIRA, PT"
JUAL,261.001.012,27/01/2026 0:00,2601270674,T,,J.100,INDUSTRI/FRANSISKUS,,J,FRANSISKUS,1,GUDANG BAIK,2200162,Kingkong Wall paint Super White 18KG,1.00,"288,000.00",PAIL,0.00,0.00,0.00,0.00,"288,000.00",SLAMET - K/AKARA,1,"INDOWIRA, PT"
JUAL,261.001.013,27/01/2026 0:00,2601220524,T,,H.733D,SUMBER USAHA,KARAWANG TIMUR,H,YANSENG,1,GUDANG BAIK,2102076,Meiji Zinc Chromate Primer  5 KG,12.00,"225,000.00",GLN,7.50,0.00,0.00,"202,500.00","2,497,500.00",,1,"INDOWIRA, PT"
JUAL,261.001.013,27/01/2026 0:00,2601220524,T,,H.733D,SUMBER USAHA,KARAWANG TIMUR,H,YANSENG,1,GUDANG BAIK,2102061,Meiji Zinc Chromate Primer  1 KG,72.00,"51,000.00",KL,7.50,0.00,0.00,"275,400.00","3,396,600.00",,1,"INDOWIRA, PT"
JUAL,261.001.019,27/01/2026 0:00,2601190407,T,,G.138,JAYA,RENGAS DENGKLOK,G,JULIANTO,1,GUDANG BAIK,2103681,Petalux Wall Paint 6320 Fresh 5KG,2.00,"158,000.00",GLN,7.50,0.00,0.00,"23,700.00","292,300.00",,1,"INDOWIRA, PT"
JUAL,261.001.020,27/01/2026 0:00,2601210513,T,,GD.4,TB.AGUNG JAYA,PERUM CITRA KEBUN MAS BLOK H10 NO.11 DPN,G,JULIANTO,1,GUDANG BAIK,2104960,Protar Raston CK 1 KG,24.00,"46,000.00",KLG,7.50,0.00,0.00,"82,800.00","1,021,200.00",,1,"INDOWIRA, PT"
JUAL,261.001.021,27/01/2026 0:00,2601270675,T,,G.121,DAMAI/AANG,CIPEUNDEUY CIKALONG,G,JULIANTO,1,GUDANG BAIK,2100011,AlFa Polyester Putty  3KG,12.00,"103,000.00",GLN,5.00,0.00,0.00,"61,800.00","1,174,200.00",,1,"INDOWIRA, PT"
JUAL,261.001.022,27/01/2026 0:00,2601210509,T,,GB.50,TB.AFIYAT II,JL.RAYA BOJONG SAWIT PURWAKARTA 026-7015426,G,JULIANTO,1,GUDANG BAIK,2100011,AlFa Polyester Putty  3KG,12.00,"103,000.00",GLN,5.00,0.00,0.00,"61,800.00","1,174,200.00",,1,"INDOWIRA, PT"
JUAL,261.001.023,27/01/2026 0:00,2601210495,T,,GE.109,SUBUR JAYA 2,JL.PRAMUKA NO.254 CIKEMBANG PURWAKARTA,G,JULIANTO,1,GUDANG BAIK,2102129,Mascot Wall Paint Super White 20 KG,20.00,"215,000.00",PL,7.50,0.00,0.00,"322,500.00","3,977,500.00",,1,"INDOWIRA, PT"
JUAL,261.001.024,27/01/2026 0:00,2601140332,T,,G.202,TERUS MAKMUR,KLARI,G,JULIANTO,1,GUDANG BAIK,2105214,Meiji Zinc Chromate Primer Dark Grey 20KG,5.00,"825,000.00",PAIL,7.50,0.00,0.00,"309,375.00","3,815,625.00",,1,"INDOWIRA, PT"
JUAL,261.001.026,27/01/2026 0:00,2601230599,T,,K.201,AGUS CENDANA,KIRCON 141,L,RUDI *,1,GUDANG BAIK,2102840,Petalac 2K PU Hardener Special  200 CC,6.00,"55,000.00",KL,10.00,0.00,0.00,"33,000.00","297,000.00",,1,"INDOWIRA, PT"
JUAL,261.001.026,27/01/2026 0:00,2601230599,T,,K.201,AGUS CENDANA,KIRCON 141,L,RUDI *,1,GUDANG BAIK,2500367,Petalac 2K PU CO Base Silk Moire Matt 0.8LT,4.00,"152,000.00",KL,10.00,0.00,0.00,"60,800.00","547,200.00",,1,"INDOWIRA, PT"
JUAL,261.001.026,27/01/2026 0:00,2601230599,T,,K.201,AGUS CENDANA,KIRCON 141,L,RUDI *,1,GUDANG BAIK,2600006,Petalac 2K PU CO Base Winter Bird Matt 0.8LT,2.00,"145,000.00",KL,10.00,0.00,0.00,"29,000.00","261,000.00",,1,"INDOWIRA, PT"
JUAL,261.001.027,27/01/2026 0:00,2601260623,T,,K.201,AGUS CENDANA,KIRCON 141,L,RUDI *,1,GUDANG BAIK,2102840,Petalac 2K PU Hardener Special  200 CC,6.00,"55,000.00",KL,10.00,0.00,0.00,"33,000.00","297,000.00",,1,"INDOWIRA, PT"
JUAL,261.001.027,27/01/2026 0:00,2601260623,T,,K.201,AGUS CENDANA,KIRCON 141,L,RUDI *,1,GUDANG BAIK,2500357,Petalac 2K PU CO Base HPL Grey Satin 0.8LT,6.00,"152,000.00",KL,10.00,0.00,0.00,"91,200.00","820,800.00",,1,"INDOWIRA, PT"
JUAL,261.001.032,27/01/2026 0:00,2601120252,T,,G.111,BARAYA,PLERED,G,JULIANTO,1,GUDANG BAIK,2104059,Shintex Wall Paint Warna Khusus B Merah 1KG,12.00,"39,000.00",KL,7.50,0.00,0.00,"35,100.00","432,900.00",,1,"INDOWIRA, PT"
JUAL,261.001.032,27/01/2026 0:00,2601120252,T,,G.111,BARAYA,PLERED,G,JULIANTO,1,GUDANG BAIK,2104045,Shintex Wall Paint Warna Khusus A Hijau 1KG,12.00,"32,000.00",KL,7.50,0.00,0.00,"28,800.00","355,200.00",,1,"INDOWIRA, PT"
JUAL,261.001.032,27/01/2026 0:00,2601120252,T,,G.111,BARAYA,PLERED,G,JULIANTO,1,GUDANG BAIK,2104047,Shintex Wall Paint Warna Khusus A Kuning 1KG,12.00,"32,000.00",KL,7.50,0.00,0.00,"28,800.00","355,200.00",,1,"INDOWIRA, PT"
JUAL,261.001.033,27/01/2026 0:00,2601260655,T,,GC.58,TC.PRIMA PAINT,JL.RAYA CIKARANG CIBARUSAH KP.LEUWEUNG MALANG RT.04/04 DS.SUKARESMI,G,JULIANTO,1,GUDANG BAIK,2100006,Alfa Polyester Putty  1 KG,12.00,"39,000.00",KL,5.00,0.00,0.00,"23,400.00","444,600.00",,1,"INDOWIRA, PT"
JUAL,261.001.034,27/01/2026 0:00,2601270666,T,,GE.103,WARNA WARNI,JL.JEND A YANI NO.130 PURWAKARTA,G,JULIANTO,1,GUDANG BAIK,2101915,Meiji Epoxy Filler  1 LTR SET,22.00,"76,000.00",KL,7.50,0.00,0.00,"125,400.00","1,546,600.00",,1,"INDOWIRA, PT"
JUAL,261.001.034,27/01/2026 0:00,2601270666,T,,GE.103,WARNA WARNI,JL.JEND A YANI NO.130 PURWAKARTA,G,JULIANTO,1,GUDANG BAIK,2102062,Meiji Zinc Chromate Primer Black 1 KG,64.00,"51,000.00",KL,7.50,0.00,0.00,"244,800.00","3,019,200.00",,1,"INDOWIRA, PT"
JUAL,261.001.035,27/01/2026 0:00,2601270676,T,,K.201,AGUS CENDANA,KIRCON 141,L,RUDI *,1,GUDANG BAIK,2102749,Petalac PU Clear Sealer  1 LTR SET,6.00,"121,000.00",KL,10.00,0.00,0.00,"72,600.00","653,400.00",,1,"INDOWIRA, PT"
JUAL,261.001.036,27/01/2026 0:00,2601220550,T,,G.333,KONDANG WARNA,JL.KERTASARI (JALUR IRIGASI CITRA KEBUN MAS ),G,JULIANTO,1,GUDANG BAIK,2200102,Daltone Clear Coat MS 4100 0.25Lts,38.00,"36,000.00",KL,5.00,0.00,0.00,"68,400.00","1,299,600.00",,1,"INDOWIRA, PT"
JUAL,261.001.049,27/01/2026 0:00,2601270683,T,,B.510,PADA SURTI,KIRCON 346,C,YONATHAN,1,GUDANG BAIK,2104148,Wiratex Wall Paint Super White 25 KG,1.00,"390,000.00",PL,7.50,0.00,0.00,"29,250.00","360,750.00",,1,"INDOWIRA, PT"
JUAL,261.001.051,27/01/2026 0:00,2601220535,T,,N.343,PT.SANBE PRAKARSA HUSADA,PROYEK RSSI-EXISTING JL KEBON JATI NO.38,13,BU RINI,1,GUDANG BAIK,2500300,Petalac 2K PU CO Base Sun Blue 20LT,1.00,"3,150,000.00",PAIL,5.00,0.00,0.00,"157,500.00","2,992,500.00",U/P.BAMBANG SETIAWAN,1,"INDOWIRA, PT"
JUAL,261.001.051,27/01/2026 0:00,2601220535,T,,N.343,PT.SANBE PRAKARSA HUSADA,PROYEK RSSI-EXISTING JL KEBON JATI NO.38,13,BU RINI,1,GUDANG BAIK,2200197,Petalac 2K PU Hardener Special 1LITER,5.00,"252,000.00",KL,5.00,0.00,0.00,"63,000.00","1,197,000.00",U/P.BAMBANG SETIAWAN,1,"INDOWIRA, PT"
JUAL,261.001.051,27/01/2026 0:00,2601220535,T,,N.343,PT.SANBE PRAKARSA HUSADA,PROYEK RSSI-EXISTING JL KEBON JATI NO.38,13,BU RINI,1,GUDANG BAIK,2103148,Petalac Thinner PU  20 LTR,2.00,"834,000.00",JRG,0.00,0.00,0.00,0.00,"1,668,000.00",U/P.BAMBANG SETIAWAN,1,"INDOWIRA, PT"
JUAL,261.001.052,27/01/2026 0:00,2601220564,T,,R.127,HARYANTO,BUDI SARI 6 NO.10 SETIA BUDI,13,BU RINI,1,GUDANG BAIK,2103998,Shintex Wall Paint 902 Berlian 5KG,2.00,"110,000.00",GLN,0.00,0.00,0.00,0.00,"220,000.00",,1,"INDOWIRA, PT"
JUAL,261.001.053,27/01/2026 0:00,2601230601,T,,P.191,PT.MBP UNTUK PT CERES,JL.RAYA DAYEUH KOLOT 92,13,BU RINI,1,GUDANG BAIK,2101061,Attaboy Weatherguard DX Mirrage 20lt,2.00,"2,099,010.00",PL,0.00,0.00,0.00,0.00,"4,198,020.00",,1,"INDOWIRA, PT"
JUAL,261.001.054,27/01/2026 0:00,2601260617,T,,W.386,CV.PURNAMA JAYA INDO,JL.WANGSA PRAJA KULON NO.5 TATAR WANGSAKERTA,13,BU RINI,1,GUDANG BAIK,2100067,Adler Primer Surfacer EP 1050  8 LITER SET,1.00,"785,000.00",GLN,5.00,0.00,0.00,"39,250.00","745,750.00",,1,"INDOWIRA, PT"
JUAL,261.001.055,27/01/2026 0:00,2601260641,T,,N.521,PT.SAGE KONTRUKSI INDONESIA,JL.GUNUNG RAHAYU II C 7 GUNUNG BATU CIMA,13,BU RINI,1,GUDANG BAIK,240046,Attaboy High Gloss Acrylic Enamel S1002-G50Y 20LT,1.00,"2,094,570.00",PAIL,0.00,0.00,0.00,0.00,"2,094,570.00",K/PT.CERES,1,"INDOWIRA, PT"
JUAL,261.001.056,27/01/2026 0:00,2601220569,T,,N.136,CAPRIFARMINDO,JL.PURNAWARMAN NO.47,13,BU RINI,1,GUDANG BAIK,2100333,Attaboy High Gloss Acrylic Enamel AG 6000 White20L,3.00,"3,300,000.00",PL,0.00,0.00,0.00,0.00,"9,900,000.00",U/P.MUHAMMAD SULAEMI,1,"INDOWIRA, PT"
JUAL,261.001.057,27/01/2026 0:00,2601270669,T,,K.331,ATEP,JL.MANGLID NO.10,L,RUDI *,1,GUDANG BAIK,2500130,Daltone Thinner Slow Dry 1LT,3.00,"50,000.00",KL,0.00,0.00,0.00,0.00,"150,000.00",,1,"INDOWIRA, PT"
JUAL,262.000.040,27/01/2026 0:00,2601270673,T,,K.527,PT.AKD,SADANG,14,DEPO BANDUNG,1,GUDANG BAIK,2200050,"Petalac 2K PU Clear Matt MV3 Base 0,8Lt",30.00,"121,000.00",KL,10.00,0.00,0.00,"363,000.00","3,267,000.00",U/TUKAR LANGSUNG,1,"INDOWIRA, PT"
JUAL,262.000.041,27/01/2026 0:00,2512160520,T,,P.244,PT.METROPOLITAN HORISON DEVELO,HOTEL HORISON JL.PELAJAR PEJUANG 45 NO.121,13,BU RINI,1,GUDANG BAIK,2400131,COFFEE GAJAH,10.00,0.00,BKS,0.00,0.00,0.00,0.00,0.00,,1,"INDOWIRA, PT"
JUAL,262.000.044,27/01/2026 0:00,2601270666,T,,GE.103,WARNA WARNI,JL.JEND A YANI NO.130 PURWAKARTA,G,JULIANTO,1,GUDANG BAIK,2101915,Meiji Epoxy Filler  1 LTR SET,2.00,0.00,KL,0.00,0.00,0.00,0.00,0.00,,1,"INDOWIRA, PT"
JUAL,261.001.064,28/01/2026 0:00,2601270678,T,,U.257,ANTA BARU,JL.PURWAKARTA NO.32 ANTAPANI,U,GANIS,1,GUDANG BAIK,2102095,Mascot Wall Filler  4 KG,15.00,"39,000.00",GLN,7.50,0.00,0.00,"43,875.00","541,125.00",,1,"INDOWIRA, PT"
JUAL,261.001.064,28/01/2026 0:00,2601270678,T,,U.257,ANTA BARU,JL.PURWAKARTA NO.32 ANTAPANI,U,GANIS,1,GUDANG BAIK,2102093,Mascot Wall Filler  25 KG,1.00,"220,000.00",PL,7.50,0.00,0.00,"16,500.00","203,500.00",,1,"INDOWIRA, PT"
JUAL,261.001.064,28/01/2026 0:00,2601270678,T,,U.257,ANTA BARU,JL.PURWAKARTA NO.32 ANTAPANI,U,GANIS,1,GUDANG BAIK,2102155,Mascot Wall Paint Super White 25 KG,3.00,"270,000.00",PL,7.50,0.00,0.00,"60,750.00","749,250.00",,1,"INDOWIRA, PT"
JUAL,261.001.065,28/01/2026 0:00,2601270679,T,,D.211,KARYA AGUNG,LEUWIGAJAH 55,G,JULIANTO,1,GUDANG BAIK,2104539,Meiji Zinc Chromate Light Grey 1 Kg,6.00,"51,000.00",KL,7.50,0.00,0.00,"22,950.00","283,050.00",,1,"INDOWIRA, PT"
JUAL,261.001.065,28/01/2026 0:00,2601270679,T,,D.211,KARYA AGUNG,LEUWIGAJAH 55,G,JULIANTO,1,GUDANG BAIK,2104147,Wiratex Wall Paint Putih Salju 25 KG,3.00,"390,000.00",PL,7.50,0.00,0.00,"87,750.00","1,082,250.00",,1,"INDOWIRA, PT"
JUAL,261.001.067,28/01/2026 0:00,2601270682,T,,D.507,INTI LOGAM,PASAR ATAS 38,U,GANIS,1,GUDANG BAIK,2101915,Meiji Epoxy Filler  1 LTR SET,11.00,"76,000.00",KL,7.50,0.00,0.00,"62,700.00","773,300.00",,1,"INDOWIRA, PT"
JUAL,261.001.067,28/01/2026 0:00,2601270682,T,,D.507,INTI LOGAM,PASAR ATAS 38,U,GANIS,1,GUDANG BAIK,2101917,Meiji Epoxy Filler White 1 LTR SET,11.00,"76,000.00",KL,7.50,0.00,0.00,"62,700.00","773,300.00",,1,"INDOWIRA, PT"
JUAL,261.001.068,28/01/2026 0:00,2601270684,T,,N.917A,PAK LAURENS,JL.CIBOLERANG NO.203 KAV.22 A,13,BU RINI,1,GUDANG BAIK,2100016,Alfa Zinc Chromate Primer BM Grey 20kg,1.00,"720,000.00",PL,0.00,0.00,0.00,0.00,"720,000.00",,1,"INDOWIRA, PT"
JUAL,261.001.070,28/01/2026 0:00,2601270686,T,,A.110,NANJUNG JAYA,PASIRKOJA 195,Y,KEN - Y,1,GUDANG BAIK,2104148,Wiratex Wall Paint Super White 25 KG,3.00,"390,000.00",PL,7.50,0.00,0.00,"87,750.00","1,082,250.00",,1,"INDOWIRA, PT"
JUAL,261.001.071,28/01/2026 0:00,2601270687,T,,K.521,TOPIC,JATAYU,L,RUDI *,1,GUDANG BAIK,2102840,Petalac 2K PU Hardener Special  200 CC,18.00,"55,000.00",KL,10.00,0.00,0.00,"99,000.00","891,000.00",,1,"INDOWIRA, PT"
JUAL,261.001.071,28/01/2026 0:00,2601270687,T,,K.521,TOPIC,JATAYU,L,RUDI *,1,GUDANG BAIK,2200050,"Petalac 2K PU Clear Matt MV3 Base 0,8Lt",18.00,"121,000.00",KL,10.00,0.00,0.00,"217,800.00","1,960,200.00",,1,"INDOWIRA, PT"
JUAL,261.001.071,28/01/2026 0:00,2601270687,T,,K.521,TOPIC,JATAYU,L,RUDI *,1,GUDANG BAIK,2103148,Petalac Thinner PU  20 LTR,2.00,"834,000.00",JRG,0.00,0.00,0.00,0.00,"1,668,000.00",,1,"INDOWIRA, PT"
JUAL,261.001.073,28/01/2026 0:00,2601270689,T,,A.735,TK.ISLAH JAYA (ENDEN),JL.CIBOLERANG TERUSAN HOLIS BLOK AZI NO.,Y,KEN - Y,1,GUDANG BAIK,2104192,Wiratex Wall Paint Super White 5KG,4.00,"83,000.00",GL,7.50,0.00,0.00,"24,900.00","307,100.00",,1,"INDOWIRA, PT"
JUAL,261.001.074,28/01/2026 0:00,2601270691,T,,C.408,LANGGENG CEMERLANG,JL.GADOBANGKONG NO.2 CIMAHI,R,SIMON QIRENE,1,GUDANG BAIK,2101916,Meiji Epoxy Filler Black 1 LTR SET,11.00,"76,000.00",KL,7.50,0.00,0.00,"62,700.00","773,300.00",,1,"INDOWIRA, PT"
JUAL,261.001.075,28/01/2026 0:00,2601280693,T,,J.149,NAGA SURYA LOGAM,JL.RAYA CIBEUREUM NO.111-115 GUDANG 7,J,FRANSISKUS,1,GUDANG BAIK,2101416,Crystal Coat Thinner  1 LITER,2.00,"51,000.00",KL,0.00,0.00,0.00,0.00,"102,000.00",,1,"INDOWIRA, PT"
JUAL,261.001.075,28/01/2026 0:00,2601280693,T,,J.149,NAGA SURYA LOGAM,JL.RAYA CIBEUREUM NO.111-115 GUDANG 7,J,FRANSISKUS,1,GUDANG BAIK,2101391,Crystal Coat Clear Matt MV3 1 LITER,1.00,"657,000.00",KL,10.00,0.00,0.00,"65,700.00","591,300.00",,1,"INDOWIRA, PT"
JUAL,261.001.076,28/01/2026 0:00,2601280694,T,,G.227,MUTIARA WARNA,JL.SOMAWINATA 14 TANI MULYA,G,JULIANTO,1,GUDANG BAIK,2104192,Wiratex Wall Paint Super White 5KG,4.00,"83,000.00",GL,7.50,0.00,0.00,"24,900.00","307,100.00",,1,"INDOWIRA, PT"
JUAL,261.001.076,28/01/2026 0:00,2601280694,T,,G.227,MUTIARA WARNA,JL.SOMAWINATA 14 TANI MULYA,G,JULIANTO,1,GUDANG BAIK,2104042,Shintex Wall Paint Super White 5KG,4.00,"110,000.00",GLN,7.50,0.00,0.00,"33,000.00","407,000.00",,1,"INDOWIRA, PT"
JUAL,261.001.077,28/01/2026 0:00,2601280695,T,,D.507,INTI LOGAM,PASAR ATAS 38,U,GANIS,1,GUDANG BAIK,2100011,AlFa Polyester Putty  3KG,6.00,"103,000.00",GLN,5.00,0.00,0.00,"30,900.00","587,100.00",,1,"INDOWIRA, PT"
JUAL,261.001.078,28/01/2026 0:00,2601280696,T,,N.1057,FAJAR INDAH,JL.GIRI ASIH NO.1 B BATUJAJAR CIMAREME,13,BU RINI,1,GUDANG BAIK,2105214,Meiji Zinc Chromate Primer Dark Grey 20KG,2.00,"800,000.00",PAIL,0.00,0.00,0.00,0.00,"1,600,000.00",,1,"INDOWIRA, PT"
JUAL,261.001.079,28/01/2026 0:00,2601270690,T,,D.275,CV.MANDIRI JAYA EXPO,JL.LEMAH NEUNDEUT / PERUM PERUMNAS KAV.86 RT.005 RW.004,D,WILLY,1,GUDANG BAIK,2102077,Meiji Zinc Chromate Primer Black 5 KG,2.00,"225,000.00",GLN,7.50,0.00,0.00,"33,750.00","416,250.00",,1,"INDOWIRA, PT"
JUAL,261.001.079,28/01/2026 0:00,2601270690,T,,D.275,CV.MANDIRI JAYA EXPO,JL.LEMAH NEUNDEUT / PERUM PERUMNAS KAV.86 RT.005 RW.004,D,WILLY,1,GUDANG BAIK,2102075,Meiji Zinc Chromate Primer Light Grey 5 KG,2.00,"225,000.00",GLN,7.50,0.00,0.00,"33,750.00","416,250.00",,1,"INDOWIRA, PT"
JUAL,261.001.079,28/01/2026 0:00,2601270690,T,,D.275,CV.MANDIRI JAYA EXPO,JL.LEMAH NEUNDEUT / PERUM PERUMNAS KAV.86 RT.005 RW.004,D,WILLY,1,GUDANG BAIK,2104540,Meiji Zinc Chromate Primer Broken White 5kg,2.00,"225,000.00",GLN,7.50,0.00,0.00,"33,750.00","416,250.00",,1,"INDOWIRA, PT"
JUAL,261.001.079,28/01/2026 0:00,2601270690,T,,D.275,CV.MANDIRI JAYA EXPO,JL.LEMAH NEUNDEUT / PERUM PERUMNAS KAV.86 RT.005 RW.004,D,WILLY,1,GUDANG BAIK,2104539,Meiji Zinc Chromate Light Grey 1 Kg,4.00,"51,000.00",KL,7.50,0.00,0.00,"15,300.00","188,700.00",,1,"INDOWIRA, PT"
JUAL,261.001.079,28/01/2026 0:00,2601270690,T,,D.275,CV.MANDIRI JAYA EXPO,JL.LEMAH NEUNDEUT / PERUM PERUMNAS KAV.86 RT.005 RW.004,D,WILLY,1,GUDANG BAIK,2102062,Meiji Zinc Chromate Primer Black 1 KG,4.00,"51,000.00",KL,7.50,0.00,0.00,"15,300.00","188,700.00",,1,"INDOWIRA, PT"
JUAL,261.001.079,28/01/2026 0:00,2601270690,T,,D.275,CV.MANDIRI JAYA EXPO,JL.LEMAH NEUNDEUT / PERUM PERUMNAS KAV.86 RT.005 RW.004,D,WILLY,1,GUDANG BAIK,2102063,Meiji Zinc Chromate Primer Broken White 1 KG,4.00,"51,000.00",KL,7.50,0.00,0.00,"15,300.00","188,700.00",,1,"INDOWIRA, PT"
JUAL,261.001.080,28/01/2026 0:00,2601280697,T,,K.219,HENLEY,JL.SUKAMENAK NO.147 SAMPING MIXUE,L,RUDI *,1,GUDANG BAIK,2101915,Meiji Epoxy Filler  1 LTR SET,11.00,"76,000.00",KL,10.00,0.00,0.00,"83,600.00","752,400.00",,1,"INDOWIRA, PT"
JUAL,261.001.081,28/01/2026 0:00,2601280698,T,,M.100,UMUM,,14,DEPO BANDUNG,1,GUDANG BAIK,2200139,Kingkong Wall Paint Super White 4.5Kg,1.00,"76,000.00",GLN,10.00,0.00,0.00,"7,600.00","68,400.00",SITI,1,"INDOWIRA, PT"
JUAL,261.001.082,28/01/2026 0:00,2601190436,T,,N.412,PT.SWADHARMA PRIMAUTAMA,GEDUNG WISMA 46 KOTA BNI LANTAI BASEMENT 1 JL.JEND SUDIRMAN KAV.1 KARE,14,DEPO BANDUNG,1,GUDANG BAIK,2100913,Attaboy Thinner OS 2000  1 LITER,4.00,"52,503.00",KL,10.00,0.00,0.00,"21,001.20","189,010.80",,1,"INDOWIRA, PT"
JUAL,261.001.082,28/01/2026 0:00,2601190436,T,,N.412,PT.SWADHARMA PRIMAUTAMA,GEDUNG WISMA 46 KOTA BNI LANTAI BASEMENT 1 JL.JEND SUDIRMAN KAV.1 KARE,14,DEPO BANDUNG,1,GUDANG BAIK,2100596,Attaboy OS Facade paint PQ 8039 Rose white 18lts,2.00,"3,083,025.00",PL,10.00,0.00,0.00,"616,605.00","5,549,445.00",,1,"INDOWIRA, PT"
JUAL,261.001.083,28/01/2026 0:00,2601230597,T,,K.527,PT.AKD,SADANG,14,DEPO BANDUNG,1,GUDANG BAIK,2300248,Daltone BaseCoat Metalix D113 Extra Coarse Sil 1LT,2.00,"155,000.00",KL,10.00,0.00,0.00,"31,000.00","279,000.00",,1,"INDOWIRA, PT"
JUAL,261.001.088,28/01/2026 0:00,2601190362,T,,N.841,UJANG DANI,KP.WALINI RT.09/RW.13 SEBELUM SD BABAKAN SUKAMULYA RANCAEKEK,13,BU RINI,1,GUDANG BAIK,2101657,Kingkong Wall Paint Super White 200 KG,4.00,"2,300,000.00",DRUM,5.00,0.00,0.00,"460,000.00","8,740,000.00",via sj.4102,1,"INDOWIRA, PT"
JUAL,261.001.089,28/01/2026 0:00,2601210503,T,,K.527,PT.AKD,SADANG,14,DEPO BANDUNG,1,GUDANG BAIK,2600023,Petalac 2K PU CO Base Pink Frost 0.8LT,2.00,"150,000.00",KL,10.00,0.00,0.00,"30,000.00","270,000.00",,1,"INDOWIRA, PT"
JUAL,261.001.089,28/01/2026 0:00,2601210503,T,,K.527,PT.AKD,SADANG,14,DEPO BANDUNG,1,GUDANG BAIK,2600022,Petalac 2K PU CO Base Citroen Ice 0.8LT,2.00,"145,000.00",KL,10.00,0.00,0.00,"29,000.00","261,000.00",,1,"INDOWIRA, PT"
JUAL,261.001.089,28/01/2026 0:00,2601210503,T,,K.527,PT.AKD,SADANG,14,DEPO BANDUNG,1,GUDANG BAIK,2102840,Petalac 2K PU Hardener Special  200 CC,4.00,"55,000.00",KL,10.00,0.00,0.00,"22,000.00","198,000.00",,1,"INDOWIRA, PT"
JUAL,261.001.090,28/01/2026 0:00,2601280701,T,,K.527,PT.AKD,SADANG,14,DEPO BANDUNG,1,GUDANG BAIK,2600021,Petalac 2K PU CO Base Classic Ivory TA 0.8LT,6.00,"154,000.00",KL,10.00,0.00,0.00,"92,400.00","831,600.00",VIA SJ.4113,1,"INDOWIRA, PT"
JUAL,261.001094A,28/01/2026 0:00,2601220538,T,,J.103,PT.AKARA INTER DESAIN,JL.INDUSTRI II NO.7A RT.006 RW.009 UTAMA,J,FRANSISKUS,1,GUDANG BAIK,2102840,Petalac 2K PU Hardener Special  200 CC,1.00,"55,000.00",KL,10.00,0.00,0.00,"5,500.00","49,500.00",,1,"INDOWIRA, PT"
JUAL,261.001094A,28/01/2026 0:00,2601220538,T,,J.103,PT.AKARA INTER DESAIN,JL.INDUSTRI II NO.7A RT.006 RW.009 UTAMA,J,FRANSISKUS,1,GUDANG BAIK,2300045,Petalac Ext 4:1 CO Base Akara Abu Satin 0.8LT,1.00,"162,000.00",KL,10.00,0.00,0.00,"16,200.00","145,800.00",,1,"INDOWIRA, PT"
JUAL,261.001.096,28/01/2026 0:00,2601280719,T,,U.161,TB.MAKMUR 2,JL.CIHANJUANG RAHAYU RT.01/06 KAMPUNG TU,U,GANIS,1,GUDANG BAIK,2104191,Wiratex Wall Paint Putih Salju 5KG,8.00,"83,000.00",GL,7.50,0.00,0.00,"49,800.00","614,200.00",,1,"INDOWIRA, PT"
JUAL,261.001.096,28/01/2026 0:00,2601280719,T,,U.161,TB.MAKMUR 2,JL.CIHANJUANG RAHAYU RT.01/06 KAMPUNG TU,U,GANIS,1,GUDANG BAIK,2104147,Wiratex Wall Paint Putih Salju 25 KG,1.00,"390,000.00",PL,7.50,0.00,0.00,"29,250.00","360,750.00",,1,"INDOWIRA, PT"
JUAL,261.001.097,28/01/2026 0:00,2601280717,T,,R.100,PROYEK SIMON,,R,SIMON QIRENE,1,GUDANG BAIK,2104836,PETALUX WALL PAINT CM 602 MATAHARI 5KG,1.00,"158,000.00",GLN,0.00,0.00,0.00,0.00,"158,000.00",Bp.Yudea - cherifield cluster crysta no.,1,"INDOWIRA, PT"
JUAL,261.001.098,28/01/2026 0:00,2601280716,T,,N.1098A,ANDRE,JL.GERLONG TONGGOH IV NO.1 GEGER KALONG,13,BU RINI,1,GUDANG BAIK,2100029,Adler Epoxy Undercoat  1 LITER,7.00,"105,000.00",KL,0.00,0.00,0.00,0.00,"735,000.00",,1,"INDOWIRA, PT"
JUAL,261.001.099,28/01/2026 0:00,2601280714,T,,K.312,STUDIO 8,SURYANI DALAM 49,L,RUDI *,1,GUDANG BAIK,2104184,Wiratex Wall Paint 849 5KG,8.00,"83,000.00",GL,7.50,0.00,0.00,"49,800.00","614,200.00",,1,"INDOWIRA, PT"
JUAL,261.001.099,28/01/2026 0:00,2601280714,T,,K.312,STUDIO 8,SURYANI DALAM 49,L,RUDI *,1,GUDANG BAIK,2100011,AlFa Polyester Putty  3KG,6.00,"103,000.00",GLN,5.00,0.00,0.00,"30,900.00","587,100.00",,1,"INDOWIRA, PT"
JUAL,261.001.099,28/01/2026 0:00,2601280714,T,,K.312,STUDIO 8,SURYANI DALAM 49,L,RUDI *,1,GUDANG BAIK,2200086,Petalac 2K Surfacer FD 21 Base 1LT,6.00,"80,000.00",KL,10.00,0.00,0.00,"48,000.00","432,000.00",,1,"INDOWIRA, PT"
JUAL,261.001.099,28/01/2026 0:00,2601280714,T,,K.312,STUDIO 8,SURYANI DALAM 49,L,RUDI *,1,GUDANG BAIK,2200087,Petalac Hardener Surfacer FD 0.5LT,6.00,"60,000.00",KL,10.00,0.00,0.00,"36,000.00","324,000.00",,1,"INDOWIRA, PT"
JUAL,261.001.100,28/01/2026 0:00,2601280713,T,,U.258,TB.GRAHA,JL.CIHANJUANG 121 JATI CIBABAT,U,GANIS,1,GUDANG BAIK,2103819,Shintex Cat Genteng 316 Minimal Grey 4KG,2.00,"185,000.00",GLN,7.50,0.00,0.00,"27,750.00","342,250.00",,1,"INDOWIRA, PT"
JUAL,261.001.101,28/01/2026 0:00,2601280708,T,,U.261,WIJAYA,JL.RAYA BATUJAJAR NO.178,U,GANIS,1,GUDANG BAIK,2104191,Wiratex Wall Paint Putih Salju 5KG,10.00,"83,000.00",GL,7.50,0.00,0.00,"62,250.00","767,750.00",,1,"INDOWIRA, PT"
JUAL,261.001.101,28/01/2026 0:00,2601280708,T,,U.261,WIJAYA,JL.RAYA BATUJAJAR NO.178,U,GANIS,1,GUDANG BAIK,2104093,Wiratex Ceiling & Gypsum Paint Putih Prima 5 KG,8.00,"79,000.00",GLN,7.50,0.00,0.00,"47,400.00","584,600.00",,1,"INDOWIRA, PT"
JUAL,261.001.101,28/01/2026 0:00,2601280708,T,,U.261,WIJAYA,JL.RAYA BATUJAJAR NO.178,U,GANIS,1,GUDANG BAIK,2104147,Wiratex Wall Paint Putih Salju 25 KG,2.00,"390,000.00",PL,7.50,0.00,0.00,"58,500.00","721,500.00",,1,"INDOWIRA, PT"
JUAL,262.000.045,28/01/2026 0:00,2601270677,T,,G.525,ANEKA JAYA KERAMIK,JL.RAYA GADOBANGKONG NO.48 DEPAN DARTO TAILOR,G,JULIANTO,1,GUDANG BAIK,2300315,Shintex Base A 25KG,1.00,"485,000.00",PAIL,15.00,0.00,0.00,"72,750.00","412,250.00",U/PENGGANTI RJ25120040,1,"INDOWIRA, PT"
JUAL,262.000.046,28/01/2026 0:00,2601270682,T,,D.507,INTI LOGAM,PASAR ATAS 38,U,GANIS,1,GUDANG BAIK,2101915,Meiji Epoxy Filler  1 LTR SET,1.00,0.00,KL,0.00,0.00,0.00,0.00,0.00,U/BONUS,1,"INDOWIRA, PT"
JUAL,262.000.046,28/01/2026 0:00,2601270682,T,,D.507,INTI LOGAM,PASAR ATAS 38,U,GANIS,1,GUDANG BAIK,2101917,Meiji Epoxy Filler White 1 LTR SET,1.00,0.00,KL,0.00,0.00,0.00,0.00,0.00,U/BONUS,1,"INDOWIRA, PT"
JUAL,262.000.047,28/01/2026 0:00,2601270691,T,,C.408,LANGGENG CEMERLANG,JL.GADOBANGKONG NO.2 CIMAHI,R,SIMON QIRENE,1,GUDANG BAIK,2101916,Meiji Epoxy Filler Black 1 LTR SET,1.00,0.00,KL,0.00,0.00,0.00,0.00,0.00,,1,"INDOWIRA, PT"
JUAL,262.000.048,28/01/2026 0:00,2601280697,T,,K.219,HENLEY,JL.SUKAMENAK NO.147 SAMPING MIXUE,L,RUDI *,1,GUDANG BAIK,2101915,Meiji Epoxy Filler  1 LTR SET,1.00,0.00,KL,0.00,0.00,0.00,0.00,0.00,U/BONUS,1,"INDOWIRA, PT"
JUAL,262.000.049,28/01/2026 0:00,2601280699,T,,M.104,DEPO KUNINGAN,,M,UMUM,1,GUDANG BAIK,2104184,Wiratex Wall Paint 849 5KG,2.00,"83,000.00",GL,10.00,10.00,2.00,"34,229.20","131,770.80",PO26010127 KIOS 60,1,"INDOWIRA, PT"
JUAL,262.000.049,28/01/2026 0:00,2601280699,T,,M.104,DEPO KUNINGAN,,M,UMUM,1,GUDANG BAIK,2101641,Kingkong Wall Paint Black 1 KG,6.00,"27,000.00",KL,10.00,10.00,2.00,"33,404.40","128,595.60",PO26010127 KIOS 60,1,"INDOWIRA, PT"
JUAL,262.000.049,28/01/2026 0:00,2601280699,T,,M.104,DEPO KUNINGAN,,M,UMUM,1,GUDANG BAIK,2101643,Kingkong Wall Paint Super White 1 KG,6.00,"27,000.00",KL,10.00,10.00,2.00,"33,404.40","128,595.60",PO26010127 KIOS 60,1,"INDOWIRA, PT"
JUAL,262.000.050,28/01/2026 0:00,2601280700,T,,J.413,NYOMAN NUARTA,JL.SETRA SARIV/16,J,FRANSISKUS,3,GUDANG OPLOSAN,2530020,Matting Agent 1 gr,60.00,0.00,gr,0.00,0.00,0.00,0.00,0.00,U/SAMPLE,1,"INDOWIRA, PT"
JUAL,262.000.050,28/01/2026 0:00,2601280700,T,,J.413,NYOMAN NUARTA,JL.SETRA SARIV/16,J,FRANSISKUS,3,GUDANG OPLOSAN,2530019,Petalac 2K PU Base Black Matt 1 gr,10.00,0.00,gr,0.00,0.00,0.00,0.00,0.00,U/SAMPLE,1,"INDOWIRA, PT"
JUAL,262.000.051,28/01/2026 0:00,2601280708,T,,U.261,WIJAYA,JL.RAYA BATUJAJAR NO.178,U,GANIS,1,GUDANG BAIK,2104955,Bonus Sarung,1.00,0.00,PCS,0.00,0.00,0.00,0.00,0.00,,1,"INDOWIRA, PT"
JUAL,261.001.107,29/01/2026 0:00,2601280703,T,,D.134,SUKSES BERDIKARI,"JL.RAYA SOREANG KOPO KM 14,5",D,WILLY,1,GUDANG BAIK,2104191,Wiratex Wall Paint Putih Salju 5KG,8.00,"83,000.00",GL,7.50,0.00,0.00,"49,800.00","614,200.00",,1,"INDOWIRA, PT"
JUAL,261.001.108,29/01/2026 0:00,2601280706,T,,N.888,SUMBER WARNA,PUNGKUR,14,DEPO BANDUNG,1,GUDANG BAIK,2102069,Meiji Zinc Chromate Primer Grey 20 KG,2.00,"825,000.00",PL,7.50,2.50,0.00,"161,906.24","1,488,093.76",,1,"INDOWIRA, PT"
JUAL,261.001.109,29/01/2026 0:00,2601280705,T,,A.209,NETRAL,PASIRKALIKI 6,Y,KEN - Y,1,GUDANG BAIK,2104147,Wiratex Wall Paint Putih Salju 25 KG,2.00,"390,000.00",PL,7.50,0.00,0.00,"58,500.00","721,500.00",,1,"INDOWIRA, PT"
JUAL,261.001.110,29/01/2026 0:00,2601280710,T,,Y.304,JOY 2,JL.CIKUTRA 266,Y,KEN - Y,1,GUDANG BAIK,2102061,Meiji Zinc Chromate Primer  1 KG,3.00,"51,000.00",KL,7.50,0.00,0.00,"11,475.00","141,525.00",,1,"INDOWIRA, PT"
JUAL,261.001.110,29/01/2026 0:00,2601280710,T,,Y.304,JOY 2,JL.CIKUTRA 266,Y,KEN - Y,1,GUDANG BAIK,2104539,Meiji Zinc Chromate Light Grey 1 Kg,3.00,"51,000.00",KL,7.50,0.00,0.00,"11,475.00","141,525.00",,1,"INDOWIRA, PT"
JUAL,261.001.111,29/01/2026 0:00,2601280712,T,,R.404,GAN PROPERTI,GRYA PATARUMAN JL.TERUSAN SOREANG CIPATI,R,SIMON QIRENE,1,GUDANG BAIK,2102109,Mascot Wall Paint Super White 200 KG,1.00,"1,700,000.00",DRM,0.00,0.00,0.00,0.00,"1,700,000.00",,1,"INDOWIRA, PT"
JUAL,261.001.112,29/01/2026 0:00,2601280722,T,,Y.241,TB.HURIP JAYA,CIKUTRA NO.129 A,Y,KEN - Y,1,GUDANG BAIK,2102178,Mascot Wall Paint Super White 5 KG,12.00,"65,000.00",GLN,7.50,0.00,0.00,"58,500.00","721,500.00",,1,"INDOWIRA, PT"
JUAL,261.001.113,29/01/2026 0:00,2601290723,T,,B.421,BOGA SENI BERKAH,"JL.RADIO,CILILIN BANDUNG BARAT",C,YONATHAN,1,GUDANG BAIK,2104115,Wiratex Wall Paint 809 Jonquil 25 KG,2.00,"390,000.00",PL,7.50,0.00,0.00,"58,500.00","721,500.00",,1,"INDOWIRA, PT"
JUAL,261.001.113,29/01/2026 0:00,2601290723,T,,B.421,BOGA SENI BERKAH,"JL.RADIO,CILILIN BANDUNG BARAT",C,YONATHAN,1,GUDANG BAIK,2104148,Wiratex Wall Paint Super White 25 KG,4.00,"390,000.00",PL,7.50,0.00,0.00,"117,000.00","1,443,000.00",,1,"INDOWIRA, PT"
JUAL,261.001.116,29/01/2026 0:00,2601290727,T,,K.410,SUMBER JAYA,PUNGKUR 21,L,RUDI *,1,GUDANG BAIK,2101391,Crystal Coat Clear Matt MV3 1 LITER,1.00,"657,000.00",KL,10.00,0.00,0.00,"65,700.00","591,300.00",,1,"INDOWIRA, PT"
JUAL,261.001.117,29/01/2026 0:00,2601290726,T,,A.205,IRON,SUNIARAJA,Y,KEN - Y,1,GUDANG BAIK,2200173,Petalac 2K PU Metalix MX01 Base 0.8Lt,6.00,"126,000.00",KL,7.50,0.00,0.00,"56,700.00","699,300.00",,1,"INDOWIRA, PT"
JUAL,261.001.117,29/01/2026 0:00,2601290726,T,,A.205,IRON,SUNIARAJA,Y,KEN - Y,1,GUDANG BAIK,2102842,Petalac 2K PU Hardener Metalic  200 CC,6.00,"55,000.00",KL,7.50,0.00,0.00,"24,750.00","305,250.00",,1,"INDOWIRA, PT"
JUAL,261.001.117,29/01/2026 0:00,2601290726,T,,A.205,IRON,SUNIARAJA,Y,KEN - Y,1,GUDANG BAIK,2102840,Petalac 2K PU Hardener Special  200 CC,2.00,"55,000.00",KL,7.50,0.00,0.00,"8,250.00","101,750.00",,1,"INDOWIRA, PT"
JUAL,261.001.117,29/01/2026 0:00,2601290726,T,,A.205,IRON,SUNIARAJA,Y,KEN - Y,1,GUDANG BAIK,2200050,"Petalac 2K PU Clear Matt MV3 Base 0,8Lt",2.00,"121,000.00",KL,7.50,0.00,0.00,"18,150.00","223,850.00",,1,"INDOWIRA, PT"
JUAL,261.001.117,29/01/2026 0:00,2601290726,T,,A.205,IRON,SUNIARAJA,Y,KEN - Y,1,GUDANG BAIK,2300092,Petalac Hardener Special Black Matt 200CC,3.00,"55,000.00",KL,7.50,0.00,0.00,"12,375.00","152,625.00",,1,"INDOWIRA, PT"
JUAL,261.001.117,29/01/2026 0:00,2601290726,T,,A.205,IRON,SUNIARAJA,Y,KEN - Y,1,GUDANG BAIK,2300088,Petalac 2K PU Colour Base Black Matt 0.8LT,3.00,"133,000.00",KL,7.50,0.00,0.00,"29,925.00","369,075.00",,1,"INDOWIRA, PT"
JUAL,261.001.118,29/01/2026 0:00,2601290728,T,,C.358,SARI BAJA,KP.BOJONG RT.02 RW.02 DESA MUKAPAYUNG CILILIN,C,YONATHAN,1,GUDANG BAIK,2103792,Shintex Cat Genteng 305 Fire Br 1KG,12.00,"57,000.00",KL,7.50,0.00,0.00,"51,300.00","632,700.00",,1,"INDOWIRA, PT"
JUAL,261.001.119,29/01/2026 0:00,2601220570,T,,N.136,CAPRIFARMINDO,JL.PURNAWARMAN NO.47,13,BU RINI,1,GUDANG BAIK,2300135,Petalux Acrylic Enamel Sanbe Grey 7203 20KG,3.00,"2,275,500.00",PAIL,0.00,0.00,0.00,0.00,"6,826,500.00",U/P.MUHAMMAD SULAEMI,1,"INDOWIRA, PT"
JUAL,261.001.119,29/01/2026 0:00,2601220570,T,,N.136,CAPRIFARMINDO,JL.PURNAWARMAN NO.47,13,BU RINI,1,GUDANG BAIK,2103423,Petalux Thinner Acrylic Enamel Paint  1LTR,12.00,"59,000.00",KL,0.00,0.00,0.00,0.00,"708,000.00",U/P.MUHAMMAD SULAEMI,1,"INDOWIRA, PT"
JUAL,261.001.120,29/01/2026 0:00,2601290729,T,,A.603,DUCOLUX,SUNIARAJA 68,D,WILLY,1,GUDANG BAIK,2100011,AlFa Polyester Putty  3KG,4.00,"103,000.00",GLN,5.00,0.00,0.00,"20,600.00","391,400.00",,1,"INDOWIRA, PT"
JUAL,261.001.135,29/01/2026 0:00,2601280704,T,,A.313,TEGUH,CIROYOM 49,U,GANIS,1,GUDANG BAIK,2104191,Wiratex Wall Paint Putih Salju 5KG,4.00,"83,000.00",GL,7.50,0.00,0.00,"24,900.00","307,100.00",via sj.4143,1,"INDOWIRA, PT"
JUAL,261.001.135,29/01/2026 0:00,2601280704,T,,A.313,TEGUH,CIROYOM 49,U,GANIS,1,GUDANG BAIK,2300087,Kingkong Wall Paint 123 Summer 4.5KG,2.00,"76,000.00",GLN,7.50,0.00,0.00,"11,400.00","140,600.00",via sj.4143,1,"INDOWIRA, PT"
JUAL,261.001.135,29/01/2026 0:00,2601280704,T,,A.313,TEGUH,CIROYOM 49,U,GANIS,1,GUDANG BAIK,2200223,Kingkong Wall Paint 127 Sun Flo 4.5KG,2.00,"76,000.00",GLN,7.50,0.00,0.00,"11,400.00","140,600.00",via sj.4143,1,"INDOWIRA, PT"
JUAL,261.001.135,29/01/2026 0:00,2601280704,T,,A.313,TEGUH,CIROYOM 49,U,GANIS,1,GUDANG BAIK,2200139,Kingkong Wall Paint Super White 4.5Kg,4.00,"76,000.00",GLN,7.50,0.00,0.00,"22,800.00","281,200.00",via sj.4143,1,"INDOWIRA, PT"
JUAL,261.001.136,29/01/2026 0:00,2601280711,T,,W.174A,CEN HAW,KOTA BARU PARAHYANGAN  JL.RATNA AGUNG NO.24,13,BU RINI,1,GUDANG BAIK,2103529,Petalux Wall Paint 6303 Stone 25 KG,1.00,"765,000.00",PL,0.00,0.00,0.00,0.00,"765,000.00",u/p.epul 083821464684 via sj.4144,1,"INDOWIRA, PT"
JUAL,261.001.137,29/01/2026 0:00,2601280709,T,,G.504,GUMBIRA II,JL.RY BARAT CILILIN NO.40 DKT TERMINAL C,C,YONATHAN,1,GUDANG BAIK,2200339,Kingkong Wall Paint 119 Canary 18KG,2.00,"288,000.00",PAIL,7.50,0.00,0.00,"43,200.00","532,800.00",via sj.4141,1,"INDOWIRA, PT"
JUAL,261.001.137,29/01/2026 0:00,2601280709,T,,G.504,GUMBIRA II,JL.RY BARAT CILILIN NO.40 DKT TERMINAL C,C,YONATHAN,1,GUDANG BAIK,2200183,Kingkong Wall Paint 105 Chiffon 18KG,4.00,"288,000.00",PAIL,7.50,0.00,0.00,"86,400.00","1,065,600.00",via sj.4141,1,"INDOWIRA, PT"
JUAL,261.001.137,29/01/2026 0:00,2601280709,T,,G.504,GUMBIRA II,JL.RY BARAT CILILIN NO.40 DKT TERMINAL C,C,YONATHAN,1,GUDANG BAIK,2200203,Kingkong Wall Paint Special 507 Poppy O 18KG,1.00,"288,000.00",PAIL,7.50,0.00,0.00,"21,600.00","266,400.00",via sj.4141,1,"INDOWIRA, PT"
JUAL,261.001.137,29/01/2026 0:00,2601280709,T,,G.504,GUMBIRA II,JL.RY BARAT CILILIN NO.40 DKT TERMINAL C,C,YONATHAN,1,GUDANG BAIK,2200206,Kingkong Wall Piant Special 537 Primerose 18KG,2.00,"288,000.00",PAIL,7.50,0.00,0.00,"43,200.00","532,800.00",via sj.4141,1,"INDOWIRA, PT"
JUAL,261.001.138,29/01/2026 0:00,2601290739,T,,W.422,YANA,BUMI SILIWANGI,14,DEPO BANDUNG,1,GUDANG BAIK,2103593,Petalux Wall Paint CM 602 Matahari 25 KG,1.00,"765,000.00",PL,0.00,0.00,0.00,0.00,"765,000.00",,1,"INDOWIRA, PT"
JUAL,261.001.139,29/01/2026 0:00,2601290738,T,,J.313,ART DECO,JL.SEKEKUKUMBUNG 103 TKI II,J,FRANSISKUS,1,GUDANG BAIK,2500255,Petalac 2K PU Insulator B 1LTS,1.00,"125,000.00",KL,10.00,0.00,0.00,"12,500.00","112,500.00",,1,"INDOWIRA, PT"
JUAL,261.001.139,29/01/2026 0:00,2601290738,T,,J.313,ART DECO,JL.SEKEKUKUMBUNG 103 TKI II,J,FRANSISKUS,1,GUDANG BAIK,2102840,Petalac 2K PU Hardener Special  200 CC,10.00,"55,000.00",KL,10.00,0.00,0.00,"55,000.00","495,000.00",,1,"INDOWIRA, PT"
JUAL,261.001.139,29/01/2026 0:00,2601290738,T,,J.313,ART DECO,JL.SEKEKUKUMBUNG 103 TKI II,J,FRANSISKUS,1,GUDANG BAIK,2200178,Petalac 2K PU Colour Special White Satin Base 0.8L,10.00,"133,000.00",KL,10.00,0.00,0.00,"133,000.00","1,197,000.00",,1,"INDOWIRA, PT"
JUAL,261.001.139,29/01/2026 0:00,2601290738,T,,J.313,ART DECO,JL.SEKEKUKUMBUNG 103 TKI II,J,FRANSISKUS,1,GUDANG BAIK,2103148,Petalac Thinner PU  20 LTR,1.00,"834,000.00",JRG,0.00,0.00,0.00,0.00,"834,000.00",,1,"INDOWIRA, PT"
JUAL,261.001.142,29/01/2026 0:00,2601290741,T,,A.213,SINAR SARANA,SUNARAJA 80 A,Y,KEN - Y,1,GUDANG BAIK,2104188,Wiratex Wall Paint 853 5KG,1.00,"83,000.00",GL,7.50,0.00,0.00,"6,225.00","76,775.00",,1,"INDOWIRA, PT"
JUAL,261.001.142,29/01/2026 0:00,2601290741,T,,A.213,SINAR SARANA,SUNARAJA 80 A,Y,KEN - Y,1,GUDANG BAIK,2103283,Petalux Alkali Resistant Wall Sealer White 4KG,8.00,"150,000.00",GLN,7.50,0.00,0.00,"90,000.00","1,110,000.00",,1,"INDOWIRA, PT"
JUAL,261.001.144,29/01/2026 0:00,2601290751,T,,W.354,PT.MENTARI AGUNG MANDIRI,JL.RAYA DAYEUH KOLOT O.341C RT 001 RW 006,R,SIMON QIRENE,1,GUDANG BAIK,2103625,Petalux Wall Paint Putih Wangi 25 KG,1.00,"505,000.00",PL,0.00,0.00,0.00,0.00,"505,000.00",u/p.anda,1,"INDOWIRA, PT"
JUAL,261.001.145,29/01/2026 0:00,2601290750,T,,J.103,PT.AKARA INTER DESAIN,JL.INDUSTRI II NO.7A RT.006 RW.009 UTAMA,J,FRANSISKUS,1,GUDANG BAIK,2100011,AlFa Polyester Putty  3KG,2.00,"103,000.00",GLN,5.00,0.00,0.00,"10,300.00","195,700.00",,1,"INDOWIRA, PT"
JUAL,261.001.145,29/01/2026 0:00,2601290750,T,,J.103,PT.AKARA INTER DESAIN,JL.INDUSTRI II NO.7A RT.006 RW.009 UTAMA,J,FRANSISKUS,1,GUDANG BAIK,2103149,Petalac Thinner PU  5 LTR,1.00,"220,000.00",GLN,0.00,0.00,0.00,0.00,"220,000.00",,1,"INDOWIRA, PT"
JUAL,261.001.145,29/01/2026 0:00,2601290750,T,,J.103,PT.AKARA INTER DESAIN,JL.INDUSTRI II NO.7A RT.006 RW.009 UTAMA,J,FRANSISKUS,1,GUDANG BAIK,2102749,Petalac PU Clear Sealer  1 LTR SET,2.00,"121,000.00",KL,10.00,0.00,0.00,"24,200.00","217,800.00",,1,"INDOWIRA, PT"
JUAL,261.001.145,29/01/2026 0:00,2601290750,T,,J.103,PT.AKARA INTER DESAIN,JL.INDUSTRI II NO.7A RT.006 RW.009 UTAMA,J,FRANSISKUS,1,GUDANG BAIK,2200112,Petalac Hardener Special M20 0.2Lt,2.00,"55,000.00",KL,10.00,0.00,0.00,"11,000.00","99,000.00",,1,"INDOWIRA, PT"
JUAL,261.001.145,29/01/2026 0:00,2601290750,T,,J.103,PT.AKARA INTER DESAIN,JL.INDUSTRI II NO.7A RT.006 RW.009 UTAMA,J,FRANSISKUS,1,GUDANG BAIK,2200049,Petalac 2K PU Clear Matt M20 Base 0.8Lt,2.00,"110,000.00",KL,10.00,0.00,0.00,"22,000.00","198,000.00",,1,"INDOWIRA, PT"
JUAL,261.001.146,29/01/2026 0:00,2601290748,T,,R.547,ISKANDAR,U/PROYEK JL.CIBADAK 144 BELAKANG JL.KASMIN,R,SIMON QIRENE,1,GUDANG BAIK,2103283,Petalux Alkali Resistant Wall Sealer White 4KG,2.00,"150,000.00",GLN,0.00,0.00,0.00,0.00,"300,000.00",,1,"INDOWIRA, PT"
JUAL,261.001.147,29/01/2026 0:00,2601290747,T,,K.412,"YUNIKO,PD",KEBON JATI 224,14,DEPO BANDUNG,1,GUDANG BAIK,2101367,Crystal Coat Candytone Golden Oran 1 LITER,5.00,"657,000.00",KL,10.00,5.00,0.00,"476,325.00","2,808,675.00",,1,"INDOWIRA, PT"
JUAL,261.001.148,29/01/2026 0:00,2601290746,T,,N.1005A,AGUS,PERUM GMA,R,SIMON QIRENE,1,GUDANG BAIK,2101607,Kingkong Wall Putty Instant Powder  25 KG,1.00,"133,000.00",ZAK,5.00,0.00,0.00,"6,650.00","126,350.00",K/CHERIFIELD,1,"INDOWIRA, PT"
JUAL,261.001.148,29/01/2026 0:00,2601290746,T,,N.1005A,AGUS,PERUM GMA,R,SIMON QIRENE,1,GUDANG BAIK,2103618,Petalux Wall Paint Putih Hemat 01 25 KG,2.00,"765,000.00",PL,5.00,0.00,0.00,"76,500.00","1,453,500.00",K/CHERIFIELD,1,"INDOWIRA, PT"
JUAL,261.001.150,29/01/2026 0:00,2601290744,T,,Y.291,BERKAH ABADI 2,PERTIGAAN PATROL - PARONGPONG,Y,KEN - Y,1,GUDANG BAIK,2104183,Wiratex Wall paint 848 5KG,2.00,"83,000.00",GL,7.50,0.00,0.00,"12,450.00","153,550.00",,1,"INDOWIRA, PT"
JUAL,261.001.150,29/01/2026 0:00,2601290744,T,,Y.291,BERKAH ABADI 2,PERTIGAAN PATROL - PARONGPONG,Y,KEN - Y,1,GUDANG BAIK,2104174,Wiratex Wall Paint 833 Mellow 5KG,2.00,"83,000.00",GL,7.50,0.00,0.00,"12,450.00","153,550.00",,1,"INDOWIRA, PT"
JUAL,261.001.150,29/01/2026 0:00,2601290744,T,,Y.291,BERKAH ABADI 2,PERTIGAAN PATROL - PARONGPONG,Y,KEN - Y,1,GUDANG BAIK,2104192,Wiratex Wall Paint Super White 5KG,6.00,"83,000.00",GL,7.50,0.00,0.00,"37,350.00","460,650.00",,1,"INDOWIRA, PT"
JUAL,262.000.052,29/01/2026 0:00,2601290723,T,,B.421,BOGA SENI BERKAH,"JL.RADIO,CILILIN BANDUNG BARAT",C,YONATHAN,1,GUDANG BAIK,2104955,Bonus Sarung,1.00,0.00,PCS,0.00,0.00,0.00,0.00,0.00,,1,"INDOWIRA, PT"
JUAL,262.000.055,29/01/2026 0:00,2601290740,T,,M.108,TISNA(OPLOSAN),,M,UMUM,1,GUDANG BAIK,2103145,Petalac Thinner PU  1 LTR,1.00,0.00,KL,0.00,0.00,0.00,0.00,0.00,,1,"INDOWIRA, PT"
JUAL,262.000.056,29/01/2026 0:00,2601280709,T,,G.504,GUMBIRA II,JL.RY BARAT CILILIN NO.40 DKT TERMINAL C,C,YONATHAN,1,GUDANG BAIK,2104955,Bonus Sarung,1.00,0.00,PCS,0.00,0.00,0.00,0.00,0.00,via sj.4142,1,"INDOWIRA, PT"
JUAL,262.000.057,29/01/2026 0:00,2601290738,T,,J.313,ART DECO,JL.SEKEKUKUMBUNG 103 TKI II,J,FRANSISKUS,1,GUDANG BAIK,2104955,Bonus Sarung,1.00,0.00,PCS,0.00,0.00,0.00,0.00,0.00,,1,"INDOWIRA, PT"
JUAL,262.000.058,29/01/2026 0:00,2601290747,T,,K.412,"YUNIKO,PD",KEBON JATI 224,14,DEPO BANDUNG,1,GUDANG BAIK,2104955,Bonus Sarung,1.00,0.00,PCS,0.00,0.00,0.00,0.00,0.00,,1,"INDOWIRA, PT"
RETUR,RJ26010046,29/01/2026 0:00,,T,,K.527,PT.AKD,SADANG,14,DEPO BANDUNG,2,GUDANG RUSAK,2200050,"Petalac 2K PU Clear Matt MV3 Base 0,8Lt",-30.00,"121,000.00",KL,10.00,0.00,0.00,"-363,000.00","-3,267,000.00",,1,"INDOWIRA, PT"
JUAL,261.001.154,30/01/2026 0:00,2601300778,T,,N.1096,PADI HIJAU BUANA,PAJIPING 16B/5B RT.05/02 BABAKAN CIAMIS SUMUR BANDUNG,14,DEPO BANDUNG,1,GUDANG BAIK,2103191,Protar Cat Proteksi Tahan Air 7200 Putih Solid 1KG,4.00,"61,000.00",KL,10.00,10.00,10.00,"66,124.00","177,876.00",VIA SJ.4133,1,"INDOWIRA, PT"
JUAL,261.001.155,30/01/2026 0:00,2601300781,T,,N.1096,PADI HIJAU BUANA,PAJIPING 16B/5B RT.05/02 BABAKAN CIAMIS SUMUR BANDUNG,14,DEPO BANDUNG,1,GUDANG BAIK,2103191,Protar Cat Proteksi Tahan Air 7200 Putih Solid 1KG,3.00,"61,000.00",KL,10.00,10.00,10.00,"49,593.00","133,407.00",VIA SJ.4140,1,"INDOWIRA, PT"
JUAL,261.001.157,30/01/2026 0:00,2601300762,T,,N.888,SUMBER WARNA,PUNGKUR,14,DEPO BANDUNG,1,GUDANG BAIK,2103145,Petalac Thinner PU  1 LTR,12.00,"51,000.00",KL,0.00,0.00,0.00,0.00,"612,000.00",,1,"INDOWIRA, PT"
JUAL,261.001.157,30/01/2026 0:00,2601300762,T,,N.888,SUMBER WARNA,PUNGKUR,14,DEPO BANDUNG,1,GUDANG BAIK,2102840,Petalac 2K PU Hardener Special  200 CC,6.00,"55,000.00",KL,7.50,2.50,0.00,"32,381.28","297,618.72",,1,"INDOWIRA, PT"
JUAL,261.001.157,30/01/2026 0:00,2601300762,T,,N.888,SUMBER WARNA,PUNGKUR,14,DEPO BANDUNG,1,GUDANG BAIK,2200050,"Petalac 2K PU Clear Matt MV3 Base 0,8Lt",6.00,"121,000.00",KL,7.50,2.50,0.00,"71,238.72","654,761.28",,1,"INDOWIRA, PT"
JUAL,261.001.158,30/01/2026 0:00,2601300761,T,,A.114,HS.JAYA,RANCABALI NO.37 DEPAN MESJID ISTIQOMAH,Y,KEN - Y,1,GUDANG BAIK,2104863,Shintex Wall Filler 4 KG,8.00,"52,000.00",GL,7.50,0.00,0.00,"31,200.00","384,800.00",,1,"INDOWIRA, PT"
JUAL,261.001.158,30/01/2026 0:00,2601300761,T,,A.114,HS.JAYA,RANCABALI NO.37 DEPAN MESJID ISTIQOMAH,Y,KEN - Y,1,GUDANG BAIK,2103863,Shintex Wall Filler  1 KG,24.00,"23,000.00",KL,7.50,0.00,0.00,"41,400.00","510,600.00",,1,"INDOWIRA, PT"
JUAL,261.001.159,30/01/2026 0:00,2601300760,T,,U.259,TB.HM,JL.DAGO GOLF ATAS 5-7,U,GANIS,1,GUDANG BAIK,2103810,Shintex Cat Genteng 301 Black 4KG,8.00,"185,000.00",GLN,7.50,0.00,0.00,"111,000.00","1,369,000.00",,1,"INDOWIRA, PT"
JUAL,261.001.160,30/01/2026 0:00,2601260643,T,,N.1098A,ANDRE,JL.GERLONG TONGGOH IV NO.1 GEGER KALONG,13,BU RINI,1,GUDANG BAIK,2103145,Petalac Thinner PU  1 LTR,25.00,"51,000.00",KL,0.00,0.00,0.00,0.00,"1,275,000.00",,1,"INDOWIRA, PT"
JUAL,261.001.160,30/01/2026 0:00,2601260643,T,,N.1098A,ANDRE,JL.GERLONG TONGGOH IV NO.1 GEGER KALONG,13,BU RINI,1,GUDANG BAIK,2102840,Petalac 2K PU Hardener Special  200 CC,25.00,"55,000.00",KL,0.00,0.00,0.00,0.00,"1,375,000.00",,1,"INDOWIRA, PT"
JUAL,261.001.160,30/01/2026 0:00,2601260643,T,,N.1098A,ANDRE,JL.GERLONG TONGGOH IV NO.1 GEGER KALONG,13,BU RINI,1,GUDANG BAIK,2600018,Petalac Ext 4:1 CO Base MX Iron AJ Matt+Doff 0.8LT,25.00,"152,000.00",KL,0.00,0.00,0.00,0.00,"3,800,000.00",,1,"INDOWIRA, PT"
JUAL,261.001.161,30/01/2026 0:00,2601300759,T,,G.227,MUTIARA WARNA,JL.SOMAWINATA 14 TANI MULYA,G,JULIANTO,1,GUDANG BAIK,2103653,Petalux Wall Paint 605 Adinda 5KG,1.00,"158,000.00",GLN,7.50,0.00,0.00,"11,850.00","146,150.00",,1,"INDOWIRA, PT"
JUAL,261.001.161,30/01/2026 0:00,2601300759,T,,G.227,MUTIARA WARNA,JL.SOMAWINATA 14 TANI MULYA,G,JULIANTO,1,GUDANG BAIK,2103700,Petalux Wall Paint 643 Irish W 5KG,2.00,"158,000.00",GLN,7.50,0.00,0.00,"23,700.00","292,300.00",,1,"INDOWIRA, PT"
JUAL,261.001.163,30/01/2026 0:00,2601300763,T,,J.503,KARYA MANDIRI SEJAHTERA,GG.KANDA ATMAJA NO.21 CITEUREUP,J,FRANSISKUS,1,GUDANG BAIK,2101917,Meiji Epoxy Filler White 1 LTR SET,11.00,"76,000.00",KL,10.00,0.00,0.00,"83,600.00","752,400.00",,1,"INDOWIRA, PT"
JUAL,261.001.164,30/01/2026 0:00,2601300764,T,,Y.279,PD.BERKAH AMANAH,KP.CILIMUS PADA ASIH CISARUA,Y,KEN - Y,1,GUDANG BAIK,2103812,Shintex Cat Genteng 304 Orange 4KG,2.00,"185,000.00",GLN,7.50,0.00,0.00,"27,750.00","342,250.00",,1,"INDOWIRA, PT"
JUAL,261.001.164,30/01/2026 0:00,2601300764,T,,Y.279,PD.BERKAH AMANAH,KP.CILIMUS PADA ASIH CISARUA,Y,KEN - Y,1,GUDANG BAIK,2103790,Shintex Cat Genteng 303 Gold Ac 1KG,3.00,"57,000.00",KL,7.50,0.00,0.00,"12,825.00","158,175.00",,1,"INDOWIRA, PT"
JUAL,261.001.164,30/01/2026 0:00,2601300764,T,,Y.279,PD.BERKAH AMANAH,KP.CILIMUS PADA ASIH CISARUA,Y,KEN - Y,1,GUDANG BAIK,2103798,Shintex Cat Genteng 316 Minimal Grey 1KG,3.00,"57,000.00",KL,7.50,0.00,0.00,"12,825.00","158,175.00",,1,"INDOWIRA, PT"
JUAL,261.001.165,30/01/2026 0:00,2601300765,T,,K.311,PIPING,KEBON KOPI 76,13,BU RINI,1,GUDANG BAIK,2103148,Petalac Thinner PU  20 LTR,1.00,"834,000.00",JRG,0.00,0.00,0.00,0.00,"834,000.00",,1,"INDOWIRA, PT"
JUAL,261.001.166,30/01/2026 0:00,2601300766,T,,J.427B,PAK JEPRI,PONDOK MAS INDAH BARU NO.15 BAROS,J,FRANSISKUS,1,GUDANG BAIK,2102081,Meiji Zinc Chromate Primer Dark Grey 5 KG,1.00,"225,000.00",GLN,5.00,0.00,0.00,"11,250.00","213,750.00",,1,"INDOWIRA, PT"
JUAL,261.001.167,30/01/2026 0:00,2601300758,T,,K.331,ATEP,JL.MANGLID NO.10,L,RUDI *,1,GUDANG BAIK,2104494,Daltone Clear CoaT MS 4100 1LTS,2.00,"112,000.00",KL,10.00,0.00,0.00,"22,400.00","201,600.00",,1,"INDOWIRA, PT"
JUAL,261.001.168,30/01/2026 0:00,2.601.300.767,T,,G.227,MUTIARA WARNA,JL.SOMAWINATA 14 TANI MULYA,G,JULIANTO,1,GUDANG BAIK,2104148,Wiratex Wall Paint Super White 25 KG,5.00,"390,000.00",PL,7.50,0.00,0.00,"146,250.00","1,803,750.00",,1,"INDOWIRA, PT"
JUAL,261.001.169,30/01/2026 0:00,2601290736,T,,J.328,WIJAYA,KOMP.TKI 2 3F NO.3 DEPAN BANK MEGA,J,FRANSISKUS,1,GUDANG BAIK,2103941,Shintex Wall Paint BS3040 Crea 25 KG,6.00,"510,000.00",PL,7.50,0.00,0.00,"229,500.00","2,830,500.00",,1,"INDOWIRA, PT"
JUAL,261.001.170,30/01/2026 0:00,2601290738,T,,J.313,ART DECO,JL.SEKEKUKUMBUNG 103 TKI II,J,FRANSISKUS,1,GUDANG BAIK,2500255,Petalac 2K PU Insulator B 1LTS,4.00,"125,000.00",KL,10.00,0.00,0.00,"50,000.00","450,000.00",,1,"INDOWIRA, PT"
JUAL,261.001.171,30/01/2026 0:00,2601300768,T,,A.411,MENARA,HOLIS 171 H (CIBUNTU SELATAN),Y,KEN - Y,1,GUDANG BAIK,2101330,Attaboy Wall Putty Instant Powder  2 KG,12.00,"33,000.00",BKS,7.50,0.00,0.00,"29,700.00","366,300.00",,1,"INDOWIRA, PT"
JUAL,261.001.172,30/01/2026 0:00,2601280703,T,,D.134,SUKSES BERDIKARI,"JL.RAYA SOREANG KOPO KM 14,5",D,WILLY,1,GUDANG BAIK,2104039,Shintex Wall Paint Putih Prima 5KG,4.00,"110,000.00",GLN,7.50,0.00,0.00,"33,000.00","407,000.00",,1,"INDOWIRA, PT"
JUAL,261.001.173,30/01/2026 0:00,2601210519,T,,N.1037,ENZO KITCHEN,IBCC BLOK C 2 NO.10-11,13,BU RINI,1,GUDANG BAIK,2102842,Petalac 2K PU Hardener Metalic  200 CC,4.00,"55,000.00",KL,0.00,0.00,0.00,0.00,"220,000.00",VIA SJ.4138,1,"INDOWIRA, PT"
JUAL,261.001.173,30/01/2026 0:00,2601210519,T,,N.1037,ENZO KITCHEN,IBCC BLOK C 2 NO.10-11,13,BU RINI,1,GUDANG BAIK,2200302,Petalac 2K PU Metalix MX 138 Stey Gold Base 0.8LT,4.00,"231,000.00",KL,0.00,0.00,0.00,0.00,"924,000.00",VIA SJ.4138,1,"INDOWIRA, PT"
JUAL,261.001.174,30/01/2026 0:00,2601230574,T,,H.180,KCN SS,BOGOR,H,YANSENG,1,GUDANG BAIK,2101924,Meiji Gum Sealer  1 LTR SET,6.00,"164,000.00",KL,7.50,3.00,0.00,"101,106.00","882,894.00",,1,"INDOWIRA, PT"
JUAL,261.001.175,30/01/2026 0:00,2601260647,T,,H.100,TOKO YAN SENG,,H,YANSENG,1,GUDANG BAIK,2200162,Kingkong Wall paint Super White 18KG,1.00,"288,000.00",PAIL,0.00,0.00,0.00,0.00,"288,000.00",FELIX - K/DEPO BOGOR,1,"INDOWIRA, PT"
JUAL,261.001.176,30/01/2026 0:00,2601300769,T,,H.180,KCN SS,BOGOR,H,YANSENG,1,GUDANG BAIK,2102062,Meiji Zinc Chromate Primer Black 1 KG,10.00,"51,000.00",KL,7.50,0.00,0.00,"38,250.00","471,750.00",,1,"INDOWIRA, PT"
JUAL,261.001.177,30/01/2026 0:00,2601260635,T,,B.404,BARU,RAYA 494 CIMAHI,C,YONATHAN,1,GUDANG BAIK,2104147,Wiratex Wall Paint Putih Salju 25 KG,5.00,"390,000.00",PL,7.50,0.00,0.00,"146,250.00","1,803,750.00",,1,"INDOWIRA, PT"
JUAL,261.001.178,30/01/2026 0:00,2601300771,T,,N.1096,PADI HIJAU BUANA,PAJIPING 16B/5B RT.05/02 BABAKAN CIAMIS SUMUR BANDUNG,14,DEPO BANDUNG,1,GUDANG BAIK,2103211,Protar Cat Proteksi Tahan Air 7200 Putih Solid 4KG,1.00,"235,000.00",GLN,10.00,10.00,10.00,"63,685.00","171,315.00",,1,"INDOWIRA, PT"
JUAL,261.001.179,30/01/2026 0:00,2601290749,T,,H.344,GUNA SENAPUTRA SEJAHTERA,Jl. Pangkalan III Km.2.4 Bogor,H,YANSENG,4,GUDANG BOGOR,2500326,Daltone Stoving Enamel New 200-30 Carbon Black 20L,4.00,"2,100,000.00",PAIL,0.00,0.00,0.00,0.00,"8,400,000.00",,1,"INDOWIRA, PT"
JUAL,261.001.179,30/01/2026 0:00,2601290749,T,,H.344,GUNA SENAPUTRA SEJAHTERA,Jl. Pangkalan III Km.2.4 Bogor,H,YANSENG,4,GUDANG BOGOR,2500348,Daltone Thinner Stoving Enamel New 20LT,4.00,"750,000.00",JRG,0.00,0.00,0.00,0.00,"3,000,000.00",,1,"INDOWIRA, PT"
JUAL,261.001.180,30/01/2026 0:00,2601300773,T,,N.100,PROYEK BU RINI,,13,BU RINI,1,GUDANG BAIK,2102077,Meiji Zinc Chromate Primer Black 5 KG,2.00,"225,000.00",GLN,0.00,0.00,0.00,0.00,"450,000.00",SJAM  -BATU NUNGGAL,1,"INDOWIRA, PT"
JUAL,261.001.181,30/01/2026 0:00,2601260618,T,,GB.87,TB.INTI WARNA II,JL.PEJUANG 45 NO.72 SUBANG,G,JULIANTO,1,GUDANG BAIK,2105295,ALFA ZINC CHROMATE PRIMER BLACK 20KG,43.00,"720,000.00",PAIL,7.50,5.00,0.00,"3,753,900.00","27,206,100.00",,1,"INDOWIRA, PT"
JUAL,261.001.182,30/01/2026 0:00,2601290732,T,,G.197,SUMBER ALAM II,PAMANUKAN,G,JULIANTO,1,GUDANG BAIK,2200369,Kingkong Wall Paint 132 18KG,1.00,"288,000.00",PAIL,7.50,0.00,0.00,"21,600.00","266,400.00",,1,"INDOWIRA, PT"
JUAL,261.001.182,30/01/2026 0:00,2601290732,T,,G.197,SUMBER ALAM II,PAMANUKAN,G,JULIANTO,1,GUDANG BAIK,2200342,Kingkong Wall Paint 124 Blue La 18KG,1.00,"288,000.00",PAIL,7.50,0.00,0.00,"21,600.00","266,400.00",,1,"INDOWIRA, PT"
JUAL,261.001.182,30/01/2026 0:00,2601290732,T,,G.197,SUMBER ALAM II,PAMANUKAN,G,JULIANTO,1,GUDANG BAIK,2200162,Kingkong Wall paint Super White 18KG,2.00,"288,000.00",PAIL,7.50,0.00,0.00,"43,200.00","532,800.00",,1,"INDOWIRA, PT"
JUAL,261.001.182,30/01/2026 0:00,2601290732,T,,G.197,SUMBER ALAM II,PAMANUKAN,G,JULIANTO,1,GUDANG BAIK,2200230,Kingkong Wall Paint Special 532 Mountai 18KG,1.00,"288,000.00",PAIL,7.50,0.00,0.00,"21,600.00","266,400.00",,1,"INDOWIRA, PT"
JUAL,261.001.182,30/01/2026 0:00,2601290732,T,,G.197,SUMBER ALAM II,PAMANUKAN,G,JULIANTO,1,GUDANG BAIK,2200206,Kingkong Wall Piant Special 537 Primerose 18KG,1.00,"288,000.00",PAIL,7.50,0.00,0.00,"21,600.00","266,400.00",,1,"INDOWIRA, PT"
JUAL,261.001.182,30/01/2026 0:00,2601290732,T,,G.197,SUMBER ALAM II,PAMANUKAN,G,JULIANTO,1,GUDANG BAIK,2103817,Shintex Cat Genteng 312 White 4KG,4.00,"185,000.00",GLN,7.50,0.00,0.00,"55,500.00","684,500.00",,1,"INDOWIRA, PT"
JUAL,261.001.182,30/01/2026 0:00,2601290732,T,,G.197,SUMBER ALAM II,PAMANUKAN,G,JULIANTO,1,GUDANG BAIK,2104042,Shintex Wall Paint Super White 5KG,4.00,"110,000.00",GLN,7.50,0.00,0.00,"33,000.00","407,000.00",,1,"INDOWIRA, PT"
JUAL,261.001.182,30/01/2026 0:00,2601290732,T,,G.197,SUMBER ALAM II,PAMANUKAN,G,JULIANTO,1,GUDANG BAIK,2103814,Shintex Cat Genteng 308 Tile Re 4KG,4.00,"185,000.00",GLN,7.50,0.00,0.00,"55,500.00","684,500.00",,1,"INDOWIRA, PT"
JUAL,261.001.182,30/01/2026 0:00,2601290732,T,,G.197,SUMBER ALAM II,PAMANUKAN,G,JULIANTO,1,GUDANG BAIK,2200250,Kingkong Wall Paint 124 Blue La 4.5KG,4.00,"76,000.00",GLN,7.50,0.00,0.00,"22,800.00","281,200.00",,1,"INDOWIRA, PT"
JUAL,261.001.182,30/01/2026 0:00,2601290732,T,,G.197,SUMBER ALAM II,PAMANUKAN,G,JULIANTO,1,GUDANG BAIK,2103863,Shintex Wall Filler  1 KG,4.00,"23,000.00",KL,7.50,0.00,0.00,"6,900.00","85,100.00",,1,"INDOWIRA, PT"
JUAL,261.001.183,30/01/2026 0:00,2601260636,T,,G.217,PALEMBANG,JL.SUTAATMAJA PASAR INPRES SUBANG,G,JULIANTO,1,GUDANG BAIK,2200340,Kingkong Wall Paint 128 Minimal 18KG,2.00,"288,000.00",PAIL,7.50,0.00,0.00,"43,200.00","532,800.00",,1,"INDOWIRA, PT"
JUAL,261.001.183,30/01/2026 0:00,2601260636,T,,G.217,PALEMBANG,JL.SUTAATMAJA PASAR INPRES SUBANG,G,JULIANTO,1,GUDANG BAIK,2300111,Kingkong Wall Paint 129 River S 18KG,4.00,"288,000.00",PAIL,7.50,0.00,0.00,"86,400.00","1,065,600.00",,1,"INDOWIRA, PT"
JUAL,261.001.183,30/01/2026 0:00,2601260636,T,,G.217,PALEMBANG,JL.SUTAATMAJA PASAR INPRES SUBANG,G,JULIANTO,1,GUDANG BAIK,2200162,Kingkong Wall paint Super White 18KG,23.00,"288,000.00",PAIL,7.50,0.00,0.00,"496,800.00","6,127,200.00",,1,"INDOWIRA, PT"
JUAL,261.001.184,30/01/2026 0:00,2601280702,T,,GF.101,LANGGENG QUICK,JL.RAYA KESAMBI DEPAN MASJID KESAMBI DESA KADUNG WUNGU KEC.ANJATAN IND,G,JULIANTO,1,GUDANG BAIK,2101915,Meiji Epoxy Filler  1 LTR SET,22.00,"76,000.00",KL,7.50,0.00,0.00,"125,400.00","1,546,600.00",,1,"INDOWIRA, PT"
JUAL,261.001.184,30/01/2026 0:00,2601280702,T,,GF.101,LANGGENG QUICK,JL.RAYA KESAMBI DEPAN MASJID KESAMBI DESA KADUNG WUNGU KEC.ANJATAN IND,G,JULIANTO,1,GUDANG BAIK,2101913,Meiji Epoxy Filler  0.25 LTR SET,22.00,"26,500.00",KL,7.50,0.00,0.00,"43,725.00","539,275.00",,1,"INDOWIRA, PT"
JUAL,261.001.185,30/01/2026 0:00,2601280721,T,,G.124,DUNIA BESI,A.YANI 8 HAUR GEULIS,G,JULIANTO,1,GUDANG BAIK,2102076,Meiji Zinc Chromate Primer  5 KG,4.00,"225,000.00",GLN,7.50,0.00,0.00,"67,500.00","832,500.00",,1,"INDOWIRA, PT"
JUAL,261.001.185,30/01/2026 0:00,2601280721,T,,G.124,DUNIA BESI,A.YANI 8 HAUR GEULIS,G,JULIANTO,1,GUDANG BAIK,2200198,Kingkong Wall Paint Special 506 Sunny Y 4.5KG,4.00,"76,000.00",GLN,7.50,0.00,0.00,"22,800.00","281,200.00",,1,"INDOWIRA, PT"
JUAL,261.001.185,30/01/2026 0:00,2601280721,T,,G.124,DUNIA BESI,A.YANI 8 HAUR GEULIS,G,JULIANTO,1,GUDANG BAIK,2200188,Kingkong Wall Paint Special 548 Aquarin 4.5KG,4.00,"76,000.00",GLN,7.50,0.00,0.00,"22,800.00","281,200.00",,1,"INDOWIRA, PT"
JUAL,261.001.185,30/01/2026 0:00,2601280721,T,,G.124,DUNIA BESI,A.YANI 8 HAUR GEULIS,G,JULIANTO,1,GUDANG BAIK,2102061,Meiji Zinc Chromate Primer  1 KG,10.00,"51,000.00",KL,7.50,0.00,0.00,"38,250.00","471,750.00",,1,"INDOWIRA, PT"
JUAL,261.001.186,30/01/2026 0:00,2601270680,T,,GF.108,SINAR OBOR,JL.SILIWANGI HAUR GEULIS GANTAR,G,JULIANTO,1,GUDANG BAIK,2101915,Meiji Epoxy Filler  1 LTR SET,11.00,"76,000.00",KL,7.50,0.00,0.00,"62,700.00","773,300.00",,1,"INDOWIRA, PT"
JUAL,261.001.187,30/01/2026 0:00,2601280715,T,,C.408,LANGGENG CEMERLANG,JL.GADOBANGKONG NO.2 CIMAHI,R,SIMON QIRENE,1,GUDANG BAIK,2103145,Petalac Thinner PU  1 LTR,3.00,"51,000.00",KL,0.00,0.00,0.00,0.00,"153,000.00",,1,"INDOWIRA, PT"
JUAL,261.001.187,30/01/2026 0:00,2601280715,T,,C.408,LANGGENG CEMERLANG,JL.GADOBANGKONG NO.2 CIMAHI,R,SIMON QIRENE,1,GUDANG BAIK,2102840,Petalac 2K PU Hardener Special  200 CC,3.00,"55,000.00",KL,7.50,0.00,0.00,"12,375.00","152,625.00",,1,"INDOWIRA, PT"
JUAL,261.001.187,30/01/2026 0:00,2601280715,T,,C.408,LANGGENG CEMERLANG,JL.GADOBANGKONG NO.2 CIMAHI,R,SIMON QIRENE,1,GUDANG BAIK,2500289,Petalac 2K PU CO Base Admiral Blue 0.8LT,2.00,"168,000.00",KL,7.50,0.00,0.00,"25,200.00","310,800.00",,1,"INDOWIRA, PT"
JUAL,261.001.187,30/01/2026 0:00,2601280715,T,,C.408,LANGGENG CEMERLANG,JL.GADOBANGKONG NO.2 CIMAHI,R,SIMON QIRENE,1,GUDANG BAIK,2500290,Petalac 2K PU CO Base Sosro Orange 0.8LT,1.00,"145,000.00",KL,7.50,0.00,0.00,"10,875.00","134,125.00",,1,"INDOWIRA, PT"
JUAL,261.001.189,30/01/2026 0:00,2601210503,T,,K.527,PT.AKD,SADANG,14,DEPO BANDUNG,1,GUDANG BAIK,2600026,Petalac 2K PU CO Base Elf Hatt 0.8LT,2.00,"145,000.00",KL,10.00,0.00,0.00,"29,000.00","261,000.00",,1,"INDOWIRA, PT"
JUAL,261.001.189,30/01/2026 0:00,2601210503,T,,K.527,PT.AKD,SADANG,14,DEPO BANDUNG,1,GUDANG BAIK,2102840,Petalac 2K PU Hardener Special  200 CC,4.00,"55,000.00",KL,10.00,0.00,0.00,"22,000.00","198,000.00",,1,"INDOWIRA, PT"
JUAL,261.001.189,30/01/2026 0:00,2601210503,T,,K.527,PT.AKD,SADANG,14,DEPO BANDUNG,1,GUDANG BAIK,2600025,Petalac 2K PU CO Base Sky High Blue 0.8LT,2.00,"150,000.00",KL,10.00,0.00,0.00,"30,000.00","270,000.00",,1,"INDOWIRA, PT"
JUAL,262.000.059,30/01/2026 0:00,2601300763,T,,J.503,KARYA MANDIRI SEJAHTERA,GG.KANDA ATMAJA NO.21 CITEUREUP,J,FRANSISKUS,1,GUDANG BAIK,2101917,Meiji Epoxy Filler White 1 LTR SET,1.00,0.00,KL,0.00,0.00,0.00,0.00,0.00,,1,"INDOWIRA, PT"
JUAL,262.000.060,30/01/2026 0:00,2601290736,T,,J.328,WIJAYA,KOMP.TKI 2 3F NO.3 DEPAN BANK MEGA,J,FRANSISKUS,1,GUDANG BAIK,2104955,Bonus Sarung,2.00,0.00,PCS,0.00,0.00,0.00,0.00,0.00,U/BONUS,1,"INDOWIRA, PT"
JUAL,262.000.061,30/01/2026 0:00,2601300770,T,,D.314,TB.33,SUKAJADI 33,D,WILLY,1,GUDANG BAIK,2102064,Meiji Zinc Chromate Primer Grey 1 KG,1.00,0.00,KL,0.00,0.00,0.00,0.00,0.00,U/SAMPLE via sj.4147,1,"INDOWIRA, PT"
JUAL,262.000.062,30/01/2026 0:00,2601300772,T,,H.180,KCN SS,BOGOR,H,YANSENG,1,GUDANG BAIK,2102062,Meiji Zinc Chromate Primer Black 1 KG,1.00,0.00,KL,0.00,0.00,0.00,0.00,0.00,u/sample,1,"INDOWIRA, PT"
JUAL,262.000.063,30/01/2026 0:00,2601260618,T,,GB.87,TB.INTI WARNA II,JL.PEJUANG 45 NO.72 SUBANG,G,JULIANTO,1,GUDANG BAIK,2104955,Bonus Sarung,13.00,0.00,PCS,0.00,0.00,0.00,0.00,0.00,,1,"INDOWIRA, PT"
JUAL,262.000.064,30/01/2026 0:00,2601290732,T,,G.197,SUMBER ALAM II,PAMANUKAN,G,JULIANTO,1,GUDANG BAIK,2104955,Bonus Sarung,1.00,0.00,PCS,0.00,0.00,0.00,0.00,0.00,,1,"INDOWIRA, PT"
JUAL,262.000.065,30/01/2026 0:00,2601260636,T,,G.217,PALEMBANG,JL.SUTAATMAJA PASAR INPRES SUBANG,G,JULIANTO,1,GUDANG BAIK,2104955,Bonus Sarung,3.00,0.00,PCS,0.00,0.00,0.00,0.00,0.00,,1,"INDOWIRA, PT"
JUAL,262.000.066,30/01/2026 0:00,2601280702,T,,GF.101,LANGGENG QUICK,JL.RAYA KESAMBI DEPAN MASJID KESAMBI DESA KADUNG WUNGU KEC.ANJATAN IND,G,JULIANTO,1,GUDANG BAIK,2101915,Meiji Epoxy Filler  1 LTR SET,2.00,0.00,KL,0.00,0.00,0.00,0.00,0.00,,1,"INDOWIRA, PT"
JUAL,262.000.066,30/01/2026 0:00,2601280702,T,,GF.101,LANGGENG QUICK,JL.RAYA KESAMBI DEPAN MASJID KESAMBI DESA KADUNG WUNGU KEC.ANJATAN IND,G,JULIANTO,1,GUDANG BAIK,2101913,Meiji Epoxy Filler  0.25 LTR SET,2.00,0.00,KL,0.00,0.00,0.00,0.00,0.00,,1,"INDOWIRA, PT"
JUAL,262.000.067,30/01/2026 0:00,2601280702,T,,GF.101,LANGGENG QUICK,JL.RAYA KESAMBI DEPAN MASJID KESAMBI DESA KADUNG WUNGU KEC.ANJATAN IND,G,JULIANTO,1,GUDANG BAIK,2104955,Bonus Sarung,1.00,0.00,PCS,0.00,0.00,0.00,0.00,0.00,,1,"INDOWIRA, PT"
JUAL,262.000.068,30/01/2026 0:00,2601270680,T,,GF.108,SINAR OBOR,JL.SILIWANGI HAUR GEULIS GANTAR,G,JULIANTO,1,GUDANG BAIK,2101915,Meiji Epoxy Filler  1 LTR SET,1.00,0.00,KL,0.00,0.00,0.00,0.00,0.00,,1,"INDOWIRA, PT"
RETUR,RJ26010054,30/01/2026 0:00,261.000.913,T,,D.529,SALUYU DJAYA,JL.JEND.A YANI 355,D,WILLY,1,GUDANG BAIK,2105295,ALFA ZINC CHROMATE PRIMER BLACK 20KG,-5.00,"720,000.00",PAIL,7.50,0.00,0.00,"-270,000.00","-3,330,000.00",,1,"INDOWIRA, PT"
RETUR,RJ26010055,30/01/2026 0:00,262.000.018,T,,H.343,BAROS JAYA,JL.RH DIDI SUKARDI 156 SUKABUMI,H,YANSENG,1,GUDANG BAIK,2102066,Meiji Zinc Chromate Primer  20 KG,-7.00,"825,000.00",PL,7.50,0.00,0.00,"-433,125.00","-5,341,875.00",,1,"INDOWIRA, PT"
RETUR,RJ26010055,30/01/2026 0:00,262.000.018,T,,H.343,BAROS JAYA,JL.RH DIDI SUKARDI 156 SUKABUMI,H,YANSENG,1,GUDANG BAIK,2102069,Meiji Zinc Chromate Primer Grey 20 KG,-1.00,"825,000.00",PL,7.50,0.00,0.00,"-61,875.00","-763,125.00",,1,"INDOWIRA, PT"
RETUR,RJ26010055,30/01/2026 0:00,262.000.018,T,,H.343,BAROS JAYA,JL.RH DIDI SUKARDI 156 SUKABUMI,H,YANSENG,1,GUDANG BAIK,2102069,Meiji Zinc Chromate Primer Grey 20 KG,-3.00,"825,000.00",PL,7.50,0.00,0.00,"-185,625.00","-2,289,375.00",,1,"INDOWIRA, PT"
RETUR,RJ26010056,30/01/2026 0:00,,T,,H.343,BAROS JAYA,JL.RH DIDI SUKARDI 156 SUKABUMI,H,YANSENG,2,GUDANG RUSAK,2101734,KINGKONG WALL PAINT BS 5 KG,-1.00,"34,234.23",GLN,10.00,0.00,0.00,"-3,423.42","-30,810.81",,1,"INDOWIRA, PT"
RETUR,RJ26010057,30/01/2026 0:00,,T,,H.354,PELITA MAS,JL. Pelabuhan 2 No 92 Sukabumi,H,YANSENG,2,GUDANG RUSAK,2101734,KINGKONG WALL PAINT BS 5 KG,-1.00,"38,738.74",GLN,10.00,0.00,0.00,"-3,873.87","-34,864.87",,1,"INDOWIRA, PT"
RETUR,RJ26010057,30/01/2026 0:00,,T,,H.354,PELITA MAS,JL. Pelabuhan 2 No 92 Sukabumi,H,YANSENG,2,GUDANG RUSAK,2101705,Kingkong Wall Paint 104 Cream 5 KG,-1.00,"40,540.54",GLN,10.00,0.00,0.00,"-4,054.05","-36,486.49",,1,"INDOWIRA, PT"
RETUR,RJ26010057,30/01/2026 0:00,,T,,H.354,PELITA MAS,JL. Pelabuhan 2 No 92 Sukabumi,H,YANSENG,2,GUDANG RUSAK,2101708,Kingkong Wall Paint 107 BROKEN 5 KG,-1.00,"40,540.54",GLN,10.00,0.00,0.00,"-4,054.05","-36,486.49",,1,"INDOWIRA, PT"
RETUR,RJ26010057,30/01/2026 0:00,,T,,H.354,PELITA MAS,JL. Pelabuhan 2 No 92 Sukabumi,H,YANSENG,2,GUDANG RUSAK,2101713,Kingkong Wall Paint 113 TILE RE 5 KG,-1.00,"38,738.74",GLN,10.00,0.00,0.00,"-3,873.87","-34,864.87",,1,"INDOWIRA, PT"
RETUR,RJ26010057,30/01/2026 0:00,,T,,H.354,PELITA MAS,JL. Pelabuhan 2 No 92 Sukabumi,H,YANSENG,2,GUDANG RUSAK,2101710,Kingkong Wall Paint 109 APPLE W 5 KG,-1.00,"40,540.54",GLN,10.00,0.00,0.00,"-4,054.05","-36,486.49",,1,"INDOWIRA, PT"
RETUR,RJ26010058,30/01/2026 0:00,,T,,H.345,PT. SUMBER MILIK KOKOH PERKASA,Jl. Otista RT. 003  RW. 001,H,YANSENG,2,GUDANG RUSAK,2101732,Kingkong Wall Paint 132 5 KG,-1.00,"58,000.00",GLN,10.00,0.00,0.00,"-5,800.00","-52,200.00",,1,"INDOWIRA, PT"
RETUR,RJ26010058,30/01/2026 0:00,,T,,H.345,PT. SUMBER MILIK KOKOH PERKASA,Jl. Otista RT. 003  RW. 001,H,YANSENG,2,GUDANG RUSAK,2101714,Kingkong Wall Paint 114 PINK 5 KG,-1.00,"40,540.54",GLN,10.00,0.00,0.00,"-4,054.05","-36,486.49",,1,"INDOWIRA, PT"
RETUR,RJ26010058,30/01/2026 0:00,,T,,H.345,PT. SUMBER MILIK KOKOH PERKASA,Jl. Otista RT. 003  RW. 001,H,YANSENG,2,GUDANG RUSAK,2101705,Kingkong Wall Paint 104 Cream 5 KG,-1.00,"38,738.74",GLN,10.00,0.00,0.00,"-3,873.87","-34,864.87",,1,"INDOWIRA, PT"
RETUR,RJ26010058,30/01/2026 0:00,,T,,H.345,PT. SUMBER MILIK KOKOH PERKASA,Jl. Otista RT. 003  RW. 001,H,YANSENG,2,GUDANG RUSAK,2101711,Kingkong Wall Paint 110 Irish W 5 KG,-1.00,"36,936.94",GLN,10.00,0.00,0.00,"-3,693.69","-33,243.25",,1,"INDOWIRA, PT"
RETUR,RJ26010058,30/01/2026 0:00,,T,,H.345,PT. SUMBER MILIK KOKOH PERKASA,Jl. Otista RT. 003  RW. 001,H,YANSENG,2,GUDANG RUSAK,2101711,Kingkong Wall Paint 110 Irish W 5 KG,-1.00,"46,576.58",GLN,10.00,0.00,0.00,"-4,657.66","-41,918.92",,1,"INDOWIRA, PT"
RETUR,RJ26010058,30/01/2026 0:00,,T,,H.345,PT. SUMBER MILIK KOKOH PERKASA,Jl. Otista RT. 003  RW. 001,H,YANSENG,2,GUDANG RUSAK,2101711,Kingkong Wall Paint 110 Irish W 5 KG,-1.00,"40,540.54",GLN,10.00,0.00,0.00,"-4,054.05","-36,486.49",,1,"INDOWIRA, PT"
RETUR,RJ26010058,30/01/2026 0:00,,T,,H.345,PT. SUMBER MILIK KOKOH PERKASA,Jl. Otista RT. 003  RW. 001,H,YANSENG,2,GUDANG RUSAK,2101707,Kingkong Wall Paint 106 Apple G 5 KG,-2.00,"40,540.54",GLN,10.00,0.00,0.00,"-8,108.10","-72,972.98",,1,"INDOWIRA, PT"
RETUR,RJ26010058,30/01/2026 0:00,,T,,H.345,PT. SUMBER MILIK KOKOH PERKASA,Jl. Otista RT. 003  RW. 001,H,YANSENG,2,GUDANG RUSAK,2101715,Kingkong Wall Paint 115 SALEM 5 KG,-1.00,"40,540.54",GLN,10.00,0.00,0.00,"-4,054.05","-36,486.49",,1,"INDOWIRA, PT"
RETUR,RJ26010058,30/01/2026 0:00,,T,,H.345,PT. SUMBER MILIK KOKOH PERKASA,Jl. Otista RT. 003  RW. 001,H,YANSENG,2,GUDANG RUSAK,2101716,Kingkong Wall Paint 116 ORCHID 5 KG,-1.00,"58,000.00",GLN,10.00,0.00,0.00,"-5,800.00","-52,200.00",,1,"INDOWIRA, PT"
RETUR,RJ26010058,30/01/2026 0:00,,T,,H.345,PT. SUMBER MILIK KOKOH PERKASA,Jl. Otista RT. 003  RW. 001,H,YANSENG,2,GUDANG RUSAK,2101713,Kingkong Wall Paint 113 TILE RE 5 KG,-1.00,"40,540.54",GLN,10.00,0.00,0.00,"-4,054.05","-36,486.49",,1,"INDOWIRA, PT"
RETUR,RJ26010058,30/01/2026 0:00,,T,,H.345,PT. SUMBER MILIK KOKOH PERKASA,Jl. Otista RT. 003  RW. 001,H,YANSENG,2,GUDANG RUSAK,2101724,Kingkong Wall Paint 124 BLUE LA 5 KG,-1.00,"58,000.00",GLN,10.00,0.00,0.00,"-5,800.00","-52,200.00",,1,"INDOWIRA, PT"
RETUR,RJ26010058,30/01/2026 0:00,,T,,H.345,PT. SUMBER MILIK KOKOH PERKASA,Jl. Otista RT. 003  RW. 001,H,YANSENG,2,GUDANG RUSAK,2101670,Kingkong Wall Paint 107 BROKEN 25 KG,-2.00,"102,702.70",PL,10.00,0.00,0.00,"-20,540.54","-184,864.86",,1,"INDOWIRA, PT"
RETUR,RJ26010058,30/01/2026 0:00,,T,,H.345,PT. SUMBER MILIK KOKOH PERKASA,Jl. Otista RT. 003  RW. 001,H,YANSENG,2,GUDANG RUSAK,2101669,Kingkong Wall Paint 106 Apple G 25 KG,-3.00,"112,612.61",PL,10.00,0.00,0.00,"-33,783.78","-304,054.05",,1,"INDOWIRA, PT"
RETUR,RJ26010059,30/01/2026 0:00,,T,,H.349,BERDIKARI JAYA,JL. Rh. Didi Sukardi 66,H,YANSENG,2,GUDANG RUSAK,2101693,Kingkong Wall Paint 132 25 KG,-2.00,"208,108.00",PL,10.00,0.00,0.00,"-41,621.60","-374,594.40",,1,"INDOWIRA, PT"
RETUR,RJ26010059,30/01/2026 0:00,,T,,H.349,BERDIKARI JAYA,JL. Rh. Didi Sukardi 66,H,YANSENG,2,GUDANG RUSAK,2101693,Kingkong Wall Paint 132 25 KG,-2.00,"214,054.00",PL,10.00,0.00,0.00,"-42,810.80","-385,297.20",,1,"INDOWIRA, PT"
RETUR,RJ26010060,30/01/2026 0:00,251.014.622,T,,J.349,IBU NATALIA,JL.TERONG NO.24 MALABAR GATSU,J,FRANSISKUS,1,GUDANG BAIK,2103989,Shintex Wall Paint Super White 25 KG,-1.00,"510,000.00",PL,0.00,0.00,0.00,0.00,"-510,000.00",,1,"INDOWIRA, PT"
RETUR,RJ26010062,30/01/2026 0:00,261.000.887,T,,K.219,HENLEY,JL.SUKAMENAK NO.147 SAMPING MIXUE,L,RUDI *,1,GUDANG BAIK,2300092,Petalac Hardener Special Black Matt 200CC,-3.00,"55,000.00",KL,10.00,0.00,0.00,"-16,500.00","-148,500.00",,1,"INDOWIRA, PT"
RETUR,RJ26010062,30/01/2026 0:00,261.000.887,T,,K.219,HENLEY,JL.SUKAMENAK NO.147 SAMPING MIXUE,L,RUDI *,1,GUDANG BAIK,2300088,Petalac 2K PU Colour Base Black Matt 0.8LT,-3.00,"133,000.00",KL,10.00,0.00,0.00,"-39,900.00","-359,100.00",,1,"INDOWIRA, PT"
JUAL,261.001.211,02/02/2026 0:00,2602020003,T,,A.219,MEDAL LIGAR,JL.BBK CIPARAY 147-172,Y,KEN - Y,1,GUDANG BAIK,2104184,Wiratex Wall Paint 849 5KG,4.00,"83,000.00",GL,7.50,0.00,0.00,"24,900.00","307,100.00",,1,"INDOWIRA, PT"
JUAL,261.001.211,02/02/2026 0:00,2602020003,T,,A.219,MEDAL LIGAR,JL.BBK CIPARAY 147-172,Y,KEN - Y,1,GUDANG BAIK,2102129,Mascot Wall Paint Super White 20 KG,1.00,"215,000.00",PL,7.50,0.00,0.00,"16,125.00","198,875.00",,1,"INDOWIRA, PT"
JUAL,261.001.211,02/02/2026 0:00,2602020003,T,,A.219,MEDAL LIGAR,JL.BBK CIPARAY 147-172,Y,KEN - Y,1,GUDANG BAIK,2104148,Wiratex Wall Paint Super White 25 KG,1.00,"390,000.00",PL,7.50,0.00,0.00,"29,250.00","360,750.00",,1,"INDOWIRA, PT"
JUAL,261.001.212,02/02/2026 0:00,2602020001,T,,Y.289,WARNA DUNIA,KARASAK LAMA NO.184 RT.01/RW.05,Y,KEN - Y,1,GUDANG BAIK,2100049,Adler Polyester Putty 3002  1 KG SET,24.00,"62,000.00",KL,7.50,0.00,0.00,"111,600.00","1,376,400.00",,1,"INDOWIRA, PT"
JUAL,261.001.213,02/02/2026 0:00,2601300787,T,,G.521,YE LIH,CIMAHI,G,JULIANTO,1,GUDANG BAIK,2103284,Petalux Base A  25 KG,2.00,"721,000.00",PL,15.00,0.00,0.00,"216,300.00","1,225,700.00",,1,"INDOWIRA, PT"
JUAL,261.001.214,02/02/2026 0:00,2601300788,T,,P.191,PT.MBP UNTUK PT CERES,JL.RAYA DAYEUH KOLOT 92,13,BU RINI,1,GUDANG BAIK,240046,Attaboy High Gloss Acrylic Enamel S1002-G50Y 20LT,2.00,"2,036,850.00",PAIL,0.00,0.00,0.00,0.00,"4,073,700.00",,1,"INDOWIRA, PT"
JUAL,261.001.215,02/02/2026 0:00,2602020006,T,,D.131,SINAR MAS,TKI III D4 NO.17,D,WILLY,1,GUDANG BAIK,2104147,Wiratex Wall Paint Putih Salju 25 KG,5.00,"390,000.00",PL,7.50,0.00,0.00,"146,250.00","1,803,750.00",,1,"INDOWIRA, PT"
JUAL,261.001.216,02/02/2026 0:00,2601300786,T,,G.227,MUTIARA WARNA,JL.SOMAWINATA 14 TANI MULYA,G,JULIANTO,1,GUDANG BAIK,2103700,Petalux Wall Paint 643 Irish W 5KG,2.00,"158,000.00",GLN,7.50,0.00,0.00,"23,700.00","292,300.00",,1,"INDOWIRA, PT"
JUAL,261.001.217,02/02/2026 0:00,2601300785,T,,K.404,MADERA,JL.GATSOE NO.123,L,RUDI *,1,GUDANG BAIK,2102749,Petalac PU Clear Sealer  1 LTR SET,1.00,"121,000.00",KL,10.00,0.00,0.00,"12,100.00","108,900.00",,1,"INDOWIRA, PT"
JUAL,261.001.218,02/02/2026 0:00,2601300784,T,,A.311,SINAR RAJAWALI,RAJAWALI BARAT 37,U,GANIS,1,GUDANG BAIK,2104191,Wiratex Wall Paint Putih Salju 5KG,8.00,"83,000.00",GL,7.50,0.00,0.00,"49,800.00","614,200.00",,1,"INDOWIRA, PT"
JUAL,261.001.220,02/02/2026 0:00,2601300777,T,,N.888,SUMBER WARNA,PUNGKUR,14,DEPO BANDUNG,1,GUDANG BAIK,2102840,Petalac 2K PU Hardener Special  200 CC,12.00,"55,000.00",KL,7.50,2.50,0.00,"64,762.56","595,237.44",,1,"INDOWIRA, PT"
JUAL,261.001.220,02/02/2026 0:00,2601300777,T,,N.888,SUMBER WARNA,PUNGKUR,14,DEPO BANDUNG,1,GUDANG BAIK,2200050,"Petalac 2K PU Clear Matt MV3 Base 0,8Lt",12.00,"121,000.00",KL,7.50,2.50,0.00,"142,477.44","1,309,522.56",,1,"INDOWIRA, PT"
JUAL,261.001.221,02/02/2026 0:00,2601300775,T,,C.140,PADA ASIH 2,JL.PARAKAN SAAT ANTAPANI (PATOKAN DEKAT GAPURA DALANG AMUNG),C,YONATHAN,1,GUDANG BAIK,2101607,Kingkong Wall Putty Instant Powder  25 KG,10.00,"133,000.00",ZAK,7.50,0.00,0.00,"99,750.00","1,230,250.00",,1,"INDOWIRA, PT"
JUAL,261.001.222,02/02/2026 0:00,2601300774,T,,K.410,SUMBER JAYA,PUNGKUR 21,L,RUDI *,1,GUDANG BAIK,2102840,Petalac 2K PU Hardener Special  200 CC,3.00,"55,000.00",KL,10.00,0.00,0.00,"16,500.00","148,500.00",,1,"INDOWIRA, PT"
JUAL,261.001.222,02/02/2026 0:00,2601300774,T,,K.410,SUMBER JAYA,PUNGKUR 21,L,RUDI *,1,GUDANG BAIK,2200050,"Petalac 2K PU Clear Matt MV3 Base 0,8Lt",3.00,"121,000.00",KL,10.00,0.00,0.00,"36,300.00","326,700.00",,1,"INDOWIRA, PT"
JUAL,261.001.223,02/02/2026 0:00,2602020018,T,,K.527,PT.AKD,SADANG,14,DEPO BANDUNG,1,GUDANG BAIK,2200086,Petalac 2K Surfacer FD 21 Base 1LT,36.00,"80,000.00",KL,10.00,0.00,0.00,"288,000.00","2,592,000.00",,1,"INDOWIRA, PT"
JUAL,261.001.223,02/02/2026 0:00,2602020018,T,,K.527,PT.AKD,SADANG,14,DEPO BANDUNG,1,GUDANG BAIK,2200087,Petalac Hardener Surfacer FD 0.5LT,36.00,"60,000.00",KL,10.00,0.00,0.00,"216,000.00","1,944,000.00",,1,"INDOWIRA, PT"
JUAL,261.001.223,02/02/2026 0:00,2602020018,T,,K.527,PT.AKD,SADANG,14,DEPO BANDUNG,1,GUDANG BAIK,2101411,"Crystal Coat Surfacer White 1,2 KG SET",36.00,"125,000.00",KL,10.00,0.00,0.00,"450,000.00","4,050,000.00",,1,"INDOWIRA, PT"
JUAL,261.001.223,02/02/2026 0:00,2602020018,T,,K.527,PT.AKD,SADANG,14,DEPO BANDUNG,1,GUDANG BAIK,2200050,"Petalac 2K PU Clear Matt MV3 Base 0,8Lt",60.00,"121,000.00",KL,10.00,0.00,0.00,"726,000.00","6,534,000.00",,1,"INDOWIRA, PT"
JUAL,261.001.223,02/02/2026 0:00,2602020018,T,,K.527,PT.AKD,SADANG,14,DEPO BANDUNG,1,GUDANG BAIK,2103148,Petalac Thinner PU  20 LTR,10.00,"834,000.00",JRG,0.00,0.00,0.00,0.00,"8,340,000.00",,1,"INDOWIRA, PT"
JUAL,261.001.223,02/02/2026 0:00,2602020018,T,,K.527,PT.AKD,SADANG,14,DEPO BANDUNG,1,GUDANG BAIK,2101421,Crystal Coat Thinner Surfacer  20 LITER,2.00,"700,000.00",JRG,0.00,0.00,0.00,0.00,"1,400,000.00",,1,"INDOWIRA, PT"
JUAL,261.001.224,02/02/2026 0:00,2602020016,T,,G.519,TB.CAHAYA FAMILY,JL.KOLMAS GG.SARI LAKSANA NO.4 PARONGPON,G,JULIANTO,1,GUDANG BAIK,2104188,Wiratex Wall Paint 853 5KG,4.00,"83,000.00",GL,7.50,0.00,0.00,"24,900.00","307,100.00",,1,"INDOWIRA, PT"
JUAL,261.001.224,02/02/2026 0:00,2602020016,T,,G.519,TB.CAHAYA FAMILY,JL.KOLMAS GG.SARI LAKSANA NO.4 PARONGPON,G,JULIANTO,1,GUDANG BAIK,2104171,Wiratex Wall Paint 830 Blue Be 5KG,4.00,"83,000.00",GL,7.50,0.00,0.00,"24,900.00","307,100.00",,1,"INDOWIRA, PT"
JUAL,261.001.224,02/02/2026 0:00,2602020016,T,,G.519,TB.CAHAYA FAMILY,JL.KOLMAS GG.SARI LAKSANA NO.4 PARONGPON,G,JULIANTO,1,GUDANG BAIK,2104161,Wiratex Wall Paint 812 Ice Blu 5KG,4.00,"83,000.00",GL,7.50,0.00,0.00,"24,900.00","307,100.00",,1,"INDOWIRA, PT"
JUAL,261.001.224,02/02/2026 0:00,2602020016,T,,G.519,TB.CAHAYA FAMILY,JL.KOLMAS GG.SARI LAKSANA NO.4 PARONGPON,G,JULIANTO,1,GUDANG BAIK,2103813,Shintex Cat Genteng 305 Fire Br 4KG,4.00,"185,000.00",GLN,7.50,0.00,0.00,"55,500.00","684,500.00",,1,"INDOWIRA, PT"
JUAL,261.001.224,02/02/2026 0:00,2602020016,T,,G.519,TB.CAHAYA FAMILY,JL.KOLMAS GG.SARI LAKSANA NO.4 PARONGPON,G,JULIANTO,1,GUDANG BAIK,2103814,Shintex Cat Genteng 308 Tile Re 4KG,4.00,"185,000.00",GLN,7.50,0.00,0.00,"55,500.00","684,500.00",,1,"INDOWIRA, PT"
JUAL,261.001.224,02/02/2026 0:00,2602020016,T,,G.519,TB.CAHAYA FAMILY,JL.KOLMAS GG.SARI LAKSANA NO.4 PARONGPON,G,JULIANTO,1,GUDANG BAIK,2103815,Shintex Cat Genteng 309 Leather 4KG,8.00,"185,000.00",GLN,7.50,0.00,0.00,"111,000.00","1,369,000.00",,1,"INDOWIRA, PT"
JUAL,261.001.224,02/02/2026 0:00,2602020016,T,,G.519,TB.CAHAYA FAMILY,JL.KOLMAS GG.SARI LAKSANA NO.4 PARONGPON,G,JULIANTO,1,GUDANG BAIK,2104113,Wiratex Wall Paint 806 Cream 25 KG,1.00,"390,000.00",PL,7.50,0.00,0.00,"29,250.00","360,750.00",,1,"INDOWIRA, PT"
JUAL,261.001.225,02/02/2026 0:00,2601220550,T,,G.333,KONDANG WARNA,JL.KERTASARI (JALUR IRIGASI CITRA KEBUN MAS ),G,JULIANTO,1,GUDANG BAIK,2200102,Daltone Clear Coat MS 4100 0.25Lts,10.00,"36,000.00",KL,5.00,0.00,0.00,"18,000.00","342,000.00",,1,"INDOWIRA, PT"
JUAL,261.001.226,02/02/2026 0:00,2601300779,T,,GE.104,PD.SUKSES BANGUNAN,DEPAN PERUM GRAHA CITALANG JL.VITALANG RT.05 RW.01 PURWAKARTA,G,JULIANTO,1,GUDANG BAIK,2102178,Mascot Wall Paint Super White 5 KG,4.00,"65,000.00",GLN,7.50,2.00,0.00,"24,310.00","235,690.00",,1,"INDOWIRA, PT"
JUAL,261.001.227,02/02/2026 0:00,2602020017,T,,GE.108,KARYA MEKAR,JL.A  YANI 24 PURWAKARTA,G,JULIANTO,1,GUDANG BAIK,2104539,Meiji Zinc Chromate Light Grey 1 Kg,12.00,"51,000.00",KL,7.50,0.00,0.00,"45,900.00","566,100.00",,1,"INDOWIRA, PT"
JUAL,261.001.227,02/02/2026 0:00,2602020017,T,,GE.108,KARYA MEKAR,JL.A  YANI 24 PURWAKARTA,G,JULIANTO,1,GUDANG BAIK,2102063,Meiji Zinc Chromate Primer Broken White 1 KG,12.00,"51,000.00",KL,7.50,0.00,0.00,"45,900.00","566,100.00",,1,"INDOWIRA, PT"
JUAL,261.001.228,02/02/2026 0:00,2602020020,T,,N.1101,Bp.ALDI,PASAR KREATIF JAWA BARAT JL.PAHLAWAN NO.70 NEGLASARI CIBEUNYING KIDUL,13,BU RINI,1,GUDANG BAIK,2102068,Meiji Zinc Chromate Primer Broken Whit 20 KG,1.00,"825,000.00",PL,0.00,0.00,0.00,0.00,"825,000.00",,1,"INDOWIRA, PT"
JUAL,261.001.229,02/02/2026 0:00,2602020013,T,,D.619,SALUYU,PATROL PARONGPONG,G,JULIANTO,1,GUDANG BAIK,2100006,Alfa Polyester Putty  1 KG,12.00,"39,000.00",KL,5.00,0.00,0.00,"23,400.00","444,600.00",,1,"INDOWIRA, PT"
JUAL,261.001.230,02/02/2026 0:00,2602020012,T,,J.611,SINAR WARNA,MOH TOHA 250C,L,RUDI *,1,GUDANG BAIK,2100029,Adler Epoxy Undercoat  1 LITER,6.00,"105,000.00",KL,10.00,0.00,0.00,"63,000.00","567,000.00",,1,"INDOWIRA, PT"
JUAL,261.001.231,02/02/2026 0:00,2602020011,T,,K.410,SUMBER JAYA,PUNGKUR 21,L,RUDI *,1,GUDANG BAIK,2101391,Crystal Coat Clear Matt MV3 1 LITER,1.00,"657,000.00",KL,10.00,0.00,0.00,"65,700.00","591,300.00",,1,"INDOWIRA, PT"
JUAL,261.001.231,02/02/2026 0:00,2602020011,T,,K.410,SUMBER JAYA,PUNGKUR 21,L,RUDI *,1,GUDANG BAIK,2101365,Crystal Coat Candytone Golden Lacq 1 LITER,2.00,"657,000.00",KL,10.00,5.00,0.00,"190,530.00","1,123,470.00",,1,"INDOWIRA, PT"
JUAL,261.001.232,02/02/2026 0:00,2602020010,T,,L.533,FELIX (NEMAKIDS),JL.KARANGTINGGAL NO.18,L,RUDI *,1,GUDANG BAIK,2101917,Meiji Epoxy Filler White 1 LTR SET,11.00,"76,000.00",KL,10.00,0.00,0.00,"83,600.00","752,400.00",,1,"INDOWIRA, PT"
JUAL,261.001.233,02/02/2026 0:00,2602020008,T,,W.537,CUNCUN WIJAYA,JL.RAYA DAYEUH KOLOT NO.471,R,SIMON QIRENE,1,GUDANG BAIK,2103625,Petalux Wall Paint Putih Wangi 25 KG,1.00,"505,000.00",PL,0.00,0.00,0.00,0.00,"505,000.00",U/P.TEDI,1,"INDOWIRA, PT"
JUAL,261.001.234,02/02/2026 0:00,2602020009,T,,N.726,CV.HIKMAH JAYA SENTOSA,GUDANG BARU JL.SINDANG LAYA UJUNG BERUNG U/P.BP AGUS GOZALI,13,BU RINI,1,GUDANG BAIK,2101330,Attaboy Wall Putty Instant Powder  2 KG,24.00,"33,000.00",BKS,0.00,0.00,0.00,0.00,"792,000.00",,1,"INDOWIRA, PT"
JUAL,261.001.234,02/02/2026 0:00,2602020009,T,,N.726,CV.HIKMAH JAYA SENTOSA,GUDANG BARU JL.SINDANG LAYA UJUNG BERUNG U/P.BP AGUS GOZALI,13,BU RINI,1,GUDANG BAIK,2103989,Shintex Wall Paint Super White 25 KG,15.00,"510,000.00",PL,0.00,0.00,0.00,0.00,"7,650,000.00",,1,"INDOWIRA, PT"
JUAL,261.001.236,02/02/2026 0:00,2602020019,T,,A.745,MEKAR RAHAYU II,JL.PAMENTASAN SUKALILAH 30 RT.2 RW.6,C,YONATHAN,1,GUDANG BAIK,2100011,AlFa Polyester Putty  3KG,12.00,"103,000.00",GLN,5.00,0.00,0.00,"61,800.00","1,174,200.00",,1,"INDOWIRA, PT"
JUAL,261.001.239,02/02/2026 0:00,2602020024,T,,J.420,GLORIOUS,TKI 5 RUKO SOHO NO.20,J,FRANSISKUS,1,GUDANG BAIK,2102840,Petalac 2K PU Hardener Special  200 CC,2.00,"55,000.00",KL,10.00,0.00,0.00,"11,000.00","99,000.00",,1,"INDOWIRA, PT"
JUAL,261.001.239,02/02/2026 0:00,2602020024,T,,J.420,GLORIOUS,TKI 5 RUKO SOHO NO.20,J,FRANSISKUS,1,GUDANG BAIK,2200050,"Petalac 2K PU Clear Matt MV3 Base 0,8Lt",2.00,"121,000.00",KL,10.00,0.00,0.00,"24,200.00","217,800.00",,1,"INDOWIRA, PT"
JUAL,261.001.240,02/02/2026 0:00,2602020026,T,,K.323,TK.SINAR SURYA,JL.TERUSAN PASIR KOJA NO.108 A SEBELAH MATERIAL NANJUNG,R,SIMON QIRENE,1,GUDANG BAIK,2104075,Tawon Kembang Meni Kayu & Besi  4.5 KG,4.00,"195,000.00",GLN,7.50,0.00,0.00,"58,500.00","721,500.00",,1,"INDOWIRA, PT"
JUAL,261.001.241,02/02/2026 0:00,2601300793,T,,W.354,PT.MENTARI AGUNG MANDIRI,JL.RAYA DAYEUH KOLOT O.341C RT 001 RW 006,R,SIMON QIRENE,1,GUDANG BAIK,2103737,Petalux Wall Paint Putih Wangi 5KG,2.00,"158,000.00",GLN,0.00,0.00,0.00,0.00,"316,000.00",U/P.ANTON,1,"INDOWIRA, PT"
JUAL,261.001.241,02/02/2026 0:00,2601300793,T,,W.354,PT.MENTARI AGUNG MANDIRI,JL.RAYA DAYEUH KOLOT O.341C RT 001 RW 006,R,SIMON QIRENE,1,GUDANG BAIK,2103593,Petalux Wall Paint CM 602 Matahari 25 KG,1.00,"515,000.00",PL,0.00,0.00,0.00,0.00,"515,000.00",U/P.ANTON,1,"INDOWIRA, PT"
JUAL,261.001.242,02/02/2026 0:00,2602020028,T,,J.313,ART DECO,JL.SEKEKUKUMBUNG 103 TKI II,J,FRANSISKUS,1,GUDANG BAIK,2101387,Crystal Coat Clear Gloss  1 LITER,1.00,"657,000.00",KL,10.00,0.00,0.00,"65,700.00","591,300.00",,1,"INDOWIRA, PT"
JUAL,261.001.242,02/02/2026 0:00,2602020028,T,,J.313,ART DECO,JL.SEKEKUKUMBUNG 103 TKI II,J,FRANSISKUS,1,GUDANG BAIK,2102840,Petalac 2K PU Hardener Special  200 CC,3.00,"55,000.00",KL,10.00,0.00,0.00,"16,500.00","148,500.00",,1,"INDOWIRA, PT"
JUAL,261.001.242,02/02/2026 0:00,2602020028,T,,J.313,ART DECO,JL.SEKEKUKUMBUNG 103 TKI II,J,FRANSISKUS,1,GUDANG BAIK,2200074,Petalac 2K PU Colour Special White Matt Base 0.8Lt,3.00,"133,000.00",KL,10.00,0.00,0.00,"39,900.00","359,100.00",,1,"INDOWIRA, PT"
JUAL,261.001.242,02/02/2026 0:00,2602020028,T,,J.313,ART DECO,JL.SEKEKUKUMBUNG 103 TKI II,J,FRANSISKUS,1,GUDANG BAIK,2101412,Crystal Coat Surfacer White 24 KG SET,1.00,"2,156,000.00",PL,10.00,0.00,0.00,"215,600.00","1,940,400.00",,1,"INDOWIRA, PT"
JUAL,261.001.242,02/02/2026 0:00,2602020028,T,,J.313,ART DECO,JL.SEKEKUKUMBUNG 103 TKI II,J,FRANSISKUS,1,GUDANG BAIK,2101421,Crystal Coat Thinner Surfacer  20 LITER,1.00,"700,000.00",JRG,0.00,0.00,0.00,0.00,"700,000.00",,1,"INDOWIRA, PT"
JUAL,261.001.243,02/02/2026 0:00,2602020029,T,,R.409,GAN PROPERTI,GLAND PADALARANG RESIDENCE 2,R,SIMON QIRENE,1,GUDANG BAIK,2101330,Attaboy Wall Putty Instant Powder  2 KG,10.00,"33,000.00",BKS,0.00,0.00,0.00,0.00,"330,000.00",U/P.AGIL,1,"INDOWIRA, PT"
JUAL,261.001.244,02/02/2026 0:00,2602020027,T,,R.424,GAN PROPERTI,GLAND PADALARANG RESIDENCE 1 JL.GA MANULANG KM 2 RAN,R,SIMON QIRENE,1,GUDANG BAIK,2101330,Attaboy Wall Putty Instant Powder  2 KG,12.00,"33,000.00",BKS,0.00,0.00,0.00,0.00,"396,000.00",U/P.AGIL,1,"INDOWIRA, PT"
JUAL,261.001.249,02/02/2026 0:00,2602020015,T,,H.355,PT. SINAR ASIA BARU,JL. Raya Ahmad Yani Sukabumi,H,YANSENG,1,GUDANG BAIK,2200357,Kingkong Wall Paint 113 Tile Re 18KG,2.00,"288,000.00",PAIL,7.50,0.00,0.00,"43,200.00","532,800.00",,1,"INDOWIRA, PT"
JUAL,261.001.249,02/02/2026 0:00,2602020015,T,,H.355,PT. SINAR ASIA BARU,JL. Raya Ahmad Yani Sukabumi,H,YANSENG,1,GUDANG BAIK,2200183,Kingkong Wall Paint 105 Chiffon 18KG,3.00,"288,000.00",PAIL,7.50,0.00,0.00,"64,800.00","799,200.00",,1,"INDOWIRA, PT"
JUAL,261.001.249,02/02/2026 0:00,2602020015,T,,H.355,PT. SINAR ASIA BARU,JL. Raya Ahmad Yani Sukabumi,H,YANSENG,1,GUDANG BAIK,2200162,Kingkong Wall paint Super White 18KG,5.00,"288,000.00",PAIL,7.50,0.00,0.00,"108,000.00","1,332,000.00",,1,"INDOWIRA, PT"
JUAL,261.001.249,02/02/2026 0:00,2602020015,T,,H.355,PT. SINAR ASIA BARU,JL. Raya Ahmad Yani Sukabumi,H,YANSENG,1,GUDANG BAIK,2300050,Kingkong Wall Paint 104 Cream 4.5KG,12.00,"76,000.00",GLN,7.50,0.00,0.00,"68,400.00","843,600.00",,1,"INDOWIRA, PT"
JUAL,261.001.249,02/02/2026 0:00,2602020015,T,,H.355,PT. SINAR ASIA BARU,JL. Raya Ahmad Yani Sukabumi,H,YANSENG,1,GUDANG BAIK,2200331,Kingkong Wall Paint 116 Orchid 4.5KG,12.00,"76,000.00",GLN,7.50,0.00,0.00,"68,400.00","843,600.00",,1,"INDOWIRA, PT"
JUAL,261.001.249,02/02/2026 0:00,2602020015,T,,H.355,PT. SINAR ASIA BARU,JL. Raya Ahmad Yani Sukabumi,H,YANSENG,1,GUDANG BAIK,2200250,Kingkong Wall Paint 124 Blue La 4.5KG,12.00,"76,000.00",GLN,7.50,0.00,0.00,"68,400.00","843,600.00",,1,"INDOWIRA, PT"
JUAL,261.001.249,02/02/2026 0:00,2602020015,T,,H.355,PT. SINAR ASIA BARU,JL. Raya Ahmad Yani Sukabumi,H,YANSENG,1,GUDANG BAIK,2200139,Kingkong Wall Paint Super White 4.5Kg,20.00,"76,000.00",GLN,7.50,0.00,0.00,"114,000.00","1,406,000.00",,1,"INDOWIRA, PT"
JUAL,261.001.249,02/02/2026 0:00,2602020015,T,,H.355,PT. SINAR ASIA BARU,JL. Raya Ahmad Yani Sukabumi,H,YANSENG,1,GUDANG BAIK,2200222,Kingkong Wall Paint Putih Metropolitan 4.5KG,12.00,"76,000.00",GLN,7.50,0.00,0.00,"68,400.00","843,600.00",,1,"INDOWIRA, PT"
JUAL,261.001.249,02/02/2026 0:00,2602020015,T,,H.355,PT. SINAR ASIA BARU,JL. Raya Ahmad Yani Sukabumi,H,YANSENG,1,GUDANG BAIK,2200198,Kingkong Wall Paint Special 506 Sunny Y 4.5KG,12.00,"76,000.00",GLN,7.50,0.00,0.00,"68,400.00","843,600.00",,1,"INDOWIRA, PT"
JUAL,261.001.249,02/02/2026 0:00,2602020015,T,,H.355,PT. SINAR ASIA BARU,JL. Raya Ahmad Yani Sukabumi,H,YANSENG,1,GUDANG BAIK,2102061,Meiji Zinc Chromate Primer  1 KG,120.00,"51,000.00",KL,7.50,0.00,0.00,"459,000.00","5,661,000.00",,1,"INDOWIRA, PT"
JUAL,261.001.250,02/02/2026 0:00,2601290730,T,,H.343,BAROS JAYA,JL.RH DIDI SUKARDI 156 SUKABUMI,H,YANSENG,1,GUDANG BAIK,2200344,Kingkong Wall Paint 118 Poplar4.5KG,4.00,"76,000.00",GLN,7.50,0.00,0.00,"22,800.00","281,200.00",,1,"INDOWIRA, PT"
JUAL,261.001.250,02/02/2026 0:00,2601290730,T,,H.343,BAROS JAYA,JL.RH DIDI SUKARDI 156 SUKABUMI,H,YANSENG,1,GUDANG BAIK,2200297,Kingkong Wall Paint 109 Aple W 4.5KG,4.00,"76,000.00",GLN,7.50,0.00,0.00,"22,800.00","281,200.00",,1,"INDOWIRA, PT"
JUAL,261.001.250,02/02/2026 0:00,2601290730,T,,H.343,BAROS JAYA,JL.RH DIDI SUKARDI 156 SUKABUMI,H,YANSENG,1,GUDANG BAIK,2200345,Kingkong Wall Paint 130 Plum Fr 4.5KG,8.00,"76,000.00",GLN,7.50,0.00,0.00,"45,600.00","562,400.00",,1,"INDOWIRA, PT"
JUAL,261.001.250,02/02/2026 0:00,2601290730,T,,H.343,BAROS JAYA,JL.RH DIDI SUKARDI 156 SUKABUMI,H,YANSENG,1,GUDANG BAIK,2200250,Kingkong Wall Paint 124 Blue La 4.5KG,12.00,"76,000.00",GLN,7.50,0.00,0.00,"68,400.00","843,600.00",,1,"INDOWIRA, PT"
JUAL,261.001.250,02/02/2026 0:00,2601290730,T,,H.343,BAROS JAYA,JL.RH DIDI SUKARDI 156 SUKABUMI,H,YANSENG,1,GUDANG BAIK,2200223,Kingkong Wall Paint 127 Sun Flo 4.5KG,4.00,"76,000.00",GLN,7.50,0.00,0.00,"22,800.00","281,200.00",,1,"INDOWIRA, PT"
JUAL,261.001.250,02/02/2026 0:00,2601290730,T,,H.343,BAROS JAYA,JL.RH DIDI SUKARDI 156 SUKABUMI,H,YANSENG,1,GUDANG BAIK,2200248,Kingkong Wall Paint 131 Spring Green 4.5KG,8.00,"76,000.00",GLN,7.50,0.00,0.00,"45,600.00","562,400.00",,1,"INDOWIRA, PT"
JUAL,261.001.250,02/02/2026 0:00,2601290730,T,,H.343,BAROS JAYA,JL.RH DIDI SUKARDI 156 SUKABUMI,H,YANSENG,1,GUDANG BAIK,2200208,Kingkong Wall Paint Special 521 Meadow 4.5KG,8.00,"76,000.00",GLN,7.50,0.00,0.00,"45,600.00","562,400.00",,1,"INDOWIRA, PT"
JUAL,261.001.250,02/02/2026 0:00,2601290730,T,,H.343,BAROS JAYA,JL.RH DIDI SUKARDI 156 SUKABUMI,H,YANSENG,1,GUDANG BAIK,2200191,Kingkong Wall Paint Special 542 Orange 4.5KG,8.00,"76,000.00",GLN,7.50,0.00,0.00,"45,600.00","562,400.00",,1,"INDOWIRA, PT"
JUAL,261.001.250,02/02/2026 0:00,2601290730,T,,H.343,BAROS JAYA,JL.RH DIDI SUKARDI 156 SUKABUMI,H,YANSENG,1,GUDANG BAIK,2200198,Kingkong Wall Paint Special 506 Sunny Y 4.5KG,8.00,"76,000.00",GLN,7.50,0.00,0.00,"45,600.00","562,400.00",,1,"INDOWIRA, PT"
JUAL,261.001.250,02/02/2026 0:00,2601290730,T,,H.343,BAROS JAYA,JL.RH DIDI SUKARDI 156 SUKABUMI,H,YANSENG,1,GUDANG BAIK,2200199,Kingkong Wall Paint Special 507 Poppy O 4.5KG,8.00,"76,000.00",GLN,7.50,0.00,0.00,"45,600.00","562,400.00",,1,"INDOWIRA, PT"
JUAL,261.001.251,02/02/2026 0:00,2601290730,T,,H.343,BAROS JAYA,JL.RH DIDI SUKARDI 156 SUKABUMI,H,YANSENG,1,GUDANG BAIK,2300067,Kingkong Wall Paint 130 Plum fr 18KG,1.00,"288,000.00",PAIL,7.50,0.00,0.00,"21,600.00","266,400.00",,1,"INDOWIRA, PT"
JUAL,261.001.251,02/02/2026 0:00,2601290730,T,,H.343,BAROS JAYA,JL.RH DIDI SUKARDI 156 SUKABUMI,H,YANSENG,1,GUDANG BAIK,2200342,Kingkong Wall Paint 124 Blue La 18KG,2.00,"288,000.00",PAIL,7.50,0.00,0.00,"43,200.00","532,800.00",,1,"INDOWIRA, PT"
JUAL,261.001.251,02/02/2026 0:00,2601290730,T,,H.343,BAROS JAYA,JL.RH DIDI SUKARDI 156 SUKABUMI,H,YANSENG,1,GUDANG BAIK,2200207,Kingkong Wall Paint Special 521 Meadow 18KG,2.00,"288,000.00",PAIL,7.50,0.00,0.00,"43,200.00","532,800.00",,1,"INDOWIRA, PT"
JUAL,261.001.251,02/02/2026 0:00,2601290730,T,,H.343,BAROS JAYA,JL.RH DIDI SUKARDI 156 SUKABUMI,H,YANSENG,1,GUDANG BAIK,2200196,Kingkong Wall Paint Special 542 Orange 18KG,2.00,"288,000.00",PAIL,7.50,0.00,0.00,"43,200.00","532,800.00",,1,"INDOWIRA, PT"
JUAL,261.001.251,02/02/2026 0:00,2601290730,T,,H.343,BAROS JAYA,JL.RH DIDI SUKARDI 156 SUKABUMI,H,YANSENG,1,GUDANG BAIK,2200216,Kingkong Wall Paint Special 524 Purple 18KG,1.00,"288,000.00",PAIL,7.50,0.00,0.00,"21,600.00","266,400.00",,1,"INDOWIRA, PT"
JUAL,261.001.251,02/02/2026 0:00,2601290730,T,,H.343,BAROS JAYA,JL.RH DIDI SUKARDI 156 SUKABUMI,H,YANSENG,1,GUDANG BAIK,2200217,Kingkong Wall Paint Special 506 Sunny Y 18KG,2.00,"288,000.00",PAIL,7.50,0.00,0.00,"43,200.00","532,800.00",,1,"INDOWIRA, PT"
JUAL,261.001.251,02/02/2026 0:00,2601290730,T,,H.343,BAROS JAYA,JL.RH DIDI SUKARDI 156 SUKABUMI,H,YANSENG,1,GUDANG BAIK,2200203,Kingkong Wall Paint Special 507 Poppy O 18KG,2.00,"288,000.00",PAIL,7.50,0.00,0.00,"43,200.00","532,800.00",,1,"INDOWIRA, PT"
JUAL,261.001.251,02/02/2026 0:00,2601290730,T,,H.343,BAROS JAYA,JL.RH DIDI SUKARDI 156 SUKABUMI,H,YANSENG,1,GUDANG BAIK,2300050,Kingkong Wall Paint 104 Cream 4.5KG,4.00,"76,000.00",GLN,7.50,0.00,0.00,"22,800.00","281,200.00",,1,"INDOWIRA, PT"
JUAL,261.001.251,02/02/2026 0:00,2601290730,T,,H.343,BAROS JAYA,JL.RH DIDI SUKARDI 156 SUKABUMI,H,YANSENG,1,GUDANG BAIK,2200139,Kingkong Wall Paint Super White 4.5Kg,40.00,"76,000.00",GLN,7.50,0.00,0.00,"228,000.00","2,812,000.00",,1,"INDOWIRA, PT"
JUAL,261.001.251,02/02/2026 0:00,2601290730,T,,H.343,BAROS JAYA,JL.RH DIDI SUKARDI 156 SUKABUMI,H,YANSENG,1,GUDANG BAIK,2200222,Kingkong Wall Paint Putih Metropolitan 4.5KG,12.00,"76,000.00",GLN,7.50,0.00,0.00,"68,400.00","843,600.00",,1,"INDOWIRA, PT"
JUAL,261.001.252,02/02/2026 0:00,2601290730,T,,H.343,BAROS JAYA,JL.RH DIDI SUKARDI 156 SUKABUMI,H,YANSENG,1,GUDANG BAIK,2200286,Kingkong Wall Paint 104 Cream 18KG,1.00,"288,000.00",PAIL,7.50,0.00,0.00,"21,600.00","266,400.00",,1,"INDOWIRA, PT"
JUAL,261.001.252,02/02/2026 0:00,2601290730,T,,H.343,BAROS JAYA,JL.RH DIDI SUKARDI 156 SUKABUMI,H,YANSENG,1,GUDANG BAIK,2300068,Kingkong Wall Paint 118 Poplar 18KG,1.00,"288,000.00",PAIL,7.50,0.00,0.00,"21,600.00","266,400.00",,1,"INDOWIRA, PT"
JUAL,261.001.252,02/02/2026 0:00,2601290730,T,,H.343,BAROS JAYA,JL.RH DIDI SUKARDI 156 SUKABUMI,H,YANSENG,1,GUDANG BAIK,2200156,Kingkong Wall Paint 109 Apple W 18KG,1.00,"288,000.00",PAIL,7.50,0.00,0.00,"21,600.00","266,400.00",,1,"INDOWIRA, PT"
JUAL,261.001.252,02/02/2026 0:00,2601290730,T,,H.343,BAROS JAYA,JL.RH DIDI SUKARDI 156 SUKABUMI,H,YANSENG,1,GUDANG BAIK,2200167,Kingkong Wall Paint Putih Metro 18KG,3.00,"288,000.00",PAIL,7.50,0.00,0.00,"64,800.00","799,200.00",,1,"INDOWIRA, PT"
JUAL,261.001.252,02/02/2026 0:00,2601290730,T,,H.343,BAROS JAYA,JL.RH DIDI SUKARDI 156 SUKABUMI,H,YANSENG,1,GUDANG BAIK,2200162,Kingkong Wall paint Super White 18KG,10.00,"288,000.00",PAIL,7.50,0.00,0.00,"216,000.00","2,664,000.00",,1,"INDOWIRA, PT"
JUAL,261.001.252,02/02/2026 0:00,2601290730,T,,H.343,BAROS JAYA,JL.RH DIDI SUKARDI 156 SUKABUMI,H,YANSENG,1,GUDANG BAIK,2200319,Kingkong Wall Paint 127 Sun Flower 18KG,1.00,"288,000.00",PAIL,7.50,0.00,0.00,"21,600.00","266,400.00",,1,"INDOWIRA, PT"
JUAL,261.001.252,02/02/2026 0:00,2601290730,T,,H.343,BAROS JAYA,JL.RH DIDI SUKARDI 156 SUKABUMI,H,YANSENG,1,GUDANG BAIK,2102073,Meiji Zinc Chromate Primer Black 20 KG,7.00,"825,000.00",PL,7.50,0.00,0.00,"433,125.00","5,341,875.00",,1,"INDOWIRA, PT"
JUAL,261.001.252,02/02/2026 0:00,2601290730,T,,H.343,BAROS JAYA,JL.RH DIDI SUKARDI 156 SUKABUMI,H,YANSENG,1,GUDANG BAIK,2200287,Kingkong Wall Paint 131 Spring 18 Kg,2.00,"288,000.00",PAIL,7.50,0.00,0.00,"43,200.00","532,800.00",,1,"INDOWIRA, PT"
JUAL,261.001.253,02/02/2026 0:00,2602020030,T,,H.180,KCN SS,BOGOR,H,YANSENG,1,GUDANG BAIK,2102073,Meiji Zinc Chromate Primer Black 20 KG,1.00,"825,000.00",PL,7.50,0.00,0.00,"61,875.00","763,125.00",,1,"INDOWIRA, PT"
JUAL,261.001.255,02/02/2026 0:00,2602020036,T,,A.213,SINAR SARANA,SUNARAJA 80 A,Y,KEN - Y,1,GUDANG BAIK,2104188,Wiratex Wall Paint 853 5KG,1.00,"83,000.00",GL,7.50,0.00,0.00,"6,225.00","76,775.00",,1,"INDOWIRA, PT"
JUAL,261.001.255,02/02/2026 0:00,2602020036,T,,A.213,SINAR SARANA,SUNARAJA 80 A,Y,KEN - Y,1,GUDANG BAIK,2104147,Wiratex Wall Paint Putih Salju 25 KG,8.00,"390,000.00",PL,7.50,0.00,0.00,"234,000.00","2,886,000.00",,1,"INDOWIRA, PT"
JUAL,261.001.255,02/02/2026 0:00,2602020036,T,,A.213,SINAR SARANA,SUNARAJA 80 A,Y,KEN - Y,1,GUDANG BAIK,2103625,Petalux Wall Paint Putih Wangi 25 KG,2.00,"765,000.00",PL,7.50,0.00,0.00,"114,750.00","1,415,250.00",,1,"INDOWIRA, PT"
JUAL,261.001.255,02/02/2026 0:00,2602020036,T,,A.213,SINAR SARANA,SUNARAJA 80 A,Y,KEN - Y,1,GUDANG BAIK,2102069,Meiji Zinc Chromate Primer Grey 20 KG,2.00,"825,000.00",PL,7.50,0.00,0.00,"123,750.00","1,526,250.00",,1,"INDOWIRA, PT"
JUAL,261.001.255,02/02/2026 0:00,2602020036,T,,A.213,SINAR SARANA,SUNARAJA 80 A,Y,KEN - Y,1,GUDANG BAIK,2103293,Petalux Celling & Gypsum Paint Putih Wangi 25 KG,3.00,"655,000.00",PL,7.50,0.00,0.00,"147,375.00","1,817,625.00",,1,"INDOWIRA, PT"
JUAL,261.001.257,02/02/2026 0:00,2602020031,T,,L.524,HOWARDI,GUNUNG BATU,L,RUDI *,1,GUDANG BAIK,2100006,Alfa Polyester Putty  1 KG,6.00,"39,000.00",KL,5.00,0.00,0.00,"11,700.00","222,300.00",K/BATU NUNGGAL,1,"INDOWIRA, PT"
JUAL,261.001.258,02/02/2026 0:00,2602020032,T,,J.557,BUMI BERKAH,JL.ENCEP KARYA WIRIA NO.41 CITEUREUP,Y,KEN - Y,1,GUDANG BAIK,2103791,Shintex Cat Genteng 304 Orange 1KG,6.00,"57,000.00",KL,7.50,0.00,0.00,"25,650.00","316,350.00",,1,"INDOWIRA, PT"
JUAL,261.001.258,02/02/2026 0:00,2602020032,T,,J.557,BUMI BERKAH,JL.ENCEP KARYA WIRIA NO.41 CITEUREUP,Y,KEN - Y,1,GUDANG BAIK,2103790,Shintex Cat Genteng 303 Gold Ac 1KG,6.00,"57,000.00",KL,7.50,0.00,0.00,"25,650.00","316,350.00",,1,"INDOWIRA, PT"
JUAL,261.001.259,02/02/2026 0:00,2602020035,T,,N.888,SUMBER WARNA,PUNGKUR,14,DEPO BANDUNG,1,GUDANG BAIK,2102066,Meiji Zinc Chromate Primer  20 KG,4.00,"825,000.00",PL,7.50,2.50,0.00,"323,812.48","2,976,187.52",,1,"INDOWIRA, PT"
JUAL,261.001.260,02/02/2026 0:00,2602020037,T,,U.199,TB.MITRA BARU,JL.KARYAWANGI PARONGPONG,U,GANIS,1,GUDANG BAIK,2104147,Wiratex Wall Paint Putih Salju 25 KG,6.00,"390,000.00",PL,7.50,0.00,0.00,"175,500.00","2,164,500.00",,1,"INDOWIRA, PT"
JUAL,261.001.261,02/02/2026 0:00,2602020038,T,,C.138,AL-BAROKAH,JL.POJOK SELATAN 226 CIMAHI,C,YONATHAN,1,GUDANG BAIK,2104186,Wiratex Wall paint 851 5KG,2.00,"83,000.00",GL,7.50,0.00,0.00,"12,450.00","153,550.00",,1,"INDOWIRA, PT"
JUAL,261.001.261,02/02/2026 0:00,2602020038,T,,C.138,AL-BAROKAH,JL.POJOK SELATAN 226 CIMAHI,C,YONATHAN,1,GUDANG BAIK,2104157,Wiratex Wall Paint 806 Cream 5KG,4.00,"83,000.00",GL,7.50,0.00,0.00,"24,900.00","307,100.00",,1,"INDOWIRA, PT"
JUAL,261.001.261,02/02/2026 0:00,2602020038,T,,C.138,AL-BAROKAH,JL.POJOK SELATAN 226 CIMAHI,C,YONATHAN,1,GUDANG BAIK,2104174,Wiratex Wall Paint 833 Mellow 5KG,2.00,"83,000.00",GL,7.50,0.00,0.00,"12,450.00","153,550.00",,1,"INDOWIRA, PT"
JUAL,261.001.261,02/02/2026 0:00,2602020038,T,,C.138,AL-BAROKAH,JL.POJOK SELATAN 226 CIMAHI,C,YONATHAN,1,GUDANG BAIK,2104182,Wiratex Wall Paint 847 Spring 5KG,2.00,"83,000.00",GL,7.50,0.00,0.00,"12,450.00","153,550.00",,1,"INDOWIRA, PT"
JUAL,261.001.261,02/02/2026 0:00,2602020038,T,,C.138,AL-BAROKAH,JL.POJOK SELATAN 226 CIMAHI,C,YONATHAN,1,GUDANG BAIK,2104192,Wiratex Wall Paint Super White 5KG,8.00,"83,000.00",GL,7.50,0.00,0.00,"49,800.00","614,200.00",,1,"INDOWIRA, PT"
JUAL,261.001.262,02/02/2026 0:00,2602020040,T,,A.209,NETRAL,PASIRKALIKI 6,Y,KEN - Y,1,GUDANG BAIK,2104863,Shintex Wall Filler 4 KG,8.00,"52,000.00",GL,7.50,0.00,0.00,"31,200.00","384,800.00",,1,"INDOWIRA, PT"
JUAL,261.001.263,02/02/2026 0:00,2601260660,T,,N.343,PT.SANBE PRAKARSA HUSADA,PROYEK RSSI-EXISTING JL KEBON JATI NO.38,13,BU RINI,1,GUDANG BAIK,2500300,Petalac 2K PU CO Base Sun Blue 20LT,1.00,"3,150,000.00",PAIL,5.00,0.00,0.00,"157,500.00","2,992,500.00",U/P.BAMBANG SETIAWAN,1,"INDOWIRA, PT"
JUAL,261.001.263,02/02/2026 0:00,2601260660,T,,N.343,PT.SANBE PRAKARSA HUSADA,PROYEK RSSI-EXISTING JL KEBON JATI NO.38,13,BU RINI,1,GUDANG BAIK,2200197,Petalac 2K PU Hardener Special 1LITER,5.00,"252,000.00",KL,5.00,0.00,0.00,"63,000.00","1,197,000.00",U/P.BAMBANG SETIAWAN,1,"INDOWIRA, PT"
JUAL,261.001.263,02/02/2026 0:00,2601260660,T,,N.343,PT.SANBE PRAKARSA HUSADA,PROYEK RSSI-EXISTING JL KEBON JATI NO.38,13,BU RINI,1,GUDANG BAIK,2103148,Petalac Thinner PU  20 LTR,2.00,"834,000.00",JRG,0.00,0.00,0.00,0.00,"1,668,000.00",U/P.BAMBANG SETIAWAN,1,"INDOWIRA, PT"
JUAL,261.001.264,02/02/2026 0:00,2601260659,T,,N.343,PT.SANBE PRAKARSA HUSADA,PROYEK RSSI-EXISTING JL KEBON JATI NO.38,13,BU RINI,1,GUDANG BAIK,2500300,Petalac 2K PU CO Base Sun Blue 20LT,1.00,"3,150,000.00",PAIL,5.00,0.00,0.00,"157,500.00","2,992,500.00",U/P.BAMBANG SETIAWAN,1,"INDOWIRA, PT"
JUAL,261.001.264,02/02/2026 0:00,2601260659,T,,N.343,PT.SANBE PRAKARSA HUSADA,PROYEK RSSI-EXISTING JL KEBON JATI NO.38,13,BU RINI,1,GUDANG BAIK,2200197,Petalac 2K PU Hardener Special 1LITER,5.00,"252,000.00",KL,5.00,0.00,0.00,"63,000.00","1,197,000.00",U/P.BAMBANG SETIAWAN,1,"INDOWIRA, PT"
JUAL,261.001.264,02/02/2026 0:00,2601260659,T,,N.343,PT.SANBE PRAKARSA HUSADA,PROYEK RSSI-EXISTING JL KEBON JATI NO.38,13,BU RINI,1,GUDANG BAIK,2103148,Petalac Thinner PU  20 LTR,2.00,"834,000.00",JRG,0.00,0.00,0.00,0.00,"1,668,000.00",U/P.BAMBANG SETIAWAN,1,"INDOWIRA, PT"
JUAL,262.000.072,02/02/2026 0:00,2601300775,T,,C.140,PADA ASIH 2,JL.PARAKAN SAAT ANTAPANI (PATOKAN DEKAT GAPURA DALANG AMUNG),C,YONATHAN,1,GUDANG BAIK,2101607,Kingkong Wall Putty Instant Powder  25 KG,1.00,0.00,ZAK,0.00,0.00,0.00,0.00,0.00,U/BONUS,1,"INDOWIRA, PT"
JUAL,262.000.073,02/02/2026 0:00,2602020010,T,,L.533,FELIX (NEMAKIDS),JL.KARANGTINGGAL NO.18,L,RUDI *,1,GUDANG BAIK,2101917,Meiji Epoxy Filler White 1 LTR SET,1.00,0.00,KL,0.00,0.00,0.00,0.00,0.00,U/BONUS,1,"INDOWIRA, PT"
JUAL,262.000.074,02/02/2026 0:00,2602020016,T,,G.519,TB.CAHAYA FAMILY,JL.KOLMAS GG.SARI LAKSANA NO.4 PARONGPON,G,JULIANTO,1,GUDANG BAIK,2104955,Bonus Sarung,2.00,0.00,PCS,0.00,0.00,0.00,0.00,0.00,,1,"INDOWIRA, PT"
JUAL,262.000.075,02/02/2026 0:00,2602020018,T,,K.527,PT.AKD,SADANG,14,DEPO BANDUNG,1,GUDANG BAIK,2104955,Bonus Sarung,12.00,0.00,PCS,0.00,0.00,0.00,0.00,0.00,,1,"INDOWIRA, PT"
JUAL,262.000.076,02/02/2026 0:00,2602020015,T,,H.355,PT. SINAR ASIA BARU,JL. Raya Ahmad Yani Sukabumi,H,YANSENG,1,GUDANG BAIK,2104955,Bonus Sarung,6.00,0.00,PCS,0.00,0.00,0.00,0.00,0.00,,1,"INDOWIRA, PT"
JUAL,262.000.077,02/02/2026 0:00,2601290730,T,,H.343,BAROS JAYA,JL.RH DIDI SUKARDI 156 SUKABUMI,H,YANSENG,1,GUDANG BAIK,2104955,Bonus Sarung,11.00,0.00,PCS,0.00,0.00,0.00,0.00,0.00,,1,"INDOWIRA, PT"
JUAL,262.000.078,02/02/2026 0:00,2602020036,T,,A.213,SINAR SARANA,SUNARAJA 80 A,Y,KEN - Y,1,GUDANG BAIK,2104955,Bonus Sarung,3.00,0.00,PCS,0.00,0.00,0.00,0.00,0.00,,1,"INDOWIRA, PT"
JUAL,262.000.079,02/02/2026 0:00,2602020035,T,,N.888,SUMBER WARNA,PUNGKUR,14,DEPO BANDUNG,1,GUDANG BAIK,2104955,Bonus Sarung,1.00,0.00,PCS,0.00,0.00,0.00,0.00,0.00,,1,"INDOWIRA, PT"
JUAL,262.000.080,02/02/2026 0:00,2602020037,T,,U.199,TB.MITRA BARU,JL.KARYAWANGI PARONGPONG,U,GANIS,1,GUDANG BAIK,2104955,Bonus Sarung,1.00,0.00,PCS,0.00,0.00,0.00,0.00,0.00,,1,"INDOWIRA, PT"
JUAL,261.001.272,03/02/2026 0:00,2602020045,T,,J.413,NYOMAN NUARTA,JL.SETRA SARIV/16,J,FRANSISKUS,1,GUDANG BAIK,2101607,Kingkong Wall Putty Instant Powder  25 KG,1.00,"133,000.00",ZAK,0.00,0.00,0.00,0.00,"133,000.00",,1,"INDOWIRA, PT"
JUAL,261.001.272,03/02/2026 0:00,2602020045,T,,J.413,NYOMAN NUARTA,JL.SETRA SARIV/16,J,FRANSISKUS,1,GUDANG BAIK,2100710,Attaboy OS Super Primer White 2 LITER,1.00,"180,000.00",GL,0.00,0.00,0.00,0.00,"180,000.00",,1,"INDOWIRA, PT"
JUAL,261.001.272,03/02/2026 0:00,2602020045,T,,J.413,NYOMAN NUARTA,JL.SETRA SARIV/16,J,FRANSISKUS,1,GUDANG BAIK,2103737,Petalux Wall Paint Putih Wangi 5KG,1.00,"158,000.00",GLN,0.00,0.00,0.00,0.00,"158,000.00",,1,"INDOWIRA, PT"
JUAL,261.001.272,03/02/2026 0:00,2602020045,T,,J.413,NYOMAN NUARTA,JL.SETRA SARIV/16,J,FRANSISKUS,1,GUDANG BAIK,2100913,Attaboy Thinner OS 2000  1 LITER,1.00,"43,000.00",KL,0.00,0.00,0.00,0.00,"43,000.00",,1,"INDOWIRA, PT"
JUAL,261.001.273,03/02/2026 0:00,2602020044,T,,J.234,KRIYA NUSANTARA GROUP,JL.CIBIRU HILIR NO.36 CIBIRU WETAN CILEUNYI,J,FRANSISKUS,1,GUDANG BAIK,2200086,Petalac 2K Surfacer FD 21 Base 1LT,35.00,"80,000.00",KL,10.00,0.00,0.00,"280,000.00","2,520,000.00",,1,"INDOWIRA, PT"
JUAL,261.001.273,03/02/2026 0:00,2602020044,T,,J.234,KRIYA NUSANTARA GROUP,JL.CIBIRU HILIR NO.36 CIBIRU WETAN CILEUNYI,J,FRANSISKUS,1,GUDANG BAIK,2200087,Petalac Hardener Surfacer FD 0.5LT,35.00,"60,000.00",KL,10.00,0.00,0.00,"210,000.00","1,890,000.00",,1,"INDOWIRA, PT"
JUAL,261.001.275,03/02/2026 0:00,2602020042,T,,G.227,MUTIARA WARNA,JL.SOMAWINATA 14 TANI MULYA,G,JULIANTO,1,GUDANG BAIK,2104192,Wiratex Wall Paint Super White 5KG,8.00,"83,000.00",GL,7.50,0.00,0.00,"49,800.00","614,200.00",,1,"INDOWIRA, PT"
JUAL,261.001.275,03/02/2026 0:00,2602020042,T,,G.227,MUTIARA WARNA,JL.SOMAWINATA 14 TANI MULYA,G,JULIANTO,1,GUDANG BAIK,2102178,Mascot Wall Paint Super White 5 KG,12.00,"65,000.00",GLN,7.50,0.00,0.00,"58,500.00","721,500.00",,1,"INDOWIRA, PT"
JUAL,261.001.275,03/02/2026 0:00,2602020042,T,,G.227,MUTIARA WARNA,JL.SOMAWINATA 14 TANI MULYA,G,JULIANTO,1,GUDANG BAIK,2102129,Mascot Wall Paint Super White 20 KG,3.00,"215,000.00",PL,7.50,0.00,0.00,"48,375.00","596,625.00",,1,"INDOWIRA, PT"
JUAL,261.001.275,03/02/2026 0:00,2602020042,T,,G.227,MUTIARA WARNA,JL.SOMAWINATA 14 TANI MULYA,G,JULIANTO,1,GUDANG BAIK,2104148,Wiratex Wall Paint Super White 25 KG,2.00,"390,000.00",PL,7.50,0.00,0.00,"58,500.00","721,500.00",,1,"INDOWIRA, PT"
JUAL,261.001.276,03/02/2026 0:00,2602020048,T,,J.140,PT.INDONESIA RABBONI GARMEN,JL.BANJARAN 102 (EX UNILON),J,FRANSISKUS,1,GUDANG BAIK,2103989,Shintex Wall Paint Super White 25 KG,4.00,"510,000.00",PL,0.00,0.00,0.00,0.00,"2,040,000.00",,1,"INDOWIRA, PT"
JUAL,261.001.276,03/02/2026 0:00,2602020048,T,,J.140,PT.INDONESIA RABBONI GARMEN,JL.BANJARAN 102 (EX UNILON),J,FRANSISKUS,1,GUDANG BAIK,2103293,Petalux Celling & Gypsum Paint Putih Wangi 25 KG,4.00,"655,000.00",PL,0.00,0.00,0.00,0.00,"2,620,000.00",,1,"INDOWIRA, PT"
JUAL,261.001.277,03/02/2026 0:00,2602020049,T,,I.509,LEMBANG,RAYA LEMBANG 281,U,GANIS,1,GUDANG BAIK,2104157,Wiratex Wall Paint 806 Cream 5KG,4.00,"83,000.00",GL,7.50,0.00,0.00,"24,900.00","307,100.00",,1,"INDOWIRA, PT"
JUAL,261.001.279,03/02/2026 0:00,2602020051,T,,D.507,INTI LOGAM,PASAR ATAS 38,U,GANIS,1,GUDANG BAIK,2101917,Meiji Epoxy Filler White 1 LTR SET,11.00,"76,000.00",KL,7.50,0.00,0.00,"62,700.00","773,300.00",,1,"INDOWIRA, PT"
JUAL,261.001.279,03/02/2026 0:00,2602020051,T,,D.507,INTI LOGAM,PASAR ATAS 38,U,GANIS,1,GUDANG BAIK,2100049,Adler Polyester Putty 3002  1 KG SET,3.00,"62,000.00",KL,7.50,0.00,0.00,"13,950.00","172,050.00",,1,"INDOWIRA, PT"
JUAL,261.001.280,03/02/2026 0:00,2602020052,T,,Y.284,PUTRA SEJATI 3,RANCA BENTANG NO.3,Y,KEN - Y,1,GUDANG BAIK,2104174,Wiratex Wall Paint 833 Mellow 5KG,4.00,"83,000.00",GL,7.50,0.00,0.00,"24,900.00","307,100.00",,1,"INDOWIRA, PT"
JUAL,261.001.280,03/02/2026 0:00,2602020052,T,,Y.284,PUTRA SEJATI 3,RANCA BENTANG NO.3,Y,KEN - Y,1,GUDANG BAIK,2104182,Wiratex Wall Paint 847 Spring 5KG,2.00,"83,000.00",GL,7.50,0.00,0.00,"12,450.00","153,550.00",,1,"INDOWIRA, PT"
JUAL,261.001.280,03/02/2026 0:00,2602020052,T,,Y.284,PUTRA SEJATI 3,RANCA BENTANG NO.3,Y,KEN - Y,1,GUDANG BAIK,2104172,Wiratex Wall Paint 831 Fresh B 5KG,4.00,"83,000.00",GL,7.50,0.00,0.00,"24,900.00","307,100.00",,1,"INDOWIRA, PT"
JUAL,261.001.280,03/02/2026 0:00,2602020052,T,,Y.284,PUTRA SEJATI 3,RANCA BENTANG NO.3,Y,KEN - Y,1,GUDANG BAIK,2104153,Wiratex Wall Paint 801 Spanish 5KG,4.00,"83,000.00",GL,7.50,0.00,0.00,"24,900.00","307,100.00",,1,"INDOWIRA, PT"
JUAL,261.001.280,03/02/2026 0:00,2602020052,T,,Y.284,PUTRA SEJATI 3,RANCA BENTANG NO.3,Y,KEN - Y,1,GUDANG BAIK,2104191,Wiratex Wall Paint Putih Salju 5KG,4.00,"83,000.00",GL,7.50,0.00,0.00,"24,900.00","307,100.00",,1,"INDOWIRA, PT"
JUAL,261.001.281,03/02/2026 0:00,2602020045,T,,J.413,NYOMAN NUARTA,JL.SETRA SARIV/16,J,FRANSISKUS,1,GUDANG BAIK,2100909,"Attaboy Supercryl Super White 2,5 Ltr",1.00,"295,000.00",GL,0.00,0.00,0.00,0.00,"295,000.00",,1,"INDOWIRA, PT"
JUAL,261.001.282,03/02/2026 0:00,2602020053,T,,A.219,MEDAL LIGAR,JL.BBK CIPARAY 147-172,Y,KEN - Y,1,GUDANG BAIK,2102129,Mascot Wall Paint Super White 20 KG,1.00,"215,000.00",PL,7.50,0.00,0.00,"16,125.00","198,875.00",,1,"INDOWIRA, PT"
JUAL,261.001.283,03/02/2026 0:00,2602020054,T,,J.422,TC.SUMBER SARANA WARNA,GRIYA PATARUMAN ASRI BLOK C2 NO.18 RT.001/011 PATOKAN MESJ8ID AL MUHAJ,J,FRANSISKUS,1,GUDANG BAIK,2100011,AlFa Polyester Putty  3KG,12.00,"103,000.00",GLN,5.00,0.00,0.00,"61,800.00","1,174,200.00",,1,"INDOWIRA, PT"
JUAL,261.001.284,03/02/2026 0:00,2602020004,T,,N.888,SUMBER WARNA,PUNGKUR,14,DEPO BANDUNG,1,GUDANG BAIK,2102840,Petalac 2K PU Hardener Special  200 CC,2.00,"55,000.00",KL,7.50,2.50,0.00,"10,793.76","99,206.24",,1,"INDOWIRA, PT"
JUAL,261.001.284,03/02/2026 0:00,2602020004,T,,N.888,SUMBER WARNA,PUNGKUR,14,DEPO BANDUNG,1,GUDANG BAIK,2102730,Petalac 2K PU Colour Base P011 Green 0.8Lt,1.00,"138,000.00",KL,7.50,2.50,0.00,"13,541.25","124,458.75",,1,"INDOWIRA, PT"
JUAL,261.001.284,03/02/2026 0:00,2602020004,T,,N.888,SUMBER WARNA,PUNGKUR,14,DEPO BANDUNG,1,GUDANG BAIK,2200079,Petalac 2K PU Colour P.008 Rosa Pink Base 0.8Lt,1.00,"138,000.00",KL,7.50,2.50,0.00,"13,541.25","124,458.75",,1,"INDOWIRA, PT"
JUAL,261.001.285,03/02/2026 0:00,2602020061,T,,J.413,NYOMAN NUARTA,JL.SETRA SARIV/16,J,FRANSISKUS,1,GUDANG BAIK,2102840,Petalac 2K PU Hardener Special  200 CC,2.00,"55,000.00",KL,0.00,0.00,0.00,0.00,"110,000.00",,1,"INDOWIRA, PT"
JUAL,261.001.285,03/02/2026 0:00,2602020061,T,,J.413,NYOMAN NUARTA,JL.SETRA SARIV/16,J,FRANSISKUS,1,GUDANG BAIK,2200303,Petalac Ext 4:1 Special White Matt Base 0.8LT,2.00,"144,000.00",KL,0.00,0.00,0.00,0.00,"288,000.00",,1,"INDOWIRA, PT"
JUAL,261.001.286,03/02/2026 0:00,2602020061,T,,J.413,NYOMAN NUARTA,JL.SETRA SARIV/16,J,FRANSISKUS,1,GUDANG BAIK,2103145,Petalac Thinner PU  1 LTR,2.00,"51,000.00",KL,0.00,0.00,0.00,0.00,"102,000.00",,1,"INDOWIRA, PT"
JUAL,261.001.287,03/02/2026 0:00,2602020062,T,,H.343,BAROS JAYA,JL.RH DIDI SUKARDI 156 SUKABUMI,H,YANSENG,1,GUDANG BAIK,2400109,Meiji Zinc Chromate Primer Blue 20KG,1.00,"825,000.00",PAIL,7.50,0.00,0.00,"61,875.00","763,125.00",,1,"INDOWIRA, PT"
JUAL,261.001.291,03/02/2026 0:00,2602020056,T,,Q.301,PT.VISTA KREASINDO,JL.CENTEH NO.4,13,BU RINI,1,GUDANG BAIK,2200130,Petalac 2K PU CO P.110 Broken White Base 0.8Lt,3.00,"140,000.00",KL,0.00,0.00,0.00,0.00,"420,000.00",,1,"INDOWIRA, PT"
JUAL,261.001.292,03/02/2026 0:00,2602020063,T,,J.313,ART DECO,JL.SEKEKUKUMBUNG 103 TKI II,J,FRANSISKUS,1,GUDANG BAIK,2102840,Petalac 2K PU Hardener Special  200 CC,10.00,"55,000.00",KL,10.00,0.00,0.00,"55,000.00","495,000.00",,1,"INDOWIRA, PT"
JUAL,261.001.292,03/02/2026 0:00,2602020063,T,,J.313,ART DECO,JL.SEKEKUKUMBUNG 103 TKI II,J,FRANSISKUS,1,GUDANG BAIK,2200050,"Petalac 2K PU Clear Matt MV3 Base 0,8Lt",4.00,"121,000.00",KL,10.00,0.00,0.00,"48,400.00","435,600.00",,1,"INDOWIRA, PT"
JUAL,261.001.292,03/02/2026 0:00,2602020063,T,,J.313,ART DECO,JL.SEKEKUKUMBUNG 103 TKI II,J,FRANSISKUS,1,GUDANG BAIK,2300092,Petalac Hardener Special Black Matt 200CC,4.00,"55,000.00",KL,10.00,0.00,0.00,"22,000.00","198,000.00",,1,"INDOWIRA, PT"
JUAL,261.001.292,03/02/2026 0:00,2602020063,T,,J.313,ART DECO,JL.SEKEKUKUMBUNG 103 TKI II,J,FRANSISKUS,1,GUDANG BAIK,2300088,Petalac 2K PU Colour Base Black Matt 0.8LT,4.00,"133,000.00",KL,10.00,0.00,0.00,"53,200.00","478,800.00",,1,"INDOWIRA, PT"
JUAL,261.001.292,03/02/2026 0:00,2602020063,T,,J.313,ART DECO,JL.SEKEKUKUMBUNG 103 TKI II,J,FRANSISKUS,1,GUDANG BAIK,2200074,Petalac 2K PU Colour Special White Matt Base 0.8Lt,6.00,"133,000.00",KL,10.00,0.00,0.00,"79,800.00","718,200.00",,1,"INDOWIRA, PT"
JUAL,261.001.293,03/02/2026 0:00,2602020082,T,,K.417,ALDI,JL.MOH.TOHA 63,L,RUDI *,1,GUDANG BAIK,2100006,Alfa Polyester Putty  1 KG,6.00,"39,000.00",KL,5.00,0.00,0.00,"11,700.00","222,300.00",,1,"INDOWIRA, PT"
JUAL,261.001.293,03/02/2026 0:00,2602020082,T,,K.417,ALDI,JL.MOH.TOHA 63,L,RUDI *,1,GUDANG BAIK,2102064,Meiji Zinc Chromate Primer Grey 1 KG,6.00,"51,000.00",KL,7.50,0.00,0.00,"22,950.00","283,050.00",,1,"INDOWIRA, PT"
JUAL,261.001.294,03/02/2026 0:00,2602020065,T,,U.264,BINTANG ABADI,JL.RAYA LEMBANG NO.241,U,GANIS,1,GUDANG BAIK,2102076,Meiji Zinc Chromate Primer  5 KG,8.00,"225,000.00",GLN,7.50,0.00,0.00,"135,000.00","1,665,000.00",,1,"INDOWIRA, PT"
JUAL,261.001.294,03/02/2026 0:00,2602020065,T,,U.264,BINTANG ABADI,JL.RAYA LEMBANG NO.241,U,GANIS,1,GUDANG BAIK,2102061,Meiji Zinc Chromate Primer  1 KG,12.00,"51,000.00",KL,7.50,0.00,0.00,"45,900.00","566,100.00",,1,"INDOWIRA, PT"
JUAL,261.001.294,03/02/2026 0:00,2602020065,T,,U.264,BINTANG ABADI,JL.RAYA LEMBANG NO.241,U,GANIS,1,GUDANG BAIK,2104073,Tawon Kembang Meni Kayu & Besi 0.8 KG,12.00,"40,000.00",KL,7.50,0.00,0.00,"36,000.00","444,000.00",,1,"INDOWIRA, PT"
JUAL,261.001.295,03/02/2026 0:00,2602020064,T,,N.888,SUMBER WARNA,PUNGKUR,14,DEPO BANDUNG,1,GUDANG BAIK,2103145,Petalac Thinner PU  1 LTR,18.00,"51,000.00",KL,0.00,0.00,0.00,0.00,"918,000.00",,1,"INDOWIRA, PT"
JUAL,261.001.295,03/02/2026 0:00,2602020064,T,,N.888,SUMBER WARNA,PUNGKUR,14,DEPO BANDUNG,1,GUDANG BAIK,2102840,Petalac 2K PU Hardener Special  200 CC,6.00,"55,000.00",KL,7.50,2.50,0.00,"32,381.28","297,618.72",,1,"INDOWIRA, PT"
JUAL,261.001.295,03/02/2026 0:00,2602020064,T,,N.888,SUMBER WARNA,PUNGKUR,14,DEPO BANDUNG,1,GUDANG BAIK,2200050,"Petalac 2K PU Clear Matt MV3 Base 0,8Lt",6.00,"121,000.00",KL,7.50,2.50,0.00,"71,238.72","654,761.28",,1,"INDOWIRA, PT"
JUAL,261.001.296,03/02/2026 0:00,2601300759,T,,G.227,MUTIARA WARNA,JL.SOMAWINATA 14 TANI MULYA,G,JULIANTO,1,GUDANG BAIK,2103655,Petalux Wall Paint 612 Cream 5KG,1.00,"158,000.00",GLN,7.50,0.00,0.00,"11,850.00","146,150.00",,1,"INDOWIRA, PT"
JUAL,261.001.296,03/02/2026 0:00,2601300759,T,,G.227,MUTIARA WARNA,JL.SOMAWINATA 14 TANI MULYA,G,JULIANTO,1,GUDANG BAIK,2103713,Petalux Wall Paint 681 Pink Wh 5KG,1.00,"158,000.00",GLN,7.50,0.00,0.00,"11,850.00","146,150.00",,1,"INDOWIRA, PT"
JUAL,261.001.297,03/02/2026 0:00,2601290754,T,,N.841,UJANG DANI,KP.WALINI RT.09/RW.13 SEBELUM SD BABAKAN SUKAMULYA RANCAEKEK,13,BU RINI,1,GUDANG BAIK,2101657,Kingkong Wall Paint Super White 200 KG,3.00,"2,300,000.00",DRUM,5.00,0.00,0.00,"345,000.00","6,555,000.00",,1,"INDOWIRA, PT"
JUAL,261.001.298,03/02/2026 0:00,2601280709,T,,G.504,GUMBIRA II,JL.RY BARAT CILILIN NO.40 DKT TERMINAL C,C,YONATHAN,1,GUDANG BAIK,2200203,Kingkong Wall Paint Special 507 Poppy O 18KG,1.00,"288,000.00",PAIL,7.50,0.00,0.00,"21,600.00","266,400.00",,1,"INDOWIRA, PT"
JUAL,261.001.300,03/02/2026 0:00,2602020084,T,,N.876,PT.MAHA TANDRA,JL.RAYA DAYEUH KOLOT NO.341 RT.001 RW.006,R,SIMON QIRENE,1,GUDANG BAIK,2103625,Petalux Wall Paint Putih Wangi 25 KG,2.00,"765,000.00",PL,0.00,0.00,0.00,0.00,"1,530,000.00",,1,"INDOWIRA, PT"
JUAL,261.001.301,03/02/2026 0:00,2602020083,T,,G.525,ANEKA JAYA KERAMIK,JL.RAYA GADOBANGKONG NO.48 DEPAN DARTO TAILOR,G,JULIANTO,1,GUDANG BAIK,2300315,Shintex Base A 25KG,2.00,"485,000.00",PAIL,12.50,0.00,0.00,"121,250.00","848,750.00",,1,"INDOWIRA, PT"
JUAL,261.001.301,03/02/2026 0:00,2602020083,T,,G.525,ANEKA JAYA KERAMIK,JL.RAYA GADOBANGKONG NO.48 DEPAN DARTO TAILOR,G,JULIANTO,1,GUDANG BAIK,2103797,Shintex Cat Genteng 315 Side Gr 1KG,1.00,"57,000.00",KL,7.50,0.00,0.00,"4,275.00","52,725.00",,1,"INDOWIRA, PT"
JUAL,261.001.302,03/02/2026 0:00,2602020080,T,,N.803,PT.CENTRAL SANDANG PRIMA,"JL.RAYA RANCAEKEK KM 25,5",R,SIMON QIRENE,1,GUDANG BAIK,2200162,Kingkong Wall paint Super White 18KG,1.00,"288,000.00",PAIL,0.00,0.00,0.00,0.00,"288,000.00",,1,"INDOWIRA, PT"
JUAL,261.001.304,03/02/2026 0:00,2602020060,T,,R.558,AZIZ,BUMI SARIWANGI 2 C4,R,SIMON QIRENE,1,GUDANG BAIK,2103805,Shintex Cat Genteng 310 Willow 20 KG,1.00,"865,000.00",PL,0.00,0.00,0.00,0.00,"865,000.00",,1,"INDOWIRA, PT"
JUAL,261.001.305,03/02/2026 0:00,2602020059,T,,C.408,LANGGENG CEMERLANG,JL.GADOBANGKONG NO.2 CIMAHI,R,SIMON QIRENE,1,GUDANG BAIK,2101917,Meiji Epoxy Filler White 1 LTR SET,11.00,"76,000.00",KL,7.50,0.00,0.00,"62,700.00","773,300.00",,1,"INDOWIRA, PT"
JUAL,261.001.305,03/02/2026 0:00,2602020059,T,,C.408,LANGGENG CEMERLANG,JL.GADOBANGKONG NO.2 CIMAHI,R,SIMON QIRENE,1,GUDANG BAIK,2100049,Adler Polyester Putty 3002  1 KG SET,6.00,"62,000.00",KL,7.50,0.00,0.00,"27,900.00","344,100.00",,1,"INDOWIRA, PT"
JUAL,261.001.307,03/02/2026 0:00,2602020058,T,,W.537,CUNCUN WIJAYA,JL.RAYA DAYEUH KOLOT NO.471,R,SIMON QIRENE,1,GUDANG BAIK,2103593,Petalux Wall Paint CM 602 Matahari 25 KG,1.00,"515,000.00",PL,0.00,0.00,0.00,0.00,"515,000.00",U/P.TEDI,1,"INDOWIRA, PT"
JUAL,261.001.308,03/02/2026 0:00,2602020078,T,,R.487,TK.ARVIAN,JL.CIBIRU CEBEK SOREANG,U,GANIS,1,GUDANG BAIK,2104863,Shintex Wall Filler 4 KG,4.00,"52,000.00",GL,7.50,0.00,0.00,"15,600.00","192,400.00",,1,"INDOWIRA, PT"
JUAL,261.001.309,03/02/2026 0:00,2602020077,T,,A.735,TK.ISLAH JAYA (ENDEN),JL.CIBOLERANG TERUSAN HOLIS BLOK AZI NO.,Y,KEN - Y,1,GUDANG BAIK,2104185,Wiratex Wall Paint 850 5KG,4.00,"83,000.00",GL,7.50,0.00,0.00,"24,900.00","307,100.00",,1,"INDOWIRA, PT"
JUAL,261.001.309,03/02/2026 0:00,2602020077,T,,A.735,TK.ISLAH JAYA (ENDEN),JL.CIBOLERANG TERUSAN HOLIS BLOK AZI NO.,Y,KEN - Y,1,GUDANG BAIK,2104184,Wiratex Wall Paint 849 5KG,4.00,"83,000.00",GL,7.50,0.00,0.00,"24,900.00","307,100.00",,1,"INDOWIRA, PT"
JUAL,261.001.309,03/02/2026 0:00,2602020077,T,,A.735,TK.ISLAH JAYA (ENDEN),JL.CIBOLERANG TERUSAN HOLIS BLOK AZI NO.,Y,KEN - Y,1,GUDANG BAIK,2104160,Wiratex Wall Paint 809 Jonquil 5KG,4.00,"83,000.00",GL,7.50,0.00,0.00,"24,900.00","307,100.00",,1,"INDOWIRA, PT"
JUAL,261.001.310,03/02/2026 0:00,2602020076,T,,L.125,TSJ AUTO,TRS.BUAH BATU NO.32,L,RUDI *,1,GUDANG BAIK,2105139,DALTONE CLEAR COAT HS8021 1.5LTS,1.00,"197,500.00",KL,10.00,0.00,0.00,"19,750.00","177,750.00",,1,"INDOWIRA, PT"
JUAL,261.001.311,03/02/2026 0:00,2602020072,T,,N.888,SUMBER WARNA,PUNGKUR,14,DEPO BANDUNG,1,GUDANG BAIK,2101915,Meiji Epoxy Filler  1 LTR SET,33.00,"76,000.00",KL,7.50,2.50,0.00,"246,097.50","2,261,902.50",,1,"INDOWIRA, PT"
JUAL,261.001.311,03/02/2026 0:00,2602020072,T,,N.888,SUMBER WARNA,PUNGKUR,14,DEPO BANDUNG,1,GUDANG BAIK,2101917,Meiji Epoxy Filler White 1 LTR SET,55.00,"76,000.00",KL,7.50,2.50,0.00,"410,162.50","3,769,837.50",,1,"INDOWIRA, PT"
JUAL,261.001.312,03/02/2026 0:00,2602020071,T,,K.323,TK.SINAR SURYA,JL.TERUSAN PASIR KOJA NO.108 A SEBELAH MATERIAL NANJUNG,R,SIMON QIRENE,1,GUDANG BAIK,2104075,Tawon Kembang Meni Kayu & Besi  4.5 KG,4.00,"195,000.00",GLN,7.50,0.00,0.00,"58,500.00","721,500.00",,1,"INDOWIRA, PT"
JUAL,261.001.312,03/02/2026 0:00,2602020071,T,,K.323,TK.SINAR SURYA,JL.TERUSAN PASIR KOJA NO.108 A SEBELAH MATERIAL NANJUNG,R,SIMON QIRENE,1,GUDANG BAIK,2104073,Tawon Kembang Meni Kayu & Besi 0.8 KG,12.00,"40,000.00",KL,7.50,0.00,0.00,"36,000.00","444,000.00",,1,"INDOWIRA, PT"
JUAL,261.001.313,03/02/2026 0:00,2602020070,T,,C.449,TB.HEHE,JL.PAGARSIH 149,C,YONATHAN,1,GUDANG BAIK,2101608,Kingkong Wall Putty Instant Powder  5 KG,24.00,"32,000.00",BKS,5.00,0.00,0.00,"38,400.00","729,600.00",,1,"INDOWIRA, PT"
JUAL,261.001.315,03/02/2026 0:00,2602020068,T,,D.315,USAHA MEKAR,SARIMANAH II / 29,Y,KEN - Y,1,GUDANG BAIK,2104180,Wiratex Wall Paint 845 River S 5KG,4.00,"83,000.00",GL,7.50,0.00,0.00,"24,900.00","307,100.00",,1,"INDOWIRA, PT"
JUAL,261.001.316,03/02/2026 0:00,2602020067,T,,C.504,CIATEUL JAYA,CIATEUL 104,D,WILLY,1,GUDANG BAIK,2101608,Kingkong Wall Putty Instant Powder  5 KG,6.00,"32,000.00",BKS,5.00,0.00,0.00,"9,600.00","182,400.00",,1,"INDOWIRA, PT"
JUAL,262.000.081,03/02/2026 0:00,2602020044,T,,J.234,KRIYA NUSANTARA GROUP,JL.CIBIRU HILIR NO.36 CIBIRU WETAN CILEUNYI,J,FRANSISKUS,1,GUDANG BAIK,2104955,Bonus Sarung,2.00,0.00,PCS,0.00,0.00,0.00,0.00,0.00,,1,"INDOWIRA, PT"
JUAL,262.000.082,03/02/2026 0:00,2602020051,T,,D.507,INTI LOGAM,PASAR ATAS 38,U,GANIS,1,GUDANG BAIK,2101917,Meiji Epoxy Filler White 1 LTR SET,1.00,0.00,KL,0.00,0.00,0.00,0.00,0.00,U/BONUS,1,"INDOWIRA, PT"
JUAL,262.000.083,03/02/2026 0:00,2602020066,T,,N.1098A,ANDRE,JL.GERLONG TONGGOH IV NO.1 GEGER KALONG,13,BU RINI,3,GUDANG OPLOSAN,2530019,Petalac 2K PU Base Black Matt 1 gr,3.20,0.00,gr,0.00,0.00,0.00,0.00,0.00,U/SAMPLE,1,"INDOWIRA, PT"
JUAL,262.000.083,03/02/2026 0:00,2602020066,T,,N.1098A,ANDRE,JL.GERLONG TONGGOH IV NO.1 GEGER KALONG,13,BU RINI,3,GUDANG OPLOSAN,2530005,Petalac 2K PU Colour P.005 Ocher 1 gr,3.00,0.00,gr,0.00,0.00,0.00,0.00,0.00,U/SAMPLE,1,"INDOWIRA, PT"
JUAL,262.000.083,03/02/2026 0:00,2602020066,T,,N.1098A,ANDRE,JL.GERLONG TONGGOH IV NO.1 GEGER KALONG,13,BU RINI,3,GUDANG OPLOSAN,2530001,Petalac 2K PU Colour special white matt base 1 gr,85.20,0.00,gr,0.00,0.00,0.00,0.00,0.00,U/SAMPLE,1,"INDOWIRA, PT"
JUAL,262.000.084,03/02/2026 0:00,2602020065,T,,U.264,BINTANG ABADI,JL.RAYA LEMBANG NO.241,U,GANIS,1,GUDANG BAIK,2104955,Bonus Sarung,1.00,0.00,PCS,0.00,0.00,0.00,0.00,0.00,,1,"INDOWIRA, PT"
JUAL,262.000.085,03/02/2026 0:00,2602020059,T,,C.408,LANGGENG CEMERLANG,JL.GADOBANGKONG NO.2 CIMAHI,R,SIMON QIRENE,1,GUDANG BAIK,2101917,Meiji Epoxy Filler White 1 LTR SET,1.00,0.00,KL,0.00,0.00,0.00,0.00,0.00,U/BONUS,1,"INDOWIRA, PT"
JUAL,262.000.086,03/02/2026 0:00,2602020072,T,,N.888,SUMBER WARNA,PUNGKUR,14,DEPO BANDUNG,1,GUDANG BAIK,2101915,Meiji Epoxy Filler  1 LTR SET,3.00,0.00,KL,0.00,0.00,0.00,0.00,0.00,U/BONUS,1,"INDOWIRA, PT"
JUAL,262.000.086,03/02/2026 0:00,2602020072,T,,N.888,SUMBER WARNA,PUNGKUR,14,DEPO BANDUNG,1,GUDANG BAIK,2101917,Meiji Epoxy Filler White 1 LTR SET,5.00,0.00,KL,0.00,0.00,0.00,0.00,0.00,U/BONUS,1,"INDOWIRA, PT"
JUAL,262.000.087,03/02/2026 0:00,2602020072,T,,N.888,SUMBER WARNA,PUNGKUR,14,DEPO BANDUNG,1,GUDANG BAIK,2104955,Bonus Sarung,3.00,0.00,PCS,0.00,0.00,0.00,0.00,0.00,,1,"INDOWIRA, PT"
JUAL,261.001.318,04/02/2026 0:00,2602040086,T,,J.220,AUTO BLINK,JL.GATOT SUBROTO 37,J,FRANSISKUS,1,GUDANG BAIK,2100049,Adler Polyester Putty 3002  1 KG SET,12.00,"62,000.00",KL,10.00,0.00,0.00,"74,400.00","669,600.00",,1,"INDOWIRA, PT"
JUAL,261.001.319,04/02/2026 0:00,2602040087,T,,D.211,KARYA AGUNG,LEUWIGAJAH 55,G,JULIANTO,1,GUDANG BAIK,2102076,Meiji Zinc Chromate Primer  5 KG,4.00,"225,000.00",GLN,7.50,0.00,0.00,"67,500.00","832,500.00",,1,"INDOWIRA, PT"
JUAL,261.001.320,04/02/2026 0:00,2602040091,T,,K.417,ALDI,JL.MOH.TOHA 63,L,RUDI *,1,GUDANG BAIK,2102064,Meiji Zinc Chromate Primer Grey 1 KG,6.00,"51,000.00",KL,7.50,0.00,0.00,"22,950.00","283,050.00",,1,"INDOWIRA, PT"
JUAL,261.001.352,04/02/2026 0:00,2602020081,T,,W.473,SRI MULYA KENCANA,"JL,RAYA GADOBANGKONG 39 A",U,GANIS,1,GUDANG BAIK,2101377,Crystal Coat Candytone Vergoldet 1lts,1.00,"657,000.00",KL,7.50,0.00,0.00,"49,275.00","607,725.00",,1,"INDOWIRA, PT"
JUAL,261.001.353,04/02/2026 0:00,2602040088,T,,W.473,SRI MULYA KENCANA,"JL,RAYA GADOBANGKONG 39 A",U,GANIS,1,GUDANG BAIK,2101377,Crystal Coat Candytone Vergoldet 1lts,2.00,"657,000.00",KL,7.50,0.00,0.00,"98,550.00","1,215,450.00",,1,"INDOWIRA, PT"
JUAL,261.001.365,04/02/2026 0:00,2602040099,T,,H.733C,SUMBER USAHA,GUNUNG PUTRI,H,YANSENG,1,GUDANG BAIK,2104148,Wiratex Wall Paint Super White 25 KG,5.00,"390,000.00",PL,7.50,0.00,0.00,"146,250.00","1,803,750.00",,1,"INDOWIRA, PT"
JUAL,261.001.365,04/02/2026 0:00,2602040099,T,,H.733C,SUMBER USAHA,GUNUNG PUTRI,H,YANSENG,1,GUDANG BAIK,2102073,Meiji Zinc Chromate Primer Black 20 KG,5.00,"825,000.00",PL,7.50,0.00,0.00,"309,375.00","3,815,625.00",,1,"INDOWIRA, PT"
JUAL,261.001.366,04/02/2026 0:00,2602020005,T,,M.100,UMUM,,14,DEPO BANDUNG,1,GUDANG BAIK,2104093,Wiratex Ceiling & Gypsum Paint Putih Prima 5 KG,1.00,"79,000.00",GLN,10.00,0.00,0.00,"7,900.00","71,100.00",BP.YANSENG,1,"INDOWIRA, PT"
JUAL,261.001.367,04/02/2026 0:00,2601300776,T,,H.219,KENCANA SURKEN,"Jl. Suryakencana No.208, RT.03/RW.12",H1,MIMING,1,GUDANG BAIK,2100011,AlFa Polyester Putty  3KG,12.00,"103,000.00",GLN,5.00,0.00,0.00,"61,800.00","1,174,200.00",,1,"INDOWIRA, PT"
JUAL,261.001.368,04/02/2026 0:00,2602020034,T,,H.733C,SUMBER USAHA,GUNUNG PUTRI,H,YANSENG,1,GUDANG BAIK,2104157,Wiratex Wall Paint 806 Cream 5KG,5.00,"83,000.00",GL,7.50,0.00,0.00,"31,125.00","383,875.00",,1,"INDOWIRA, PT"
JUAL,261.001.368,04/02/2026 0:00,2602020034,T,,H.733C,SUMBER USAHA,GUNUNG PUTRI,H,YANSENG,1,GUDANG BAIK,2104153,Wiratex Wall Paint 801 Spanish 5KG,6.00,"83,000.00",GL,7.50,0.00,0.00,"37,350.00","460,650.00",,1,"INDOWIRA, PT"
JUAL,261.001.368,04/02/2026 0:00,2602020034,T,,H.733C,SUMBER USAHA,GUNUNG PUTRI,H,YANSENG,1,GUDANG BAIK,2104192,Wiratex Wall Paint Super White 5KG,4.00,"83,000.00",GL,7.50,0.00,0.00,"24,900.00","307,100.00",,1,"INDOWIRA, PT"
JUAL,261.001.368,04/02/2026 0:00,2602020034,T,,H.733C,SUMBER USAHA,GUNUNG PUTRI,H,YANSENG,1,GUDANG BAIK,2104148,Wiratex Wall Paint Super White 25 KG,8.00,"390,000.00",PL,7.50,0.00,0.00,"234,000.00","2,886,000.00",,1,"INDOWIRA, PT"
JUAL,261.001.369,04/02/2026 0:00,2601290742,T,,H.733C,SUMBER USAHA,GUNUNG PUTRI,H,YANSENG,1,GUDANG BAIK,2104157,Wiratex Wall Paint 806 Cream 5KG,8.00,"83,000.00",GL,7.50,0.00,0.00,"49,800.00","614,200.00",,1,"INDOWIRA, PT"
JUAL,261.001.369,04/02/2026 0:00,2601290742,T,,H.733C,SUMBER USAHA,GUNUNG PUTRI,H,YANSENG,1,GUDANG BAIK,2104160,Wiratex Wall Paint 809 Jonquil 5KG,8.00,"83,000.00",GL,7.50,0.00,0.00,"49,800.00","614,200.00",,1,"INDOWIRA, PT"
JUAL,261.001.369,04/02/2026 0:00,2601290742,T,,H.733C,SUMBER USAHA,GUNUNG PUTRI,H,YANSENG,1,GUDANG BAIK,2104148,Wiratex Wall Paint Super White 25 KG,5.00,"390,000.00",PL,7.50,0.00,0.00,"146,250.00","1,803,750.00",,1,"INDOWIRA, PT"
JUAL,261.001.370,04/02/2026 0:00,2601290734,T,,H.204A,CAHAYA BAJA,CIAPUS BOGOR,H1,MIMING,1,GUDANG BAIK,2102061,Meiji Zinc Chromate Primer  1 KG,120.00,"51,000.00",KL,7.50,0.00,0.00,"459,000.00","5,661,000.00",,1,"INDOWIRA, PT"
JUAL,261.001.372,04/02/2026 0:00,2602020075,T,,H.733H,SUMBER USAHA MANUNGGAL,Cileungsi,H,YANSENG,1,GUDANG BAIK,2104187,Wiratex Wall Paint 852 5KG,4.00,"83,000.00",GL,7.50,0.00,0.00,"24,900.00","307,100.00",,1,"INDOWIRA, PT"
JUAL,261.001.372,04/02/2026 0:00,2602020075,T,,H.733H,SUMBER USAHA MANUNGGAL,Cileungsi,H,YANSENG,1,GUDANG BAIK,2104188,Wiratex Wall Paint 853 5KG,4.00,"83,000.00",GL,7.50,0.00,0.00,"24,900.00","307,100.00",,1,"INDOWIRA, PT"
JUAL,261.001.372,04/02/2026 0:00,2602020075,T,,H.733H,SUMBER USAHA MANUNGGAL,Cileungsi,H,YANSENG,1,GUDANG BAIK,2104157,Wiratex Wall Paint 806 Cream 5KG,4.00,"83,000.00",GL,7.50,0.00,0.00,"24,900.00","307,100.00",,1,"INDOWIRA, PT"
JUAL,261.001.372,04/02/2026 0:00,2602020075,T,,H.733H,SUMBER USAHA MANUNGGAL,Cileungsi,H,YANSENG,1,GUDANG BAIK,2104182,Wiratex Wall Paint 847 Spring 5KG,4.00,"83,000.00",GL,7.50,0.00,0.00,"24,900.00","307,100.00",,1,"INDOWIRA, PT"
JUAL,261.001.372,04/02/2026 0:00,2602020075,T,,H.733H,SUMBER USAHA MANUNGGAL,Cileungsi,H,YANSENG,1,GUDANG BAIK,2104158,Wiratex Wall Paint 807 Ice Ber 5KG,4.00,"83,000.00",GL,7.50,0.00,0.00,"24,900.00","307,100.00",,1,"INDOWIRA, PT"
JUAL,261.001.372,04/02/2026 0:00,2602020075,T,,H.733H,SUMBER USAHA MANUNGGAL,Cileungsi,H,YANSENG,1,GUDANG BAIK,2104160,Wiratex Wall Paint 809 Jonquil 5KG,4.00,"83,000.00",GL,7.50,0.00,0.00,"24,900.00","307,100.00",,1,"INDOWIRA, PT"
JUAL,261.001.372,04/02/2026 0:00,2602020075,T,,H.733H,SUMBER USAHA MANUNGGAL,Cileungsi,H,YANSENG,1,GUDANG BAIK,2104175,Wiratex Wall Paint 834 Warm Gr 5KG,4.00,"83,000.00",GL,7.50,0.00,0.00,"24,900.00","307,100.00",,1,"INDOWIRA, PT"
JUAL,261.001.372,04/02/2026 0:00,2602020075,T,,H.733H,SUMBER USAHA MANUNGGAL,Cileungsi,H,YANSENG,1,GUDANG BAIK,2104148,Wiratex Wall Paint Super White 25 KG,5.00,"390,000.00",PL,7.50,0.00,0.00,"146,250.00","1,803,750.00",,1,"INDOWIRA, PT"
JUAL,261.001.375,04/02/2026 0:00,2601290735,T,,H.186A,TILU WARNA II,JL.BOJONG GEDE RAYA CILEBUT BOGOR,H1,MIMING,1,GUDANG BAIK,2200310,Kingkong Wall Paint Black 18KG,1.00,"288,000.00",PAIL,7.50,0.00,0.00,"21,600.00","266,400.00",,1,"INDOWIRA, PT"
JUAL,261.001.375,04/02/2026 0:00,2601290735,T,,H.186A,TILU WARNA II,JL.BOJONG GEDE RAYA CILEBUT BOGOR,H1,MIMING,1,GUDANG BAIK,2300023,Kingkong Wall Paint 126 Bali Gr18KG,1.00,"288,000.00",PAIL,7.50,0.00,0.00,"21,600.00","266,400.00",,1,"INDOWIRA, PT"
JUAL,261.001.375,04/02/2026 0:00,2601290735,T,,H.186A,TILU WARNA II,JL.BOJONG GEDE RAYA CILEBUT BOGOR,H1,MIMING,1,GUDANG BAIK,2200339,Kingkong Wall Paint 119 Canary 18KG,1.00,"288,000.00",PAIL,7.50,0.00,0.00,"21,600.00","266,400.00",,1,"INDOWIRA, PT"
JUAL,261.001.375,04/02/2026 0:00,2601290735,T,,H.186A,TILU WARNA II,JL.BOJONG GEDE RAYA CILEBUT BOGOR,H1,MIMING,1,GUDANG BAIK,2200287,Kingkong Wall Paint 131 Spring 18 Kg,1.00,"288,000.00",PAIL,7.50,0.00,0.00,"21,600.00","266,400.00",,1,"INDOWIRA, PT"
JUAL,261.001.375,04/02/2026 0:00,2601290735,T,,H.186A,TILU WARNA II,JL.BOJONG GEDE RAYA CILEBUT BOGOR,H1,MIMING,1,GUDANG BAIK,2200342,Kingkong Wall Paint 124 Blue La 18KG,1.00,"288,000.00",PAIL,7.50,0.00,0.00,"21,600.00","266,400.00",,1,"INDOWIRA, PT"
JUAL,261.001.375,04/02/2026 0:00,2601290735,T,,H.186A,TILU WARNA II,JL.BOJONG GEDE RAYA CILEBUT BOGOR,H1,MIMING,1,GUDANG BAIK,2200183,Kingkong Wall Paint 105 Chiffon 18KG,1.00,"288,000.00",PAIL,7.50,0.00,0.00,"21,600.00","266,400.00",,1,"INDOWIRA, PT"
JUAL,261.001.375,04/02/2026 0:00,2601290735,T,,H.186A,TILU WARNA II,JL.BOJONG GEDE RAYA CILEBUT BOGOR,H1,MIMING,1,GUDANG BAIK,2200340,Kingkong Wall Paint 128 Minimal 18KG,1.00,"288,000.00",PAIL,7.50,0.00,0.00,"21,600.00","266,400.00",,1,"INDOWIRA, PT"
JUAL,261.001.375,04/02/2026 0:00,2601290735,T,,H.186A,TILU WARNA II,JL.BOJONG GEDE RAYA CILEBUT BOGOR,H1,MIMING,1,GUDANG BAIK,2200156,Kingkong Wall Paint 109 Apple W 18KG,1.00,"288,000.00",PAIL,7.50,0.00,0.00,"21,600.00","266,400.00",,1,"INDOWIRA, PT"
JUAL,261.001.375,04/02/2026 0:00,2601290735,T,,H.186A,TILU WARNA II,JL.BOJONG GEDE RAYA CILEBUT BOGOR,H1,MIMING,1,GUDANG BAIK,2300111,Kingkong Wall Paint 129 River S 18KG,1.00,"288,000.00",PAIL,7.50,0.00,0.00,"21,600.00","266,400.00",,1,"INDOWIRA, PT"
JUAL,261.001.375,04/02/2026 0:00,2601290735,T,,H.186A,TILU WARNA II,JL.BOJONG GEDE RAYA CILEBUT BOGOR,H1,MIMING,1,GUDANG BAIK,2200162,Kingkong Wall paint Super White 18KG,8.00,"288,000.00",PAIL,7.50,0.00,0.00,"172,800.00","2,131,200.00",,1,"INDOWIRA, PT"
JUAL,261.001.376,04/02/2026 0:00,2601290735,T,,H.186A,TILU WARNA II,JL.BOJONG GEDE RAYA CILEBUT BOGOR,H1,MIMING,1,GUDANG BAIK,2101915,Meiji Epoxy Filler  1 LTR SET,11.00,"76,000.00",KL,5.00,0.00,0.00,"41,800.00","794,200.00",,1,"INDOWIRA, PT"
JUAL,261.001.376,04/02/2026 0:00,2601290735,T,,H.186A,TILU WARNA II,JL.BOJONG GEDE RAYA CILEBUT BOGOR,H1,MIMING,1,GUDANG BAIK,2101916,Meiji Epoxy Filler Black 1 LTR SET,6.00,"76,000.00",KL,5.00,0.00,0.00,"22,800.00","433,200.00",,1,"INDOWIRA, PT"
JUAL,261.001.376,04/02/2026 0:00,2601290735,T,,H.186A,TILU WARNA II,JL.BOJONG GEDE RAYA CILEBUT BOGOR,H1,MIMING,1,GUDANG BAIK,2101917,Meiji Epoxy Filler White 1 LTR SET,11.00,"76,000.00",KL,5.00,0.00,0.00,"41,800.00","794,200.00",,1,"INDOWIRA, PT"
JUAL,261.001.377,04/02/2026 0:00,2602020014,T,,H.221,KURNIA UTAMA,"Jl. Raya Dramaga No.KM.7 No.6, RT.03/RW.03, Margajaya",H1,MIMING,4,GUDANG BOGOR,2102066,Meiji Zinc Chromate Primer  20 KG,4.00,"825,000.00",PL,7.50,0.00,0.00,"247,500.00","3,052,500.00",,1,"INDOWIRA, PT"
JUAL,261.001.378,04/02/2026 0:00,2602020014,T,,H.221,KURNIA UTAMA,"Jl. Raya Dramaga No.KM.7 No.6, RT.03/RW.03, Margajaya",H1,MIMING,1,GUDANG BAIK,2102076,Meiji Zinc Chromate Primer  5 KG,4.00,"225,000.00",GLN,7.50,0.00,0.00,"67,500.00","832,500.00",,1,"INDOWIRA, PT"
JUAL,261.001.378,04/02/2026 0:00,2602020014,T,,H.221,KURNIA UTAMA,"Jl. Raya Dramaga No.KM.7 No.6, RT.03/RW.03, Margajaya",H1,MIMING,1,GUDANG BAIK,2102066,Meiji Zinc Chromate Primer  20 KG,1.00,"825,000.00",PL,7.50,0.00,0.00,"61,875.00","763,125.00",,1,"INDOWIRA, PT"
JUAL,261.001.379,04/02/2026 0:00,2602040103,T,,H.338,TB.SINAR BINTANG,JL.OTTO ISKANDAR NO.43 KEBONJATI KEC.CIKOLE SUKABUMI,H,YANSENG,1,GUDANG BAIK,2102066,Meiji Zinc Chromate Primer  20 KG,6.00,"825,000.00",PL,7.50,0.00,0.00,"371,250.00","4,578,750.00",,1,"INDOWIRA, PT"
JUAL,261.001.380,04/02/2026 0:00,2602040104,T,,H.160,SERBA GUNA,JL.PELABUHAN 2 SUKABUMI,H,YANSENG,1,GUDANG BAIK,2300050,Kingkong Wall Paint 104 Cream 4.5KG,8.00,"76,000.00",GLN,7.50,0.00,0.00,"45,600.00","562,400.00",,1,"INDOWIRA, PT"
JUAL,261.001.380,04/02/2026 0:00,2602040104,T,,H.160,SERBA GUNA,JL.PELABUHAN 2 SUKABUMI,H,YANSENG,1,GUDANG BAIK,2200250,Kingkong Wall Paint 124 Blue La 4.5KG,8.00,"76,000.00",GLN,7.50,0.00,0.00,"45,600.00","562,400.00",,1,"INDOWIRA, PT"
JUAL,261.001.381,04/02/2026 0:00,2602040105,T,,H.223,MULUS,JL. Raya Drmaga,H1,MIMING,1,GUDANG BAIK,2100558,Attaboy Natural Stone Protector Gloss  1 LITER,6.00,"98,000.00",KL,7.50,0.00,0.00,"44,100.00","543,900.00",,1,"INDOWIRA, PT"
JUAL,261.001.381,04/02/2026 0:00,2602040105,T,,H.223,MULUS,JL. Raya Drmaga,H1,MIMING,1,GUDANG BAIK,2104147,Wiratex Wall Paint Putih Salju 25 KG,3.00,"390,000.00",PL,7.50,0.00,0.00,"87,750.00","1,082,250.00",,1,"INDOWIRA, PT"
JUAL,261.001.382,04/02/2026 0:00,2602040094,T,,K.412,"YUNIKO,PD",KEBON JATI 224,14,DEPO BANDUNG,1,GUDANG BAIK,2100052,Adler Polyester Putty 3002  25 KG SET,5.00,"1,300,000.00",PL,10.00,0.00,0.00,"650,000.00","5,850,000.00",,1,"INDOWIRA, PT"
JUAL,261.001.383,04/02/2026 0:00,2602040097,T,,K.331,ATEP,JL.MANGLID NO.10,L,RUDI *,1,GUDANG BAIK,2104494,Daltone Clear CoaT MS 4100 1LTS,6.00,"112,000.00",KL,10.00,0.00,0.00,"67,200.00","604,800.00",,1,"INDOWIRA, PT"
JUAL,261.001.384,04/02/2026 0:00,2602040098,T,,G.215,ELIT GRUP KHARISMA,"JL.RAYA KAMPUNG SUKARAME RT.004 RW.002 LANGENSARI, LEMBANG , KAB.BANDU",G,JULIANTO,1,GUDANG BAIK,2102077,Meiji Zinc Chromate Primer Black 5 KG,8.00,"225,000.00",GLN,7.50,0.00,0.00,"135,000.00","1,665,000.00",,1,"INDOWIRA, PT"
JUAL,261.001.384,04/02/2026 0:00,2602040098,T,,G.215,ELIT GRUP KHARISMA,"JL.RAYA KAMPUNG SUKARAME RT.004 RW.002 LANGENSARI, LEMBANG , KAB.BANDU",G,JULIANTO,1,GUDANG BAIK,2102075,Meiji Zinc Chromate Primer Light Grey 5 KG,8.00,"225,000.00",GLN,7.50,0.00,0.00,"135,000.00","1,665,000.00",,1,"INDOWIRA, PT"
JUAL,261.001.384,04/02/2026 0:00,2602040098,T,,G.215,ELIT GRUP KHARISMA,"JL.RAYA KAMPUNG SUKARAME RT.004 RW.002 LANGENSARI, LEMBANG , KAB.BANDU",G,JULIANTO,1,GUDANG BAIK,2104537,Meiji Zinc Chromate Dark Grey 1 Kg,24.00,"51,000.00",KL,7.50,0.00,0.00,"91,800.00","1,132,200.00",,1,"INDOWIRA, PT"
JUAL,261.001.384,04/02/2026 0:00,2602040098,T,,G.215,ELIT GRUP KHARISMA,"JL.RAYA KAMPUNG SUKARAME RT.004 RW.002 LANGENSARI, LEMBANG , KAB.BANDU",G,JULIANTO,1,GUDANG BAIK,2102064,Meiji Zinc Chromate Primer Grey 1 KG,24.00,"51,000.00",KL,7.50,0.00,0.00,"91,800.00","1,132,200.00",,1,"INDOWIRA, PT"
JUAL,261.001.384,04/02/2026 0:00,2602040098,T,,G.215,ELIT GRUP KHARISMA,"JL.RAYA KAMPUNG SUKARAME RT.004 RW.002 LANGENSARI, LEMBANG , KAB.BANDU",G,JULIANTO,1,GUDANG BAIK,2102062,Meiji Zinc Chromate Primer Black 1 KG,24.00,"51,000.00",KL,7.50,0.00,0.00,"91,800.00","1,132,200.00",,1,"INDOWIRA, PT"
JUAL,261.001.387,04/02/2026 0:00,2602040101,T,,G.504,GUMBIRA II,JL.RY BARAT CILILIN NO.40 DKT TERMINAL C,C,YONATHAN,1,GUDANG BAIK,2101641,Kingkong Wall Paint Black 1 KG,3.00,"27,000.00",KL,7.50,0.00,0.00,"6,075.00","74,925.00",,1,"INDOWIRA, PT"
JUAL,261.001.387,04/02/2026 0:00,2602040101,T,,G.504,GUMBIRA II,JL.RY BARAT CILILIN NO.40 DKT TERMINAL C,C,YONATHAN,1,GUDANG BAIK,2101643,Kingkong Wall Paint Super White 1 KG,12.00,"27,000.00",KL,7.50,0.00,0.00,"24,300.00","299,700.00",,1,"INDOWIRA, PT"
JUAL,261.001.389,04/02/2026 0:00,2602020022,T,,J.202,GLOBAL KRIYA NUSANTARA/AL IKHS,JL.GOLF TAMAN CINTA/INSPEKSI NO.2,J,FRANSISKUS,1,GUDANG BAIK,2500255,Petalac 2K PU Insulator B 1LTS,5.00,"125,000.00",KL,10.00,0.00,0.00,"62,500.00","562,500.00",,1,"INDOWIRA, PT"
JUAL,261.001.390,04/02/2026 0:00,2602040107,T,,M.100,UMUM,,14,DEPO BANDUNG,1,GUDANG BAIK,2102178,Mascot Wall Paint Super White 5 KG,3.00,"65,000.00",GLN,10.00,0.00,0.00,"19,500.00","175,500.00",PA AGUNG,1,"INDOWIRA, PT"
JUAL,261.001.391,04/02/2026 0:00,2602040108,T,,J.222,KOTA HARUM,JL.KOSAMBI 76,J,FRANSISKUS,1,GUDANG BAIK,2102749,Petalac PU Clear Sealer  1 LTR SET,6.00,"121,000.00",KL,10.00,0.00,0.00,"72,600.00","653,400.00",,1,"INDOWIRA, PT"
JUAL,261.001.391,04/02/2026 0:00,2602040108,T,,J.222,KOTA HARUM,JL.KOSAMBI 76,J,FRANSISKUS,1,GUDANG BAIK,2102840,Petalac 2K PU Hardener Special  200 CC,6.00,"55,000.00",KL,10.00,0.00,0.00,"33,000.00","297,000.00",,1,"INDOWIRA, PT"
JUAL,261.001.391,04/02/2026 0:00,2602040108,T,,J.222,KOTA HARUM,JL.KOSAMBI 76,J,FRANSISKUS,1,GUDANG BAIK,2200050,"Petalac 2K PU Clear Matt MV3 Base 0,8Lt",6.00,"121,000.00",KL,10.00,0.00,0.00,"72,600.00","653,400.00",,1,"INDOWIRA, PT"
JUAL,261.001.392,04/02/2026 0:00,2602040109,T,,R.485,TB.WAHANA BANGUNAN,CIBADUYUT RAYA NO.165 SEBELAH GG H.RUSDI,D,WILLY,1,GUDANG BAIK,2102074,Meiji Zinc Chromate Light Grey 20 KG,7.00,"825,000.00",PL,7.50,0.00,0.00,"433,125.00","5,341,875.00",,1,"INDOWIRA, PT"
JUAL,261.001.394,04/02/2026 0:00,2601300780,T,,J.321,PT.ELIZABET HANJAYA,JL.IBU INGGIT GANARSIH NO.12 ASTANA ANYAR,J,FRANSISKUS,1,GUDANG BAIK,2103145,Petalac Thinner PU  1 LTR,5.00,"51,000.00",KL,0.00,0.00,0.00,0.00,"255,000.00",,1,"INDOWIRA, PT"
JUAL,261.001.394,04/02/2026 0:00,2601300780,T,,J.321,PT.ELIZABET HANJAYA,JL.IBU INGGIT GANARSIH NO.12 ASTANA ANYAR,J,FRANSISKUS,1,GUDANG BAIK,2102842,Petalac 2K PU Hardener Metalic  200 CC,5.00,"55,000.00",KL,10.00,0.00,0.00,"27,500.00","247,500.00",,1,"INDOWIRA, PT"
JUAL,261.001.394,04/02/2026 0:00,2601300780,T,,J.321,PT.ELIZABET HANJAYA,JL.IBU INGGIT GANARSIH NO.12 ASTANA ANYAR,J,FRANSISKUS,1,GUDANG BAIK,2200077,Petalac 2K PU Metalix MX206 Base 0.8Lt,5.00,"231,000.00",KL,10.00,0.00,0.00,"115,500.00","1,039,500.00",,1,"INDOWIRA, PT"
JUAL,261.001.395,04/02/2026 0:00,2602020064,T,,N.888,SUMBER WARNA,PUNGKUR,14,DEPO BANDUNG,1,GUDANG BAIK,2102840,Petalac 2K PU Hardener Special  200 CC,6.00,"55,000.00",KL,7.50,2.50,0.00,"32,381.28","297,618.72",,1,"INDOWIRA, PT"
JUAL,261.001.395,04/02/2026 0:00,2602020064,T,,N.888,SUMBER WARNA,PUNGKUR,14,DEPO BANDUNG,1,GUDANG BAIK,2200050,"Petalac 2K PU Clear Matt MV3 Base 0,8Lt",6.00,"121,000.00",KL,7.50,2.50,0.00,"71,238.72","654,761.28",,1,"INDOWIRA, PT"
JUAL,261.001.396,04/02/2026 0:00,2602040113,T,,R.368,LOTUS SEVEN,KAMP.BOJONG UJUNG NO.77 KEL.GAJAH MEKAR,R,SIMON QIRENE,1,GUDANG BAIK,2100018,Alfa Zinc Chromate Primer GREEN 20 KG,2.00,"720,000.00",PL,0.00,0.00,0.00,0.00,"1,440,000.00",,1,"INDOWIRA, PT"
JUAL,262.000.088,04/02/2026 0:00,2602040099,T,,H.733C,SUMBER USAHA,GUNUNG PUTRI,H,YANSENG,1,GUDANG BAIK,2104955,Bonus Sarung,2.00,0.00,PCS,0.00,0.00,0.00,0.00,0.00,,1,"INDOWIRA, PT"
JUAL,262.000.089,04/02/2026 0:00,2602020034,T,,H.733C,SUMBER USAHA,GUNUNG PUTRI,H,YANSENG,1,GUDANG BAIK,2104955,Bonus Sarung,2.00,0.00,PCS,0.00,0.00,0.00,0.00,0.00,,1,"INDOWIRA, PT"
JUAL,262.000.090,04/02/2026 0:00,2601290734,T,,H.204A,CAHAYA BAJA,CIAPUS BOGOR,H1,MIMING,1,GUDANG BAIK,2104955,Bonus Sarung,2.00,0.00,PCS,0.00,0.00,0.00,0.00,0.00,,1,"INDOWIRA, PT"
JUAL,262.000.091,04/02/2026 0:00,2602020075,T,,H.733H,SUMBER USAHA MANUNGGAL,Cileungsi,H,YANSENG,1,GUDANG BAIK,2104955,Bonus Sarung,1.00,0.00,PCS,0.00,0.00,0.00,0.00,0.00,,1,"INDOWIRA, PT"
JUAL,262.000.092,04/02/2026 0:00,2601290735,T,,H.186A,TILU WARNA II,JL.BOJONG GEDE RAYA CILEBUT BOGOR,H1,MIMING,1,GUDANG BAIK,2101915,Meiji Epoxy Filler  1 LTR SET,1.00,0.00,KL,0.00,0.00,0.00,0.00,0.00,,1,"INDOWIRA, PT"
JUAL,262.000.092,04/02/2026 0:00,2601290735,T,,H.186A,TILU WARNA II,JL.BOJONG GEDE RAYA CILEBUT BOGOR,H1,MIMING,1,GUDANG BAIK,2101917,Meiji Epoxy Filler White 1 LTR SET,1.00,0.00,KL,0.00,0.00,0.00,0.00,0.00,,1,"INDOWIRA, PT"
JUAL,262.000.093,04/02/2026 0:00,2601290735,T,,H.186A,TILU WARNA II,JL.BOJONG GEDE RAYA CILEBUT BOGOR,H1,MIMING,1,GUDANG BAIK,2104955,Bonus Sarung,3.00,0.00,PCS,0.00,0.00,0.00,0.00,0.00,,1,"INDOWIRA, PT"
JUAL,262.000.094,04/02/2026 0:00,2602020014,T,,H.221,KURNIA UTAMA,"Jl. Raya Dramaga No.KM.7 No.6, RT.03/RW.03, Margajaya",H1,MIMING,1,GUDANG BAIK,2104955,Bonus Sarung,2.00,0.00,PCS,0.00,0.00,0.00,0.00,0.00,,1,"INDOWIRA, PT"
JUAL,262.000.095,04/02/2026 0:00,2602040103,T,,H.338,TB.SINAR BINTANG,JL.OTTO ISKANDAR NO.43 KEBONJATI KEC.CIKOLE SUKABUMI,H,YANSENG,1,GUDANG BAIK,2104955,Bonus Sarung,2.00,0.00,PCS,0.00,0.00,0.00,0.00,0.00,,1,"INDOWIRA, PT"
JUAL,262.000.096,04/02/2026 0:00,2602040094,T,,K.412,"YUNIKO,PD",KEBON JATI 224,14,DEPO BANDUNG,1,GUDANG BAIK,2104955,Bonus Sarung,2.00,0.00,PCS,0.00,0.00,0.00,0.00,0.00,,1,"INDOWIRA, PT"
JUAL,262.000.097,04/02/2026 0:00,2602040098,T,,G.215,ELIT GRUP KHARISMA,"JL.RAYA KAMPUNG SUKARAME RT.004 RW.002 LANGENSARI, LEMBANG , KAB.BANDU",G,JULIANTO,1,GUDANG BAIK,2104955,Bonus Sarung,3.00,0.00,PCS,0.00,0.00,0.00,0.00,0.00,,1,"INDOWIRA, PT"
JUAL,262.000.098,04/02/2026 0:00,2602040109,T,,R.485,TB.WAHANA BANGUNAN,CIBADUYUT RAYA NO.165 SEBELAH GG H.RUSDI,D,WILLY,1,GUDANG BAIK,2104955,Bonus Sarung,2.00,0.00,PCS,0.00,0.00,0.00,0.00,0.00,,1,"INDOWIRA, PT"
JUAL,262.000.099,04/02/2026 0:00,2602020064,T,,N.888,SUMBER WARNA,PUNGKUR,14,DEPO BANDUNG,1,GUDANG BAIK,2104955,Bonus Sarung,1.00,0.00,PCS,0.00,0.00,0.00,0.00,0.00,,1,"INDOWIRA, PT"
JUAL,261.001.412,05/02/2026 0:00,2602050116,T,,J.413,NYOMAN NUARTA,JL.SETRA SARIV/16,J,FRANSISKUS,1,GUDANG BAIK,2103145,Petalac Thinner PU  1 LTR,2.00,"51,000.00",KL,0.00,0.00,0.00,0.00,"102,000.00",,1,"INDOWIRA, PT"
JUAL,261.001.412,05/02/2026 0:00,2602050116,T,,J.413,NYOMAN NUARTA,JL.SETRA SARIV/16,J,FRANSISKUS,1,GUDANG BAIK,2102840,Petalac 2K PU Hardener Special  200 CC,2.00,"55,000.00",KL,0.00,0.00,0.00,0.00,"110,000.00",,1,"INDOWIRA, PT"
JUAL,261.001.412,05/02/2026 0:00,2602050116,T,,J.413,NYOMAN NUARTA,JL.SETRA SARIV/16,J,FRANSISKUS,1,GUDANG BAIK,2200303,Petalac Ext 4:1 Special White Matt Base 0.8LT,2.00,"144,000.00",KL,0.00,0.00,0.00,0.00,"288,000.00",,1,"INDOWIRA, PT"
JUAL,261.001.413,05/02/2026 0:00,2602040112,T,,J.234,KRIYA NUSANTARA GROUP,JL.CIBIRU HILIR NO.36 CIBIRU WETAN CILEUNYI,J,FRANSISKUS,1,GUDANG BAIK,2102840,Petalac 2K PU Hardener Special  200 CC,20.00,"55,000.00",KL,10.00,0.00,0.00,"110,000.00","990,000.00",,1,"INDOWIRA, PT"
JUAL,261.001.413,05/02/2026 0:00,2602040112,T,,J.234,KRIYA NUSANTARA GROUP,JL.CIBIRU HILIR NO.36 CIBIRU WETAN CILEUNYI,J,FRANSISKUS,1,GUDANG BAIK,2200050,"Petalac 2K PU Clear Matt MV3 Base 0,8Lt",20.00,"121,000.00",KL,10.00,0.00,0.00,"242,000.00","2,178,000.00",,1,"INDOWIRA, PT"
JUAL,261.001.414,05/02/2026 0:00,2602050118,T,,K.201,AGUS CENDANA,KIRCON 141,L,RUDI *,1,GUDANG BAIK,2103148,Petalac Thinner PU  20 LTR,1.00,"834,000.00",JRG,0.00,0.00,0.00,0.00,"834,000.00",,1,"INDOWIRA, PT"
JUAL,261.001.415,05/02/2026 0:00,2602050119,T,,Y.241,TB.HURIP JAYA,CIKUTRA NO.129 A,Y,KEN - Y,1,GUDANG BAIK,2102178,Mascot Wall Paint Super White 5 KG,8.00,"65,000.00",GLN,7.50,0.00,0.00,"39,000.00","481,000.00",,1,"INDOWIRA, PT"
JUAL,261.001.416,05/02/2026 0:00,2602050120,T,,G.227,MUTIARA WARNA,JL.SOMAWINATA 14 TANI MULYA,G,JULIANTO,1,GUDANG BAIK,2104148,Wiratex Wall Paint Super White 25 KG,2.00,"390,000.00",PL,7.50,0.00,0.00,"58,500.00","721,500.00",K/JL.SUSILO,1,"INDOWIRA, PT"
JUAL,261.001.416,05/02/2026 0:00,2602050120,T,,G.227,MUTIARA WARNA,JL.SOMAWINATA 14 TANI MULYA,G,JULIANTO,1,GUDANG BAIK,2103625,Petalux Wall Paint Putih Wangi 25 KG,1.00,"765,000.00",PL,7.50,0.00,0.00,"57,375.00","707,625.00",K/JL.SUSILO,1,"INDOWIRA, PT"
JUAL,261.001.418,05/02/2026 0:00,2602050122,T,,U.196,TB.SUMBER REJEKI,JL.KOLONEL MASTURI NO.161 LEMBANG,U,GANIS,1,GUDANG BAIK,2104191,Wiratex Wall Paint Putih Salju 5KG,12.00,"83,000.00",GL,7.50,0.00,0.00,"74,700.00","921,300.00",,1,"INDOWIRA, PT"
JUAL,261.001.418,05/02/2026 0:00,2602050122,T,,U.196,TB.SUMBER REJEKI,JL.KOLONEL MASTURI NO.161 LEMBANG,U,GANIS,1,GUDANG BAIK,2104109,Wiratex Wall Paint 801 Spanish 25 KG,5.00,"390,000.00",PL,7.50,0.00,0.00,"146,250.00","1,803,750.00",,1,"INDOWIRA, PT"
JUAL,261.001.418,05/02/2026 0:00,2602050122,T,,U.196,TB.SUMBER REJEKI,JL.KOLONEL MASTURI NO.161 LEMBANG,U,GANIS,1,GUDANG BAIK,2104147,Wiratex Wall Paint Putih Salju 25 KG,15.00,"390,000.00",PL,7.50,0.00,0.00,"438,750.00","5,411,250.00",,1,"INDOWIRA, PT"
JUAL,261.001.419,05/02/2026 0:00,2602050117,T,,G.227,MUTIARA WARNA,JL.SOMAWINATA 14 TANI MULYA,G,JULIANTO,1,GUDANG BAIK,2102140,Mascot Wall Paint 206 Irish W 25 KG,7.00,"270,000.00",PL,7.50,0.00,0.00,"141,750.00","1,748,250.00",K/GADOBANGKONG U/P.BU YESSY,1,"INDOWIRA, PT"
JUAL,261.001.419,05/02/2026 0:00,2602050117,T,,G.227,MUTIARA WARNA,JL.SOMAWINATA 14 TANI MULYA,G,JULIANTO,1,GUDANG BAIK,2102155,Mascot Wall Paint Super White 25 KG,5.00,"270,000.00",PL,7.50,0.00,0.00,"101,250.00","1,248,750.00",K/GADOBANGKONG U/P.BU YESSY,1,"INDOWIRA, PT"
JUAL,261.001.420,05/02/2026 0:00,2602040112,T,,J.234,KRIYA NUSANTARA GROUP,JL.CIBIRU HILIR NO.36 CIBIRU WETAN CILEUNYI,J,FRANSISKUS,1,GUDANG BAIK,2500255,Petalac 2K PU Insulator B 1LTS,5.00,"125,000.00",KL,10.00,0.00,0.00,"62,500.00","562,500.00",,1,"INDOWIRA, PT"
JUAL,261.001.421,05/02/2026 0:00,2602050124,T,,J.413,NYOMAN NUARTA,JL.SETRA SARIV/16,J,FRANSISKUS,1,GUDANG BAIK,2100068,Adler Primer Surfacer EP 1050  2 LITER SET,5.00,"205,000.00",KL,0.00,0.00,0.00,0.00,"1,025,000.00",,1,"INDOWIRA, PT"
JUAL,261.001.422,05/02/2026 0:00,2602050125,T,,D.106,KURNIAWAN JAYA,TERUSAN CIBADUYUT 61 C,C,YONATHAN,1,GUDANG BAIK,2103786,Shintex Cat Bak White 1 KG,4.00,"60,000.00",KL,7.50,0.00,0.00,"18,000.00","222,000.00",,1,"INDOWIRA, PT"
JUAL,261.001.422,05/02/2026 0:00,2602050125,T,,D.106,KURNIAWAN JAYA,TERUSAN CIBADUYUT 61 C,C,YONATHAN,1,GUDANG BAIK,2103782,Shintex Cat Bak 001 Aquarin 1 KG,2.00,"60,000.00",KL,7.50,0.00,0.00,"9,000.00","111,000.00",,1,"INDOWIRA, PT"
JUAL,261.001.422,05/02/2026 0:00,2602050125,T,,D.106,KURNIAWAN JAYA,TERUSAN CIBADUYUT 61 C,C,YONATHAN,1,GUDANG BAIK,2103783,Shintex Cat Bak 009 Sky Blu 1 KG,4.00,"60,000.00",KL,7.50,0.00,0.00,"18,000.00","222,000.00",,1,"INDOWIRA, PT"
JUAL,261.001.433,05/02/2026 0:00,2601270687,T,,K.521,TOPIC,JATAYU,L,RUDI *,1,GUDANG BAIK,2102840,Petalac 2K PU Hardener Special  200 CC,2.00,"55,000.00",KL,10.00,0.00,0.00,"11,000.00","99,000.00",via sj.4148,1,"INDOWIRA, PT"
JUAL,261.001.433,05/02/2026 0:00,2601270687,T,,K.521,TOPIC,JATAYU,L,RUDI *,1,GUDANG BAIK,2500343,Petalac 2K PU CO Base Topic White Matt 0.8LT,2.00,"140,000.00",KL,10.00,0.00,0.00,"28,000.00","252,000.00",via sj.4148,1,"INDOWIRA, PT"
JUAL,261.001.434,05/02/2026 0:00,2602050131,T,,M.100,UMUM,,14,DEPO BANDUNG,1,GUDANG BAIK,2104863,Shintex Wall Filler 4 KG,1.00,"52,000.00",GL,10.00,0.00,0.00,"5,200.00","46,800.00",GINGIN VIA SJ.4166,1,"INDOWIRA, PT"
JUAL,261.001.434,05/02/2026 0:00,2602050131,T,,M.100,UMUM,,14,DEPO BANDUNG,1,GUDANG BAIK,2104192,Wiratex Wall Paint Super White 5KG,1.00,"83,000.00",GL,10.00,0.00,0.00,"8,300.00","74,700.00",GINGIN VIA SJ.4166,1,"INDOWIRA, PT"
JUAL,261.001.434,05/02/2026 0:00,2602050131,T,,M.100,UMUM,,14,DEPO BANDUNG,1,GUDANG BAIK,2300063,Kingkong Wall Paint 110 Irish W 4.5KG,1.00,"76,000.00",GLN,10.00,0.00,0.00,"7,600.00","68,400.00",GINGIN VIA SJ.4166,1,"INDOWIRA, PT"
JUAL,261.001.434,05/02/2026 0:00,2602050131,T,,M.100,UMUM,,14,DEPO BANDUNG,1,GUDANG BAIK,2103863,Shintex Wall Filler  1 KG,1.00,"23,000.00",KL,10.00,0.00,0.00,"2,300.00","20,700.00",GINGIN VIA SJ.4166,1,"INDOWIRA, PT"
JUAL,261.001.434,05/02/2026 0:00,2602050131,T,,M.100,UMUM,,14,DEPO BANDUNG,1,GUDANG BAIK,2101643,Kingkong Wall Paint Super White 1 KG,1.00,"27,000.00",KL,10.00,0.00,0.00,"2,700.00","24,300.00",GINGIN VIA SJ.4166,1,"INDOWIRA, PT"
JUAL,261.001.435,05/02/2026 0:00,2602050132,T,,M.100,UMUM,,14,DEPO BANDUNG,1,GUDANG BAIK,2101607,Kingkong Wall Putty Instant Powder  25 KG,2.00,"133,000.00",ZAK,10.00,0.00,0.00,"26,600.00","239,400.00",BU LILIS VIA SJ.4152,1,"INDOWIRA, PT"
JUAL,261.001.436,05/02/2026 0:00,2601300757,T,,N.1024,CV.KERTA ABADI MAKMUR,JL.BATA MERAH NO.27 BOJONG CIJERAH,J,FRANSISKUS,1,GUDANG BAIK,2102837,Petalac 2K PU Hardener Normal  200CC,1.00,"55,000.00",KL,0.00,0.00,0.00,0.00,"55,000.00",VIA SJ.4163,1,"INDOWIRA, PT"
JUAL,261.001.436,05/02/2026 0:00,2601300757,T,,N.1024,CV.KERTA ABADI MAKMUR,JL.BATA MERAH NO.27 BOJONG CIJERAH,J,FRANSISKUS,1,GUDANG BAIK,2600027,Petalac 2K PU CO Base Champagne KA Matt 0.8LT,1.00,"140,000.00",KL,0.00,0.00,0.00,0.00,"140,000.00",VIA SJ.4163,1,"INDOWIRA, PT"
JUAL,261.001.437,05/02/2026 0:00,2601280707,T,,H.208,TUNAS JAYA,Tanjakan Nagrak Sukabumi,H1,MIMING,1,GUDANG BAIK,2102076,Meiji Zinc Chromate Primer  5 KG,20.00,"225,000.00",GLN,7.50,0.00,0.00,"337,500.00","4,162,500.00",,1,"INDOWIRA, PT"
JUAL,261.001.437,05/02/2026 0:00,2601280707,T,,H.208,TUNAS JAYA,Tanjakan Nagrak Sukabumi,H1,MIMING,1,GUDANG BAIK,2102079,Meiji Zinc Chromate Primer Grey 5 KG,20.00,"225,000.00",GLN,7.50,0.00,0.00,"337,500.00","4,162,500.00",,1,"INDOWIRA, PT"
JUAL,261.001.437,05/02/2026 0:00,2601280707,T,,H.208,TUNAS JAYA,Tanjakan Nagrak Sukabumi,H1,MIMING,1,GUDANG BAIK,2102061,Meiji Zinc Chromate Primer  1 KG,72.00,"51,000.00",KL,7.50,0.00,0.00,"275,400.00","3,396,600.00",,1,"INDOWIRA, PT"
JUAL,261.001.437,05/02/2026 0:00,2601280707,T,,H.208,TUNAS JAYA,Tanjakan Nagrak Sukabumi,H1,MIMING,1,GUDANG BAIK,2102064,Meiji Zinc Chromate Primer Grey 1 KG,48.00,"51,000.00",KL,7.50,0.00,0.00,"183,600.00","2,264,400.00",,1,"INDOWIRA, PT"
JUAL,261.001.438,05/02/2026 0:00,2601290753,T,,H.354,PELITA MAS,JL. Pelabuhan 2 No 92 Sukabumi,H,YANSENG,1,GUDANG BAIK,2200139,Kingkong Wall Paint Super White 4.5Kg,8.00,"76,000.00",GLN,7.50,0.00,0.00,"45,600.00","562,400.00",VIA SJ.4167,1,"INDOWIRA, PT"
JUAL,261.001.438,05/02/2026 0:00,2601290753,T,,H.354,PELITA MAS,JL. Pelabuhan 2 No 92 Sukabumi,H,YANSENG,1,GUDANG BAIK,2101643,Kingkong Wall Paint Super White 1 KG,12.00,"27,000.00",KL,7.50,0.00,0.00,"24,300.00","299,700.00",VIA SJ.4167,1,"INDOWIRA, PT"
JUAL,261.001.439,05/02/2026 0:00,2601290731,T,,H.355,PT. SINAR ASIA BARU,JL. Raya Ahmad Yani Sukabumi,H,YANSENG,1,GUDANG BAIK,2400109,Meiji Zinc Chromate Primer Blue 20KG,2.00,"825,000.00",PAIL,7.50,0.00,0.00,"123,750.00","1,526,250.00",VIA SJ.4169,1,"INDOWIRA, PT"
JUAL,261.001.439,05/02/2026 0:00,2601290731,T,,H.355,PT. SINAR ASIA BARU,JL. Raya Ahmad Yani Sukabumi,H,YANSENG,1,GUDANG BAIK,2102076,Meiji Zinc Chromate Primer  5 KG,20.00,"225,000.00",GLN,7.50,0.00,0.00,"337,500.00","4,162,500.00",VIA SJ.4169,1,"INDOWIRA, PT"
JUAL,261.001.439,05/02/2026 0:00,2601290731,T,,H.355,PT. SINAR ASIA BARU,JL. Raya Ahmad Yani Sukabumi,H,YANSENG,1,GUDANG BAIK,2102066,Meiji Zinc Chromate Primer  20 KG,5.00,"825,000.00",PL,7.50,0.00,0.00,"309,375.00","3,815,625.00",VIA SJ.4169,1,"INDOWIRA, PT"
JUAL,261.001.439,05/02/2026 0:00,2601290731,T,,H.355,PT. SINAR ASIA BARU,JL. Raya Ahmad Yani Sukabumi,H,YANSENG,1,GUDANG BAIK,2102073,Meiji Zinc Chromate Primer Black 20 KG,2.00,"825,000.00",PL,7.50,0.00,0.00,"123,750.00","1,526,250.00",VIA SJ.4169,1,"INDOWIRA, PT"
JUAL,261.001.439,05/02/2026 0:00,2601290731,T,,H.355,PT. SINAR ASIA BARU,JL. Raya Ahmad Yani Sukabumi,H,YANSENG,1,GUDANG BAIK,2102072,Meiji Zinc Chromate Primer Oxide Red 20 KG,1.00,"825,000.00",PL,7.50,0.00,0.00,"61,875.00","763,125.00",VIA SJ.4169,1,"INDOWIRA, PT"
JUAL,261.001.440,05/02/2026 0:00,2601220561,T,,H.343,BAROS JAYA,JL.RH DIDI SUKARDI 156 SUKABUMI,H,YANSENG,1,GUDANG BAIK,2400109,Meiji Zinc Chromate Primer Blue 20KG,3.00,"825,000.00",PAIL,7.50,0.00,0.00,"185,625.00","2,289,375.00",VIA SJ.4168,1,"INDOWIRA, PT"
JUAL,261.001.441,05/02/2026 0:00,2601260618,T,,GB.87,TB.INTI WARNA II,JL.PEJUANG 45 NO.72 SUBANG,G,JULIANTO,1,GUDANG BAIK,2105295,ALFA ZINC CHROMATE PRIMER BLACK 20KG,7.00,"720,000.00",PAIL,7.50,5.00,0.00,"611,100.00","4,428,900.00",,1,"INDOWIRA, PT"
JUAL,261.001.443,05/02/2026 0:00,2602050142,T,,GF.102,BERKAH MANDIRI,JL.RAYA SILIWANGI HAUR GEULIS INDRAMAYU,G,JULIANTO,1,GUDANG BAIK,2200156,Kingkong Wall Paint 109 Apple W 18KG,1.00,"288,000.00",PAIL,7.50,0.00,0.00,"21,600.00","266,400.00",,1,"INDOWIRA, PT"
JUAL,261.001.443,05/02/2026 0:00,2602050142,T,,GF.102,BERKAH MANDIRI,JL.RAYA SILIWANGI HAUR GEULIS INDRAMAYU,G,JULIANTO,1,GUDANG BAIK,2200162,Kingkong Wall paint Super White 18KG,3.00,"288,000.00",PAIL,7.50,0.00,0.00,"64,800.00","799,200.00",,1,"INDOWIRA, PT"
JUAL,261.001.443,05/02/2026 0:00,2602050142,T,,GF.102,BERKAH MANDIRI,JL.RAYA SILIWANGI HAUR GEULIS INDRAMAYU,G,JULIANTO,1,GUDANG BAIK,2101915,Meiji Epoxy Filler  1 LTR SET,1.00,"76,000.00",KL,5.00,0.00,0.00,"3,800.00","72,200.00",,1,"INDOWIRA, PT"
JUAL,261.001.443,05/02/2026 0:00,2602050142,T,,GF.102,BERKAH MANDIRI,JL.RAYA SILIWANGI HAUR GEULIS INDRAMAYU,G,JULIANTO,1,GUDANG BAIK,2104494,Daltone Clear CoaT MS 4100 1LTS,1.00,"112,000.00",KL,5.00,0.00,0.00,"5,600.00","106,400.00",,1,"INDOWIRA, PT"
JUAL,261.001.444,05/02/2026 0:00,2602040106,T,,G.107,ALAM MAKMUR II,CIPEUNDEUY KOTA,G,JULIANTO,1,GUDANG BAIK,2200139,Kingkong Wall Paint Super White 4.5Kg,40.00,"76,000.00",GLN,7.50,0.00,0.00,"228,000.00","2,812,000.00",,1,"INDOWIRA, PT"
JUAL,261.001.444,05/02/2026 0:00,2602040106,T,,G.107,ALAM MAKMUR II,CIPEUNDEUY KOTA,G,JULIANTO,1,GUDANG BAIK,2103863,Shintex Wall Filler  1 KG,10.00,"23,000.00",KL,7.50,0.00,0.00,"17,250.00","212,750.00",,1,"INDOWIRA, PT"
JUAL,261.001.445,05/02/2026 0:00,2602050138,T,,GF.109,TB.SUBUR,JL.HUSEN KERTADIBRATA NO.93 PAMANUKAN SUBANG,G,JULIANTO,1,GUDANG BAIK,2200139,Kingkong Wall Paint Super White 4.5Kg,12.00,"76,000.00",GLN,7.50,0.00,0.00,"68,400.00","843,600.00",,1,"INDOWIRA, PT"
JUAL,261.001.445,05/02/2026 0:00,2602050138,T,,GF.109,TB.SUBUR,JL.HUSEN KERTADIBRATA NO.93 PAMANUKAN SUBANG,G,JULIANTO,1,GUDANG BAIK,2300050,Kingkong Wall Paint 104 Cream 4.5KG,4.00,"76,000.00",GLN,7.50,0.00,0.00,"22,800.00","281,200.00",,1,"INDOWIRA, PT"
JUAL,261.001.445,05/02/2026 0:00,2602050138,T,,GF.109,TB.SUBUR,JL.HUSEN KERTADIBRATA NO.93 PAMANUKAN SUBANG,G,JULIANTO,1,GUDANG BAIK,2300087,Kingkong Wall Paint 123 Summer 4.5KG,4.00,"76,000.00",GLN,7.50,0.00,0.00,"22,800.00","281,200.00",,1,"INDOWIRA, PT"
JUAL,261.001.445,05/02/2026 0:00,2602050138,T,,GF.109,TB.SUBUR,JL.HUSEN KERTADIBRATA NO.93 PAMANUKAN SUBANG,G,JULIANTO,1,GUDANG BAIK,2200331,Kingkong Wall Paint 116 Orchid 4.5KG,4.00,"76,000.00",GLN,7.50,0.00,0.00,"22,800.00","281,200.00",,1,"INDOWIRA, PT"
JUAL,261.001.445,05/02/2026 0:00,2602050138,T,,GF.109,TB.SUBUR,JL.HUSEN KERTADIBRATA NO.93 PAMANUKAN SUBANG,G,JULIANTO,1,GUDANG BAIK,2200297,Kingkong Wall Paint 109 Aple W 4.5KG,4.00,"76,000.00",GLN,7.50,0.00,0.00,"22,800.00","281,200.00",,1,"INDOWIRA, PT"
JUAL,261.001.445,05/02/2026 0:00,2602050138,T,,GF.109,TB.SUBUR,JL.HUSEN KERTADIBRATA NO.93 PAMANUKAN SUBANG,G,JULIANTO,1,GUDANG BAIK,2200250,Kingkong Wall Paint 124 Blue La 4.5KG,4.00,"76,000.00",GLN,7.50,0.00,0.00,"22,800.00","281,200.00",,1,"INDOWIRA, PT"
JUAL,261.001.446,05/02/2026 0:00,2602020057,T,,GF.101,LANGGENG QUICK,JL.RAYA KESAMBI DEPAN MASJID KESAMBI DESA KADUNG WUNGU KEC.ANJATAN IND,G,JULIANTO,1,GUDANG BAIK,2100011,AlFa Polyester Putty  3KG,12.00,"103,000.00",GLN,5.00,0.00,0.00,"61,800.00","1,174,200.00",,1,"INDOWIRA, PT"
JUAL,261.001.446,05/02/2026 0:00,2602020057,T,,GF.101,LANGGENG QUICK,JL.RAYA KESAMBI DEPAN MASJID KESAMBI DESA KADUNG WUNGU KEC.ANJATAN IND,G,JULIANTO,1,GUDANG BAIK,2100006,Alfa Polyester Putty  1 KG,12.00,"39,000.00",KL,5.00,0.00,0.00,"23,400.00","444,600.00",,1,"INDOWIRA, PT"
JUAL,261.001.446,05/02/2026 0:00,2602020057,T,,GF.101,LANGGENG QUICK,JL.RAYA KESAMBI DEPAN MASJID KESAMBI DESA KADUNG WUNGU KEC.ANJATAN IND,G,JULIANTO,1,GUDANG BAIK,2101915,Meiji Epoxy Filler  1 LTR SET,44.00,"76,000.00",KL,7.50,0.00,0.00,"250,800.00","3,093,200.00",,1,"INDOWIRA, PT"
JUAL,261.001.447,05/02/2026 0:00,2602050147,T,,G.334,TC.TRIAS WARNA GEMILANG,JL.PEJUANG 45 NO.5 SUBANG,G,JULIANTO,1,GUDANG BAIK,2101913,Meiji Epoxy Filler  0.25 LTR SET,22.00,"26,500.00",KL,5.00,0.00,0.00,"29,150.00","553,850.00",,1,"INDOWIRA, PT"
JUAL,262.000.100,05/02/2026 0:00,2602040112,T,,J.234,KRIYA NUSANTARA GROUP,JL.CIBIRU HILIR NO.36 CIBIRU WETAN CILEUNYI,J,FRANSISKUS,1,GUDANG BAIK,2104955,Bonus Sarung,2.00,0.00,PCS,0.00,0.00,0.00,0.00,0.00,,1,"INDOWIRA, PT"
JUAL,262.000.102,05/02/2026 0:00,2602050122,T,,U.196,TB.SUMBER REJEKI,JL.KOLONEL MASTURI NO.161 LEMBANG,U,GANIS,1,GUDANG BAIK,2104955,Bonus Sarung,4.00,0.00,PCS,0.00,0.00,0.00,0.00,0.00,,1,"INDOWIRA, PT"
JUAL,262.000.103,05/02/2026 0:00,2602050123,T,,N.888,SUMBER WARNA,PUNGKUR,14,DEPO BANDUNG,1,GUDANG BAIK,2101924,Meiji Gum Sealer  1 LTR SET,1.00,"164,000.00",KL,0.00,0.00,0.00,0.00,"164,000.00",U/TUKAR LANGSUNG,1,"INDOWIRA, PT"
JUAL,262.000.105,05/02/2026 0:00,2602050127,T,,M.104,DEPO KUNINGAN,,M,UMUM,1,GUDANG BAIK,2104494,Daltone Clear CoaT MS 4100 1LTS,4.00,"112,000.00",KL,10.00,10.00,0.00,"85,120.00","362,880.00",PO26020003 IING,1,"INDOWIRA, PT"
JUAL,262.000.106,05/02/2026 0:00,2602050128,T,,M.104,DEPO KUNINGAN,,M,UMUM,1,GUDANG BAIK,2104188,Wiratex Wall Paint 853 5KG,2.00,"83,000.00",GL,10.00,10.00,2.00,"34,229.20","131,770.80",PO26020018 KIOS 60,1,"INDOWIRA, PT"
JUAL,262.000.106,05/02/2026 0:00,2602050128,T,,M.104,DEPO KUNINGAN,,M,UMUM,1,GUDANG BAIK,2104157,Wiratex Wall Paint 806 Cream 5KG,2.00,"83,000.00",GL,10.00,10.00,2.00,"34,229.20","131,770.80",PO26020018 KIOS 60,1,"INDOWIRA, PT"
JUAL,262.000.106,05/02/2026 0:00,2602050128,T,,M.104,DEPO KUNINGAN,,M,UMUM,1,GUDANG BAIK,2200331,Kingkong Wall Paint 116 Orchid 4.5KG,2.00,"76,000.00",GLN,10.00,10.00,2.00,"31,342.40","120,657.60",PO26020018 KIOS 60,1,"INDOWIRA, PT"
JUAL,262.000.106,05/02/2026 0:00,2602050128,T,,M.104,DEPO KUNINGAN,,M,UMUM,1,GUDANG BAIK,2103783,Shintex Cat Bak 009 Sky Blu 1 KG,4.00,"60,000.00",KL,10.00,10.00,2.00,"49,488.00","190,512.00",PO26020018 KIOS 60,1,"INDOWIRA, PT"
JUAL,262.000.106,05/02/2026 0:00,2602050128,T,,M.104,DEPO KUNINGAN,,M,UMUM,1,GUDANG BAIK,2101643,Kingkong Wall Paint Super White 1 KG,6.00,"27,000.00",KL,10.00,10.00,2.00,"33,404.40","128,595.60",PO26020018 KIOS 60,1,"INDOWIRA, PT"
JUAL,262.000.106,05/02/2026 0:00,2602050128,T,,M.104,DEPO KUNINGAN,,M,UMUM,1,GUDANG BAIK,2101556,Kingkong Cat Genteng 701 Deep Bl 1 KG,2.00,"61,000.00",KL,10.00,10.00,2.00,"25,156.40","96,843.60",PO26020018 KIOS 60,1,"INDOWIRA, PT"
JUAL,262.000.108,05/02/2026 0:00,2602050129,T,,M.104,DEPO KUNINGAN,,M,UMUM,1,GUDANG BAIK,2104494,Daltone Clear CoaT MS 4100 1LTS,7.00,"112,000.00",KL,10.00,10.00,0.00,"148,960.00","635,040.00",PO26010146 TANJUNG CEMERLANG,1,"INDOWIRA, PT"
JUAL,262.000.109,05/02/2026 0:00,2602050130,T,,M.104,DEPO KUNINGAN,,M,UMUM,1,GUDANG BAIK,2102178,Mascot Wall Paint Super White 5 KG,2.00,"65,000.00",GLN,10.00,10.00,2.00,"26,806.00","103,194.00",PO26020023 KAERAJINA CIBEUREUM,1,"INDOWIRA, PT"
JUAL,262.000.110,05/02/2026 0:00,2601280707,T,,H.208,TUNAS JAYA,Tanjakan Nagrak Sukabumi,H1,MIMING,1,GUDANG BAIK,2104955,Bonus Sarung,6.00,0.00,PCS,0.00,0.00,0.00,0.00,0.00,,1,"INDOWIRA, PT"
JUAL,262.000.111,05/02/2026 0:00,2601260618,T,,GB.87,TB.INTI WARNA II,JL.PEJUANG 45 NO.72 SUBANG,G,JULIANTO,1,GUDANG BAIK,2104955,Bonus Sarung,2.00,0.00,PCS,0.00,0.00,0.00,0.00,0.00,,1,"INDOWIRA, PT"
JUAL,262.000.112,05/02/2026 0:00,2602040106,T,,G.107,ALAM MAKMUR II,CIPEUNDEUY KOTA,G,JULIANTO,1,GUDANG BAIK,2104955,Bonus Sarung,1.00,0.00,PCS,0.00,0.00,0.00,0.00,0.00,,1,"INDOWIRA, PT"
JUAL,262.000.113,05/02/2026 0:00,2602050138,T,,GF.109,TB.SUBUR,JL.HUSEN KERTADIBRATA NO.93 PAMANUKAN SUBANG,G,JULIANTO,1,GUDANG BAIK,2104955,Bonus Sarung,1.00,0.00,PCS,0.00,0.00,0.00,0.00,0.00,,1,"INDOWIRA, PT"
JUAL,262.000.114,05/02/2026 0:00,2602020057,T,,GF.101,LANGGENG QUICK,JL.RAYA KESAMBI DEPAN MASJID KESAMBI DESA KADUNG WUNGU KEC.ANJATAN IND,G,JULIANTO,1,GUDANG BAIK,2104955,Bonus Sarung,1.00,0.00,PCS,0.00,0.00,0.00,0.00,0.00,,1,"INDOWIRA, PT"
JUAL,262.000.115,05/02/2026 0:00,2602020057,T,,GF.101,LANGGENG QUICK,JL.RAYA KESAMBI DEPAN MASJID KESAMBI DESA KADUNG WUNGU KEC.ANJATAN IND,G,JULIANTO,1,GUDANG BAIK,2101915,Meiji Epoxy Filler  1 LTR SET,4.00,0.00,KL,0.00,0.00,0.00,0.00,0.00,,1,"INDOWIRA, PT"
JUAL,262.000.116,05/02/2026 0:00,2601260661,T,,M.108,TISNA(OPLOSAN),,M,UMUM,1,GUDANG BAIK,2103145,Petalac Thinner PU  1 LTR,1.00,0.00,KL,0.00,0.00,0.00,0.00,0.00,,1,"INDOWIRA, PT"
JUAL,262.000.117,05/02/2026 0:00,2602050147,T,,G.334,TC.TRIAS WARNA GEMILANG,JL.PEJUANG 45 NO.5 SUBANG,G,JULIANTO,1,GUDANG BAIK,2101913,Meiji Epoxy Filler  0.25 LTR SET,2.00,0.00,KL,0.00,0.00,0.00,0.00,0.00,,1,"INDOWIRA, PT"
RETUR,RJ26020009,05/02/2026 0:00,,T,,GF.101,LANGGENG QUICK,JL.RAYA KESAMBI DEPAN MASJID KESAMBI DESA KADUNG WUNGU KEC.ANJATAN IND,G,JULIANTO,2,GUDANG RUSAK,2100012,Alfa Polyester Putty Hardener 60gr,-3.00,"23,500.00",tube,0.00,0.00,0.00,0.00,"-70,500.00",,1,"INDOWIRA, PT"
JUAL,261.001.452,06/02/2026 0:00,2602050150,T,,C.125,GLORIOUS,JL.TKI III BLOK E3 NO.10 PATUNG MACAN,J,FRANSISKUS,1,GUDANG BAIK,2102749,Petalac PU Clear Sealer  1 LTR SET,12.00,"121,000.00",KL,10.00,0.00,0.00,"145,200.00","1,306,800.00",,1,"INDOWIRA, PT"
JUAL,261.001.452,06/02/2026 0:00,2602050150,T,,C.125,GLORIOUS,JL.TKI III BLOK E3 NO.10 PATUNG MACAN,J,FRANSISKUS,1,GUDANG BAIK,2200046,Petalac 2K PU Clear Gloss Base 0.8LT,2.00,"108,000.00",KL,10.00,0.00,0.00,"21,600.00","194,400.00",,1,"INDOWIRA, PT"
JUAL,261.001.452,06/02/2026 0:00,2602050150,T,,C.125,GLORIOUS,JL.TKI III BLOK E3 NO.10 PATUNG MACAN,J,FRANSISKUS,1,GUDANG BAIK,2102840,Petalac 2K PU Hardener Special  200 CC,8.00,"55,000.00",KL,10.00,0.00,0.00,"44,000.00","396,000.00",,1,"INDOWIRA, PT"
JUAL,261.001.452,06/02/2026 0:00,2602050150,T,,C.125,GLORIOUS,JL.TKI III BLOK E3 NO.10 PATUNG MACAN,J,FRANSISKUS,1,GUDANG BAIK,2200050,"Petalac 2K PU Clear Matt MV3 Base 0,8Lt",6.00,"121,000.00",KL,10.00,0.00,0.00,"72,600.00","653,400.00",,1,"INDOWIRA, PT"
JUAL,261.001.453,06/02/2026 0:00,2602050143,T,,Y.291,BERKAH ABADI 2,PERTIGAAN PATROL - PARONGPONG,Y,KEN - Y,1,GUDANG BAIK,2104863,Shintex Wall Filler 4 KG,4.00,"52,000.00",GL,7.50,0.00,0.00,"15,600.00","192,400.00",,1,"INDOWIRA, PT"
JUAL,261.001.453,06/02/2026 0:00,2602050143,T,,Y.291,BERKAH ABADI 2,PERTIGAAN PATROL - PARONGPONG,Y,KEN - Y,1,GUDANG BAIK,2104185,Wiratex Wall Paint 850 5KG,4.00,"83,000.00",GL,7.50,0.00,0.00,"24,900.00","307,100.00",,1,"INDOWIRA, PT"
JUAL,261.001.453,06/02/2026 0:00,2602050143,T,,Y.291,BERKAH ABADI 2,PERTIGAAN PATROL - PARONGPONG,Y,KEN - Y,1,GUDANG BAIK,2104162,Wiratex Wall Paint 814 Adinda 5KG,2.00,"83,000.00",GL,7.50,0.00,0.00,"12,450.00","153,550.00",,1,"INDOWIRA, PT"
JUAL,261.001.453,06/02/2026 0:00,2602050143,T,,Y.291,BERKAH ABADI 2,PERTIGAAN PATROL - PARONGPONG,Y,KEN - Y,1,GUDANG BAIK,2104171,Wiratex Wall Paint 830 Blue Be 5KG,2.00,"83,000.00",GL,7.50,0.00,0.00,"12,450.00","153,550.00",,1,"INDOWIRA, PT"
JUAL,261.001.453,06/02/2026 0:00,2602050143,T,,Y.291,BERKAH ABADI 2,PERTIGAAN PATROL - PARONGPONG,Y,KEN - Y,1,GUDANG BAIK,2104160,Wiratex Wall Paint 809 Jonquil 5KG,2.00,"83,000.00",GL,7.50,0.00,0.00,"12,450.00","153,550.00",,1,"INDOWIRA, PT"
JUAL,261.001.453,06/02/2026 0:00,2602050143,T,,Y.291,BERKAH ABADI 2,PERTIGAAN PATROL - PARONGPONG,Y,KEN - Y,1,GUDANG BAIK,2104192,Wiratex Wall Paint Super White 5KG,2.00,"83,000.00",GL,7.50,0.00,0.00,"12,450.00","153,550.00",,1,"INDOWIRA, PT"
JUAL,261.001.454,06/02/2026 0:00,2602050144,T,,H.501,ANGOH,TUBAGUS ISMAIL 151 A,D,WILLY,1,GUDANG BAIK,2104191,Wiratex Wall Paint Putih Salju 5KG,4.00,"83,000.00",GL,7.50,0.00,0.00,"24,900.00","307,100.00",,1,"INDOWIRA, PT"
JUAL,261.001.455,06/02/2026 0:00,2602050145,T,,A.209,NETRAL,PASIRKALIKI 6,Y,KEN - Y,1,GUDANG BAIK,2104145,Wiratex Wall Paint Black 25 KG,1.00,"390,000.00",PL,7.50,0.00,0.00,"29,250.00","360,750.00",,1,"INDOWIRA, PT"
JUAL,261.001.468,06/02/2026 0:00,2602060152,T,,Y.255,TB.REGENCY,JL.SUPARMIN NO.11 LANUD HUSEN,Y,KEN - Y,1,GUDANG BAIK,2103898,Shintex Wall Paint 918 Ice Blu 1KG,4.00,"32,000.00",KL,7.50,0.00,0.00,"9,600.00","118,400.00",,1,"INDOWIRA, PT"
JUAL,261.001.469,06/02/2026 0:00,2602050140,T,,D.428,CAHAYA BARU,JL.PAGARSIH 269,D,WILLY,1,GUDANG BAIK,2102164,Mascot Wall Paint 209 Spanish 5 KG,4.00,"65,000.00",GLN,7.50,0.00,0.00,"19,500.00","240,500.00",,1,"INDOWIRA, PT"
JUAL,261.001.470,06/02/2026 0:00,2602050139,T,,J.313,ART DECO,JL.SEKEKUKUMBUNG 103 TKI II,J,FRANSISKUS,1,GUDANG BAIK,2101416,Crystal Coat Thinner  1 LITER,2.00,"51,000.00",KL,0.00,0.00,0.00,0.00,"102,000.00",,1,"INDOWIRA, PT"
JUAL,261.001.471,06/02/2026 0:00,2602050133,T,,B.414,SALUYU III,PESANTREN 53A,U,GANIS,1,GUDANG BAIK,2104191,Wiratex Wall Paint Putih Salju 5KG,12.00,"83,000.00",GL,7.50,0.00,0.00,"74,700.00","921,300.00",,1,"INDOWIRA, PT"
JUAL,261.001.471,06/02/2026 0:00,2602050133,T,,B.414,SALUYU III,PESANTREN 53A,U,GANIS,1,GUDANG BAIK,2103863,Shintex Wall Filler  1 KG,12.00,"23,000.00",KL,7.50,0.00,0.00,"20,700.00","255,300.00",,1,"INDOWIRA, PT"
JUAL,261.001.471,06/02/2026 0:00,2602050133,T,,B.414,SALUYU III,PESANTREN 53A,U,GANIS,1,GUDANG BAIK,2104147,Wiratex Wall Paint Putih Salju 25 KG,2.00,"390,000.00",PL,7.50,0.00,0.00,"58,500.00","721,500.00",,1,"INDOWIRA, PT"
JUAL,261.001.472,06/02/2026 0:00,2602050135,T,,C.603,BERKAH ABADI 1,CIHANJUANG 153/161,Y,KEN - Y,1,GUDANG BAIK,2104184,Wiratex Wall Paint 849 5KG,3.00,"83,000.00",GL,7.50,0.00,0.00,"18,675.00","230,325.00",,1,"INDOWIRA, PT"
JUAL,261.001.472,06/02/2026 0:00,2602050135,T,,C.603,BERKAH ABADI 1,CIHANJUANG 153/161,Y,KEN - Y,1,GUDANG BAIK,2104157,Wiratex Wall Paint 806 Cream 5KG,3.00,"83,000.00",GL,7.50,0.00,0.00,"18,675.00","230,325.00",,1,"INDOWIRA, PT"
JUAL,261.001.472,06/02/2026 0:00,2602050135,T,,C.603,BERKAH ABADI 1,CIHANJUANG 153/161,Y,KEN - Y,1,GUDANG BAIK,2104166,Wiratex Wall Paint 824 Durian 5KG,6.00,"83,000.00",GL,7.50,0.00,0.00,"37,350.00","460,650.00",,1,"INDOWIRA, PT"
JUAL,261.001.472,06/02/2026 0:00,2602050135,T,,C.603,BERKAH ABADI 1,CIHANJUANG 153/161,Y,KEN - Y,1,GUDANG BAIK,2104182,Wiratex Wall Paint 847 Spring 5KG,5.00,"83,000.00",GL,7.50,0.00,0.00,"31,125.00","383,875.00",,1,"INDOWIRA, PT"
JUAL,261.001.472,06/02/2026 0:00,2602050135,T,,C.603,BERKAH ABADI 1,CIHANJUANG 153/161,Y,KEN - Y,1,GUDANG BAIK,2104153,Wiratex Wall Paint 801 Spanish 5KG,3.00,"83,000.00",GL,7.50,0.00,0.00,"18,675.00","230,325.00",,1,"INDOWIRA, PT"
JUAL,261.001.472,06/02/2026 0:00,2602050135,T,,C.603,BERKAH ABADI 1,CIHANJUANG 153/161,Y,KEN - Y,1,GUDANG BAIK,2103815,Shintex Cat Genteng 309 Leather 4KG,4.00,"185,000.00",GLN,7.50,0.00,0.00,"55,500.00","684,500.00",,1,"INDOWIRA, PT"
JUAL,261.001.472,06/02/2026 0:00,2602050135,T,,C.603,BERKAH ABADI 1,CIHANJUANG 153/161,Y,KEN - Y,1,GUDANG BAIK,2103836,Shintex Cat Genteng Sp 311 Special 4 KG,4.00,"231,000.00",GLN,7.50,0.00,0.00,"69,300.00","854,700.00",,1,"INDOWIRA, PT"
JUAL,261.001.474,06/02/2026 0:00,2602060153,T,,R.400,TB.SUMBER REJEKI,JL.CIAWI TALI DEPAN PERUMAHAN BUMI CITEU,R,SIMON QIRENE,1,GUDANG BAIK,2103735,Petalux Wall Paint Putih hemat 06 5KG,1.00,"158,000.00",GLN,7.50,0.00,0.00,"11,850.00","146,150.00",,1,"INDOWIRA, PT"
JUAL,261.001.475,06/02/2026 0:00,2602060154,T,,K.527,PT.AKD,SADANG,14,DEPO BANDUNG,1,GUDANG BAIK,2100029,Adler Epoxy Undercoat  1 LITER,6.00,"105,000.00",KL,10.00,0.00,0.00,"63,000.00","567,000.00",,1,"INDOWIRA, PT"
JUAL,261.001.475,06/02/2026 0:00,2602060154,T,,K.527,PT.AKD,SADANG,14,DEPO BANDUNG,1,GUDANG BAIK,2100049,Adler Polyester Putty 3002  1 KG SET,60.00,"62,000.00",KL,10.00,0.00,0.00,"372,000.00","3,348,000.00",,1,"INDOWIRA, PT"
JUAL,261.001.476,06/02/2026 0:00,2602060155,T,,J.413,NYOMAN NUARTA,JL.SETRA SARIV/16,J,FRANSISKUS,1,GUDANG BAIK,2103145,Petalac Thinner PU  1 LTR,2.00,"51,000.00",KL,0.00,0.00,0.00,0.00,"102,000.00",,1,"INDOWIRA, PT"
JUAL,261.001.476,06/02/2026 0:00,2602060155,T,,J.413,NYOMAN NUARTA,JL.SETRA SARIV/16,J,FRANSISKUS,1,GUDANG BAIK,2102840,Petalac 2K PU Hardener Special  200 CC,2.00,"55,000.00",KL,0.00,0.00,0.00,0.00,"110,000.00",,1,"INDOWIRA, PT"
JUAL,261.001.476,06/02/2026 0:00,2602060155,T,,J.413,NYOMAN NUARTA,JL.SETRA SARIV/16,J,FRANSISKUS,1,GUDANG BAIK,2200050,"Petalac 2K PU Clear Matt MV3 Base 0,8Lt",2.00,"121,000.00",KL,0.00,0.00,0.00,0.00,"242,000.00",,1,"INDOWIRA, PT"
JUAL,261.001.479,06/02/2026 0:00,2602060158,T,,C.138,AL-BAROKAH,JL.POJOK SELATAN 226 CIMAHI,C,YONATHAN,1,GUDANG BAIK,2104148,Wiratex Wall Paint Super White 25 KG,2.00,"390,000.00",PL,7.50,0.00,0.00,"58,500.00","721,500.00",,1,"INDOWIRA, PT"
JUAL,261.001.480,06/02/2026 0:00,2602050134,T,,N.1098A,ANDRE,JL.GERLONG TONGGOH IV NO.1 GEGER KALONG,13,BU RINI,1,GUDANG BAIK,2102840,Petalac 2K PU Hardener Special  200 CC,2.00,"55,000.00",KL,0.00,0.00,0.00,0.00,"110,000.00",,1,"INDOWIRA, PT"
JUAL,261.001.480,06/02/2026 0:00,2602050134,T,,N.1098A,ANDRE,JL.GERLONG TONGGOH IV NO.1 GEGER KALONG,13,BU RINI,1,GUDANG BAIK,2100068,Adler Primer Surfacer EP 1050  2 LITER SET,3.00,"205,000.00",KL,0.00,0.00,0.00,0.00,"615,000.00",,1,"INDOWIRA, PT"
JUAL,261.001.480,06/02/2026 0:00,2602050134,T,,N.1098A,ANDRE,JL.GERLONG TONGGOH IV NO.1 GEGER KALONG,13,BU RINI,1,GUDANG BAIK,2600028,Petalac 2K PU CO Base WhitE Matt Andre 0.8LT,2.00,"150,000.00",KL,0.00,0.00,0.00,0.00,"300,000.00",,1,"INDOWIRA, PT"
JUAL,261.001.481,06/02/2026 0:00,2602050151,T,,K.521,TOPIC,JATAYU,L,RUDI *,1,GUDANG BAIK,2103148,Petalac Thinner PU  20 LTR,2.00,"834,000.00",JRG,0.00,0.00,0.00,0.00,"1,668,000.00",,1,"INDOWIRA, PT"
JUAL,261.001.483,06/02/2026 0:00,2602020063,T,,J.313,ART DECO,JL.SEKEKUKUMBUNG 103 TKI II,J,FRANSISKUS,1,GUDANG BAIK,2102837,Petalac 2K PU Hardener Normal  200CC,9.00,"55,000.00",KL,10.00,0.00,0.00,"49,500.00","445,500.00",,1,"INDOWIRA, PT"
JUAL,261.001.483,06/02/2026 0:00,2602020063,T,,J.313,ART DECO,JL.SEKEKUKUMBUNG 103 TKI II,J,FRANSISKUS,1,GUDANG BAIK,2200131,Petalac 2K PU CO Base P.013 Bright Red 0.8Lt,1.00,"133,000.00",KL,10.00,0.00,0.00,"13,300.00","119,700.00",,1,"INDOWIRA, PT"
JUAL,261.001.483,06/02/2026 0:00,2602020063,T,,J.313,ART DECO,JL.SEKEKUKUMBUNG 103 TKI II,J,FRANSISKUS,1,GUDANG BAIK,2200161,Petalac 2K PU Colour P.133 Deep Blue Base 0.8Lt,1.00,"150,000.00",KL,10.00,0.00,0.00,"15,000.00","135,000.00",,1,"INDOWIRA, PT"
JUAL,261.001.483,06/02/2026 0:00,2602020063,T,,J.313,ART DECO,JL.SEKEKUKUMBUNG 103 TKI II,J,FRANSISKUS,1,GUDANG BAIK,2300113,Petalac 2K PU CO Base PE 925 Brown KJ Matt 0.8LT,5.00,"158,000.00",KL,10.00,0.00,0.00,"79,000.00","711,000.00",,1,"INDOWIRA, PT"
JUAL,261.001.483,06/02/2026 0:00,2602020063,T,,J.313,ART DECO,JL.SEKEKUKUMBUNG 103 TKI II,J,FRANSISKUS,1,GUDANG BAIK,2200074,Petalac 2K PU Colour Special White Matt Base 0.8Lt,2.00,"133,000.00",KL,10.00,0.00,0.00,"26,600.00","239,400.00",,1,"INDOWIRA, PT"
JUAL,261.001.484,06/02/2026 0:00,2602050148,T,,H.729,DUNIA BANGUNAN,JL.TUMENGGUNG WIRADIREJA RT.02 RW07 CIMAHFAR BOGOR UTARA,H,YANSENG,1,GUDANG BAIK,2102076,Meiji Zinc Chromate Primer  5 KG,4.00,"225,000.00",GLN,7.50,0.00,0.00,"67,500.00","832,500.00",,1,"INDOWIRA, PT"
JUAL,261.001.484,06/02/2026 0:00,2602050148,T,,H.729,DUNIA BANGUNAN,JL.TUMENGGUNG WIRADIREJA RT.02 RW07 CIMAHFAR BOGOR UTARA,H,YANSENG,1,GUDANG BAIK,2102061,Meiji Zinc Chromate Primer  1 KG,24.00,"51,000.00",KL,7.50,0.00,0.00,"91,800.00","1,132,200.00",,1,"INDOWIRA, PT"
JUAL,261.001.484,06/02/2026 0:00,2602050148,T,,H.729,DUNIA BANGUNAN,JL.TUMENGGUNG WIRADIREJA RT.02 RW07 CIMAHFAR BOGOR UTARA,H,YANSENG,1,GUDANG BAIK,2103922,Shintex Wall Paint Super White 1KG,24.00,"32,000.00",KL,7.50,0.00,0.00,"57,600.00","710,400.00",,1,"INDOWIRA, PT"
JUAL,261.001.484,06/02/2026 0:00,2602050148,T,,H.729,DUNIA BANGUNAN,JL.TUMENGGUNG WIRADIREJA RT.02 RW07 CIMAHFAR BOGOR UTARA,H,YANSENG,1,GUDANG BAIK,2102064,Meiji Zinc Chromate Primer Grey 1 KG,24.00,"51,000.00",KL,7.50,0.00,0.00,"91,800.00","1,132,200.00",,1,"INDOWIRA, PT"
JUAL,261.001.486,06/02/2026 0:00,2602060163,T,,H.180,KCN SS,BOGOR,H,YANSENG,1,GUDANG BAIK,2102073,Meiji Zinc Chromate Primer Black 20 KG,1.00,"825,000.00",PL,7.50,0.00,0.00,"61,875.00","763,125.00",,1,"INDOWIRA, PT"
JUAL,261.001.487,06/02/2026 0:00,2601270692,T,,D.276,BERDIKARI EXPO,JL.RAYA PADALARANG NO.488 B DESA KERTAJAYA PADALARANG,D,WILLY,1,GUDANG BAIK,2600019,Attaboy Texroll Putih 5KG,4.00,"325,000.00",GLN,7.50,0.00,0.00,"97,500.00","1,202,500.00",,1,"INDOWIRA, PT"
JUAL,261.001.487,06/02/2026 0:00,2601270692,T,,D.276,BERDIKARI EXPO,JL.RAYA PADALARANG NO.488 B DESA KERTAJAYA PADALARANG,D,WILLY,1,GUDANG BAIK,2600020,Attaboy Elastroll Putih 5KG,4.00,"325,000.00",GLN,7.50,0.00,0.00,"97,500.00","1,202,500.00",,1,"INDOWIRA, PT"
JUAL,261.001.488,06/02/2026 0:00,2601120263,T,,H.219,KENCANA SURKEN,"Jl. Suryakencana No.208, RT.03/RW.12",H1,MIMING,4,GUDANG BOGOR,2101643,Kingkong Wall Paint Super White 1 KG,24.00,"27,000.00",KL,7.50,0.00,0.00,"48,600.00","599,400.00",,1,"INDOWIRA, PT"
JUAL,261.001.499,06/02/2026 0:00,2602050147,T,,G.334,TC.TRIAS WARNA GEMILANG,JL.PEJUANG 45 NO.5 SUBANG,G,JULIANTO,1,GUDANG BAIK,2101913,Meiji Epoxy Filler  0.25 LTR SET,66.00,"26,500.00",KL,5.00,0.00,0.00,"87,450.00","1,661,550.00",,1,"INDOWIRA, PT"
JUAL,261.001.500,06/02/2026 0:00,2602050142,T,,GF.102,BERKAH MANDIRI,JL.RAYA SILIWANGI HAUR GEULIS INDRAMAYU,G,JULIANTO,1,GUDANG BAIK,2500130,Daltone Thinner Slow Dry 1LT,1.00,"50,000.00",KL,0.00,0.00,0.00,0.00,"50,000.00",,1,"INDOWIRA, PT"
JUAL,261.001.504,06/02/2026 0:00,2602060179,T,,K.201,AGUS CENDANA,KIRCON 141,L,RUDI *,1,GUDANG BAIK,2101924,Meiji Gum Sealer  1 LTR SET,6.00,"164,000.00",KL,10.00,0.00,0.00,"98,400.00","885,600.00",,1,"INDOWIRA, PT"
JUAL,261.001.504,06/02/2026 0:00,2602060179,T,,K.201,AGUS CENDANA,KIRCON 141,L,RUDI *,1,GUDANG BAIK,2101917,Meiji Epoxy Filler White 1 LTR SET,6.00,"76,000.00",KL,10.00,0.00,0.00,"45,600.00","410,400.00",,1,"INDOWIRA, PT"
JUAL,261.001.505,06/02/2026 0:00,2602060180,T,,N.870,PT.KSS,JL.PATARUMAN,13,BU RINI,1,GUDANG BAIK,2100018,Alfa Zinc Chromate Primer GREEN 20 KG,1.00,"720,000.00",PL,0.00,0.00,0.00,0.00,"720,000.00",,1,"INDOWIRA, PT"
JUAL,261.001.506,06/02/2026 0:00,2602060184,T,,D.326,WARNA UTAMA,JL.TERUSAN CIBADUYUT NO.100 081322031570,C,YONATHAN,1,GUDANG BAIK,2100011,AlFa Polyester Putty  3KG,12.00,"103,000.00",GLN,5.00,0.00,0.00,"61,800.00","1,174,200.00",,1,"INDOWIRA, PT"
JUAL,261.001.506,06/02/2026 0:00,2602060184,T,,D.326,WARNA UTAMA,JL.TERUSAN CIBADUYUT NO.100 081322031570,C,YONATHAN,1,GUDANG BAIK,2100006,Alfa Polyester Putty  1 KG,12.00,"39,000.00",KL,5.00,0.00,0.00,"23,400.00","444,600.00",,1,"INDOWIRA, PT"
JUAL,261.001.509,06/02/2026 0:00,2602060181,T,,K.510,MENTARI ELEKTRIK,JL.SADANG RAHAYU KAV A4 NO.39,L,RUDI *,1,GUDANG BAIK,2101915,Meiji Epoxy Filler  1 LTR SET,11.00,"76,000.00",KL,10.00,0.00,0.00,"83,600.00","752,400.00",,1,"INDOWIRA, PT"
JUAL,261.001.510,06/02/2026 0:00,2602060178,T,,N.343,PT.SANBE PRAKARSA HUSADA,PROYEK RSSI-EXISTING JL KEBON JATI NO.38,13,BU RINI,1,GUDANG BAIK,2102061,Meiji Zinc Chromate Primer  1 KG,26.00,"51,000.00",KL,10.00,0.00,0.00,"132,600.00","1,193,400.00",U/P.NANA SARIPUDIN,1,"INDOWIRA, PT"
JUAL,261.001.511,06/02/2026 0:00,2602060177,T,,K.406,OPTIMA,JL.SASTRA NO.2,L,RUDI *,1,GUDANG BAIK,2101917,Meiji Epoxy Filler White 1 LTR SET,2.00,"76,000.00",KL,10.00,0.00,0.00,"15,200.00","136,800.00",,1,"INDOWIRA, PT"
JUAL,261.001.512,06/02/2026 0:00,2602060175,T,,H.204C,CAHAYA BAJA,JL.SOLEH ISKANDAR RT.005 RW.004 CIBADAK BOGOR,H1,MIMING,1,GUDANG BAIK,2102061,Meiji Zinc Chromate Primer  1 KG,24.00,"51,000.00",KL,7.50,0.00,0.00,"91,800.00","1,132,200.00",,1,"INDOWIRA, PT"
JUAL,261.001.512,06/02/2026 0:00,2602060175,T,,H.204C,CAHAYA BAJA,JL.SOLEH ISKANDAR RT.005 RW.004 CIBADAK BOGOR,H1,MIMING,1,GUDANG BAIK,2102062,Meiji Zinc Chromate Primer Black 1 KG,24.00,"51,000.00",KL,7.50,0.00,0.00,"91,800.00","1,132,200.00",,1,"INDOWIRA, PT"
JUAL,261.001.513,06/02/2026 0:00,2602060173,T,,N.1098,ANDRE,JL.PASIR BARU RT.01 RW.05 CIHIDEUNG PARONGPONG,13,BU RINI,1,GUDANG BAIK,2100068,Adler Primer Surfacer EP 1050  2 LITER SET,15.00,"205,000.00",KL,0.00,0.00,0.00,0.00,"3,075,000.00",U/P.BP.UNYIL 087825888905,1,"INDOWIRA, PT"
JUAL,261.001.514,06/02/2026 0:00,2602060172,T,,N.254,"SANBE FARMA ,PT",JL.TAMAN SARI NO.10,13,BU RINI,1,GUDANG BAIK,2102066,Meiji Zinc Chromate Primer  20 KG,8.00,"825,000.00",PL,10.00,0.00,0.00,"660,000.00","5,940,000.00",U/P.ISMANTO,1,"INDOWIRA, PT"
JUAL,261.001.515,06/02/2026 0:00,2601260646,T,,R.577,PB.SINAR MUDA,BLOK HEGAR MANAH NO.18 MELONG,R,SIMON QIRENE,1,GUDANG BAIK,2102113,Mascot Wall Paint 203 Cream 20 KG,3.00,"215,000.00",PL,7.50,0.00,0.00,"48,375.00","596,625.00",,1,"INDOWIRA, PT"
JUAL,261.001.516,06/02/2026 0:00,2602060171,T,,K.417,ALDI,JL.MOH.TOHA 63,L,RUDI *,1,GUDANG BAIK,2102064,Meiji Zinc Chromate Primer Grey 1 KG,12.00,"51,000.00",KL,7.50,0.00,0.00,"45,900.00","566,100.00",,1,"INDOWIRA, PT"
JUAL,261.001.517,06/02/2026 0:00,2602060170,T,,N.888,SUMBER WARNA,PUNGKUR,14,DEPO BANDUNG,1,GUDANG BAIK,2102840,Petalac 2K PU Hardener Special  200 CC,12.00,"55,000.00",KL,7.50,2.50,0.00,"64,762.56","595,237.44",,1,"INDOWIRA, PT"
JUAL,261.001.517,06/02/2026 0:00,2602060170,T,,N.888,SUMBER WARNA,PUNGKUR,14,DEPO BANDUNG,1,GUDANG BAIK,2200068,Petalac 2K PU Colour P.101 Special White Base 0.8L,12.00,"126,000.00",KL,7.50,2.50,0.00,"148,365.00","1,363,635.00",,1,"INDOWIRA, PT"
JUAL,261.001.518,06/02/2026 0:00,2602060168,T,,A.605,MAJU JAYA,ANDIR 103,Y,KEN - Y,1,GUDANG BAIK,2100011,AlFa Polyester Putty  3KG,2.00,"103,000.00",GLN,5.00,0.00,0.00,"10,300.00","195,700.00",,1,"INDOWIRA, PT"
JUAL,261.001.518,06/02/2026 0:00,2602060168,T,,A.605,MAJU JAYA,ANDIR 103,Y,KEN - Y,1,GUDANG BAIK,2100006,Alfa Polyester Putty  1 KG,6.00,"39,000.00",KL,5.00,0.00,0.00,"11,700.00","222,300.00",,1,"INDOWIRA, PT"
JUAL,261.001.518,06/02/2026 0:00,2602060168,T,,A.605,MAJU JAYA,ANDIR 103,Y,KEN - Y,1,GUDANG BAIK,2103786,Shintex Cat Bak White 1 KG,2.00,"60,000.00",KL,7.50,0.00,0.00,"9,000.00","111,000.00",,1,"INDOWIRA, PT"
JUAL,261.001.518,06/02/2026 0:00,2602060168,T,,A.605,MAJU JAYA,ANDIR 103,Y,KEN - Y,1,GUDANG BAIK,2103782,Shintex Cat Bak 001 Aquarin 1 KG,2.00,"60,000.00",KL,7.50,0.00,0.00,"9,000.00","111,000.00",,1,"INDOWIRA, PT"
JUAL,261.001.518,06/02/2026 0:00,2602060168,T,,A.605,MAJU JAYA,ANDIR 103,Y,KEN - Y,1,GUDANG BAIK,2103783,Shintex Cat Bak 009 Sky Blu 1 KG,2.00,"60,000.00",KL,7.50,0.00,0.00,"9,000.00","111,000.00",,1,"INDOWIRA, PT"
JUAL,261.001.519,06/02/2026 0:00,2601220556,T,,J.321,PT.ELIZABET HANJAYA,JL.IBU INGGIT GANARSIH NO.12 ASTANA ANYAR,J,FRANSISKUS,1,GUDANG BAIK,2500373,Daltone PU Base Coat Black Elizabeth 1Lt,1.00,"185,000.00",KL,10.00,0.00,0.00,"18,500.00","166,500.00",via sj.4182,1,"INDOWIRA, PT"
JUAL,261.001.519,06/02/2026 0:00,2601220556,T,,J.321,PT.ELIZABET HANJAYA,JL.IBU INGGIT GANARSIH NO.12 ASTANA ANYAR,J,FRANSISKUS,1,GUDANG BAIK,2500374,Daltone PU Base Coat Brown Elizabeth 1Lt,1.00,"185,000.00",KL,10.00,0.00,0.00,"18,500.00","166,500.00",via sj.4182,1,"INDOWIRA, PT"
JUAL,261.001.519,06/02/2026 0:00,2601220556,T,,J.321,PT.ELIZABET HANJAYA,JL.IBU INGGIT GANARSIH NO.12 ASTANA ANYAR,J,FRANSISKUS,1,GUDANG BAIK,2500375,Daltone PU Base Coat Maroon Elizabeth 1Lt,1.00,"220,000.00",KL,10.00,0.00,0.00,"22,000.00","198,000.00",via sj.4182,1,"INDOWIRA, PT"
JUAL,261.001.520,06/02/2026 0:00,2602060165,T,,P.191,PT.MBP UNTUK PT CERES,JL.RAYA DAYEUH KOLOT 92,13,BU RINI,1,GUDANG BAIK,240046,Attaboy High Gloss Acrylic Enamel S1002-G50Y 20LT,2.00,"2,036,850.00",PAIL,0.00,0.00,0.00,0.00,"4,073,700.00",,1,"INDOWIRA, PT"
JUAL,261.001.521,06/02/2026 0:00,2602060166,T,,P.191,PT.MBP UNTUK PT CERES,JL.RAYA DAYEUH KOLOT 92,13,BU RINI,1,GUDANG BAIK,240046,Attaboy High Gloss Acrylic Enamel S1002-G50Y 20LT,1.00,"2,036,850.00",PAIL,0.00,0.00,0.00,0.00,"2,036,850.00",,1,"INDOWIRA, PT"
JUAL,262.000.118,06/02/2026 0:00,2602050150,T,,C.125,GLORIOUS,JL.TKI III BLOK E3 NO.10 PATUNG MACAN,J,FRANSISKUS,1,GUDANG BAIK,2104955,Bonus Sarung,1.00,0.00,PCS,0.00,0.00,0.00,0.00,0.00,,1,"INDOWIRA, PT"
JUAL,262.000.119,06/02/2026 0:00,2602050135,T,,C.603,BERKAH ABADI 1,CIHANJUANG 153/161,Y,KEN - Y,1,GUDANG BAIK,2104955,Bonus Sarung,1.00,0.00,PCS,0.00,0.00,0.00,0.00,0.00,,1,"INDOWIRA, PT"
JUAL,262.000.120,06/02/2026 0:00,2602060154,T,,K.527,PT.AKD,SADANG,14,DEPO BANDUNG,1,GUDANG BAIK,2104955,Bonus Sarung,1.00,0.00,PCS,0.00,0.00,0.00,0.00,0.00,,1,"INDOWIRA, PT"
JUAL,262.000.122,06/02/2026 0:00,2602050148,T,,H.729,DUNIA BANGUNAN,JL.TUMENGGUNG WIRADIREJA RT.02 RW07 CIMAHFAR BOGOR UTARA,H,YANSENG,1,GUDANG BAIK,2104955,Bonus Sarung,1.00,0.00,PCS,0.00,0.00,0.00,0.00,0.00,,1,"INDOWIRA, PT"
JUAL,262.000.123,06/02/2026 0:00,2602050147,T,,G.334,TC.TRIAS WARNA GEMILANG,JL.PEJUANG 45 NO.5 SUBANG,G,JULIANTO,1,GUDANG BAIK,2101913,Meiji Epoxy Filler  0.25 LTR SET,5.00,0.00,KL,0.00,0.00,0.00,0.00,0.00,u/bonus,1,"INDOWIRA, PT"
JUAL,262.000.124,06/02/2026 0:00,2602050147,T,,G.334,TC.TRIAS WARNA GEMILANG,JL.PEJUANG 45 NO.5 SUBANG,G,JULIANTO,1,GUDANG BAIK,2104955,Bonus Sarung,1.00,0.00,PCS,0.00,0.00,0.00,0.00,0.00,,1,"INDOWIRA, PT"
JUAL,262.000.125,06/02/2026 0:00,2601270666,T,,GE.103,WARNA WARNI,JL.JEND A YANI NO.130 PURWAKARTA,G,JULIANTO,1,GUDANG BAIK,2104955,Bonus Sarung,2.00,0.00,PCS,0.00,0.00,0.00,0.00,0.00,via sj.4162,1,"INDOWIRA, PT"
JUAL,262.000.126,06/02/2026 0:00,2602060181,T,,K.510,MENTARI ELEKTRIK,JL.SADANG RAHAYU KAV A4 NO.39,L,RUDI *,1,GUDANG BAIK,2101915,Meiji Epoxy Filler  1 LTR SET,1.00,0.00,KL,0.00,0.00,0.00,0.00,0.00,u/bonus,1,"INDOWIRA, PT"
JUAL,262.000.127,06/02/2026 0:00,2602050114,T,,M.100,UMUM,,14,DEPO BANDUNG,1,GUDANG BAIK,2103553,Petalux Wall Paint 6328 25 KG,1.00,0.00,PL,0.00,0.00,0.00,0.00,0.00,DESA PATARUMAN U/SUMBANGAN,1,"INDOWIRA, PT"
JUAL,262.000.127,06/02/2026 0:00,2602050114,T,,M.100,UMUM,,14,DEPO BANDUNG,1,GUDANG BAIK,2103572,Petalux Wall Paint 674 Valenti 25 KG,1.00,0.00,PL,0.00,0.00,0.00,0.00,0.00,DESA PATARUMAN U/SUMBANGAN,1,"INDOWIRA, PT"
JUAL,261.001.543,09/02/2026 0:00,2602090193,T,,C.102,BUANA,TKI II RUKO 2A NO.58,C,YONATHAN,1,GUDANG BAIK,2101915,Meiji Epoxy Filler  1 LTR SET,11.00,"76,000.00",KL,7.50,0.00,0.00,"62,700.00","773,300.00",,1,"INDOWIRA, PT"
JUAL,261.001.544,09/02/2026 0:00,2602090192,T,,J.417,VANZA WARNA,TERUSAN BUAH BATU NO.125,C,YONATHAN,1,GUDANG BAIK,2105067,DALTONE PU SURFACER FD 1 LTS,12.00,"90,000.00",KLG,7.50,0.00,0.00,"81,000.00","999,000.00",,1,"INDOWIRA, PT"
JUAL,261.001.545,09/02/2026 0:00,2602090191,T,,B.404,BARU,RAYA 494 CIMAHI,C,YONATHAN,1,GUDANG BAIK,2104191,Wiratex Wall Paint Putih Salju 5KG,4.00,"83,000.00",GL,7.50,0.00,0.00,"24,900.00","307,100.00",,1,"INDOWIRA, PT"
JUAL,261.001.545,09/02/2026 0:00,2602090191,T,,B.404,BARU,RAYA 494 CIMAHI,C,YONATHAN,1,GUDANG BAIK,2104147,Wiratex Wall Paint Putih Salju 25 KG,4.00,"390,000.00",PL,7.50,0.00,0.00,"117,000.00","1,443,000.00",,1,"INDOWIRA, PT"
JUAL,261.001.546,09/02/2026 0:00,2602090190,T,,B.114,KARYA BARU,KOPO 124,C,YONATHAN,1,GUDANG BAIK,2102178,Mascot Wall Paint Super White 5 KG,20.00,"65,000.00",GLN,7.50,0.00,0.00,"97,500.00","1,202,500.00",,1,"INDOWIRA, PT"
JUAL,261.001.546,09/02/2026 0:00,2602090190,T,,B.114,KARYA BARU,KOPO 124,C,YONATHAN,1,GUDANG BAIK,2102129,Mascot Wall Paint Super White 20 KG,4.00,"215,000.00",PL,7.50,0.00,0.00,"64,500.00","795,500.00",,1,"INDOWIRA, PT"
JUAL,261.001.547,09/02/2026 0:00,2602090189,T,,D.623,SETIA 2,SERSAN BAJURI 19 LEDENG,Y,KEN - Y,1,GUDANG BAIK,2103922,Shintex Wall Paint Super White 1KG,12.00,"32,000.00",KL,7.50,0.00,0.00,"28,800.00","355,200.00",,1,"INDOWIRA, PT"
JUAL,261.001.548,09/02/2026 0:00,2602090188,T,,M.100,UMUM,,14,DEPO BANDUNG,1,GUDANG BAIK,2103223,Protar Cat Proteksi Tahan Air 7204 Abu Muda 4KG,1.00,"235,000.00",GLN,10.00,0.00,0.00,"23,500.00","211,500.00",BU LILIS,1,"INDOWIRA, PT"
JUAL,261.001.548,09/02/2026 0:00,2602090188,T,,M.100,UMUM,,14,DEPO BANDUNG,1,GUDANG BAIK,2103191,Protar Cat Proteksi Tahan Air 7200 Putih Solid 1KG,2.00,"61,000.00",KL,10.00,0.00,0.00,"12,200.00","109,800.00",BU LILIS,1,"INDOWIRA, PT"
JUAL,261.001.549,09/02/2026 0:00,2602090187,T,,N.666,PT.ALMEGA JAYA,JL.SEKEKUKUMBUNG 77,13,BU RINI,1,GUDANG BAIK,2101915,Meiji Epoxy Filler  1 LTR SET,24.00,"76,000.00",KL,0.00,0.00,0.00,0.00,"1,824,000.00",,1,"INDOWIRA, PT"
JUAL,261.001.550,09/02/2026 0:00,2602060169,T,,J.573,SAPI UNGGUL INDONESIA,JL.RIAU NO.201,J,FRANSISKUS,1,GUDANG BAIK,2103280,Petalux Alkali Resistant Wall Sealer White 20 KG,2.00,"665,000.00",PL,0.00,0.00,0.00,0.00,"1,330,000.00",,1,"INDOWIRA, PT"
JUAL,261.001.553,09/02/2026 0:00,2602090196,T,,J.303,ASTA ARTHA/DIRGANTARA YUDHA,JL.KOPO JAYA II NO.13A,J,FRANSISKUS,1,GUDANG BAIK,2200370,Kingkong Wall Paint 110 Irish W 18KG,1.00,"288,000.00",PAIL,7.50,0.00,0.00,"21,600.00","266,400.00",,1,"INDOWIRA, PT"
JUAL,261.001.554,09/02/2026 0:00,2602090195,T,,J.326,WAHANA KARYA TUNGGAL,TKI 3 BLOK E9,J,FRANSISKUS,1,GUDANG BAIK,2100049,Adler Polyester Putty 3002  1 KG SET,12.00,"62,000.00",KL,10.00,0.00,0.00,"74,400.00","669,600.00",,1,"INDOWIRA, PT"
JUAL,261.001.555,09/02/2026 0:00,2602090204,T,,U.266,GARUDA JAYA,JL.RAJAWALI TIMUR 312,U,GANIS,1,GUDANG BAIK,2104073,Tawon Kembang Meni Kayu & Besi 0.8 KG,10.00,"40,000.00",KL,7.50,0.00,0.00,"30,000.00","370,000.00",,1,"INDOWIRA, PT"
JUAL,261.001.556,09/02/2026 0:00,2602090203,T,,W.473,SRI MULYA KENCANA,"JL,RAYA GADOBANGKONG 39 A",U,GANIS,1,GUDANG BAIK,2101915,Meiji Epoxy Filler  1 LTR SET,22.00,"76,000.00",KL,7.50,0.00,0.00,"125,400.00","1,546,600.00",,1,"INDOWIRA, PT"
JUAL,261.001.556,09/02/2026 0:00,2602090203,T,,W.473,SRI MULYA KENCANA,"JL,RAYA GADOBANGKONG 39 A",U,GANIS,1,GUDANG BAIK,2101917,Meiji Epoxy Filler White 1 LTR SET,33.00,"76,000.00",KL,7.50,0.00,0.00,"188,100.00","2,319,900.00",,1,"INDOWIRA, PT"
JUAL,261.001.556,09/02/2026 0:00,2602090203,T,,W.473,SRI MULYA KENCANA,"JL,RAYA GADOBANGKONG 39 A",U,GANIS,1,GUDANG BAIK,2100049,Adler Polyester Putty 3002  1 KG SET,12.00,"62,000.00",KL,7.50,0.00,0.00,"55,800.00","688,200.00",,1,"INDOWIRA, PT"
JUAL,261.001.557,09/02/2026 0:00,2602090202,T,,D.513,PUTRA REJEKI,RAJAWALI BARAT 45,U,GANIS,1,GUDANG BAIK,2104183,Wiratex Wall paint 848 5KG,8.00,"83,000.00",GL,7.50,0.00,0.00,"49,800.00","614,200.00",,1,"INDOWIRA, PT"
JUAL,261.001.557,09/02/2026 0:00,2602090202,T,,D.513,PUTRA REJEKI,RAJAWALI BARAT 45,U,GANIS,1,GUDANG BAIK,2104161,Wiratex Wall Paint 812 Ice Blu 5KG,4.00,"83,000.00",GL,7.50,0.00,0.00,"24,900.00","307,100.00",,1,"INDOWIRA, PT"
JUAL,261.001.557,09/02/2026 0:00,2602090202,T,,D.513,PUTRA REJEKI,RAJAWALI BARAT 45,U,GANIS,1,GUDANG BAIK,2104180,Wiratex Wall Paint 845 River S 5KG,4.00,"83,000.00",GL,7.50,0.00,0.00,"24,900.00","307,100.00",,1,"INDOWIRA, PT"
JUAL,261.001.557,09/02/2026 0:00,2602090202,T,,D.513,PUTRA REJEKI,RAJAWALI BARAT 45,U,GANIS,1,GUDANG BAIK,2104147,Wiratex Wall Paint Putih Salju 25 KG,5.00,"390,000.00",PL,7.50,0.00,0.00,"146,250.00","1,803,750.00",,1,"INDOWIRA, PT"
JUAL,261.001.558,09/02/2026 0:00,2602090212,T,,K.204,EMIR,CIHANJUANG ATAS,L,RUDI *,1,GUDANG BAIK,2103148,Petalac Thinner PU  20 LTR,1.00,"834,000.00",JRG,0.00,0.00,0.00,0.00,"834,000.00",,1,"INDOWIRA, PT"
JUAL,261.001.559,09/02/2026 0:00,2602090211,T,,K.504,CV.LANGGENG,SADANG RAHAYU 39 KAV B8,L,RUDI *,1,GUDANG BAIK,2102066,Meiji Zinc Chromate Primer  20 KG,3.00,"825,000.00",PL,7.50,0.00,0.00,"185,625.00","2,289,375.00",,1,"INDOWIRA, PT"
JUAL,261.001.561,09/02/2026 0:00,2602090215,T,,R.488,GAN PROPERTI,GLAND PADALARANG VALLEY JL.CIPADANG MANAH PADALARANG,R,SIMON QIRENE,1,GUDANG BAIK,2101330,Attaboy Wall Putty Instant Powder  2 KG,20.00,"33,000.00",BKS,0.00,0.00,0.00,0.00,"660,000.00",U/P HENDRI,1,"INDOWIRA, PT"
JUAL,261.001.561,09/02/2026 0:00,2602090215,T,,R.488,GAN PROPERTI,GLAND PADALARANG VALLEY JL.CIPADANG MANAH PADALARANG,R,SIMON QIRENE,1,GUDANG BAIK,2102109,Mascot Wall Paint Super White 200 KG,2.00,"1,700,000.00",DRM,0.00,0.00,0.00,0.00,"3,400,000.00",U/P HENDRI,1,"INDOWIRA, PT"
JUAL,261.001.562,09/02/2026 0:00,2602090218,T,,N.870,PT.KSS,JL.PATARUMAN,13,BU RINI,1,GUDANG BAIK,2103625,Petalux Wall Paint Putih Wangi 25 KG,1.00,"765,000.00",PL,5.00,0.00,0.00,"38,250.00","726,750.00",,1,"INDOWIRA, PT"
JUAL,261.001.564,09/02/2026 0:00,2602090216,T,,S.152,TEHNIK NUGRAHA,MELONG ASIH 59,R,SIMON QIRENE,1,GUDANG BAIK,2102064,Meiji Zinc Chromate Primer Grey 1 KG,24.00,"51,000.00",KL,7.50,0.00,0.00,"91,800.00","1,132,200.00",,1,"INDOWIRA, PT"
JUAL,261.001.565,09/02/2026 0:00,2602090221,T,,A.213,SINAR SARANA,SUNARAJA 80 A,Y,KEN - Y,1,GUDANG BAIK,2103650,Petalux Wall Paint 602 Berlian 5KG,8.00,"158,000.00",GLN,7.50,0.00,0.00,"94,800.00","1,169,200.00",,1,"INDOWIRA, PT"
JUAL,261.001.566,09/02/2026 0:00,2602090220,T,,U.264,BINTANG ABADI,JL.RAYA LEMBANG NO.241,U,GANIS,1,GUDANG BAIK,2102061,Meiji Zinc Chromate Primer  1 KG,48.00,"51,000.00",KL,7.50,0.00,0.00,"183,600.00","2,264,400.00",,1,"INDOWIRA, PT"
JUAL,261.001.567,09/02/2026 0:00,2602090219,T,,U.196,TB.SUMBER REJEKI,JL.KOLONEL MASTURI NO.161 LEMBANG,U,GANIS,1,GUDANG BAIK,2102093,Mascot Wall Filler  25 KG,2.00,"220,000.00",PL,7.50,0.00,0.00,"33,000.00","407,000.00",,1,"INDOWIRA, PT"
JUAL,261.001.569,09/02/2026 0:00,2602090200,T,,D.616,PB.BAROKAH,CIPANJAR 242 CIWARUGA CIGUGUR GIRANG,Y,KEN - Y,1,GUDANG BAIK,2103922,Shintex Wall Paint Super White 1KG,11.00,"32,000.00",KL,7.50,0.00,0.00,"26,400.00","325,600.00",,1,"INDOWIRA, PT"
JUAL,261.001.569,09/02/2026 0:00,2602090200,T,,D.616,PB.BAROKAH,CIPANJAR 242 CIWARUGA CIGUGUR GIRANG,Y,KEN - Y,1,GUDANG BAIK,2103989,Shintex Wall Paint Super White 25 KG,4.00,"510,000.00",PL,7.50,0.00,0.00,"153,000.00","1,887,000.00",,1,"INDOWIRA, PT"
JUAL,261.001.570,09/02/2026 0:00,2602090205,T,,D.507,INTI LOGAM,PASAR ATAS 38,U,GANIS,1,GUDANG BAIK,2101917,Meiji Epoxy Filler White 1 LTR SET,11.00,"76,000.00",KL,7.50,0.00,0.00,"62,700.00","773,300.00",,1,"INDOWIRA, PT"
JUAL,261.001.570,09/02/2026 0:00,2602090205,T,,D.507,INTI LOGAM,PASAR ATAS 38,U,GANIS,1,GUDANG BAIK,2100049,Adler Polyester Putty 3002  1 KG SET,3.00,"62,000.00",KL,7.50,0.00,0.00,"13,950.00","172,050.00",,1,"INDOWIRA, PT"
JUAL,261.001.572,09/02/2026 0:00,2602090228,T,,N.974,AJUDIN,SETRA DUTA INDAH BLOK A6 NO.4,13,BU RINI,1,GUDANG BAIK,2103625,Petalux Wall Paint Putih Wangi 25 KG,2.00,"765,000.00",PL,0.00,0.00,0.00,0.00,"1,530,000.00",,1,"INDOWIRA, PT"
JUAL,261.001.573,09/02/2026 0:00,2602060167,T,,G.124,DUNIA BESI,A.YANI 8 HAUR GEULIS,G,JULIANTO,1,GUDANG BAIK,2104539,Meiji Zinc Chromate Light Grey 1 Kg,10.00,"51,000.00",KL,7.50,0.00,0.00,"38,250.00","471,750.00",,1,"INDOWIRA, PT"
JUAL,261.001.574,09/02/2026 0:00,2602090223,T,,M.100,UMUM,,14,DEPO BANDUNG,1,GUDANG BAIK,2300117,Kingkong Wall Paint 107 Broken 4.5KG,1.00,"76,000.00",GLN,10.00,0.00,0.00,"7,600.00","68,400.00",BJ,1,"INDOWIRA, PT"
JUAL,261.001.575,09/02/2026 0:00,2602090221,T,,A.213,SINAR SARANA,SUNARAJA 80 A,Y,KEN - Y,1,GUDANG BAIK,2103700,Petalux Wall Paint 643 Irish W 5KG,4.00,"158,000.00",GLN,7.50,0.00,0.00,"47,400.00","584,600.00",,1,"INDOWIRA, PT"
JUAL,261.001.576,09/02/2026 0:00,2602090206,T,,A.313,TEGUH,CIROYOM 49,U,GANIS,1,GUDANG BAIK,2104191,Wiratex Wall Paint Putih Salju 5KG,4.00,"83,000.00",GL,7.50,0.00,0.00,"24,900.00","307,100.00",,1,"INDOWIRA, PT"
JUAL,261.001.576,09/02/2026 0:00,2602090206,T,,A.313,TEGUH,CIROYOM 49,U,GANIS,1,GUDANG BAIK,2200253,Kingkong Wall Paint 120 Aqua Gr 4.5KG,2.00,"76,000.00",GLN,7.50,0.00,0.00,"11,400.00","140,600.00",,1,"INDOWIRA, PT"
JUAL,261.001.576,09/02/2026 0:00,2602090206,T,,A.313,TEGUH,CIROYOM 49,U,GANIS,1,GUDANG BAIK,2200250,Kingkong Wall Paint 124 Blue La 4.5KG,2.00,"76,000.00",GLN,7.50,0.00,0.00,"11,400.00","140,600.00",,1,"INDOWIRA, PT"
JUAL,261.001.576,09/02/2026 0:00,2602090206,T,,A.313,TEGUH,CIROYOM 49,U,GANIS,1,GUDANG BAIK,2200139,Kingkong Wall Paint Super White 4.5Kg,4.00,"76,000.00",GLN,7.50,0.00,0.00,"22,800.00","281,200.00",,1,"INDOWIRA, PT"
JUAL,261.001.576,09/02/2026 0:00,2602090206,T,,A.313,TEGUH,CIROYOM 49,U,GANIS,1,GUDANG BAIK,2300026,Kingkong Wall Paint 129 River Stone 4.5KG,2.00,"76,000.00",GLN,7.50,0.00,0.00,"11,400.00","140,600.00",,1,"INDOWIRA, PT"
JUAL,261.001.576,09/02/2026 0:00,2602090206,T,,A.313,TEGUH,CIROYOM 49,U,GANIS,1,GUDANG BAIK,2104147,Wiratex Wall Paint Putih Salju 25 KG,2.00,"390,000.00",PL,7.50,0.00,0.00,"58,500.00","721,500.00",,1,"INDOWIRA, PT"
JUAL,261.001.577,09/02/2026 0:00,2602090201,T,,C.310,MAREMA,JL.SOEKARNO HATTA NO.57,D,WILLY,1,GUDANG BAIK,2104147,Wiratex Wall Paint Putih Salju 25 KG,2.00,"390,000.00",PL,7.50,0.00,0.00,"58,500.00","721,500.00",,1,"INDOWIRA, PT"
JUAL,261.001.579,09/02/2026 0:00,2602090233,T,,R.151D,ISKANDAR,JL.SITIMARIAH 11 SUDIRMAN,R,SIMON QIRENE,1,GUDANG BAIK,2100710,Attaboy OS Super Primer White 2 LITER,2.00,"180,000.00",GL,0.00,0.00,0.00,0.00,"360,000.00",U/P.MANDOR DEDI,1,"INDOWIRA, PT"
JUAL,261.001.579,09/02/2026 0:00,2602090233,T,,R.151D,ISKANDAR,JL.SITIMARIAH 11 SUDIRMAN,R,SIMON QIRENE,1,GUDANG BAIK,2100913,Attaboy Thinner OS 2000  1 LITER,1.00,"43,000.00",KL,0.00,0.00,0.00,0.00,"43,000.00",U/P.MANDOR DEDI,1,"INDOWIRA, PT"
JUAL,261.001.580,09/02/2026 0:00,2602040112,T,,J.234,KRIYA NUSANTARA GROUP,JL.CIBIRU HILIR NO.36 CIBIRU WETAN CILEUNYI,J,FRANSISKUS,1,GUDANG BAIK,2500255,Petalac 2K PU Insulator B 1LTS,5.00,"125,000.00",KL,10.00,0.00,0.00,"62,500.00","562,500.00",,1,"INDOWIRA, PT"
JUAL,261.001.581,09/02/2026 0:00,2602090199,T,,Y.289,WARNA DUNIA,KARASAK LAMA NO.184 RT.01/RW.05,Y,KEN - Y,1,GUDANG BAIK,2104494,Daltone Clear CoaT MS 4100 1LTS,4.00,"112,000.00",KL,7.50,0.00,0.00,"33,600.00","414,400.00",,1,"INDOWIRA, PT"
JUAL,261.001.582,09/02/2026 0:00,2602020063,T,,J.313,ART DECO,JL.SEKEKUKUMBUNG 103 TKI II,J,FRANSISKUS,1,GUDANG BAIK,2102840,Petalac 2K PU Hardener Special  200 CC,3.00,"55,000.00",KL,10.00,0.00,0.00,"16,500.00","148,500.00",,1,"INDOWIRA, PT"
JUAL,261.001.582,09/02/2026 0:00,2602020063,T,,J.313,ART DECO,JL.SEKEKUKUMBUNG 103 TKI II,J,FRANSISKUS,1,GUDANG BAIK,2200131,Petalac 2K PU CO Base P.013 Bright Red 0.8Lt,1.00,"133,000.00",KL,10.00,0.00,0.00,"13,300.00","119,700.00",,1,"INDOWIRA, PT"
JUAL,261.001.582,09/02/2026 0:00,2602020063,T,,J.313,ART DECO,JL.SEKEKUKUMBUNG 103 TKI II,J,FRANSISKUS,1,GUDANG BAIK,2102728,Petalac 2K PU Colour Base P004 Dark Yellow 0.8lt,2.00,"133,000.00",KL,10.00,0.00,0.00,"26,600.00","239,400.00",,1,"INDOWIRA, PT"
JUAL,261.001.583,09/02/2026 0:00,2602090237,T,,M.100,UMUM,,14,DEPO BANDUNG,1,GUDANG BAIK,2300063,Kingkong Wall Paint 110 Irish W 4.5KG,1.00,"76,000.00",GLN,10.00,0.00,0.00,"7,600.00","68,400.00",GINGIN,1,"INDOWIRA, PT"
JUAL,261.001.584,09/02/2026 0:00,2602090240,T,,M.100,UMUM,,14,DEPO BANDUNG,1,GUDANG BAIK,2102081,Meiji Zinc Chromate Primer Dark Grey 5 KG,2.00,"225,000.00",GLN,0.00,0.00,0.00,0.00,"450,000.00",BP.KEVIN,1,"INDOWIRA, PT"
JUAL,261.001.584,09/02/2026 0:00,2602090240,T,,M.100,UMUM,,14,DEPO BANDUNG,1,GUDANG BAIK,2104537,Meiji Zinc Chromate Dark Grey 1 Kg,1.00,"51,000.00",KL,0.00,0.00,0.00,0.00,"51,000.00",BP.KEVIN,1,"INDOWIRA, PT"
JUAL,261.001.585,09/02/2026 0:00,2602090241,T,,J.311,SENI JAYA / SIDARTA,SAYURAN,J,FRANSISKUS,1,GUDANG BAIK,2101416,Crystal Coat Thinner  1 LITER,1.00,"51,000.00",KL,0.00,0.00,0.00,0.00,"51,000.00",,1,"INDOWIRA, PT"
JUAL,261.001.585,09/02/2026 0:00,2602090241,T,,J.311,SENI JAYA / SIDARTA,SAYURAN,J,FRANSISKUS,1,GUDANG BAIK,2101387,Crystal Coat Clear Gloss  1 LITER,1.00,"657,000.00",KL,10.00,0.00,0.00,"65,700.00","591,300.00",,1,"INDOWIRA, PT"
JUAL,261.001.585,09/02/2026 0:00,2602090241,T,,J.311,SENI JAYA / SIDARTA,SAYURAN,J,FRANSISKUS,1,GUDANG BAIK,2102837,Petalac 2K PU Hardener Normal  200CC,1.00,"55,000.00",KL,10.00,0.00,0.00,"5,500.00","49,500.00",,1,"INDOWIRA, PT"
JUAL,261.001.585,09/02/2026 0:00,2602090241,T,,J.311,SENI JAYA / SIDARTA,SAYURAN,J,FRANSISKUS,1,GUDANG BAIK,2200071,Petalac 2K PU Colour P.002 Black Base 0.8Lt,1.00,"126,000.00",KL,10.00,0.00,0.00,"12,600.00","113,400.00",,1,"INDOWIRA, PT"
JUAL,261.001.601,09/02/2026 0:00,2602090229,T,,T.283,TB.LEO SUGANDA,JL.GEMPOL SARI NO.91 E,U,GANIS,1,GUDANG BAIK,2104191,Wiratex Wall Paint Putih Salju 5KG,8.00,"83,000.00",GL,7.50,0.00,0.00,"49,800.00","614,200.00",,1,"INDOWIRA, PT"
JUAL,261.001.602,09/02/2026 0:00,2602090230,T,,L.428,DERISYA INTERIOR U/P.UJANG RUS,KAMP.CUKANG KAWUNG NO.33 DS.PAKUHAJI NGAMPRAH KETUA RT.04/05,L,RUDI *,1,GUDANG BAIK,2100011,AlFa Polyester Putty  3KG,6.00,"103,000.00",GLN,5.00,0.00,0.00,"30,900.00","587,100.00",,1,"INDOWIRA, PT"
JUAL,261.001.604,09/02/2026 0:00,2602090250,T,,R.488A,GAN PROPERTY,GLAND BELLINZONA RESIDERNCE,R,SIMON QIRENE,1,GUDANG BAIK,2101330,Attaboy Wall Putty Instant Powder  2 KG,10.00,"33,000.00",BKS,0.00,0.00,0.00,0.00,"330,000.00",U/P.HENDRI,1,"INDOWIRA, PT"
JUAL,261.001.605,09/02/2026 0:00,2602090249,T,,J.202,GLOBAL KRIYA NUSANTARA/AL IKHS,JL.GOLF TAMAN CINTA/INSPEKSI NO.2,J,FRANSISKUS,1,GUDANG BAIK,2101416,Crystal Coat Thinner  1 LITER,18.00,"51,000.00",KL,0.00,0.00,0.00,0.00,"918,000.00",,1,"INDOWIRA, PT"
JUAL,261.001.605,09/02/2026 0:00,2602090249,T,,J.202,GLOBAL KRIYA NUSANTARA/AL IKHS,JL.GOLF TAMAN CINTA/INSPEKSI NO.2,J,FRANSISKUS,1,GUDANG BAIK,2101365,Crystal Coat Candytone Golden Lacq 1 LITER,12.00,"657,000.00",KL,10.00,5.00,0.00,"1,143,180.00","6,740,820.00",,1,"INDOWIRA, PT"
JUAL,261.001.606,09/02/2026 0:00,2602090260,T,,K.527,PT.AKD,SADANG,14,DEPO BANDUNG,1,GUDANG BAIK,2102837,Petalac 2K PU Hardener Normal  200CC,2.00,"55,000.00",KL,10.00,0.00,0.00,"11,000.00","99,000.00",,1,"INDOWIRA, PT"
JUAL,261.001.606,09/02/2026 0:00,2602090260,T,,K.527,PT.AKD,SADANG,14,DEPO BANDUNG,1,GUDANG BAIK,2200173,Petalac 2K PU Metalix MX01 Base 0.8Lt,2.00,"126,000.00",KL,10.00,0.00,0.00,"25,200.00","226,800.00",,1,"INDOWIRA, PT"
JUAL,261.001.607,09/02/2026 0:00,2602090259,T,,N.888,SUMBER WARNA,PUNGKUR,14,DEPO BANDUNG,1,GUDANG BAIK,2102837,Petalac 2K PU Hardener Normal  200CC,12.00,"55,000.00",KL,7.50,2.50,0.00,"64,762.56","595,237.44",,1,"INDOWIRA, PT"
JUAL,261.001.607,09/02/2026 0:00,2602090259,T,,N.888,SUMBER WARNA,PUNGKUR,14,DEPO BANDUNG,1,GUDANG BAIK,2102840,Petalac 2K PU Hardener Special  200 CC,12.00,"55,000.00",KL,7.50,2.50,0.00,"64,762.56","595,237.44",,1,"INDOWIRA, PT"
JUAL,261.001.607,09/02/2026 0:00,2602090259,T,,N.888,SUMBER WARNA,PUNGKUR,14,DEPO BANDUNG,1,GUDANG BAIK,2200303,Petalac Ext 4:1 Special White Matt Base 0.8LT,12.00,"144,000.00",KL,7.50,2.50,0.00,"169,560.00","1,558,440.00",,1,"INDOWIRA, PT"
JUAL,261.001.607,09/02/2026 0:00,2602090259,T,,N.888,SUMBER WARNA,PUNGKUR,14,DEPO BANDUNG,1,GUDANG BAIK,2200068,Petalac 2K PU Colour P.101 Special White Base 0.8L,12.00,"126,000.00",KL,7.50,2.50,0.00,"148,365.00","1,363,635.00",,1,"INDOWIRA, PT"
JUAL,261.001.608,09/02/2026 0:00,2602020033,T,,GB.50,TB.AFIYAT II,JL.RAYA BOJONG SAWIT PURWAKARTA 026-7015426,G,JULIANTO,1,GUDANG BAIK,2200102,Daltone Clear Coat MS 4100 0.25Lts,24.00,"36,000.00",KL,5.00,0.00,0.00,"43,200.00","820,800.00",,1,"INDOWIRA, PT"
JUAL,261.001.609,09/02/2026 0:00,2602020046,T,,G.138,JAYA,RENGAS DENGKLOK,G,JULIANTO,1,GUDANG BAIK,2103562,Petalux Wall Paint 641 Apple W 25 KG,2.00,"765,000.00",PL,7.50,0.00,0.00,"114,750.00","1,415,250.00",,1,"INDOWIRA, PT"
JUAL,261.001.609,09/02/2026 0:00,2602020046,T,,G.138,JAYA,RENGAS DENGKLOK,G,JULIANTO,1,GUDANG BAIK,2103618,Petalux Wall Paint Putih Hemat 01 25 KG,5.00,"765,000.00",PL,7.50,0.00,0.00,"286,875.00","3,538,125.00",,1,"INDOWIRA, PT"
JUAL,261.001.612,09/02/2026 0:00,2602040110,T,,GE.108,KARYA MEKAR,JL.A  YANI 24 PURWAKARTA,G,JULIANTO,1,GUDANG BAIK,2102063,Meiji Zinc Chromate Primer Broken White 1 KG,24.00,"51,000.00",KL,7.50,0.00,0.00,"91,800.00","1,132,200.00",,1,"INDOWIRA, PT"
JUAL,261.001.613,09/02/2026 0:00,2602090258,T,,G.121,DAMAI/AANG,CIPEUNDEUY CIKALONG,G,JULIANTO,1,GUDANG BAIK,2100011,AlFa Polyester Putty  3KG,6.00,"103,000.00",GLN,5.00,0.00,0.00,"30,900.00","587,100.00",,1,"INDOWIRA, PT"
JUAL,261.001.614,09/02/2026 0:00,2602090262,T,,G.111,BARAYA,PLERED,G,JULIANTO,1,GUDANG BAIK,2100011,AlFa Polyester Putty  3KG,18.00,"103,000.00",GLN,5.00,0.00,0.00,"92,700.00","1,761,300.00",,1,"INDOWIRA, PT"
JUAL,261.001.615,09/02/2026 0:00,2602020074,T,,H.733G,SUMBER USAHA/PANJAYA,Teluk Jambe Karawang,H,YANSENG,1,GUDANG BAIK,2104184,Wiratex Wall Paint 849 5KG,4.00,"83,000.00",GL,7.50,0.00,0.00,"24,900.00","307,100.00",,1,"INDOWIRA, PT"
JUAL,261.001.615,09/02/2026 0:00,2602020074,T,,H.733G,SUMBER USAHA/PANJAYA,Teluk Jambe Karawang,H,YANSENG,1,GUDANG BAIK,2104183,Wiratex Wall paint 848 5KG,4.00,"83,000.00",GL,7.50,0.00,0.00,"24,900.00","307,100.00",,1,"INDOWIRA, PT"
JUAL,261.001.615,09/02/2026 0:00,2602020074,T,,H.733G,SUMBER USAHA/PANJAYA,Teluk Jambe Karawang,H,YANSENG,1,GUDANG BAIK,2104166,Wiratex Wall Paint 824 Durian 5KG,4.00,"83,000.00",GL,7.50,0.00,0.00,"24,900.00","307,100.00",,1,"INDOWIRA, PT"
JUAL,261.001.615,09/02/2026 0:00,2602020074,T,,H.733G,SUMBER USAHA/PANJAYA,Teluk Jambe Karawang,H,YANSENG,1,GUDANG BAIK,2104174,Wiratex Wall Paint 833 Mellow 5KG,4.00,"83,000.00",GL,7.50,0.00,0.00,"24,900.00","307,100.00",,1,"INDOWIRA, PT"
JUAL,261.001.615,09/02/2026 0:00,2602020074,T,,H.733G,SUMBER USAHA/PANJAYA,Teluk Jambe Karawang,H,YANSENG,1,GUDANG BAIK,2104164,Wiratex Wall Paint 822 Palazo 5KG,4.00,"83,000.00",GL,7.50,0.00,0.00,"24,900.00","307,100.00",,1,"INDOWIRA, PT"
JUAL,261.001.615,09/02/2026 0:00,2602020074,T,,H.733G,SUMBER USAHA/PANJAYA,Teluk Jambe Karawang,H,YANSENG,1,GUDANG BAIK,2104171,Wiratex Wall Paint 830 Blue Be 5KG,4.00,"83,000.00",GL,7.50,0.00,0.00,"24,900.00","307,100.00",,1,"INDOWIRA, PT"
JUAL,261.001.615,09/02/2026 0:00,2602020074,T,,H.733G,SUMBER USAHA/PANJAYA,Teluk Jambe Karawang,H,YANSENG,1,GUDANG BAIK,2104170,Wiratex Wall Paint 829 Deep Pi 5KG,4.00,"83,000.00",GL,7.50,0.00,0.00,"24,900.00","307,100.00",,1,"INDOWIRA, PT"
JUAL,261.001.615,09/02/2026 0:00,2602020074,T,,H.733G,SUMBER USAHA/PANJAYA,Teluk Jambe Karawang,H,YANSENG,1,GUDANG BAIK,2104175,Wiratex Wall Paint 834 Warm Gr 5KG,4.00,"83,000.00",GL,7.50,0.00,0.00,"24,900.00","307,100.00",,1,"INDOWIRA, PT"
JUAL,261.001.615,09/02/2026 0:00,2602020074,T,,H.733G,SUMBER USAHA/PANJAYA,Teluk Jambe Karawang,H,YANSENG,1,GUDANG BAIK,2104192,Wiratex Wall Paint Super White 5KG,20.00,"83,000.00",GL,7.50,0.00,0.00,"124,500.00","1,535,500.00",,1,"INDOWIRA, PT"
JUAL,261.001.615,09/02/2026 0:00,2602020074,T,,H.733G,SUMBER USAHA/PANJAYA,Teluk Jambe Karawang,H,YANSENG,1,GUDANG BAIK,2104148,Wiratex Wall Paint Super White 25 KG,5.00,"390,000.00",PL,7.50,0.00,0.00,"146,250.00","1,803,750.00",,1,"INDOWIRA, PT"
JUAL,261.001.616,09/02/2026 0:00,2602040095,T,,G.171,SAUYUNAN,BY PASS BARU KRW,G,JULIANTO,1,GUDANG BAIK,2200254,Kingkong Wall Paint 132 4.5KG,4.00,"76,000.00",GLN,7.50,0.00,0.00,"22,800.00","281,200.00",,1,"INDOWIRA, PT"
JUAL,261.001.616,09/02/2026 0:00,2602040095,T,,G.171,SAUYUNAN,BY PASS BARU KRW,G,JULIANTO,1,GUDANG BAIK,2200320,Kingkong Wall Paint 117 Rose 4.5KG,4.00,"76,000.00",GLN,7.50,0.00,0.00,"22,800.00","281,200.00",,1,"INDOWIRA, PT"
JUAL,261.001.616,09/02/2026 0:00,2602040095,T,,G.171,SAUYUNAN,BY PASS BARU KRW,G,JULIANTO,1,GUDANG BAIK,2200341,Kingkong WAll Paint 105 Chiffon 4.5KG,4.00,"76,000.00",GLN,7.50,0.00,0.00,"22,800.00","281,200.00",,1,"INDOWIRA, PT"
JUAL,261.001.616,09/02/2026 0:00,2602040095,T,,G.171,SAUYUNAN,BY PASS BARU KRW,G,JULIANTO,1,GUDANG BAIK,2200251,Kingkong Wall Paint 121 Saphire 4.5KG,4.00,"76,000.00",GLN,7.50,0.00,0.00,"22,800.00","281,200.00",,1,"INDOWIRA, PT"
JUAL,261.001.616,09/02/2026 0:00,2602040095,T,,G.171,SAUYUNAN,BY PASS BARU KRW,G,JULIANTO,1,GUDANG BAIK,2200250,Kingkong Wall Paint 124 Blue La 4.5KG,4.00,"76,000.00",GLN,7.50,0.00,0.00,"22,800.00","281,200.00",,1,"INDOWIRA, PT"
JUAL,261.001.616,09/02/2026 0:00,2602040095,T,,G.171,SAUYUNAN,BY PASS BARU KRW,G,JULIANTO,1,GUDANG BAIK,2200223,Kingkong Wall Paint 127 Sun Flo 4.5KG,4.00,"76,000.00",GLN,7.50,0.00,0.00,"22,800.00","281,200.00",,1,"INDOWIRA, PT"
JUAL,261.001.616,09/02/2026 0:00,2602040095,T,,G.171,SAUYUNAN,BY PASS BARU KRW,G,JULIANTO,1,GUDANG BAIK,2200139,Kingkong Wall Paint Super White 4.5Kg,8.00,"76,000.00",GLN,7.50,0.00,0.00,"45,600.00","562,400.00",,1,"INDOWIRA, PT"
JUAL,261.001.617,09/02/2026 0:00,2602050149,T,,GE.109,SUBUR JAYA 2,JL.PRAMUKA NO.254 CIKEMBANG PURWAKARTA,G,JULIANTO,1,GUDANG BAIK,2102129,Mascot Wall Paint Super White 20 KG,25.00,"215,000.00",PL,7.50,0.00,0.00,"403,125.00","4,971,875.00",,1,"INDOWIRA, PT"
JUAL,261.001.619,09/02/2026 0:00,2602090265,T,,D.136,DELI JAYA STEEL,JL.RAYA LASWI 214 MANGGAHANG KEC.BALE ENDAH,D,WILLY,1,GUDANG BAIK,2102064,Meiji Zinc Chromate Primer Grey 1 KG,5.00,"51,000.00",KL,7.50,0.00,0.00,"19,125.00","235,875.00",,1,"INDOWIRA, PT"
JUAL,261.001.619,09/02/2026 0:00,2602090265,T,,D.136,DELI JAYA STEEL,JL.RAYA LASWI 214 MANGGAHANG KEC.BALE ENDAH,D,WILLY,1,GUDANG BAIK,2102062,Meiji Zinc Chromate Primer Black 1 KG,3.00,"51,000.00",KL,7.50,0.00,0.00,"11,475.00","141,525.00",,1,"INDOWIRA, PT"
JUAL,261.001.620,09/02/2026 0:00,2602090251,T,,J.503,KARYA MANDIRI SEJAHTERA,GG.KANDA ATMAJA NO.21 CITEUREUP,J,FRANSISKUS,1,GUDANG BAIK,2101387,Crystal Coat Clear Gloss  1 LITER,1.00,"657,000.00",KL,10.00,0.00,0.00,"65,700.00","591,300.00",,1,"INDOWIRA, PT"
JUAL,261.001.620,09/02/2026 0:00,2602090251,T,,J.503,KARYA MANDIRI SEJAHTERA,GG.KANDA ATMAJA NO.21 CITEUREUP,J,FRANSISKUS,1,GUDANG BAIK,2101391,Crystal Coat Clear Matt MV3 1 LITER,1.00,"657,000.00",KL,10.00,0.00,0.00,"65,700.00","591,300.00",,1,"INDOWIRA, PT"
JUAL,261.001.620,09/02/2026 0:00,2602090251,T,,J.503,KARYA MANDIRI SEJAHTERA,GG.KANDA ATMAJA NO.21 CITEUREUP,J,FRANSISKUS,1,GUDANG BAIK,2102837,Petalac 2K PU Hardener Normal  200CC,2.00,"55,000.00",KL,10.00,0.00,0.00,"11,000.00","99,000.00",,1,"INDOWIRA, PT"
JUAL,261.001.620,09/02/2026 0:00,2602090251,T,,J.503,KARYA MANDIRI SEJAHTERA,GG.KANDA ATMAJA NO.21 CITEUREUP,J,FRANSISKUS,1,GUDANG BAIK,2200050,"Petalac 2K PU Clear Matt MV3 Base 0,8Lt",2.00,"121,000.00",KL,10.00,0.00,0.00,"24,200.00","217,800.00",,1,"INDOWIRA, PT"
JUAL,261.001.621,09/02/2026 0:00,2602090257,T,,R.387,TOKO CAT DUKO MEGA WARNA,JL.CIHANJUANG 37 CIBALIGO,R,SIMON QIRENE,1,GUDANG BAIK,2101915,Meiji Epoxy Filler  1 LTR SET,22.00,"76,000.00",KL,7.50,0.00,0.00,"125,400.00","1,546,600.00",,1,"INDOWIRA, PT"
JUAL,261.001.621,09/02/2026 0:00,2602090257,T,,R.387,TOKO CAT DUKO MEGA WARNA,JL.CIHANJUANG 37 CIBALIGO,R,SIMON QIRENE,1,GUDANG BAIK,2100029,Adler Epoxy Undercoat  1 LITER,12.00,"105,000.00",KL,7.50,0.00,0.00,"94,500.00","1,165,500.00",,1,"INDOWIRA, PT"
JUAL,261.001.621,09/02/2026 0:00,2602090257,T,,R.387,TOKO CAT DUKO MEGA WARNA,JL.CIHANJUANG 37 CIBALIGO,R,SIMON QIRENE,1,GUDANG BAIK,2101917,Meiji Epoxy Filler White 1 LTR SET,44.00,"76,000.00",KL,7.50,0.00,0.00,"250,800.00","3,093,200.00",,1,"INDOWIRA, PT"
JUAL,261.001.622,09/02/2026 0:00,2602090256,T,,C.139,TK.SWP,JL.M.TOHA 214  U/P.BP.RIO YUDITH,13,BU RINI,1,GUDANG BAIK,2100011,AlFa Polyester Putty  3KG,6.00,"103,000.00",GLN,5.00,0.00,0.00,"30,900.00","587,100.00",,1,"INDOWIRA, PT"
JUAL,261.001.623,09/02/2026 0:00,2602090254,T,,K.113,BINTANG JAYA AUTO,S.HATTA 346,L,RUDI *,1,GUDANG BAIK,2100011,AlFa Polyester Putty  3KG,12.00,"103,000.00",GLN,5.00,0.00,0.00,"61,800.00","1,174,200.00",,1,"INDOWIRA, PT"
JUAL,261.001.624,09/02/2026 0:00,2602090253,T,,A.213,SINAR SARANA,SUNARAJA 80 A,Y,KEN - Y,1,GUDANG BAIK,2102069,Meiji Zinc Chromate Primer Grey 20 KG,3.00,"825,000.00",PL,7.50,0.00,0.00,"185,625.00","2,289,375.00",,1,"INDOWIRA, PT"
JUAL,261.001.625,09/02/2026 0:00,2602090268,T,,K.201,AGUS CENDANA,KIRCON 141,L,RUDI *,1,GUDANG BAIK,2102837,Petalac 2K PU Hardener Normal  200CC,6.00,"55,000.00",KL,10.00,0.00,0.00,"33,000.00","297,000.00",,1,"INDOWIRA, PT"
JUAL,261.001.625,09/02/2026 0:00,2602090268,T,,K.201,AGUS CENDANA,KIRCON 141,L,RUDI *,1,GUDANG BAIK,2102840,Petalac 2K PU Hardener Special  200 CC,6.00,"55,000.00",KL,10.00,0.00,0.00,"33,000.00","297,000.00",,1,"INDOWIRA, PT"
JUAL,261.001.625,09/02/2026 0:00,2602090268,T,,K.201,AGUS CENDANA,KIRCON 141,L,RUDI *,1,GUDANG BAIK,2200050,"Petalac 2K PU Clear Matt MV3 Base 0,8Lt",6.00,"121,000.00",KL,10.00,0.00,0.00,"72,600.00","653,400.00",,1,"INDOWIRA, PT"
JUAL,261.001.625,09/02/2026 0:00,2602090268,T,,K.201,AGUS CENDANA,KIRCON 141,L,RUDI *,1,GUDANG BAIK,2200068,Petalac 2K PU Colour P.101 Special White Base 0.8L,6.00,"126,000.00",KL,10.00,0.00,0.00,"75,600.00","680,400.00",,1,"INDOWIRA, PT"
JUAL,261.001.627,09/02/2026 0:00,2602090245,T,,R.523,MITRA KARYA PROSPEKTA,PERUM PANGAUBAN JL.RAYA PANGAUBAN DS.PANGAUBAN,13,BU RINI,1,GUDANG BAIK,2200370,Kingkong Wall Paint 110 Irish W 18KG,5.00,"288,000.00",PAIL,0.00,0.00,0.00,0.00,"1,440,000.00",,1,"INDOWIRA, PT"
JUAL,261.001.627,09/02/2026 0:00,2602090245,T,,R.523,MITRA KARYA PROSPEKTA,PERUM PANGAUBAN JL.RAYA PANGAUBAN DS.PANGAUBAN,13,BU RINI,1,GUDANG BAIK,2300063,Kingkong Wall Paint 110 Irish W 4.5KG,13.00,"76,000.00",GLN,0.00,0.00,0.00,0.00,"988,000.00",,1,"INDOWIRA, PT"
JUAL,261.001.627,09/02/2026 0:00,2602090245,T,,R.523,MITRA KARYA PROSPEKTA,PERUM PANGAUBAN JL.RAYA PANGAUBAN DS.PANGAUBAN,13,BU RINI,1,GUDANG BAIK,2200252,Kingkong Wall Paint 128 Minimal 4.5KG,27.00,"76,000.00",GLN,0.00,0.00,0.00,0.00,"2,052,000.00",,1,"INDOWIRA, PT"
JUAL,261.001.627,09/02/2026 0:00,2602090245,T,,R.523,MITRA KARYA PROSPEKTA,PERUM PANGAUBAN JL.RAYA PANGAUBAN DS.PANGAUBAN,13,BU RINI,1,GUDANG BAIK,2104093,Wiratex Ceiling & Gypsum Paint Putih Prima 5 KG,27.00,"79,000.00",GLN,0.00,0.00,0.00,0.00,"2,133,000.00",,1,"INDOWIRA, PT"
JUAL,261.001.629,09/02/2026 0:00,2602090247,T,,J.611,SINAR WARNA,MOH TOHA 250C,L,RUDI *,1,GUDANG BAIK,2101915,Meiji Epoxy Filler  1 LTR SET,11.00,"76,000.00",KL,10.00,0.00,0.00,"83,600.00","752,400.00",,1,"INDOWIRA, PT"
JUAL,261.001.629,09/02/2026 0:00,2602090247,T,,J.611,SINAR WARNA,MOH TOHA 250C,L,RUDI *,1,GUDANG BAIK,2101917,Meiji Epoxy Filler White 1 LTR SET,22.00,"76,000.00",KL,10.00,0.00,0.00,"167,200.00","1,504,800.00",,1,"INDOWIRA, PT"
JUAL,261.001.629,09/02/2026 0:00,2602090247,T,,J.611,SINAR WARNA,MOH TOHA 250C,L,RUDI *,1,GUDANG BAIK,2100049,Adler Polyester Putty 3002  1 KG SET,48.00,"62,000.00",KL,10.00,0.00,0.00,"297,600.00","2,678,400.00",,1,"INDOWIRA, PT"
JUAL,261.001.630,09/02/2026 0:00,2602090213,T,,R.424,GAN PROPERTI,GLAND PADALARANG RESIDENCE 1 JL.GA MANULANG KM 2 RAN,R,SIMON QIRENE,1,GUDANG BAIK,2101330,Attaboy Wall Putty Instant Powder  2 KG,15.00,"33,000.00",BKS,0.00,0.00,0.00,0.00,"495,000.00",U/P.AGIL,1,"INDOWIRA, PT"
JUAL,261.001.631,09/02/2026 0:00,2602090214,T,,R.475,GAN PROPERTI,GLAND PADALARANG RESIDENCE 3,R,SIMON QIRENE,1,GUDANG BAIK,2101330,Attaboy Wall Putty Instant Powder  2 KG,12.00,"33,000.00",BKS,0.00,0.00,0.00,0.00,"396,000.00",U/P.AGIL,1,"INDOWIRA, PT"
JUAL,261.001.632,09/02/2026 0:00,2602090248,T,,N.1005A,AGUS,PERUM GMA,R,SIMON QIRENE,1,GUDANG BAIK,2103618,Petalux Wall Paint Putih Hemat 01 25 KG,2.00,"765,000.00",PL,5.00,0.00,0.00,"76,500.00","1,453,500.00",,1,"INDOWIRA, PT"
JUAL,262.000.128,09/02/2026 0:00,2602090193,T,,C.102,BUANA,TKI II RUKO 2A NO.58,C,YONATHAN,1,GUDANG BAIK,2101915,Meiji Epoxy Filler  1 LTR SET,1.00,0.00,KL,0.00,0.00,0.00,0.00,0.00,U/BONUS,1,"INDOWIRA, PT"
JUAL,262.000.129,09/02/2026 0:00,2602090203,T,,W.473,SRI MULYA KENCANA,"JL,RAYA GADOBANGKONG 39 A",U,GANIS,1,GUDANG BAIK,2101915,Meiji Epoxy Filler  1 LTR SET,2.00,0.00,KL,0.00,0.00,0.00,0.00,0.00,,1,"INDOWIRA, PT"
JUAL,262.000.129,09/02/2026 0:00,2602090203,T,,W.473,SRI MULYA KENCANA,"JL,RAYA GADOBANGKONG 39 A",U,GANIS,1,GUDANG BAIK,2101917,Meiji Epoxy Filler White 1 LTR SET,3.00,0.00,KL,0.00,0.00,0.00,0.00,0.00,,1,"INDOWIRA, PT"
JUAL,262.000.130,09/02/2026 0:00,2602090203,T,,W.473,SRI MULYA KENCANA,"JL,RAYA GADOBANGKONG 39 A",U,GANIS,1,GUDANG BAIK,2104955,Bonus Sarung,2.00,0.00,PCS,0.00,0.00,0.00,0.00,0.00,,1,"INDOWIRA, PT"
JUAL,262.000.131,09/02/2026 0:00,2602090202,T,,D.513,PUTRA REJEKI,RAJAWALI BARAT 45,U,GANIS,1,GUDANG BAIK,2104955,Bonus Sarung,1.00,0.00,PCS,0.00,0.00,0.00,0.00,0.00,,1,"INDOWIRA, PT"
JUAL,262.000.132,09/02/2026 0:00,2602090211,T,,K.504,CV.LANGGENG,SADANG RAHAYU 39 KAV B8,L,RUDI *,1,GUDANG BAIK,2104955,Bonus Sarung,1.00,0.00,PCS,0.00,0.00,0.00,0.00,0.00,,1,"INDOWIRA, PT"
JUAL,262.000.133,09/02/2026 0:00,2602090220,T,,U.264,BINTANG ABADI,JL.RAYA LEMBANG NO.241,U,GANIS,1,GUDANG BAIK,2104955,Bonus Sarung,1.00,0.00,PCS,0.00,0.00,0.00,0.00,0.00,,1,"INDOWIRA, PT"
JUAL,262.000.134,09/02/2026 0:00,2602090205,T,,D.507,INTI LOGAM,PASAR ATAS 38,U,GANIS,1,GUDANG BAIK,2101917,Meiji Epoxy Filler White 1 LTR SET,1.00,0.00,KL,0.00,0.00,0.00,0.00,0.00,,1,"INDOWIRA, PT"
JUAL,262.000.138,09/02/2026 0:00,2602090238,T,,M.104,DEPO KUNINGAN,,M,UMUM,1,GUDANG BAIK,2102061,Meiji Zinc Chromate Primer  1 KG,6.00,"51,000.00",KL,10.00,10.00,2.00,"63,097.20","242,902.80",PO26020036 MITRA WARNA,1,"INDOWIRA, PT"
JUAL,262.000.138,09/02/2026 0:00,2602090238,T,,M.104,DEPO KUNINGAN,,M,UMUM,1,GUDANG BAIK,2102064,Meiji Zinc Chromate Primer Grey 1 KG,6.00,"51,000.00",KL,10.00,10.00,2.00,"63,097.20","242,902.80",PO26020036 MITRA WARNA,1,"INDOWIRA, PT"
JUAL,262.000.139,09/02/2026 0:00,2602090239,T,,M.108,TISNA(OPLOSAN),,M,UMUM,1,GUDANG BAIK,2103145,Petalac Thinner PU  1 LTR,1.00,0.00,KL,0.00,0.00,0.00,0.00,0.00,,1,"INDOWIRA, PT"
JUAL,262.000.140,09/02/2026 0:00,2602090259,T,,N.888,SUMBER WARNA,PUNGKUR,14,DEPO BANDUNG,1,GUDANG BAIK,2104955,Bonus Sarung,2.00,0.00,PCS,0.00,0.00,0.00,0.00,0.00,,1,"INDOWIRA, PT"
JUAL,262.000.142,09/02/2026 0:00,2602020046,T,,G.138,JAYA,RENGAS DENGKLOK,G,JULIANTO,1,GUDANG BAIK,2104955,Bonus Sarung,2.00,0.00,PCS,0.00,0.00,0.00,0.00,0.00,,1,"INDOWIRA, PT"
JUAL,262.000.143,09/02/2026 0:00,2602020074,T,,H.733G,SUMBER USAHA/PANJAYA,Teluk Jambe Karawang,H,YANSENG,1,GUDANG BAIK,2104955,Bonus Sarung,2.00,0.00,PCS,0.00,0.00,0.00,0.00,0.00,,1,"INDOWIRA, PT"
JUAL,262.000.144,09/02/2026 0:00,2602040095,T,,G.171,SAUYUNAN,BY PASS BARU KRW,G,JULIANTO,1,GUDANG BAIK,2104955,Bonus Sarung,1.00,0.00,PCS,0.00,0.00,0.00,0.00,0.00,,1,"INDOWIRA, PT"
JUAL,262.000.145,09/02/2026 0:00,2602050149,T,,GE.109,SUBUR JAYA 2,JL.PRAMUKA NO.254 CIKEMBANG PURWAKARTA,G,JULIANTO,1,GUDANG BAIK,2104955,Bonus Sarung,2.00,0.00,PCS,0.00,0.00,0.00,0.00,0.00,,1,"INDOWIRA, PT"
JUAL,262.000.146,09/02/2026 0:00,2602090257,T,,R.387,TOKO CAT DUKO MEGA WARNA,JL.CIHANJUANG 37 CIBALIGO,R,SIMON QIRENE,1,GUDANG BAIK,2104955,Bonus Sarung,2.00,0.00,PCS,0.00,0.00,0.00,0.00,0.00,,1,"INDOWIRA, PT"
JUAL,262.000.147,09/02/2026 0:00,2602090253,T,,A.213,SINAR SARANA,SUNARAJA 80 A,Y,KEN - Y,1,GUDANG BAIK,2104955,Bonus Sarung,1.00,0.00,PCS,0.00,0.00,0.00,0.00,0.00,,1,"INDOWIRA, PT"
JUAL,262.000.148,09/02/2026 0:00,2602090257,T,,R.387,TOKO CAT DUKO MEGA WARNA,JL.CIHANJUANG 37 CIBALIGO,R,SIMON QIRENE,1,GUDANG BAIK,2101915,Meiji Epoxy Filler  1 LTR SET,2.00,0.00,KL,0.00,0.00,0.00,0.00,0.00,U/BONUS,1,"INDOWIRA, PT"
JUAL,262.000.148,09/02/2026 0:00,2602090257,T,,R.387,TOKO CAT DUKO MEGA WARNA,JL.CIHANJUANG 37 CIBALIGO,R,SIMON QIRENE,1,GUDANG BAIK,2101917,Meiji Epoxy Filler White 1 LTR SET,4.00,0.00,KL,0.00,0.00,0.00,0.00,0.00,U/BONUS,1,"INDOWIRA, PT"
JUAL,262.000.149,09/02/2026 0:00,2602090247,T,,J.611,SINAR WARNA,MOH TOHA 250C,L,RUDI *,1,GUDANG BAIK,2101915,Meiji Epoxy Filler  1 LTR SET,1.00,0.00,KL,0.00,0.00,0.00,0.00,0.00,,1,"INDOWIRA, PT"
JUAL,262.000.149,09/02/2026 0:00,2602090247,T,,J.611,SINAR WARNA,MOH TOHA 250C,L,RUDI *,1,GUDANG BAIK,2101917,Meiji Epoxy Filler White 1 LTR SET,2.00,0.00,KL,0.00,0.00,0.00,0.00,0.00,,1,"INDOWIRA, PT"
JUAL,262.000.150,09/02/2026 0:00,2602090247,T,,J.611,SINAR WARNA,MOH TOHA 250C,L,RUDI *,1,GUDANG BAIK,2104955,Bonus Sarung,2.00,0.00,PCS,0.00,0.00,0.00,0.00,0.00,,1,"INDOWIRA, PT"
JUAL,261.001.643,10/02/2026 0:00,2602090269,T,,G.227,MUTIARA WARNA,JL.SOMAWINATA 14 TANI MULYA,G,JULIANTO,1,GUDANG BAIK,2102155,Mascot Wall Paint Super White 25 KG,5.00,"270,000.00",PL,7.50,0.00,0.00,"101,250.00","1,248,750.00",,1,"INDOWIRA, PT"
JUAL,261.001.645,10/02/2026 0:00,2602050117,T,,G.227,MUTIARA WARNA,JL.SOMAWINATA 14 TANI MULYA,G,JULIANTO,1,GUDANG BAIK,2102140,Mascot Wall Paint 206 Irish W 25 KG,3.00,"270,000.00",PL,7.50,0.00,0.00,"60,750.00","749,250.00",,1,"INDOWIRA, PT"
JUAL,261.001.646,10/02/2026 0:00,2602050151,T,,K.521,TOPIC,JATAYU,L,RUDI *,1,GUDANG BAIK,2102837,Petalac 2K PU Hardener Normal  200CC,1.00,"55,000.00",KL,10.00,0.00,0.00,"5,500.00","49,500.00",,1,"INDOWIRA, PT"
JUAL,261.001.646,10/02/2026 0:00,2602050151,T,,K.521,TOPIC,JATAYU,L,RUDI *,1,GUDANG BAIK,2600031,Petalac 2K PU CO Base White Lamitak Matt 0.8LT,1.00,"140,000.00",KL,10.00,0.00,0.00,"14,000.00","126,000.00",,1,"INDOWIRA, PT"
JUAL,261.001.648,10/02/2026 0:00,2602090272,T,,N.888,SUMBER WARNA,PUNGKUR,14,DEPO BANDUNG,1,GUDANG BAIK,2103145,Petalac Thinner PU  1 LTR,24.00,"51,000.00",KL,0.00,0.00,0.00,0.00,"1,224,000.00",,1,"INDOWIRA, PT"
JUAL,261.001.649,10/02/2026 0:00,2602090273,T,,K.503,ASEHA,JL.MAHMUD NO.2A CIGONDEWAH,14,DEPO BANDUNG,1,GUDANG BAIK,2200167,Kingkong Wall Paint Putih Metro 18KG,2.00,"288,000.00",PAIL,7.50,0.00,0.00,"43,200.00","532,800.00",,1,"INDOWIRA, PT"
JUAL,261.001.650,10/02/2026 0:00,2602090274,T,,K.527,PT.AKD,SADANG,14,DEPO BANDUNG,1,GUDANG BAIK,2102141,Mascot Wall Paint 207 Tile Re 25 KG,4.00,"270,000.00",PL,7.50,0.00,0.00,"81,000.00","999,000.00",,1,"INDOWIRA, PT"
JUAL,261.001.650,10/02/2026 0:00,2602090274,T,,K.527,PT.AKD,SADANG,14,DEPO BANDUNG,1,GUDANG BAIK,2103148,Petalac Thinner PU  20 LTR,10.00,"834,000.00",JRG,0.00,0.00,0.00,0.00,"8,340,000.00",,1,"INDOWIRA, PT"
JUAL,261.001.651,10/02/2026 0:00,2602090275,T,,N.1099,BUDI,PODOMORO PARK JL.BOULEVARD SELATAN KAVLING S6,13,BU RINI,1,GUDANG BAIK,2102068,Meiji Zinc Chromate Primer Broken Whit 20 KG,3.00,"825,000.00",PL,0.00,0.00,0.00,0.00,"2,475,000.00",,1,"INDOWIRA, PT"
JUAL,261.001.652,10/02/2026 0:00,2602090249,T,,J.202,GLOBAL KRIYA NUSANTARA/AL IKHS,JL.GOLF TAMAN CINTA/INSPEKSI NO.2,J,FRANSISKUS,1,GUDANG BAIK,2101365,Crystal Coat Candytone Golden Lacq 1 LITER,6.00,"657,000.00",KL,10.00,5.00,0.00,"571,590.00","3,370,410.00",,1,"INDOWIRA, PT"
JUAL,261.001.653,10/02/2026 0:00,2602060159,T,,R.571,PERUM BUMI CITRA INDAH 4,CIPATIK,R,SIMON QIRENE,1,GUDANG BAIK,2102109,Mascot Wall Paint Super White 200 KG,7.00,"1,365,000.00",DRM,0.00,0.00,0.00,0.00,"9,555,000.00",,1,"INDOWIRA, PT"
JUAL,261.001.654,10/02/2026 0:00,2602090209,T,,N.136,CAPRIFARMINDO,JL.PURNAWARMAN NO.47,13,BU RINI,1,GUDANG BAIK,2103145,Petalac Thinner PU  1 LTR,20.00,"51,000.00",KL,0.00,0.00,0.00,0.00,"1,020,000.00",U/P.ALUNATO,1,"INDOWIRA, PT"
JUAL,261.001.654,10/02/2026 0:00,2602090209,T,,N.136,CAPRIFARMINDO,JL.PURNAWARMAN NO.47,13,BU RINI,1,GUDANG BAIK,2102837,Petalac 2K PU Hardener Normal  200CC,20.00,"55,000.00",KL,0.00,0.00,0.00,0.00,"1,100,000.00",U/P.ALUNATO,1,"INDOWIRA, PT"
JUAL,261.001.654,10/02/2026 0:00,2602090209,T,,N.136,CAPRIFARMINDO,JL.PURNAWARMAN NO.47,13,BU RINI,1,GUDANG BAIK,2300261,Petalac 2K PU CO Base P.117 Warm Red 0.8LT,5.00,"140,000.00",KL,0.00,0.00,0.00,0.00,"700,000.00",U/P.ALUNATO,1,"INDOWIRA, PT"
JUAL,261.001.654,10/02/2026 0:00,2602090209,T,,N.136,CAPRIFARMINDO,JL.PURNAWARMAN NO.47,13,BU RINI,1,GUDANG BAIK,2300304,Petalac Ext 4:1 CO Base P.143 Duck Grey 0.8LT,10.00,"155,500.00",KL,0.00,0.00,0.00,0.00,"1,555,000.00",U/P.ALUNATO,1,"INDOWIRA, PT"
JUAL,261.001.654,10/02/2026 0:00,2602090209,T,,N.136,CAPRIFARMINDO,JL.PURNAWARMAN NO.47,13,BU RINI,1,GUDANG BAIK,2600032,Petalac 2K PU CO Base Zir 119 Phtallo Green 0.8LT,5.00,"163,000.00",KL,0.00,0.00,0.00,0.00,"815,000.00",U/P.ALUNATO,1,"INDOWIRA, PT"
JUAL,261.001.655,10/02/2026 0:00,2602020028,T,,J.313,ART DECO,JL.SEKEKUKUMBUNG 103 TKI II,J,FRANSISKUS,1,GUDANG BAIK,2104492,Crystal Coat Clear Gloss Hardener 200cc,1.00,"394,000.00",KL,0.00,0.00,0.00,0.00,"394,000.00",via sj.4172/06/2026,1,"INDOWIRA, PT"
JUAL,261.001.656,10/02/2026 0:00,2602020011,T,,K.410,SUMBER JAYA,PUNGKUR 21,L,RUDI *,1,GUDANG BAIK,2101367,Crystal Coat Candytone Golden Oran 1 LITER,12.00,"657,000.00",KL,10.00,5.00,0.00,"1,143,180.00","6,740,820.00",via sj.4205,1,"INDOWIRA, PT"
JUAL,261.001.657,10/02/2026 0:00,2602090210,T,,K.206,ISTANA SABUK,JL.A.YANI 691,L,RUDI *,1,GUDANG BAIK,2101416,Crystal Coat Thinner  1 LITER,3.00,"51,000.00",KL,0.00,0.00,0.00,0.00,"153,000.00",via sj.4203,1,"INDOWIRA, PT"
JUAL,261.001.657,10/02/2026 0:00,2602090210,T,,K.206,ISTANA SABUK,JL.A.YANI 691,L,RUDI *,1,GUDANG BAIK,2101367,Crystal Coat Candytone Golden Oran 1 LITER,1.00,"657,000.00",KL,10.00,5.00,0.00,"95,265.00","561,735.00",via sj.4203,1,"INDOWIRA, PT"
JUAL,261.001.658,10/02/2026 0:00,2602090200,T,,D.616,PB.BAROKAH,CIPANJAR 242 CIWARUGA CIGUGUR GIRANG,Y,KEN - Y,1,GUDANG BAIK,2103922,Shintex Wall Paint Super White 1KG,1.00,"32,000.00",KL,7.50,0.00,0.00,"2,400.00","29,600.00",,1,"INDOWIRA, PT"
JUAL,261.001.659,10/02/2026 0:00,2602090245,T,,R.523,MITRA KARYA PROSPEKTA,PERUM PANGAUBAN JL.RAYA PANGAUBAN DS.PANGAUBAN,13,BU RINI,1,GUDANG BAIK,2200370,Kingkong Wall Paint 110 Irish W 18KG,7.00,"288,000.00",PAIL,0.00,0.00,0.00,0.00,"2,016,000.00",,1,"INDOWIRA, PT"
JUAL,261.001.660,10/02/2026 0:00,2602050145,T,,A.209,NETRAL,PASIRKALIKI 6,Y,KEN - Y,1,GUDANG BAIK,2104145,Wiratex Wall Paint Black 25 KG,2.00,"390,000.00",PL,7.50,0.00,0.00,"58,500.00","721,500.00",,1,"INDOWIRA, PT"
JUAL,261.001.661,10/02/2026 0:00,2602090299,T,,N.815A,FAUZAN,KIDANG PANANJUNG 33 KOTA BARU PARAHYANGAN,13,BU RINI,1,GUDANG BAIK,2100360,Attaboy Multi Colour Paint S6616 4 LTR,1.00,"510,000.00",GLN,0.00,0.00,0.00,0.00,"510,000.00",,1,"INDOWIRA, PT"
JUAL,261.001.662,10/02/2026 0:00,2602090280,T,,GC.60,PUTRA MANDIRI JAYA,JL.JEGANG PAGADUNGAN SAMPING KLINIK NAROM CIBARUSAH,G,JULIANTO,1,GUDANG BAIK,2104863,Shintex Wall Filler 4 KG,20.00,"52,000.00",GL,7.50,0.00,0.00,"78,000.00","962,000.00",,1,"INDOWIRA, PT"
JUAL,261.001.662,10/02/2026 0:00,2602090280,T,,GC.60,PUTRA MANDIRI JAYA,JL.JEGANG PAGADUNGAN SAMPING KLINIK NAROM CIBARUSAH,G,JULIANTO,1,GUDANG BAIK,2200139,Kingkong Wall Paint Super White 4.5Kg,60.00,"76,000.00",GLN,7.50,0.00,0.00,"342,000.00","4,218,000.00",,1,"INDOWIRA, PT"
JUAL,261.001.662,10/02/2026 0:00,2602090280,T,,GC.60,PUTRA MANDIRI JAYA,JL.JEGANG PAGADUNGAN SAMPING KLINIK NAROM CIBARUSAH,G,JULIANTO,1,GUDANG BAIK,2103863,Shintex Wall Filler  1 KG,30.00,"23,000.00",KL,7.50,0.00,0.00,"51,750.00","638,250.00",,1,"INDOWIRA, PT"
JUAL,261.001.663,10/02/2026 0:00,2602090287,T,,G.121,DAMAI/AANG,CIPEUNDEUY CIKALONG,G,JULIANTO,1,GUDANG BAIK,2100006,Alfa Polyester Putty  1 KG,24.00,"39,000.00",KL,5.00,0.00,0.00,"46,800.00","889,200.00",,1,"INDOWIRA, PT"
JUAL,261.001.664,10/02/2026 0:00,2601290747,T,,K.412,"YUNIKO,PD",KEBON JATI 224,14,DEPO BANDUNG,1,GUDANG BAIK,2101367,Crystal Coat Candytone Golden Oran 1 LITER,1.00,"657,000.00",KL,10.00,5.00,0.00,"95,265.00","561,735.00",,1,"INDOWIRA, PT"
JUAL,261.001.665,10/02/2026 0:00,2602090298,T,,J.215,KARYA WARNA,JL.KARASAK LAMA NO.34,J,FRANSISKUS,1,GUDANG BAIK,2101416,Crystal Coat Thinner  1 LITER,1.00,"51,000.00",KL,0.00,0.00,0.00,0.00,"51,000.00",,1,"INDOWIRA, PT"
JUAL,261.001.665,10/02/2026 0:00,2602090298,T,,J.215,KARYA WARNA,JL.KARASAK LAMA NO.34,J,FRANSISKUS,1,GUDANG BAIK,2101366,Crystal Coat Candytone Golden Metal 1 LTS,1.00,"657,000.00",KL,10.00,5.00,0.00,"95,265.00","561,735.00",,1,"INDOWIRA, PT"
JUAL,261.001.667,10/02/2026 0:00,2602090296,T,,K.401,BONTI,HOLIS 222,L,RUDI *,1,GUDANG BAIK,2100043,Adler PU Primer Surfacer 8022 Grey 1 LITER,6.00,"120,000.00",KL,10.00,0.00,0.00,"72,000.00","648,000.00",,1,"INDOWIRA, PT"
JUAL,261.001.667,10/02/2026 0:00,2602090296,T,,K.401,BONTI,HOLIS 222,L,RUDI *,1,GUDANG BAIK,2100068,Adler Primer Surfacer EP 1050  2 LITER SET,6.00,"205,000.00",KL,10.00,0.00,0.00,"123,000.00","1,107,000.00",,1,"INDOWIRA, PT"
JUAL,261.001.682,10/02/2026 0:00,2602090305,T,,K.316,ANTON.,JL.CIMINDI RAYA 162.SATU RUMAH SETELAH L,L,RUDI *,1,GUDANG BAIK,2102837,Petalac 2K PU Hardener Normal  200CC,8.00,"55,000.00",KL,10.00,0.00,0.00,"44,000.00","396,000.00",,1,"INDOWIRA, PT"
JUAL,261.001.682,10/02/2026 0:00,2602090305,T,,K.316,ANTON.,JL.CIMINDI RAYA 162.SATU RUMAH SETELAH L,L,RUDI *,1,GUDANG BAIK,2200050,"Petalac 2K PU Clear Matt MV3 Base 0,8Lt",8.00,"121,000.00",KL,10.00,0.00,0.00,"96,800.00","871,200.00",,1,"INDOWIRA, PT"
JUAL,261.001.682,10/02/2026 0:00,2602090305,T,,K.316,ANTON.,JL.CIMINDI RAYA 162.SATU RUMAH SETELAH L,L,RUDI *,1,GUDANG BAIK,2103219,Protar Cat Proteksi Tahan air 7203 20 KG,1.00,"1,150,000.00",PL,7.50,0.00,0.00,"86,250.00","1,063,750.00",,1,"INDOWIRA, PT"
JUAL,261.001.682,10/02/2026 0:00,2602090305,T,,K.316,ANTON.,JL.CIMINDI RAYA 162.SATU RUMAH SETELAH L,L,RUDI *,1,GUDANG BAIK,2103148,Petalac Thinner PU  20 LTR,1.00,"834,000.00",JRG,0.00,0.00,0.00,0.00,"834,000.00",,1,"INDOWIRA, PT"
JUAL,261.001.683,10/02/2026 0:00,2602090285,T,,J.413,NYOMAN NUARTA,JL.SETRA SARIV/16,J,FRANSISKUS,1,GUDANG BAIK,2100068,Adler Primer Surfacer EP 1050  2 LITER SET,5.00,"205,000.00",KL,0.00,0.00,0.00,0.00,"1,025,000.00",,1,"INDOWIRA, PT"
JUAL,261.001.684,10/02/2026 0:00,2602090286,T,,J.606,SIMPLICITY,CILISUNG BELAKANG 39,J,FRANSISKUS,1,GUDANG BAIK,2102749,Petalac PU Clear Sealer  1 LTR SET,2.00,"121,000.00",KL,10.00,0.00,0.00,"24,200.00","217,800.00",,1,"INDOWIRA, PT"
JUAL,261.001.684,10/02/2026 0:00,2602090286,T,,J.606,SIMPLICITY,CILISUNG BELAKANG 39,J,FRANSISKUS,1,GUDANG BAIK,2102837,Petalac 2K PU Hardener Normal  200CC,2.00,"55,000.00",KL,10.00,0.00,0.00,"11,000.00","99,000.00",,1,"INDOWIRA, PT"
JUAL,261.001.684,10/02/2026 0:00,2602090286,T,,J.606,SIMPLICITY,CILISUNG BELAKANG 39,J,FRANSISKUS,1,GUDANG BAIK,2200050,"Petalac 2K PU Clear Matt MV3 Base 0,8Lt",2.00,"121,000.00",KL,10.00,0.00,0.00,"24,200.00","217,800.00",,1,"INDOWIRA, PT"
JUAL,261.001.686,10/02/2026 0:00,2602090288,T,,K.412,"YUNIKO,PD",KEBON JATI 224,14,DEPO BANDUNG,1,GUDANG BAIK,2100049,Adler Polyester Putty 3002  1 KG SET,60.00,"62,000.00",KL,10.00,0.00,0.00,"372,000.00","3,348,000.00",,1,"INDOWIRA, PT"
JUAL,261.001.687,10/02/2026 0:00,2602090290,T,,L.429,SAMUEL RAY / SUMBER BAHAN,JL.DIAN PERMAI RAYA NO.46,L,RUDI *,1,GUDANG BAIK,2103149,Petalac Thinner PU  5 LTR,3.00,"220,000.00",GLN,0.00,0.00,0.00,0.00,"660,000.00",,1,"INDOWIRA, PT"
JUAL,261.001.687,10/02/2026 0:00,2602090290,T,,L.429,SAMUEL RAY / SUMBER BAHAN,JL.DIAN PERMAI RAYA NO.46,L,RUDI *,1,GUDANG BAIK,2103148,Petalac Thinner PU  20 LTR,1.00,"834,000.00",JRG,0.00,0.00,0.00,0.00,"834,000.00",,1,"INDOWIRA, PT"
JUAL,261.001.688,10/02/2026 0:00,2602090291,T,,X.267,PT.PESONA JATI ABADI,KOTA BALI PADALARANG,R,SIMON QIRENE,1,GUDANG BAIK,2102093,Mascot Wall Filler  25 KG,3.00,"220,000.00",PL,0.00,0.00,0.00,0.00,"660,000.00",,1,"INDOWIRA, PT"
JUAL,261.001.690,10/02/2026 0:00,2602090293,T,,L.219,TB.PUTRA BIJAKSANA,JL.SRIWIJAYA NO.113 BANDUNG,C,YONATHAN,1,GUDANG BAIK,2103863,Shintex Wall Filler  1 KG,12.00,"23,000.00",KL,7.50,0.00,0.00,"20,700.00","255,300.00",,1,"INDOWIRA, PT"
JUAL,261.001.690,10/02/2026 0:00,2602090293,T,,L.219,TB.PUTRA BIJAKSANA,JL.SRIWIJAYA NO.113 BANDUNG,C,YONATHAN,1,GUDANG BAIK,2101643,Kingkong Wall Paint Super White 1 KG,12.00,"27,000.00",KL,7.50,0.00,0.00,"24,300.00","299,700.00",,1,"INDOWIRA, PT"
JUAL,261.001.691,10/02/2026 0:00,2602090294,T,,J.615,DADALI SPORT CENTER,JL.PENGUIN NO.2 KOMP.DADALI,R,SIMON QIRENE,1,GUDANG BAIK,2100067,Adler Primer Surfacer EP 1050  8 LITER SET,2.00,"785,000.00",GLN,10.00,0.00,0.00,"157,000.00","1,413,000.00",,1,"INDOWIRA, PT"
JUAL,261.001.692,10/02/2026 0:00,2602090295,T,,J.313,ART DECO,JL.SEKEKUKUMBUNG 103 TKI II,J,FRANSISKUS,1,GUDANG BAIK,2101412,Crystal Coat Surfacer White 24 KG SET,1.00,"2,156,000.00",PL,10.00,0.00,0.00,"215,600.00","1,940,400.00",,1,"INDOWIRA, PT"
JUAL,261.001.692,10/02/2026 0:00,2602090295,T,,J.313,ART DECO,JL.SEKEKUKUMBUNG 103 TKI II,J,FRANSISKUS,1,GUDANG BAIK,2101421,Crystal Coat Thinner Surfacer  20 LITER,1.00,"700,000.00",JRG,0.00,0.00,0.00,0.00,"700,000.00",,1,"INDOWIRA, PT"
JUAL,261.001.693,10/02/2026 0:00,2602090276,T,,C.210,PRIMA JAYA,KEBON KOPI 66,U,GANIS,1,GUDANG BAIK,2104157,Wiratex Wall Paint 806 Cream 5KG,2.00,"83,000.00",GL,7.50,0.00,0.00,"12,450.00","153,550.00",,1,"INDOWIRA, PT"
JUAL,261.001.693,10/02/2026 0:00,2602090276,T,,C.210,PRIMA JAYA,KEBON KOPI 66,U,GANIS,1,GUDANG BAIK,2104174,Wiratex Wall Paint 833 Mellow 5KG,2.00,"83,000.00",GL,7.50,0.00,0.00,"12,450.00","153,550.00",,1,"INDOWIRA, PT"
JUAL,261.001.693,10/02/2026 0:00,2602090276,T,,C.210,PRIMA JAYA,KEBON KOPI 66,U,GANIS,1,GUDANG BAIK,2104153,Wiratex Wall Paint 801 Spanish 5KG,2.00,"83,000.00",GL,7.50,0.00,0.00,"12,450.00","153,550.00",,1,"INDOWIRA, PT"
JUAL,261.001.693,10/02/2026 0:00,2602090276,T,,C.210,PRIMA JAYA,KEBON KOPI 66,U,GANIS,1,GUDANG BAIK,2104191,Wiratex Wall Paint Putih Salju 5KG,4.00,"83,000.00",GL,7.50,0.00,0.00,"24,900.00","307,100.00",,1,"INDOWIRA, PT"
JUAL,261.001.693,10/02/2026 0:00,2602090276,T,,C.210,PRIMA JAYA,KEBON KOPI 66,U,GANIS,1,GUDANG BAIK,2104147,Wiratex Wall Paint Putih Salju 25 KG,2.00,"390,000.00",PL,7.50,0.00,0.00,"58,500.00","721,500.00",,1,"INDOWIRA, PT"
JUAL,261.001.694,10/02/2026 0:00,2602090278,T,,A.209,NETRAL,PASIRKALIKI 6,Y,KEN - Y,1,GUDANG BAIK,2103625,Petalux Wall Paint Putih Wangi 25 KG,1.00,"765,000.00",PL,7.50,0.00,0.00,"57,375.00","707,625.00",,1,"INDOWIRA, PT"
JUAL,261.001.695,10/02/2026 0:00,2602090279,T,,K.219,HENLEY,JL.SUKAMENAK NO.147 SAMPING MIXUE,L,RUDI *,1,GUDANG BAIK,2101915,Meiji Epoxy Filler  1 LTR SET,6.00,"76,000.00",KL,10.00,0.00,0.00,"45,600.00","410,400.00",,1,"INDOWIRA, PT"
JUAL,261.001.696,10/02/2026 0:00,2602090282,T,,K.406,OPTIMA,JL.SASTRA NO.2,L,RUDI *,1,GUDANG BAIK,2100011,AlFa Polyester Putty  3KG,1.00,"103,000.00",GLN,5.00,0.00,0.00,"5,150.00","97,850.00",,1,"INDOWIRA, PT"
JUAL,261.001.698,10/02/2026 0:00,2602090300,T,,D.622,SETIA,GEGERKALONG GIRANG 145,R,SIMON QIRENE,1,GUDANG BAIK,2103625,Petalux Wall Paint Putih Wangi 25 KG,3.00,"765,000.00",PL,7.50,0.00,0.00,"172,125.00","2,122,875.00",u/proyek griya jambu dipa,1,"INDOWIRA, PT"
JUAL,262.000.151,10/02/2026 0:00,2602050117,T,,G.227,MUTIARA WARNA,JL.SOMAWINATA 14 TANI MULYA,G,JULIANTO,1,GUDANG BAIK,2104955,Bonus Sarung,1.00,0.00,PCS,0.00,0.00,0.00,0.00,0.00,,1,"INDOWIRA, PT"
JUAL,262.000.152,10/02/2026 0:00,2602090274,T,,K.527,PT.AKD,SADANG,14,DEPO BANDUNG,1,GUDANG BAIK,2104955,Bonus Sarung,4.00,0.00,PCS,0.00,0.00,0.00,0.00,0.00,,1,"INDOWIRA, PT"
JUAL,262.000.153,10/02/2026 0:00,2602020011,T,,K.410,SUMBER JAYA,PUNGKUR 21,L,RUDI *,1,GUDANG BAIK,2104955,Bonus Sarung,4.00,0.00,PCS,0.00,0.00,0.00,0.00,0.00,,1,"INDOWIRA, PT"
JUAL,262.000.154,10/02/2026 0:00,2602090280,T,,GC.60,PUTRA MANDIRI JAYA,JL.JEGANG PAGADUNGAN SAMPING KLINIK NAROM CIBARUSAH,G,JULIANTO,1,GUDANG BAIK,2104955,Bonus Sarung,2.00,0.00,PCS,0.00,0.00,0.00,0.00,0.00,,1,"INDOWIRA, PT"
JUAL,262.000.155,10/02/2026 0:00,2602090305,T,,K.316,ANTON.,JL.CIMINDI RAYA 162.SATU RUMAH SETELAH L,L,RUDI *,1,GUDANG BAIK,2104955,Bonus Sarung,1.00,0.00,PCS,0.00,0.00,0.00,0.00,0.00,,1,"INDOWIRA, PT"
JUAL,262.000.156,10/02/2026 0:00,2602090288,T,,K.412,"YUNIKO,PD",KEBON JATI 224,14,DEPO BANDUNG,1,GUDANG BAIK,2104955,Bonus Sarung,1.00,0.00,PCS,0.00,0.00,0.00,0.00,0.00,,1,"INDOWIRA, PT"
JUAL,262.000.157,10/02/2026 0:00,2602090295,T,,J.313,ART DECO,JL.SEKEKUKUMBUNG 103 TKI II,J,FRANSISKUS,1,GUDANG BAIK,2104955,Bonus Sarung,1.00,0.00,PCS,0.00,0.00,0.00,0.00,0.00,,1,"INDOWIRA, PT"
JUAL,262.000.158,10/02/2026 0:00,2602090300,T,,D.622,SETIA,GEGERKALONG GIRANG 145,R,SIMON QIRENE,1,GUDANG BAIK,2104955,Bonus Sarung,1.00,0.00,PCS,0.00,0.00,0.00,0.00,0.00,,1,"INDOWIRA, PT"
JUAL,261.001.705,11/02/2026 0:00,2602110314,T,,K.311,PIPING,KEBON KOPI 76,13,BU RINI,1,GUDANG BAIK,2102837,Petalac 2K PU Hardener Normal  200CC,7.00,"55,000.00",KL,10.00,0.00,0.00,"38,500.00","346,500.00",,1,"INDOWIRA, PT"
JUAL,261.001.705,11/02/2026 0:00,2602110314,T,,K.311,PIPING,KEBON KOPI 76,13,BU RINI,1,GUDANG BAIK,2300092,Petalac Hardener Special Black Matt 200CC,2.00,"55,000.00",KL,10.00,0.00,0.00,"11,000.00","99,000.00",,1,"INDOWIRA, PT"
JUAL,261.001.705,11/02/2026 0:00,2602110314,T,,K.311,PIPING,KEBON KOPI 76,13,BU RINI,1,GUDANG BAIK,2300088,Petalac 2K PU Colour Base Black Matt 0.8LT,2.00,"133,000.00",KL,10.00,0.00,0.00,"26,600.00","239,400.00",,1,"INDOWIRA, PT"
JUAL,261.001.705,11/02/2026 0:00,2602110314,T,,K.311,PIPING,KEBON KOPI 76,13,BU RINI,1,GUDANG BAIK,2500020,Petalac 2K PU CO Base Havana Brown MF Matt 0.8LT,2.00,"142,000.00",KL,10.00,0.00,0.00,"28,400.00","255,600.00",,1,"INDOWIRA, PT"
JUAL,261.001.705,11/02/2026 0:00,2602110314,T,,K.311,PIPING,KEBON KOPI 76,13,BU RINI,1,GUDANG BAIK,2500003,Petalac 2K PU CO Base P.004 Dark Yellow Matt 0.8LT,1.00,"138,000.00",KL,10.00,0.00,0.00,"13,800.00","124,200.00",,1,"INDOWIRA, PT"
JUAL,261.001.705,11/02/2026 0:00,2602110314,T,,K.311,PIPING,KEBON KOPI 76,13,BU RINI,1,GUDANG BAIK,2200074,Petalac 2K PU Colour Special White Matt Base 0.8Lt,4.00,"133,000.00",KL,10.00,0.00,0.00,"53,200.00","478,800.00",,1,"INDOWIRA, PT"
JUAL,261.001.706,11/02/2026 0:00,2602110308,T,,D.211,KARYA AGUNG,LEUWIGAJAH 55,G,JULIANTO,1,GUDANG BAIK,2102076,Meiji Zinc Chromate Primer  5 KG,8.00,"225,000.00",GLN,7.50,0.00,0.00,"135,000.00","1,665,000.00",,1,"INDOWIRA, PT"
JUAL,261.001.707,11/02/2026 0:00,2602110311,T,,D.619,SALUYU,PATROL PARONGPONG,G,JULIANTO,1,GUDANG BAIK,2104183,Wiratex Wall paint 848 5KG,8.00,"83,000.00",GL,7.50,0.00,0.00,"49,800.00","614,200.00",,1,"INDOWIRA, PT"
JUAL,261.001.708,11/02/2026 0:00,2602090252,T,,N.1024,CV.KERTA ABADI MAKMUR,JL.BATA MERAH NO.27 BOJONG CIJERAH,J,FRANSISKUS,1,GUDANG BAIK,2102837,Petalac 2K PU Hardener Normal  200CC,1.00,"55,000.00",KL,0.00,0.00,0.00,0.00,"55,000.00",,1,"INDOWIRA, PT"
JUAL,261.001.708,11/02/2026 0:00,2602090252,T,,N.1024,CV.KERTA ABADI MAKMUR,JL.BATA MERAH NO.27 BOJONG CIJERAH,J,FRANSISKUS,1,GUDANG BAIK,2600027,Petalac 2K PU CO Base Champagne KA Matt 0.8LT,1.00,"140,000.00",KL,0.00,0.00,0.00,0.00,"140,000.00",,1,"INDOWIRA, PT"
JUAL,261.001.709,11/02/2026 0:00,2602110315,T,,L.125,TSJ AUTO,TRS.BUAH BATU NO.32,L,RUDI *,1,GUDANG BAIK,2105139,DALTONE CLEAR COAT HS8021 1.5LTS,1.00,"197,500.00",KL,10.00,0.00,0.00,"19,750.00","177,750.00",,1,"INDOWIRA, PT"
JUAL,261.001.710,11/02/2026 0:00,2602110316,T,,K.405,MAESTRO LAMP,JL.SASTRA NO.3,L,RUDI *,1,GUDANG BAIK,2101419,Crystal Coat Thinner  5 LITER,2.00,"221,000.00",GLN,0.00,0.00,0.00,0.00,"442,000.00",,1,"INDOWIRA, PT"
JUAL,261.001.710,11/02/2026 0:00,2602110316,T,,K.405,MAESTRO LAMP,JL.SASTRA NO.3,L,RUDI *,1,GUDANG BAIK,2101365,Crystal Coat Candytone Golden Lacq 1 LITER,5.00,"657,000.00",KL,10.00,5.00,0.00,"476,325.00","2,808,675.00",,1,"INDOWIRA, PT"
JUAL,261.001.711,11/02/2026 0:00,2602090194,T,,J.413,NYOMAN NUARTA,JL.SETRA SARIV/16,J,FRANSISKUS,1,GUDANG BAIK,2400180,Petalac 2K PU CO Base Abu Matt 0.8LT,25.00,"145,000.00",KL,0.00,0.00,0.00,0.00,"3,625,000.00",,1,"INDOWIRA, PT"
JUAL,261.001.711,11/02/2026 0:00,2602090194,T,,J.413,NYOMAN NUARTA,JL.SETRA SARIV/16,J,FRANSISKUS,1,GUDANG BAIK,2102840,Petalac 2K PU Hardener Special  200 CC,25.00,"55,000.00",KL,0.00,0.00,0.00,0.00,"1,375,000.00",,1,"INDOWIRA, PT"
JUAL,261.001.711,11/02/2026 0:00,2602090194,T,,J.413,NYOMAN NUARTA,JL.SETRA SARIV/16,J,FRANSISKUS,1,GUDANG BAIK,2103148,Petalac Thinner PU  20 LTR,1.00,"834,000.00",JRG,0.00,0.00,0.00,0.00,"834,000.00",,1,"INDOWIRA, PT"
JUAL,261.001.712,11/02/2026 0:00,2602110317,T,,A.313,TEGUH,CIROYOM 49,U,GANIS,1,GUDANG BAIK,2104191,Wiratex Wall Paint Putih Salju 5KG,8.00,"83,000.00",GL,7.50,0.00,0.00,"49,800.00","614,200.00",,1,"INDOWIRA, PT"
JUAL,261.001.713,11/02/2026 0:00,2602110310,T,,N.1094,RIDWAN,"GALERI AL-QOSBAH JL.GEDE BAGE UTAMA KAV.6,7,9",13,BU RINI,1,GUDANG BAIK,2102068,Meiji Zinc Chromate Primer Broken Whit 20 KG,10.00,"825,000.00",PL,5.00,0.00,0.00,"412,500.00","7,837,500.00",,1,"INDOWIRA, PT"
JUAL,261.001.715,11/02/2026 0:00,2602110319,T,,W.537,CUNCUN WIJAYA,JL.RAYA DAYEUH KOLOT NO.471,R,SIMON QIRENE,1,GUDANG BAIK,2103625,Petalux Wall Paint Putih Wangi 25 KG,1.00,"505,000.00",PL,0.00,0.00,0.00,0.00,"505,000.00",u/p.anton,1,"INDOWIRA, PT"
JUAL,261.001.716,11/02/2026 0:00,2602090243,T,,C.144,LANGGENG BAJA,JL.NANJUNG NO.3A (SAMPING PABRIK GISTEX)MARGA ASIH,C,YONATHAN,1,GUDANG BAIK,2100006,Alfa Polyester Putty  1 KG,12.00,"39,000.00",KL,5.00,0.00,0.00,"23,400.00","444,600.00",PENGGANTI NF 262.000141,1,"INDOWIRA, PT"
JUAL,261.001.717,11/02/2026 0:00,2602110321,T,,J.103,PT.AKARA INTER DESAIN,JL.INDUSTRI II NO.7A RT.006 RW.009 UTAMA,J,FRANSISKUS,1,GUDANG BAIK,2100011,AlFa Polyester Putty  3KG,2.00,"103,000.00",GLN,5.00,0.00,0.00,"10,300.00","195,700.00",,1,"INDOWIRA, PT"
JUAL,261.001.717,11/02/2026 0:00,2602110321,T,,J.103,PT.AKARA INTER DESAIN,JL.INDUSTRI II NO.7A RT.006 RW.009 UTAMA,J,FRANSISKUS,1,GUDANG BAIK,2100029,Adler Epoxy Undercoat  1 LITER,2.00,"105,000.00",KL,10.00,0.00,0.00,"21,000.00","189,000.00",,1,"INDOWIRA, PT"
JUAL,261.001.717,11/02/2026 0:00,2602110321,T,,J.103,PT.AKARA INTER DESAIN,JL.INDUSTRI II NO.7A RT.006 RW.009 UTAMA,J,FRANSISKUS,1,GUDANG BAIK,2100068,Adler Primer Surfacer EP 1050  2 LITER SET,2.00,"205,000.00",KL,10.00,0.00,0.00,"41,000.00","369,000.00",,1,"INDOWIRA, PT"
JUAL,261.001.718,11/02/2026 0:00,2602110322,T,,J.103,PT.AKARA INTER DESAIN,JL.INDUSTRI II NO.7A RT.006 RW.009 UTAMA,J,FRANSISKUS,1,GUDANG BAIK,2103149,Petalac Thinner PU  5 LTR,1.00,"220,000.00",GLN,0.00,0.00,0.00,0.00,"220,000.00",,1,"INDOWIRA, PT"
JUAL,261.001.718,11/02/2026 0:00,2602110322,T,,J.103,PT.AKARA INTER DESAIN,JL.INDUSTRI II NO.7A RT.006 RW.009 UTAMA,J,FRANSISKUS,1,GUDANG BAIK,2200112,Petalac Hardener Special M20 0.2Lt,2.00,"55,000.00",KL,10.00,0.00,0.00,"11,000.00","99,000.00",,1,"INDOWIRA, PT"
JUAL,261.001.718,11/02/2026 0:00,2602110322,T,,J.103,PT.AKARA INTER DESAIN,JL.INDUSTRI II NO.7A RT.006 RW.009 UTAMA,J,FRANSISKUS,1,GUDANG BAIK,2200049,Petalac 2K PU Clear Matt M20 Base 0.8Lt,2.00,"110,000.00",KL,10.00,0.00,0.00,"22,000.00","198,000.00",,1,"INDOWIRA, PT"
JUAL,261.001.724,11/02/2026 0:00,2602090263,T,,K.405,MAESTRO LAMP,JL.SASTRA NO.3,L,RUDI *,1,GUDANG BAIK,2101416,Crystal Coat Thinner  1 LITER,2.00,"51,000.00",KL,0.00,0.00,0.00,0.00,"102,000.00",,1,"INDOWIRA, PT"
JUAL,261.001.724,11/02/2026 0:00,2602090263,T,,K.405,MAESTRO LAMP,JL.SASTRA NO.3,L,RUDI *,1,GUDANG BAIK,2101398,Crystal Coat Clear Supermatt MV3 1 Lts,1.00,"657,000.00",KL,10.00,0.00,0.00,"65,700.00","591,300.00",,1,"INDOWIRA, PT"
JUAL,261.001.725,11/02/2026 0:00,2602060169,T,,J.573,SAPI UNGGUL INDONESIA,JL.RIAU NO.201,J,FRANSISKUS,1,GUDANG BAIK,2600030,Petalux Wall Paint NCS S1002-Y 5KG,1.00,"159,000.00",GLN,0.00,0.00,0.00,0.00,"159,000.00",,1,"INDOWIRA, PT"
JUAL,261.001.725,11/02/2026 0:00,2602060169,T,,J.573,SAPI UNGGUL INDONESIA,JL.RIAU NO.201,J,FRANSISKUS,1,GUDANG BAIK,2600029,Petalux Wall Paint NCS S7020-Y40R 5KG,1.00,"158,000.00",GLN,0.00,0.00,0.00,0.00,"158,000.00",,1,"INDOWIRA, PT"
JUAL,261.001.726,11/02/2026 0:00,2602090222,T,,K.405,MAESTRO LAMP,JL.SASTRA NO.3,L,RUDI *,1,GUDANG BAIK,2500162,Crystal Coat For Metal Gloss Clear Gloss 1Lts,1.00,"716,000.00",KL,10.00,0.00,0.00,"71,600.00","644,400.00",,1,"INDOWIRA, PT"
JUAL,261.001.727,11/02/2026 0:00,2602060176,T,,K.410,SUMBER JAYA,PUNGKUR 21,L,RUDI *,1,GUDANG BAIK,2101367,Crystal Coat Candytone Golden Oran 1 LITER,2.00,"657,000.00",KL,10.00,5.00,0.00,"190,530.00","1,123,470.00",,1,"INDOWIRA, PT"
JUAL,261.001.728,11/02/2026 0:00,2602110342,T,,K.410,SUMBER JAYA,PUNGKUR 21,L,RUDI *,1,GUDANG BAIK,2101367,Crystal Coat Candytone Golden Oran 1 LITER,1.00,"657,000.00",KL,10.00,5.00,0.00,"95,265.00","561,735.00",,1,"INDOWIRA, PT"
JUAL,261.001.729,11/02/2026 0:00,2602060186,T,,H.187,PURA BAJA (PONCOL JAYA 2),"DEPAN MATRIAL SINAR JAYA BANGUNAN JL.RAYA TONJONG ,CIMANGGIS ",H1,MIMING,1,GUDANG BAIK,2102079,Meiji Zinc Chromate Primer Grey 5 KG,4.00,"225,000.00",GLN,7.50,0.00,0.00,"67,500.00","832,500.00",,1,"INDOWIRA, PT"
JUAL,261.001.729,11/02/2026 0:00,2602060186,T,,H.187,PURA BAJA (PONCOL JAYA 2),"DEPAN MATRIAL SINAR JAYA BANGUNAN JL.RAYA TONJONG ,CIMANGGIS ",H1,MIMING,1,GUDANG BAIK,2100006,Alfa Polyester Putty  1 KG,24.00,"39,000.00",KL,5.00,0.00,0.00,"46,800.00","889,200.00",,1,"INDOWIRA, PT"
JUAL,261.001.729,11/02/2026 0:00,2602060186,T,,H.187,PURA BAJA (PONCOL JAYA 2),"DEPAN MATRIAL SINAR JAYA BANGUNAN JL.RAYA TONJONG ,CIMANGGIS ",H1,MIMING,1,GUDANG BAIK,2102069,Meiji Zinc Chromate Primer Grey 20 KG,1.00,"825,000.00",PL,7.50,0.00,0.00,"61,875.00","763,125.00",,1,"INDOWIRA, PT"
JUAL,261.001.729,11/02/2026 0:00,2602060186,T,,H.187,PURA BAJA (PONCOL JAYA 2),"DEPAN MATRIAL SINAR JAYA BANGUNAN JL.RAYA TONJONG ,CIMANGGIS ",H1,MIMING,1,GUDANG BAIK,2102073,Meiji Zinc Chromate Primer Black 20 KG,1.00,"825,000.00",PL,7.50,0.00,0.00,"61,875.00","763,125.00",,1,"INDOWIRA, PT"
JUAL,261.001.730,11/02/2026 0:00,2602090225,T,,H.733A,SUMBER USAHA,LANBAU CITEUREUP,H,YANSENG,1,GUDANG BAIK,2104184,Wiratex Wall Paint 849 5KG,4.00,"83,000.00",GL,7.50,0.00,0.00,"24,900.00","307,100.00",,1,"INDOWIRA, PT"
JUAL,261.001.730,11/02/2026 0:00,2602090225,T,,H.733A,SUMBER USAHA,LANBAU CITEUREUP,H,YANSENG,1,GUDANG BAIK,2104166,Wiratex Wall Paint 824 Durian 5KG,4.00,"83,000.00",GL,7.50,0.00,0.00,"24,900.00","307,100.00",,1,"INDOWIRA, PT"
JUAL,261.001.730,11/02/2026 0:00,2602090225,T,,H.733A,SUMBER USAHA,LANBAU CITEUREUP,H,YANSENG,1,GUDANG BAIK,2104163,Wiratex Wall Paint 820 Apple W 5KG,4.00,"83,000.00",GL,7.50,0.00,0.00,"24,900.00","307,100.00",,1,"INDOWIRA, PT"
JUAL,261.001.730,11/02/2026 0:00,2602090225,T,,H.733A,SUMBER USAHA,LANBAU CITEUREUP,H,YANSENG,1,GUDANG BAIK,2104192,Wiratex Wall Paint Super White 5KG,24.00,"83,000.00",GL,7.50,0.00,0.00,"149,400.00","1,842,600.00",,1,"INDOWIRA, PT"
JUAL,261.001.730,11/02/2026 0:00,2602090225,T,,H.733A,SUMBER USAHA,LANBAU CITEUREUP,H,YANSENG,1,GUDANG BAIK,2102066,Meiji Zinc Chromate Primer  20 KG,1.00,"825,000.00",PL,7.50,0.00,0.00,"61,875.00","763,125.00",,1,"INDOWIRA, PT"
JUAL,261.001.730,11/02/2026 0:00,2602090225,T,,H.733A,SUMBER USAHA,LANBAU CITEUREUP,H,YANSENG,1,GUDANG BAIK,2104148,Wiratex Wall Paint Super White 25 KG,5.00,"390,000.00",PL,7.50,0.00,0.00,"146,250.00","1,803,750.00",,1,"INDOWIRA, PT"
JUAL,261.001.730,11/02/2026 0:00,2602090225,T,,H.733A,SUMBER USAHA,LANBAU CITEUREUP,H,YANSENG,1,GUDANG BAIK,2102069,Meiji Zinc Chromate Primer Grey 20 KG,2.00,"825,000.00",PL,7.50,0.00,0.00,"123,750.00","1,526,250.00",,1,"INDOWIRA, PT"
JUAL,261.001.731,11/02/2026 0:00,2602090284,T,,H.187,PURA BAJA (PONCOL JAYA 2),"DEPAN MATRIAL SINAR JAYA BANGUNAN JL.RAYA TONJONG ,CIMANGGIS ",H1,MIMING,1,GUDANG BAIK,2102069,Meiji Zinc Chromate Primer Grey 20 KG,2.00,"825,000.00",PL,7.50,0.00,0.00,"123,750.00","1,526,250.00",,1,"INDOWIRA, PT"
JUAL,261.001.732,11/02/2026 0:00,2602090255,T,,H.733C,SUMBER USAHA,GUNUNG PUTRI,H,YANSENG,1,GUDANG BAIK,2102077,Meiji Zinc Chromate Primer Black 5 KG,4.00,"225,000.00",GLN,7.50,0.00,0.00,"67,500.00","832,500.00",,1,"INDOWIRA, PT"
JUAL,261.001.732,11/02/2026 0:00,2602090255,T,,H.733C,SUMBER USAHA,GUNUNG PUTRI,H,YANSENG,1,GUDANG BAIK,2102062,Meiji Zinc Chromate Primer Black 1 KG,24.00,"51,000.00",KL,7.50,0.00,0.00,"91,800.00","1,132,200.00",,1,"INDOWIRA, PT"
JUAL,261.001.732,11/02/2026 0:00,2602090255,T,,H.733C,SUMBER USAHA,GUNUNG PUTRI,H,YANSENG,1,GUDANG BAIK,2104127,Wiratex Wall Paint 830 Blue Be 25 KG,1.00,"390,000.00",PL,7.50,0.00,0.00,"29,250.00","360,750.00",,1,"INDOWIRA, PT"
JUAL,261.001.733,11/02/2026 0:00,2602090289,T,,H.181,MANDIRI PAINT DUCO,JL.RADEN KAN'ANRT.05 RW.04 TANAH BARU BOGOR UTARA,H1,MIMING,1,GUDANG BAIK,2100011,AlFa Polyester Putty  3KG,12.00,"103,000.00",GLN,5.00,0.00,0.00,"61,800.00","1,174,200.00",,1,"INDOWIRA, PT"
JUAL,261.001.733,11/02/2026 0:00,2602090289,T,,H.181,MANDIRI PAINT DUCO,JL.RADEN KAN'ANRT.05 RW.04 TANAH BARU BOGOR UTARA,H1,MIMING,1,GUDANG BAIK,2100006,Alfa Polyester Putty  1 KG,24.00,"39,000.00",KL,5.00,0.00,0.00,"46,800.00","889,200.00",,1,"INDOWIRA, PT"
JUAL,261.001.733,11/02/2026 0:00,2602090289,T,,H.181,MANDIRI PAINT DUCO,JL.RADEN KAN'ANRT.05 RW.04 TANAH BARU BOGOR UTARA,H1,MIMING,1,GUDANG BAIK,2101915,Meiji Epoxy Filler  1 LTR SET,22.00,"76,000.00",KL,5.00,0.00,0.00,"83,600.00","1,588,400.00",,1,"INDOWIRA, PT"
JUAL,261.001.736,11/02/2026 0:00,2602090303,T,,H.733F,SUMBER USAHA CITEUREUP,Citeureup,H,YANSENG,1,GUDANG BAIK,2104184,Wiratex Wall Paint 849 5KG,4.00,"83,000.00",GL,7.50,0.00,0.00,"24,900.00","307,100.00",,1,"INDOWIRA, PT"
JUAL,261.001.736,11/02/2026 0:00,2602090303,T,,H.733F,SUMBER USAHA CITEUREUP,Citeureup,H,YANSENG,1,GUDANG BAIK,2104183,Wiratex Wall paint 848 5KG,4.00,"83,000.00",GL,7.50,0.00,0.00,"24,900.00","307,100.00",,1,"INDOWIRA, PT"
JUAL,261.001.736,11/02/2026 0:00,2602090303,T,,H.733F,SUMBER USAHA CITEUREUP,Citeureup,H,YANSENG,1,GUDANG BAIK,2104157,Wiratex Wall Paint 806 Cream 5KG,4.00,"83,000.00",GL,7.50,0.00,0.00,"24,900.00","307,100.00",,1,"INDOWIRA, PT"
JUAL,261.001.736,11/02/2026 0:00,2602090303,T,,H.733F,SUMBER USAHA CITEUREUP,Citeureup,H,YANSENG,1,GUDANG BAIK,2104174,Wiratex Wall Paint 833 Mellow 5KG,4.00,"83,000.00",GL,7.50,0.00,0.00,"24,900.00","307,100.00",,1,"INDOWIRA, PT"
JUAL,261.001.736,11/02/2026 0:00,2602090303,T,,H.733F,SUMBER USAHA CITEUREUP,Citeureup,H,YANSENG,1,GUDANG BAIK,2104182,Wiratex Wall Paint 847 Spring 5KG,4.00,"83,000.00",GL,7.50,0.00,0.00,"24,900.00","307,100.00",,1,"INDOWIRA, PT"
JUAL,261.001.736,11/02/2026 0:00,2602090303,T,,H.733F,SUMBER USAHA CITEUREUP,Citeureup,H,YANSENG,1,GUDANG BAIK,2104170,Wiratex Wall Paint 829 Deep Pi 5KG,4.00,"83,000.00",GL,7.50,0.00,0.00,"24,900.00","307,100.00",,1,"INDOWIRA, PT"
JUAL,261.001.736,11/02/2026 0:00,2602090303,T,,H.733F,SUMBER USAHA CITEUREUP,Citeureup,H,YANSENG,1,GUDANG BAIK,2104160,Wiratex Wall Paint 809 Jonquil 5KG,4.00,"83,000.00",GL,7.50,0.00,0.00,"24,900.00","307,100.00",,1,"INDOWIRA, PT"
JUAL,261.001.736,11/02/2026 0:00,2602090303,T,,H.733F,SUMBER USAHA CITEUREUP,Citeureup,H,YANSENG,1,GUDANG BAIK,2200139,Kingkong Wall Paint Super White 4.5Kg,20.00,"76,000.00",GLN,7.50,0.00,0.00,"114,000.00","1,406,000.00",,1,"INDOWIRA, PT"
JUAL,261.001.736,11/02/2026 0:00,2602090303,T,,H.733F,SUMBER USAHA CITEUREUP,Citeureup,H,YANSENG,1,GUDANG BAIK,2104119,Wiratex Wall Paint 820 Apple W 25 KG,1.00,"390,000.00",PL,7.50,0.00,0.00,"29,250.00","360,750.00",,1,"INDOWIRA, PT"
JUAL,261.001.736,11/02/2026 0:00,2602090303,T,,H.733F,SUMBER USAHA CITEUREUP,Citeureup,H,YANSENG,1,GUDANG BAIK,2104109,Wiratex Wall Paint 801 Spanish 25 KG,1.00,"390,000.00",PL,7.50,0.00,0.00,"29,250.00","360,750.00",,1,"INDOWIRA, PT"
JUAL,261.001.737,11/02/2026 0:00,2602110309,T,,H.180,KCN SS,BOGOR,H,YANSENG,1,GUDANG BAIK,2101924,Meiji Gum Sealer  1 LTR SET,24.00,"164,000.00",KL,7.50,3.00,0.00,"404,424.00","3,531,576.00",,1,"INDOWIRA, PT"
JUAL,261.001.738,11/02/2026 0:00,2602090226,T,,H.100,TOKO YAN SENG,,H,YANSENG,4,GUDANG BOGOR,2200143,Kingkong Wall Paint 121 Shapire 18KG,1.00,"288,000.00",PAIL,7.50,0.00,0.00,"21,600.00","266,400.00",PAK SISWANTO,1,"INDOWIRA, PT"
JUAL,261.001.738,11/02/2026 0:00,2602090226,T,,H.100,TOKO YAN SENG,,H,YANSENG,4,GUDANG BOGOR,2200287,Kingkong Wall Paint 131 Spring 18 Kg,1.00,"288,000.00",PAIL,7.50,0.00,0.00,"21,600.00","266,400.00",PAK SISWANTO,1,"INDOWIRA, PT"
JUAL,261.001.738,11/02/2026 0:00,2602090226,T,,H.100,TOKO YAN SENG,,H,YANSENG,4,GUDANG BOGOR,2200342,Kingkong Wall Paint 124 Blue La 18KG,3.00,"288,000.00",PAIL,7.50,0.00,0.00,"64,800.00","799,200.00",PAK SISWANTO,1,"INDOWIRA, PT"
JUAL,261.001.739,11/02/2026 0:00,2602090226,T,,H.100,TOKO YAN SENG,,H,YANSENG,4,GUDANG BOGOR,2200139,Kingkong Wall Paint Super White 4.5Kg,1.00,"76,000.00",GLN,7.50,0.00,0.00,"5,700.00","70,300.00",PAK SISWANTO,1,"INDOWIRA, PT"
JUAL,261.001.740,11/02/2026 0:00,2602090242,T,,H.218,INDAH WARNA,JL. Raya Galuga KM 195,H1,MIMING,1,GUDANG BAIK,2102066,Meiji Zinc Chromate Primer  20 KG,1.00,"825,000.00",PL,7.50,0.00,0.00,"61,875.00","763,125.00",,1,"INDOWIRA, PT"
JUAL,261.001.741,11/02/2026 0:00,2602090277,T,,H.180,KCN SS,BOGOR,H,YANSENG,1,GUDANG BAIK,2102073,Meiji Zinc Chromate Primer Black 20 KG,1.00,"825,000.00",PL,7.50,0.00,0.00,"61,875.00","763,125.00",,1,"INDOWIRA, PT"
JUAL,261.001.742,11/02/2026 0:00,2602090227,T,,H.362,TB.DKK BAJA TAJUR HALANG,"JL.TAJUR HALANG RAYA,BOMANG BOGOR",H,YANSENG,1,GUDANG BAIK,2102066,Meiji Zinc Chromate Primer  20 KG,10.00,"825,000.00",PL,7.50,0.00,0.00,"618,750.00","7,631,250.00",,1,"INDOWIRA, PT"
JUAL,261.001.742,11/02/2026 0:00,2602090227,T,,H.362,TB.DKK BAJA TAJUR HALANG,"JL.TAJUR HALANG RAYA,BOMANG BOGOR",H,YANSENG,1,GUDANG BAIK,2102074,Meiji Zinc Chromate Light Grey 20 KG,10.00,"825,000.00",PL,7.50,0.00,0.00,"618,750.00","7,631,250.00",,1,"INDOWIRA, PT"
JUAL,261.001.743,11/02/2026 0:00,2602110327,T,,H.747,HANINDIRA,GRAHA FURNITUR ADICITRA KP.CINAGARA NO.81 BOGOR,H,YANSENG,1,GUDANG BAIK,2101387,Crystal Coat Clear Gloss  1 LITER,1.00,"657,000.00",KL,0.00,0.00,0.00,0.00,"657,000.00",,1,"INDOWIRA, PT"
JUAL,261.001.743,11/02/2026 0:00,2602110327,T,,H.747,HANINDIRA,GRAHA FURNITUR ADICITRA KP.CINAGARA NO.81 BOGOR,H,YANSENG,1,GUDANG BAIK,2101391,Crystal Coat Clear Matt MV3 1 LITER,1.00,"657,000.00",KL,0.00,0.00,0.00,0.00,"657,000.00",,1,"INDOWIRA, PT"
JUAL,261.001.744,11/02/2026 0:00,2602090224,T,,H.180,KCN SS,BOGOR,H,YANSENG,1,GUDANG BAIK,2101924,Meiji Gum Sealer  1 LTR SET,18.00,"164,000.00",KL,7.50,3.00,0.00,"303,318.00","2,648,682.00",,1,"INDOWIRA, PT"
JUAL,261.001.745,11/02/2026 0:00,2602050136,T,,H.353,JAYAKARTA,JL.KIS MANGUNSARKOSO NO.26 PAMOYANAN,H,YANSENG,1,GUDANG BAIK,2200122,Shintex Wall paint 9213 5KG,3.00,"110,000.00",GLN,7.50,0.00,0.00,"24,750.00","305,250.00",,1,"INDOWIRA, PT"
JUAL,261.001.745,11/02/2026 0:00,2602050136,T,,H.353,JAYAKARTA,JL.KIS MANGUNSARKOSO NO.26 PAMOYANAN,H,YANSENG,1,GUDANG BAIK,2104005,Shintex Wall Paint 9105 Samoa 5KG,3.00,"110,000.00",GLN,7.50,0.00,0.00,"24,750.00","305,250.00",,1,"INDOWIRA, PT"
JUAL,261.001.745,11/02/2026 0:00,2602050136,T,,H.353,JAYAKARTA,JL.KIS MANGUNSARKOSO NO.26 PAMOYANAN,H,YANSENG,1,GUDANG BAIK,2103818,Shintex Cat Genteng 315 Side Gr 4KG,2.00,"185,000.00",GLN,7.50,0.00,0.00,"27,750.00","342,250.00",,1,"INDOWIRA, PT"
JUAL,261.001.745,11/02/2026 0:00,2602050136,T,,H.353,JAYAKARTA,JL.KIS MANGUNSARKOSO NO.26 PAMOYANAN,H,YANSENG,1,GUDANG BAIK,2103922,Shintex Wall Paint Super White 1KG,12.00,"32,000.00",KL,7.50,0.00,0.00,"28,800.00","355,200.00",,1,"INDOWIRA, PT"
JUAL,261.001.745,11/02/2026 0:00,2602050136,T,,H.353,JAYAKARTA,JL.KIS MANGUNSARKOSO NO.26 PAMOYANAN,H,YANSENG,1,GUDANG BAIK,2102129,Mascot Wall Paint Super White 20 KG,18.00,"215,000.00",PL,7.50,0.00,0.00,"290,250.00","3,579,750.00",,1,"INDOWIRA, PT"
JUAL,261.001.747,11/02/2026 0:00,2602020039,T,,U.217,CELLCO,GATSU 43 A,13,BU RINI,1,GUDANG BAIK,2100346,Attaboy Multi Colour Paint S6612 4 LTR,1.00,"510,000.00",GLN,0.00,0.00,0.00,0.00,"510,000.00",,1,"INDOWIRA, PT"
JUAL,261.001.748,11/02/2026 0:00,2602040093,T,,O.125,"JAYAKARTA,HTL",IR.H.JUANDA,13,BU RINI,1,GUDANG BAIK,2101330,Attaboy Wall Putty Instant Powder  2 KG,10.00,"33,000.00",BKS,0.00,0.00,0.00,0.00,"330,000.00",,1,"INDOWIRA, PT"
JUAL,261.001.748,11/02/2026 0:00,2602040093,T,,O.125,"JAYAKARTA,HTL",IR.H.JUANDA,13,BU RINI,1,GUDANG BAIK,2103611,Petalux Pos Wall Paint HJ Catty Mery gold 25 KG,1.00,"765,000.00",PL,0.00,0.00,0.00,0.00,"765,000.00",,1,"INDOWIRA, PT"
JUAL,261.001.749,11/02/2026 0:00,2602090245,T,,R.523,MITRA KARYA PROSPEKTA,PERUM PANGAUBAN JL.RAYA PANGAUBAN DS.PANGAUBAN,13,BU RINI,1,GUDANG BAIK,2104093,Wiratex Ceiling & Gypsum Paint Putih Prima 5 KG,1.00,"79,000.00",GLN,0.00,0.00,0.00,0.00,"79,000.00",,1,"INDOWIRA, PT"
JUAL,261.001.750,11/02/2026 0:00,2602110316,T,,K.405,MAESTRO LAMP,JL.SASTRA NO.3,L,RUDI *,1,GUDANG BAIK,2101363,Crystal Coat Candytone Copper 1Lts,1.00,"657,000.00",KL,10.00,5.00,0.00,"95,265.00","561,735.00",K/WORKSHOP,1,"INDOWIRA, PT"
JUAL,261.001.750,11/02/2026 0:00,2602110316,T,,K.405,MAESTRO LAMP,JL.SASTRA NO.3,L,RUDI *,1,GUDANG BAIK,2101398,Crystal Coat Clear Supermatt MV3 1 Lts,2.00,"657,000.00",KL,10.00,0.00,0.00,"131,400.00","1,182,600.00",K/WORKSHOP,1,"INDOWIRA, PT"
JUAL,261.001.751,11/02/2026 0:00,2602110347,T,,R.523,MITRA KARYA PROSPEKTA,PERUM PANGAUBAN JL.RAYA PANGAUBAN DS.PANGAUBAN,13,BU RINI,1,GUDANG BAIK,2300063,Kingkong Wall Paint 110 Irish W 4.5KG,2.00,"76,000.00",GLN,0.00,0.00,0.00,0.00,"152,000.00",,1,"INDOWIRA, PT"
JUAL,261.001.751,11/02/2026 0:00,2602110347,T,,R.523,MITRA KARYA PROSPEKTA,PERUM PANGAUBAN JL.RAYA PANGAUBAN DS.PANGAUBAN,13,BU RINI,1,GUDANG BAIK,2200252,Kingkong Wall Paint 128 Minimal 4.5KG,1.00,"76,000.00",GLN,0.00,0.00,0.00,0.00,"76,000.00",,1,"INDOWIRA, PT"
JUAL,261.001.752,11/02/2026 0:00,2602110346,T,,D.223,TB.PUTRA ABADI,JL.BIMA NO.129 022-6123038,Y,KEN - Y,1,GUDANG BAIK,2104863,Shintex Wall Filler 4 KG,8.00,"52,000.00",GL,7.50,0.00,0.00,"31,200.00","384,800.00",,1,"INDOWIRA, PT"
JUAL,261.001.753,11/02/2026 0:00,2602110344,T,,G.227,MUTIARA WARNA,JL.SOMAWINATA 14 TANI MULYA,G,JULIANTO,1,GUDANG BAIK,2104113,Wiratex Wall Paint 806 Cream 25 KG,1.00,"390,000.00",PL,7.50,0.00,0.00,"29,250.00","360,750.00",K/CV.TIMBUL JAYA - CIPADUNG,1,"INDOWIRA, PT"
JUAL,261.001.756,11/02/2026 0:00,2602110332,T,,K.331,ATEP,JL.MANGLID NO.10,L,RUDI *,1,GUDANG BAIK,2104494,Daltone Clear CoaT MS 4100 1LTS,6.00,"112,000.00",KL,10.00,0.00,0.00,"67,200.00","604,800.00",,1,"INDOWIRA, PT"
JUAL,261.001.756,11/02/2026 0:00,2602110332,T,,K.331,ATEP,JL.MANGLID NO.10,L,RUDI *,1,GUDANG BAIK,2100057,Adler Primer Surfacer EP 1050 Base 1lt,1.00,"138,000.00",LT,0.00,0.00,0.00,0.00,"138,000.00",,1,"INDOWIRA, PT"
JUAL,261.001.758,11/02/2026 0:00,2602110334,T,,K.405,MAESTRO LAMP,JL.SASTRA NO.3,L,RUDI *,1,GUDANG BAIK,2101419,Crystal Coat Thinner  5 LITER,1.00,"221,000.00",GLN,0.00,0.00,0.00,0.00,"221,000.00",,1,"INDOWIRA, PT"
JUAL,261.001.758,11/02/2026 0:00,2602110334,T,,K.405,MAESTRO LAMP,JL.SASTRA NO.3,L,RUDI *,1,GUDANG BAIK,2101365,Crystal Coat Candytone Golden Lacq 1 LITER,1.00,"657,000.00",KL,10.00,5.00,0.00,"95,265.00","561,735.00",,1,"INDOWIRA, PT"
JUAL,261.001.760,11/02/2026 0:00,2602110336,T,,T.282,TB.PUTRA SEJATI,JL.RAYA BATU JAJAR,C,YONATHAN,1,GUDANG BAIK,2103922,Shintex Wall Paint Super White 1KG,12.00,"32,000.00",KL,7.50,0.00,0.00,"28,800.00","355,200.00",,1,"INDOWIRA, PT"
JUAL,262.000.159,11/02/2026 0:00,2602110316,T,,K.405,MAESTRO LAMP,JL.SASTRA NO.3,L,RUDI *,1,GUDANG BAIK,2104955,Bonus Sarung,1.00,0.00,PCS,0.00,0.00,0.00,0.00,0.00,,1,"INDOWIRA, PT"
JUAL,262.000.160,11/02/2026 0:00,2602060186,T,,H.187,PURA BAJA (PONCOL JAYA 2),"DEPAN MATRIAL SINAR JAYA BANGUNAN JL.RAYA TONJONG ,CIMANGGIS ",H1,MIMING,1,GUDANG BAIK,2104955,Bonus Sarung,1.00,0.00,PCS,0.00,0.00,0.00,0.00,0.00,,1,"INDOWIRA, PT"
JUAL,262.000.161,11/02/2026 0:00,2602090225,T,,H.733A,SUMBER USAHA,LANBAU CITEUREUP,H,YANSENG,1,GUDANG BAIK,2104955,Bonus Sarung,3.00,0.00,PCS,0.00,0.00,0.00,0.00,0.00,,1,"INDOWIRA, PT"
JUAL,262.000.162,11/02/2026 0:00,2602090255,T,,H.733C,SUMBER USAHA,GUNUNG PUTRI,H,YANSENG,1,GUDANG BAIK,2104955,Bonus Sarung,1.00,0.00,PCS,0.00,0.00,0.00,0.00,0.00,,1,"INDOWIRA, PT"
JUAL,262.000.163,11/02/2026 0:00,2602090289,T,,H.181,MANDIRI PAINT DUCO,JL.RADEN KAN'ANRT.05 RW.04 TANAH BARU BOGOR UTARA,H1,MIMING,1,GUDANG BAIK,2101915,Meiji Epoxy Filler  1 LTR SET,2.00,0.00,KL,0.00,0.00,0.00,0.00,0.00,,1,"INDOWIRA, PT"
JUAL,262.000.164,11/02/2026 0:00,2602090303,T,,H.733F,SUMBER USAHA CITEUREUP,Citeureup,H,YANSENG,1,GUDANG BAIK,2104955,Bonus Sarung,2.00,0.00,PCS,0.00,0.00,0.00,0.00,0.00,,1,"INDOWIRA, PT"
JUAL,262.000.165,11/02/2026 0:00,2602110309,T,,H.180,KCN SS,BOGOR,H,YANSENG,1,GUDANG BAIK,2104955,Bonus Sarung,1.00,0.00,PCS,0.00,0.00,0.00,0.00,0.00,,1,"INDOWIRA, PT"
JUAL,262.000.166,11/02/2026 0:00,2602090227,T,,H.362,TB.DKK BAJA TAJUR HALANG,"JL.TAJUR HALANG RAYA,BOMANG BOGOR",H,YANSENG,1,GUDANG BAIK,2104955,Bonus Sarung,7.00,0.00,PCS,0.00,0.00,0.00,0.00,0.00,,1,"INDOWIRA, PT"
JUAL,262.000.167,11/02/2026 0:00,2602090224,T,,H.180,KCN SS,BOGOR,H,YANSENG,1,GUDANG BAIK,2104955,Bonus Sarung,1.00,0.00,PCS,0.00,0.00,0.00,0.00,0.00,,1,"INDOWIRA, PT"
JUAL,262.000.168,11/02/2026 0:00,2602050136,T,,H.353,JAYAKARTA,JL.KIS MANGUNSARKOSO NO.26 PAMOYANAN,H,YANSENG,1,GUDANG BAIK,2104955,Bonus Sarung,1.00,0.00,PCS,0.00,0.00,0.00,0.00,0.00,,1,"INDOWIRA, PT"
JUAL,261.001.766,12/02/2026 0:00,2602120355,T,,J.321,PT.ELIZABET HANJAYA,JL.IBU INGGIT GANARSIH NO.12 ASTANA ANYAR,J,FRANSISKUS,1,GUDANG BAIK,2103145,Petalac Thinner PU  1 LTR,1.00,"51,000.00",KL,0.00,0.00,0.00,0.00,"51,000.00",,1,"INDOWIRA, PT"
JUAL,261.001.766,12/02/2026 0:00,2602120355,T,,J.321,PT.ELIZABET HANJAYA,JL.IBU INGGIT GANARSIH NO.12 ASTANA ANYAR,J,FRANSISKUS,1,GUDANG BAIK,2101416,Crystal Coat Thinner  1 LITER,4.00,"51,000.00",KL,0.00,0.00,0.00,0.00,"204,000.00",,1,"INDOWIRA, PT"
JUAL,261.001.766,12/02/2026 0:00,2602120355,T,,J.321,PT.ELIZABET HANJAYA,JL.IBU INGGIT GANARSIH NO.12 ASTANA ANYAR,J,FRANSISKUS,1,GUDANG BAIK,2101387,Crystal Coat Clear Gloss  1 LITER,2.00,"657,000.00",KL,10.00,0.00,0.00,"131,400.00","1,182,600.00",,1,"INDOWIRA, PT"
JUAL,261.001.767,12/02/2026 0:00,2602110325,T,,N.191,JAMAFAC,PADALARANG,13,BU RINI,1,GUDANG BAIK,2100018,Alfa Zinc Chromate Primer GREEN 20 KG,3.00,"799,200.00",PL,0.00,0.00,0.00,0.00,"2,397,600.00",,1,"INDOWIRA, PT"
JUAL,261.001.768,12/02/2026 0:00,2602110341,T,,D.211,KARYA AGUNG,LEUWIGAJAH 55,G,JULIANTO,1,GUDANG BAIK,2104147,Wiratex Wall Paint Putih Salju 25 KG,3.00,"390,000.00",PL,7.50,0.00,0.00,"87,750.00","1,082,250.00",,1,"INDOWIRA, PT"
JUAL,261.001.769,12/02/2026 0:00,2602110337,T,,U.261,WIJAYA,JL.RAYA BATUJAJAR NO.178,U,GANIS,1,GUDANG BAIK,2104184,Wiratex Wall Paint 849 5KG,2.00,"83,000.00",GL,7.50,0.00,0.00,"12,450.00","153,550.00",,1,"INDOWIRA, PT"
JUAL,261.001.769,12/02/2026 0:00,2602110337,T,,U.261,WIJAYA,JL.RAYA BATUJAJAR NO.178,U,GANIS,1,GUDANG BAIK,2104183,Wiratex Wall paint 848 5KG,2.00,"83,000.00",GL,7.50,0.00,0.00,"12,450.00","153,550.00",,1,"INDOWIRA, PT"
JUAL,261.001.769,12/02/2026 0:00,2602110337,T,,U.261,WIJAYA,JL.RAYA BATUJAJAR NO.178,U,GANIS,1,GUDANG BAIK,2104157,Wiratex Wall Paint 806 Cream 5KG,2.00,"83,000.00",GL,7.50,0.00,0.00,"12,450.00","153,550.00",,1,"INDOWIRA, PT"
JUAL,261.001.769,12/02/2026 0:00,2602110337,T,,U.261,WIJAYA,JL.RAYA BATUJAJAR NO.178,U,GANIS,1,GUDANG BAIK,2104162,Wiratex Wall Paint 814 Adinda 5KG,4.00,"83,000.00",GL,7.50,0.00,0.00,"24,900.00","307,100.00",,1,"INDOWIRA, PT"
JUAL,261.001.769,12/02/2026 0:00,2602110337,T,,U.261,WIJAYA,JL.RAYA BATUJAJAR NO.178,U,GANIS,1,GUDANG BAIK,2104180,Wiratex Wall Paint 845 River S 5KG,2.00,"83,000.00",GL,7.50,0.00,0.00,"12,450.00","153,550.00",,1,"INDOWIRA, PT"
JUAL,261.001.769,12/02/2026 0:00,2602110337,T,,U.261,WIJAYA,JL.RAYA BATUJAJAR NO.178,U,GANIS,1,GUDANG BAIK,2100011,AlFa Polyester Putty  3KG,12.00,"103,000.00",GLN,5.00,0.00,0.00,"61,800.00","1,174,200.00",,1,"INDOWIRA, PT"
JUAL,261.001.770,12/02/2026 0:00,2602110323,T,,A.603,DUCOLUX,SUNIARAJA 68,D,WILLY,1,GUDANG BAIK,2100011,AlFa Polyester Putty  3KG,6.00,"103,000.00",GLN,5.00,0.00,0.00,"30,900.00","587,100.00",,1,"INDOWIRA, PT"
JUAL,261.001.771,12/02/2026 0:00,2602120350,T,,Q.245,PT.SINAR MULIA PERKASA /HOTEL,JL.SUMATRA 51 - HOTEL ARYA DUTA,R,SIMON QIRENE,1,GUDANG BAIK,2101607,Kingkong Wall Putty Instant Powder  25 KG,1.00,"133,000.00",ZAK,0.00,0.00,0.00,0.00,"133,000.00",,1,"INDOWIRA, PT"
JUAL,261.001.772,12/02/2026 0:00,2602120348,T,,W.386,CV.PURNAMA JAYA INDO,JL.WANGSA PRAJA KULON NO.5 TATAR WANGSAKERTA,13,BU RINI,1,GUDANG BAIK,2101920,Meiji Epoxy Filler White 20 LTR SET,1.00,"1,325,000.00",PL,5.00,0.00,0.00,"66,250.00","1,258,750.00",,1,"INDOWIRA, PT"
JUAL,261.001.773,12/02/2026 0:00,2602120356,T,,K.103,HOWARDI,KAMPUNG CIKAREES DEPAN KANTOR KELURAHAN,L,RUDI *,1,GUDANG BAIK,2200112,Petalac Hardener Special M20 0.2Lt,2.00,"55,000.00",KL,10.00,0.00,0.00,"11,000.00","99,000.00",,1,"INDOWIRA, PT"
JUAL,261.001.773,12/02/2026 0:00,2602120356,T,,K.103,HOWARDI,KAMPUNG CIKAREES DEPAN KANTOR KELURAHAN,L,RUDI *,1,GUDANG BAIK,2200047,Petalac 2K PU Clear Satin Base 0.8Lt,2.00,"110,000.00",KL,10.00,0.00,0.00,"22,000.00","198,000.00",,1,"INDOWIRA, PT"
JUAL,261.001.774,12/02/2026 0:00,2602110320,T,,J.140,PT.INDONESIA RABBONI GARMEN,JL.BANJARAN 102 (EX UNILON),J,FRANSISKUS,1,GUDANG BAIK,2103989,Shintex Wall Paint Super White 25 KG,6.00,"510,000.00",PL,0.00,0.00,0.00,0.00,"3,060,000.00",,1,"INDOWIRA, PT"
JUAL,261.001.775,12/02/2026 0:00,2602120351,T,,W.422,YANA,BUMI SILIWANGI,14,DEPO BANDUNG,1,GUDANG BAIK,2104836,PETALUX WALL PAINT CM 602 MATAHARI 5KG,1.00,"158,000.00",GLN,0.00,0.00,0.00,0.00,"158,000.00",,1,"INDOWIRA, PT"
JUAL,261.001.776,12/02/2026 0:00,2602120352,T,,W.354,PT.MENTARI AGUNG MANDIRI,JL.RAYA DAYEUH KOLOT O.341C RT 001 RW 006,R,SIMON QIRENE,1,GUDANG BAIK,2103625,Petalux Wall Paint Putih Wangi 25 KG,2.00,"505,000.00",PL,0.00,0.00,0.00,0.00,"1,010,000.00",U/P.ANTON,1,"INDOWIRA, PT"
JUAL,261.001.776,12/02/2026 0:00,2602120352,T,,W.354,PT.MENTARI AGUNG MANDIRI,JL.RAYA DAYEUH KOLOT O.341C RT 001 RW 006,R,SIMON QIRENE,1,GUDANG BAIK,2103593,Petalux Wall Paint CM 602 Matahari 25 KG,3.00,"515,000.00",PL,0.00,0.00,0.00,0.00,"1,545,000.00",U/P.ANTON,1,"INDOWIRA, PT"
JUAL,261.001.777,12/02/2026 0:00,2602120353,T,,W.354,PT.MENTARI AGUNG MANDIRI,JL.RAYA DAYEUH KOLOT O.341C RT 001 RW 006,R,SIMON QIRENE,1,GUDANG BAIK,2103593,Petalux Wall Paint CM 602 Matahari 25 KG,1.00,"515,000.00",PL,0.00,0.00,0.00,0.00,"515,000.00",U/P.ANTON,1,"INDOWIRA, PT"
JUAL,261.001.778,12/02/2026 0:00,2602120354,T,,J.228,SAHABAT WARNA,JL.RUMAH SAKIT NO.75 UJUNG BERUNG,J,FRANSISKUS,1,GUDANG BAIK,2100011,AlFa Polyester Putty  3KG,18.00,"103,000.00",GLN,5.00,0.00,0.00,"92,700.00","1,761,300.00",,1,"INDOWIRA, PT"
JUAL,261.001.779,12/02/2026 0:00,2602110340,T,,K.527,PT.AKD,SADANG,14,DEPO BANDUNG,1,GUDANG BAIK,2101416,Crystal Coat Thinner  1 LITER,20.00,"51,000.00",KL,0.00,0.00,0.00,0.00,"1,020,000.00",,1,"INDOWIRA, PT"
JUAL,261.001.779,12/02/2026 0:00,2602110340,T,,K.527,PT.AKD,SADANG,14,DEPO BANDUNG,1,GUDANG BAIK,2101387,Crystal Coat Clear Gloss  1 LITER,2.00,"657,000.00",KL,10.00,0.00,0.00,"131,400.00","1,182,600.00",,1,"INDOWIRA, PT"
JUAL,261.001.779,12/02/2026 0:00,2602110340,T,,K.527,PT.AKD,SADANG,14,DEPO BANDUNG,1,GUDANG BAIK,2200086,Petalac 2K Surfacer FD 21 Base 1LT,24.00,"80,000.00",KL,10.00,0.00,0.00,"192,000.00","1,728,000.00",,1,"INDOWIRA, PT"
JUAL,261.001.779,12/02/2026 0:00,2602110340,T,,K.527,PT.AKD,SADANG,14,DEPO BANDUNG,1,GUDANG BAIK,2200087,Petalac Hardener Surfacer FD 0.5LT,24.00,"60,000.00",KL,10.00,0.00,0.00,"144,000.00","1,296,000.00",,1,"INDOWIRA, PT"
JUAL,261.001.779,12/02/2026 0:00,2602110340,T,,K.527,PT.AKD,SADANG,14,DEPO BANDUNG,1,GUDANG BAIK,2102837,Petalac 2K PU Hardener Normal  200CC,60.00,"55,000.00",KL,10.00,0.00,0.00,"330,000.00","2,970,000.00",,1,"INDOWIRA, PT"
JUAL,261.001.779,12/02/2026 0:00,2602110340,T,,K.527,PT.AKD,SADANG,14,DEPO BANDUNG,1,GUDANG BAIK,2101411,"Crystal Coat Surfacer White 1,2 KG SET",48.00,"125,000.00",KL,10.00,0.00,0.00,"600,000.00","5,400,000.00",,1,"INDOWIRA, PT"
JUAL,261.001.779,12/02/2026 0:00,2602110340,T,,K.527,PT.AKD,SADANG,14,DEPO BANDUNG,1,GUDANG BAIK,2200050,"Petalac 2K PU Clear Matt MV3 Base 0,8Lt",60.00,"121,000.00",KL,10.00,0.00,0.00,"726,000.00","6,534,000.00",,1,"INDOWIRA, PT"
JUAL,261.001.779,12/02/2026 0:00,2602110340,T,,K.527,PT.AKD,SADANG,14,DEPO BANDUNG,1,GUDANG BAIK,2101366,Crystal Coat Candytone Golden Metal 1 LTS,4.00,"657,000.00",KL,10.00,5.00,0.00,"381,060.00","2,246,940.00",,1,"INDOWIRA, PT"
JUAL,261.001.779,12/02/2026 0:00,2602110340,T,,K.527,PT.AKD,SADANG,14,DEPO BANDUNG,1,GUDANG BAIK,2101421,Crystal Coat Thinner Surfacer  20 LITER,2.00,"700,000.00",JRG,0.00,0.00,0.00,0.00,"1,400,000.00",,1,"INDOWIRA, PT"
JUAL,261.001.780,12/02/2026 0:00,2602120358,T,,K.103,HOWARDI,KAMPUNG CIKAREES DEPAN KANTOR KELURAHAN,L,RUDI *,1,GUDANG BAIK,2101917,Meiji Epoxy Filler White 1 LTR SET,5.00,"76,000.00",KL,10.00,0.00,0.00,"38,000.00","342,000.00",,1,"INDOWIRA, PT"
JUAL,261.001.782,12/02/2026 0:00,2602120363,T,,N.803,PT.CENTRAL SANDANG PRIMA,"JL.RAYA RANCAEKEK KM 25,5",R,SIMON QIRENE,1,GUDANG BAIK,2200162,Kingkong Wall paint Super White 18KG,2.00,"288,000.00",PAIL,0.00,0.00,0.00,0.00,"576,000.00",,1,"INDOWIRA, PT"
JUAL,261.001.796,12/02/2026 0:00,2602060174,T,,H.213,TOKO BESI SUMBER MULYA,"Pd. Kaso Landeuh, Kabupaten Sukabumi",H1,MIMING,1,GUDANG BAIK,2102064,Meiji Zinc Chromate Primer Grey 1 KG,72.00,"51,000.00",KL,7.50,0.00,0.00,"275,400.00","3,396,600.00",,1,"INDOWIRA, PT"
JUAL,261.001.797,12/02/2026 0:00,2602110329,T,,H.338,TB.SINAR BINTANG,JL.OTTO ISKANDAR NO.43 KEBONJATI KEC.CIKOLE SUKABUMI,H,YANSENG,1,GUDANG BAIK,2102066,Meiji Zinc Chromate Primer  20 KG,8.00,"825,000.00",PL,7.50,0.00,0.00,"495,000.00","6,105,000.00",,1,"INDOWIRA, PT"
JUAL,261.001.798,12/02/2026 0:00,2602120359,T,,H.349,BERDIKARI JAYA,JL. Rh. Didi Sukardi 66,H,YANSENG,1,GUDANG BAIK,2300050,Kingkong Wall Paint 104 Cream 4.5KG,4.00,"76,000.00",GLN,7.50,0.00,0.00,"22,800.00","281,200.00",,1,"INDOWIRA, PT"
JUAL,261.001.798,12/02/2026 0:00,2602120359,T,,H.349,BERDIKARI JAYA,JL. Rh. Didi Sukardi 66,H,YANSENG,1,GUDANG BAIK,2200297,Kingkong Wall Paint 109 Aple W 4.5KG,4.00,"76,000.00",GLN,7.50,0.00,0.00,"22,800.00","281,200.00",,1,"INDOWIRA, PT"
JUAL,261.001.798,12/02/2026 0:00,2602120359,T,,H.349,BERDIKARI JAYA,JL. Rh. Didi Sukardi 66,H,YANSENG,1,GUDANG BAIK,2200250,Kingkong Wall Paint 124 Blue La 4.5KG,8.00,"76,000.00",GLN,7.50,0.00,0.00,"45,600.00","562,400.00",,1,"INDOWIRA, PT"
JUAL,261.001.798,12/02/2026 0:00,2602120359,T,,H.349,BERDIKARI JAYA,JL. Rh. Didi Sukardi 66,H,YANSENG,1,GUDANG BAIK,2200139,Kingkong Wall Paint Super White 4.5Kg,8.00,"76,000.00",GLN,7.50,0.00,0.00,"45,600.00","562,400.00",,1,"INDOWIRA, PT"
JUAL,261.001.799,12/02/2026 0:00,2602090307,T,,H.343,BAROS JAYA,JL.RH DIDI SUKARDI 156 SUKABUMI,H,YANSENG,1,GUDANG BAIK,2400109,Meiji Zinc Chromate Primer Blue 20KG,5.00,"825,000.00",PAIL,7.50,0.00,0.00,"309,375.00","3,815,625.00",,1,"INDOWIRA, PT"
JUAL,261.001.799,12/02/2026 0:00,2602090307,T,,H.343,BAROS JAYA,JL.RH DIDI SUKARDI 156 SUKABUMI,H,YANSENG,1,GUDANG BAIK,2200254,Kingkong Wall Paint 132 4.5KG,4.00,"76,000.00",GLN,7.50,0.00,0.00,"22,800.00","281,200.00",,1,"INDOWIRA, PT"
JUAL,261.001.799,12/02/2026 0:00,2602090307,T,,H.343,BAROS JAYA,JL.RH DIDI SUKARDI 156 SUKABUMI,H,YANSENG,1,GUDANG BAIK,2200320,Kingkong Wall Paint 117 Rose 4.5KG,4.00,"76,000.00",GLN,7.50,0.00,0.00,"22,800.00","281,200.00",,1,"INDOWIRA, PT"
JUAL,261.001.799,12/02/2026 0:00,2602090307,T,,H.343,BAROS JAYA,JL.RH DIDI SUKARDI 156 SUKABUMI,H,YANSENG,1,GUDANG BAIK,2300050,Kingkong Wall Paint 104 Cream 4.5KG,4.00,"76,000.00",GLN,7.50,0.00,0.00,"22,800.00","281,200.00",,1,"INDOWIRA, PT"
JUAL,261.001.799,12/02/2026 0:00,2602090307,T,,H.343,BAROS JAYA,JL.RH DIDI SUKARDI 156 SUKABUMI,H,YANSENG,1,GUDANG BAIK,2200341,Kingkong WAll Paint 105 Chiffon 4.5KG,4.00,"76,000.00",GLN,7.50,0.00,0.00,"22,800.00","281,200.00",,1,"INDOWIRA, PT"
JUAL,261.001.799,12/02/2026 0:00,2602090307,T,,H.343,BAROS JAYA,JL.RH DIDI SUKARDI 156 SUKABUMI,H,YANSENG,1,GUDANG BAIK,2200252,Kingkong Wall Paint 128 Minimal 4.5KG,4.00,"76,000.00",GLN,7.50,0.00,0.00,"22,800.00","281,200.00",,1,"INDOWIRA, PT"
JUAL,261.001.799,12/02/2026 0:00,2602090307,T,,H.343,BAROS JAYA,JL.RH DIDI SUKARDI 156 SUKABUMI,H,YANSENG,1,GUDANG BAIK,2102073,Meiji Zinc Chromate Primer Black 20 KG,5.00,"825,000.00",PL,7.50,0.00,0.00,"309,375.00","3,815,625.00",,1,"INDOWIRA, PT"
JUAL,261.001.800,12/02/2026 0:00,2602120371,T,,B.213,PARAHYANGAN,JL.MELONG  ASIH 49,U,GANIS,1,GUDANG BAIK,2102079,Meiji Zinc Chromate Primer Grey 5 KG,4.00,"225,000.00",GLN,7.50,0.00,0.00,"67,500.00","832,500.00",,1,"INDOWIRA, PT"
JUAL,261.001.800,12/02/2026 0:00,2602120371,T,,B.213,PARAHYANGAN,JL.MELONG  ASIH 49,U,GANIS,1,GUDANG BAIK,2102061,Meiji Zinc Chromate Primer  1 KG,4.00,"51,000.00",KL,7.50,0.00,0.00,"15,300.00","188,700.00",,1,"INDOWIRA, PT"
JUAL,261.001.800,12/02/2026 0:00,2602120371,T,,B.213,PARAHYANGAN,JL.MELONG  ASIH 49,U,GANIS,1,GUDANG BAIK,2102064,Meiji Zinc Chromate Primer Grey 1 KG,6.00,"51,000.00",KL,7.50,0.00,0.00,"22,950.00","283,050.00",,1,"INDOWIRA, PT"
JUAL,261.001.800,12/02/2026 0:00,2602120371,T,,B.213,PARAHYANGAN,JL.MELONG  ASIH 49,U,GANIS,1,GUDANG BAIK,2102069,Meiji Zinc Chromate Primer Grey 20 KG,1.00,"825,000.00",PL,7.50,0.00,0.00,"61,875.00","763,125.00",,1,"INDOWIRA, PT"
JUAL,261.001.801,12/02/2026 0:00,2602120369,T,,A.114,HS.JAYA,RANCABALI NO.37 DEPAN MESJID ISTIQOMAH,Y,KEN - Y,1,GUDANG BAIK,2300050,Kingkong Wall Paint 104 Cream 4.5KG,4.00,"76,000.00",GLN,7.50,0.00,0.00,"22,800.00","281,200.00",,1,"INDOWIRA, PT"
JUAL,261.001.801,12/02/2026 0:00,2602120369,T,,A.114,HS.JAYA,RANCABALI NO.37 DEPAN MESJID ISTIQOMAH,Y,KEN - Y,1,GUDANG BAIK,2200249,Kingkong Wall Paint 119 Canary 4.5KG,4.00,"76,000.00",GLN,7.50,0.00,0.00,"22,800.00","281,200.00",,1,"INDOWIRA, PT"
JUAL,261.001.801,12/02/2026 0:00,2602120369,T,,A.114,HS.JAYA,RANCABALI NO.37 DEPAN MESJID ISTIQOMAH,Y,KEN - Y,1,GUDANG BAIK,2200341,Kingkong WAll Paint 105 Chiffon 4.5KG,4.00,"76,000.00",GLN,7.50,0.00,0.00,"22,800.00","281,200.00",,1,"INDOWIRA, PT"
JUAL,261.001.801,12/02/2026 0:00,2602120369,T,,A.114,HS.JAYA,RANCABALI NO.37 DEPAN MESJID ISTIQOMAH,Y,KEN - Y,1,GUDANG BAIK,2200139,Kingkong Wall Paint Super White 4.5Kg,4.00,"76,000.00",GLN,7.50,0.00,0.00,"22,800.00","281,200.00",,1,"INDOWIRA, PT"
JUAL,261.001.802,12/02/2026 0:00,2602120364,T,,Y.294,BERKAH ABADI 5,JL.ENCEP KARTIWA CITEUREUP 41C,Y,KEN - Y,1,GUDANG BAIK,2104182,Wiratex Wall Paint 847 Spring 5KG,4.00,"83,000.00",GL,7.50,0.00,0.00,"24,900.00","307,100.00",,1,"INDOWIRA, PT"
JUAL,261.001.802,12/02/2026 0:00,2602120364,T,,Y.294,BERKAH ABADI 5,JL.ENCEP KARTIWA CITEUREUP 41C,Y,KEN - Y,1,GUDANG BAIK,2103812,Shintex Cat Genteng 304 Orange 4KG,4.00,"185,000.00",GLN,7.50,0.00,0.00,"55,500.00","684,500.00",,1,"INDOWIRA, PT"
JUAL,261.001.802,12/02/2026 0:00,2602120364,T,,Y.294,BERKAH ABADI 5,JL.ENCEP KARTIWA CITEUREUP 41C,Y,KEN - Y,1,GUDANG BAIK,2104148,Wiratex Wall Paint Super White 25 KG,2.00,"390,000.00",PL,7.50,0.00,0.00,"58,500.00","721,500.00",,1,"INDOWIRA, PT"
JUAL,261.001.803,12/02/2026 0:00,2602120368,T,,C.603,BERKAH ABADI 1,CIHANJUANG 153/161,Y,KEN - Y,1,GUDANG BAIK,2104164,Wiratex Wall Paint 822 Palazo 5KG,6.00,"83,000.00",GL,7.50,0.00,0.00,"37,350.00","460,650.00",,1,"INDOWIRA, PT"
JUAL,261.001.803,12/02/2026 0:00,2602120368,T,,C.603,BERKAH ABADI 1,CIHANJUANG 153/161,Y,KEN - Y,1,GUDANG BAIK,2104163,Wiratex Wall Paint 820 Apple W 5KG,4.00,"83,000.00",GL,7.50,0.00,0.00,"24,900.00","307,100.00",,1,"INDOWIRA, PT"
JUAL,261.001.803,12/02/2026 0:00,2602120368,T,,C.603,BERKAH ABADI 1,CIHANJUANG 153/161,Y,KEN - Y,1,GUDANG BAIK,2104192,Wiratex Wall Paint Super White 5KG,8.00,"83,000.00",GL,7.50,0.00,0.00,"49,800.00","614,200.00",,1,"INDOWIRA, PT"
JUAL,261.001.806,12/02/2026 0:00,2602120361,T,,A.205,IRON,SUNIARAJA,Y,KEN - Y,1,GUDANG BAIK,2103145,Petalac Thinner PU  1 LTR,2.00,"51,000.00",KL,0.00,0.00,0.00,0.00,"102,000.00",,1,"INDOWIRA, PT"
JUAL,261.001.806,12/02/2026 0:00,2602120361,T,,A.205,IRON,SUNIARAJA,Y,KEN - Y,1,GUDANG BAIK,2102837,Petalac 2K PU Hardener Normal  200CC,2.00,"55,000.00",KL,7.50,0.00,0.00,"8,250.00","101,750.00",,1,"INDOWIRA, PT"
JUAL,261.001.806,12/02/2026 0:00,2602120361,T,,A.205,IRON,SUNIARAJA,Y,KEN - Y,1,GUDANG BAIK,2200173,Petalac 2K PU Metalix MX01 Base 0.8Lt,2.00,"126,000.00",KL,7.50,0.00,0.00,"18,900.00","233,100.00",,1,"INDOWIRA, PT"
JUAL,261.001.806,12/02/2026 0:00,2602120361,T,,A.205,IRON,SUNIARAJA,Y,KEN - Y,1,GUDANG BAIK,2300092,Petalac Hardener Special Black Matt 200CC,1.00,"55,000.00",KL,7.50,0.00,0.00,"4,125.00","50,875.00",,1,"INDOWIRA, PT"
JUAL,261.001.806,12/02/2026 0:00,2602120361,T,,A.205,IRON,SUNIARAJA,Y,KEN - Y,1,GUDANG BAIK,2300088,Petalac 2K PU Colour Base Black Matt 0.8LT,1.00,"133,000.00",KL,7.50,0.00,0.00,"9,975.00","123,025.00",,1,"INDOWIRA, PT"
JUAL,261.001.806,12/02/2026 0:00,2602120361,T,,A.205,IRON,SUNIARAJA,Y,KEN - Y,1,GUDANG BAIK,2100068,Adler Primer Surfacer EP 1050  2 LITER SET,2.00,"205,000.00",KL,7.50,0.00,0.00,"30,750.00","379,250.00",,1,"INDOWIRA, PT"
JUAL,261.001.808,12/02/2026 0:00,2602090306,T,,H.343,BAROS JAYA,JL.RH DIDI SUKARDI 156 SUKABUMI,H,YANSENG,1,GUDANG BAIK,2200214,Kingkong Wall Paint Special 519 Bahama 18KG,3.00,"288,000.00",PAIL,7.50,0.00,0.00,"64,800.00","799,200.00",,1,"INDOWIRA, PT"
JUAL,261.001.808,12/02/2026 0:00,2602090306,T,,H.343,BAROS JAYA,JL.RH DIDI SUKARDI 156 SUKABUMI,H,YANSENG,1,GUDANG BAIK,2200250,Kingkong Wall Paint 124 Blue La 4.5KG,8.00,"76,000.00",GLN,7.50,0.00,0.00,"45,600.00","562,400.00",,1,"INDOWIRA, PT"
JUAL,261.001.808,12/02/2026 0:00,2602090306,T,,H.343,BAROS JAYA,JL.RH DIDI SUKARDI 156 SUKABUMI,H,YANSENG,1,GUDANG BAIK,2200139,Kingkong Wall Paint Super White 4.5Kg,40.00,"76,000.00",GLN,7.50,0.00,0.00,"228,000.00","2,812,000.00",,1,"INDOWIRA, PT"
JUAL,261.001.808,12/02/2026 0:00,2602090306,T,,H.343,BAROS JAYA,JL.RH DIDI SUKARDI 156 SUKABUMI,H,YANSENG,1,GUDANG BAIK,2200208,Kingkong Wall Paint Special 521 Meadow 4.5KG,8.00,"76,000.00",GLN,7.50,0.00,0.00,"45,600.00","562,400.00",,1,"INDOWIRA, PT"
JUAL,261.001.808,12/02/2026 0:00,2602090306,T,,H.343,BAROS JAYA,JL.RH DIDI SUKARDI 156 SUKABUMI,H,YANSENG,1,GUDANG BAIK,2200189,Kingkong Wall Paint Special 532 Mountai 4.5KG,8.00,"76,000.00",GLN,7.50,0.00,0.00,"45,600.00","562,400.00",,1,"INDOWIRA, PT"
JUAL,261.001.808,12/02/2026 0:00,2602090306,T,,H.343,BAROS JAYA,JL.RH DIDI SUKARDI 156 SUKABUMI,H,YANSENG,1,GUDANG BAIK,2200167,Kingkong Wall Paint Putih Metro 18KG,5.00,"288,000.00",PAIL,7.50,0.00,0.00,"108,000.00","1,332,000.00",,1,"INDOWIRA, PT"
JUAL,261.001.808,12/02/2026 0:00,2602090306,T,,H.343,BAROS JAYA,JL.RH DIDI SUKARDI 156 SUKABUMI,H,YANSENG,1,GUDANG BAIK,2200162,Kingkong Wall paint Super White 18KG,40.00,"288,000.00",PAIL,7.50,0.00,0.00,"864,000.00","10,656,000.00",,1,"INDOWIRA, PT"
JUAL,261.001.808,12/02/2026 0:00,2602090306,T,,H.343,BAROS JAYA,JL.RH DIDI SUKARDI 156 SUKABUMI,H,YANSENG,1,GUDANG BAIK,2200207,Kingkong Wall Paint Special 521 Meadow 18KG,5.00,"288,000.00",PAIL,7.50,0.00,0.00,"108,000.00","1,332,000.00",,1,"INDOWIRA, PT"
JUAL,261.001.808,12/02/2026 0:00,2602090306,T,,H.343,BAROS JAYA,JL.RH DIDI SUKARDI 156 SUKABUMI,H,YANSENG,1,GUDANG BAIK,2200230,Kingkong Wall Paint Special 532 Mountai 18KG,4.00,"288,000.00",PAIL,7.50,0.00,0.00,"86,400.00","1,065,600.00",,1,"INDOWIRA, PT"
JUAL,261.001.814,12/02/2026 0:00,2602120374,T,,W.534,PT.ALAM TERBIT JAYA,JL.RAYA DAYEUH KOLOT NO.341C RT.001 RW.006 CITEUREUP DAYEUH KOLOT,R,SIMON QIRENE,1,GUDANG BAIK,2103737,Petalux Wall Paint Putih Wangi 5KG,2.00,"158,000.00",GLN,0.00,0.00,0.00,0.00,"316,000.00",U/P.ANTON,1,"INDOWIRA, PT"
JUAL,261.001.814,12/02/2026 0:00,2602120374,T,,W.534,PT.ALAM TERBIT JAYA,JL.RAYA DAYEUH KOLOT NO.341C RT.001 RW.006 CITEUREUP DAYEUH KOLOT,R,SIMON QIRENE,1,GUDANG BAIK,2103593,Petalux Wall Paint CM 602 Matahari 25 KG,1.00,"515,000.00",PL,0.00,0.00,0.00,0.00,"515,000.00",U/P.ANTON,1,"INDOWIRA, PT"
JUAL,261.001.815,12/02/2026 0:00,2602120375,T,,Y.291,BERKAH ABADI 2,PERTIGAAN PATROL - PARONGPONG,Y,KEN - Y,1,GUDANG BAIK,2104184,Wiratex Wall Paint 849 5KG,2.00,"83,000.00",GL,7.50,0.00,0.00,"12,450.00","153,550.00",,1,"INDOWIRA, PT"
JUAL,261.001.815,12/02/2026 0:00,2602120375,T,,Y.291,BERKAH ABADI 2,PERTIGAAN PATROL - PARONGPONG,Y,KEN - Y,1,GUDANG BAIK,2104192,Wiratex Wall Paint Super White 5KG,4.00,"83,000.00",GL,7.50,0.00,0.00,"24,900.00","307,100.00",,1,"INDOWIRA, PT"
JUAL,261.001.815,12/02/2026 0:00,2602120375,T,,Y.291,BERKAH ABADI 2,PERTIGAAN PATROL - PARONGPONG,Y,KEN - Y,1,GUDANG BAIK,2103790,Shintex Cat Genteng 303 Gold Ac 1KG,4.00,"57,000.00",KL,7.50,0.00,0.00,"17,100.00","210,900.00",,1,"INDOWIRA, PT"
JUAL,261.001.816,12/02/2026 0:00,2602120376,T,,U.264,BINTANG ABADI,JL.RAYA LEMBANG NO.241,U,GANIS,1,GUDANG BAIK,2103786,Shintex Cat Bak White 1 KG,12.00,"60,000.00",KL,7.50,0.00,0.00,"54,000.00","666,000.00",,1,"INDOWIRA, PT"
JUAL,261.001.816,12/02/2026 0:00,2602120376,T,,U.264,BINTANG ABADI,JL.RAYA LEMBANG NO.241,U,GANIS,1,GUDANG BAIK,2103783,Shintex Cat Bak 009 Sky Blu 1 KG,12.00,"60,000.00",KL,7.50,0.00,0.00,"54,000.00","666,000.00",,1,"INDOWIRA, PT"
JUAL,261.001.816,12/02/2026 0:00,2602120376,T,,U.264,BINTANG ABADI,JL.RAYA LEMBANG NO.241,U,GANIS,1,GUDANG BAIK,2102062,Meiji Zinc Chromate Primer Black 1 KG,12.00,"51,000.00",KL,7.50,0.00,0.00,"45,900.00","566,100.00",,1,"INDOWIRA, PT"
JUAL,261.001.817,12/02/2026 0:00,2602120377,T,,U.271,TB.GARUDA SUKSES,JL.H.GOFUR NO.7 TANI MULYA,U,GANIS,1,GUDANG BAIK,2101915,Meiji Epoxy Filler  1 LTR SET,11.00,"76,000.00",KL,7.50,0.00,0.00,"62,700.00","773,300.00",,1,"INDOWIRA, PT"
JUAL,261.001.817,12/02/2026 0:00,2602120377,T,,U.271,TB.GARUDA SUKSES,JL.H.GOFUR NO.7 TANI MULYA,U,GANIS,1,GUDANG BAIK,2101917,Meiji Epoxy Filler White 1 LTR SET,11.00,"76,000.00",KL,7.50,0.00,0.00,"62,700.00","773,300.00",,1,"INDOWIRA, PT"
JUAL,261.001.818,12/02/2026 0:00,2602120378,T,,L.427,SANTI,SUMBER SARI,L,RUDI *,1,GUDANG BAIK,2500255,Petalac 2K PU Insulator B 1LTS,6.00,"125,000.00",KL,10.00,0.00,0.00,"75,000.00","675,000.00",,1,"INDOWIRA, PT"
JUAL,261.001.818,12/02/2026 0:00,2602120378,T,,L.427,SANTI,SUMBER SARI,L,RUDI *,1,GUDANG BAIK,2101917,Meiji Epoxy Filler White 1 LTR SET,6.00,"76,000.00",KL,10.00,0.00,0.00,"45,600.00","410,400.00",,1,"INDOWIRA, PT"
JUAL,261.001.818,12/02/2026 0:00,2602120378,T,,L.427,SANTI,SUMBER SARI,L,RUDI *,1,GUDANG BAIK,2103148,Petalac Thinner PU  20 LTR,1.00,"834,000.00",JRG,0.00,0.00,0.00,0.00,"834,000.00",,1,"INDOWIRA, PT"
JUAL,261.001.819,12/02/2026 0:00,2602110322,T,,J.103,PT.AKARA INTER DESAIN,JL.INDUSTRI II NO.7A RT.006 RW.009 UTAMA,J,FRANSISKUS,1,GUDANG BAIK,2102837,Petalac 2K PU Hardener Normal  200CC,1.00,"55,000.00",KL,10.00,0.00,0.00,"5,500.00","49,500.00",,1,"INDOWIRA, PT"
JUAL,261.001.819,12/02/2026 0:00,2602110322,T,,J.103,PT.AKARA INTER DESAIN,JL.INDUSTRI II NO.7A RT.006 RW.009 UTAMA,J,FRANSISKUS,1,GUDANG BAIK,2600037,Petalac 2K PU CO Base Abu Satin 0.8LT,1.00,"175,000.00",KL,10.00,0.00,0.00,"17,500.00","157,500.00",,1,"INDOWIRA, PT"
JUAL,262.000.169,12/02/2026 0:00,2602110340,T,,K.527,PT.AKD,SADANG,14,DEPO BANDUNG,1,GUDANG BAIK,2104955,Bonus Sarung,11.00,0.00,PCS,0.00,0.00,0.00,0.00,0.00,,1,"INDOWIRA, PT"
JUAL,262.000.170,12/02/2026 0:00,2602060175,T,,H.204C,CAHAYA BAJA,JL.SOLEH ISKANDAR RT.005 RW.004 CIBADAK BOGOR,H1,MIMING,1,GUDANG BAIK,2104955,Bonus Sarung,1.00,0.00,PCS,0.00,0.00,0.00,0.00,0.00,,1,"INDOWIRA, PT"
JUAL,262.000.171,12/02/2026 0:00,2602060174,T,,H.213,TOKO BESI SUMBER MULYA,"Pd. Kaso Landeuh, Kabupaten Sukabumi",H1,MIMING,1,GUDANG BAIK,2104955,Bonus Sarung,1.00,0.00,PCS,0.00,0.00,0.00,0.00,0.00,,1,"INDOWIRA, PT"
JUAL,262.000.172,12/02/2026 0:00,2602110329,T,,H.338,TB.SINAR BINTANG,JL.OTTO ISKANDAR NO.43 KEBONJATI KEC.CIKOLE SUKABUMI,H,YANSENG,1,GUDANG BAIK,2104955,Bonus Sarung,3.00,0.00,PCS,0.00,0.00,0.00,0.00,0.00,,1,"INDOWIRA, PT"
JUAL,262.000.173,12/02/2026 0:00,2602090307,T,,H.343,BAROS JAYA,JL.RH DIDI SUKARDI 156 SUKABUMI,H,YANSENG,1,GUDANG BAIK,2104955,Bonus Sarung,4.00,0.00,PCS,0.00,0.00,0.00,0.00,0.00,,1,"INDOWIRA, PT"
JUAL,262.000.174,12/02/2026 0:00,2602090306,T,,H.343,BAROS JAYA,JL.RH DIDI SUKARDI 156 SUKABUMI,H,YANSENG,1,GUDANG BAIK,2104955,Bonus Sarung,9.00,0.00,PCS,0.00,0.00,0.00,0.00,0.00,,1,"INDOWIRA, PT"
JUAL,262.000.175,12/02/2026 0:00,2602120376,T,,U.264,BINTANG ABADI,JL.RAYA LEMBANG NO.241,U,GANIS,1,GUDANG BAIK,2104955,Bonus Sarung,1.00,0.00,PCS,0.00,0.00,0.00,0.00,0.00,,1,"INDOWIRA, PT"
JUAL,262.000.176,12/02/2026 0:00,2602120377,T,,U.271,TB.GARUDA SUKSES,JL.H.GOFUR NO.7 TANI MULYA,U,GANIS,1,GUDANG BAIK,2101915,Meiji Epoxy Filler  1 LTR SET,1.00,0.00,KL,0.00,0.00,0.00,0.00,0.00,,1,"INDOWIRA, PT"
JUAL,262.000.176,12/02/2026 0:00,2602120377,T,,U.271,TB.GARUDA SUKSES,JL.H.GOFUR NO.7 TANI MULYA,U,GANIS,1,GUDANG BAIK,2101917,Meiji Epoxy Filler White 1 LTR SET,1.00,0.00,KL,0.00,0.00,0.00,0.00,0.00,,1,"INDOWIRA, PT"
JUAL,261.001.822,13/02/2026 0:00,2602110331,T,,G.138,JAYA,RENGAS DENGKLOK,G,JULIANTO,1,GUDANG BAIK,2100890,Attaboy Supercryl Super White 20 LITER,1.00,"1,900,000.00",PL,7.50,0.00,0.00,"142,500.00","1,757,500.00",,1,"INDOWIRA, PT"
JUAL,261.001.824,13/02/2026 0:00,2602130384,T,,G.129,GUNUNG MAS,JL.TARUMA NEGARA ARAH TOL KRW BARAT,G,JULIANTO,1,GUDANG BAIK,2300315,Shintex Base A 25KG,2.00,"485,000.00",PAIL,12.50,0.00,0.00,"121,250.00","848,750.00",,1,"INDOWIRA, PT"
JUAL,261.001.824,13/02/2026 0:00,2602130384,T,,G.129,GUNUNG MAS,JL.TARUMA NEGARA ARAH TOL KRW BARAT,G,JULIANTO,1,GUDANG BAIK,2300319,Shintex Base C 25KG,2.00,"350,000.00",PAIL,12.50,0.00,0.00,"87,500.00","612,500.00",,1,"INDOWIRA, PT"
JUAL,261.001.824,13/02/2026 0:00,2602130384,T,,G.129,GUNUNG MAS,JL.TARUMA NEGARA ARAH TOL KRW BARAT,G,JULIANTO,1,GUDANG BAIK,2100230,Attaboy Colorant White XT 1 LITER,1.00,"411,000.00",KL,0.00,0.00,0.00,0.00,"411,000.00",,1,"INDOWIRA, PT"
JUAL,261.001.825,13/02/2026 0:00,2602130385,T,,J.514,GIHON/PA BUDI,DEPAN BRI GUNUNG BATU 6C,C,YONATHAN,1,GUDANG BAIK,2100006,Alfa Polyester Putty  1 KG,6.00,"39,000.00",KL,5.00,0.00,0.00,"11,700.00","222,300.00",,1,"INDOWIRA, PT"
JUAL,261.001.825,13/02/2026 0:00,2602130385,T,,J.514,GIHON/PA BUDI,DEPAN BRI GUNUNG BATU 6C,C,YONATHAN,1,GUDANG BAIK,2105076,Daltone Epoxy Filler White 1Lts,6.00,"70,000.00",KL,7.50,0.00,0.00,"31,500.00","388,500.00",,1,"INDOWIRA, PT"
JUAL,261.001.825,13/02/2026 0:00,2602130385,T,,J.514,GIHON/PA BUDI,DEPAN BRI GUNUNG BATU 6C,C,YONATHAN,1,GUDANG BAIK,2105078,Daltone Epoxy Filler Grey 0.25 Lts,6.00,"25,000.00",KL,7.50,0.00,0.00,"11,250.00","138,750.00",,1,"INDOWIRA, PT"
JUAL,261.001.826,13/02/2026 0:00,2602120382,T,,Y.301,BAROKAH 2,KP.JOMPO CIGUGUR GIRANG,Y,KEN - Y,1,GUDANG BAIK,2104148,Wiratex Wall Paint Super White 25 KG,4.00,"390,000.00",PL,7.50,0.00,0.00,"117,000.00","1,443,000.00",,1,"INDOWIRA, PT"
JUAL,261.001.827,13/02/2026 0:00,2602130387,T,,G.227,MUTIARA WARNA,JL.SOMAWINATA 14 TANI MULYA,G,JULIANTO,1,GUDANG BAIK,2102178,Mascot Wall Paint Super White 5 KG,1.00,"65,000.00",GLN,7.50,0.00,0.00,"4,875.00","60,125.00",U/P.BP.BAGAS,1,"INDOWIRA, PT"
JUAL,261.001.828,13/02/2026 0:00,2602120355,T,,J.321,PT.ELIZABET HANJAYA,JL.IBU INGGIT GANARSIH NO.12 ASTANA ANYAR,J,FRANSISKUS,1,GUDANG BAIK,2500373,Daltone PU Base Coat Black Elizabeth 1Lt,1.00,"185,000.00",KL,10.00,0.00,0.00,"18,500.00","166,500.00",,1,"INDOWIRA, PT"
JUAL,261.001.829,13/02/2026 0:00,2602120379,T,,D.616,PB.BAROKAH,CIPANJAR 242 CIWARUGA CIGUGUR GIRANG,Y,KEN - Y,1,GUDANG BAIK,2104042,Shintex Wall Paint Super White 5KG,20.00,"110,000.00",GLN,7.50,0.00,0.00,"165,000.00","2,035,000.00",,1,"INDOWIRA, PT"
JUAL,261.001.830,13/02/2026 0:00,2602130388,T,,N.888,SUMBER WARNA,PUNGKUR,14,DEPO BANDUNG,1,GUDANG BAIK,2102079,Meiji Zinc Chromate Primer Grey 5 KG,4.00,"225,000.00",GLN,7.50,2.50,0.00,"88,312.48","811,687.52",,1,"INDOWIRA, PT"
JUAL,261.001.830,13/02/2026 0:00,2602130388,T,,N.888,SUMBER WARNA,PUNGKUR,14,DEPO BANDUNG,1,GUDANG BAIK,2103145,Petalac Thinner PU  1 LTR,12.00,"51,000.00",KL,0.00,0.00,0.00,0.00,"612,000.00",,1,"INDOWIRA, PT"
JUAL,261.001.830,13/02/2026 0:00,2602130388,T,,N.888,SUMBER WARNA,PUNGKUR,14,DEPO BANDUNG,1,GUDANG BAIK,2101915,Meiji Epoxy Filler  1 LTR SET,22.00,"76,000.00",KL,7.50,2.50,0.00,"164,065.00","1,507,935.00",,1,"INDOWIRA, PT"
JUAL,261.001.830,13/02/2026 0:00,2602130388,T,,N.888,SUMBER WARNA,PUNGKUR,14,DEPO BANDUNG,1,GUDANG BAIK,2102837,Petalac 2K PU Hardener Normal  200CC,6.00,"55,000.00",KL,7.50,2.50,0.00,"32,381.28","297,618.72",,1,"INDOWIRA, PT"
JUAL,261.001.830,13/02/2026 0:00,2602130388,T,,N.888,SUMBER WARNA,PUNGKUR,14,DEPO BANDUNG,1,GUDANG BAIK,2200046,Petalac 2K PU Clear Gloss Base 0.8LT,6.00,"108,000.00",KL,7.50,2.50,0.00,"63,585.00","584,415.00",,1,"INDOWIRA, PT"
JUAL,261.001.830,13/02/2026 0:00,2602130388,T,,N.888,SUMBER WARNA,PUNGKUR,14,DEPO BANDUNG,1,GUDANG BAIK,2102840,Petalac 2K PU Hardener Special  200 CC,6.00,"55,000.00",KL,7.50,2.50,0.00,"32,381.28","297,618.72",,1,"INDOWIRA, PT"
JUAL,261.001.830,13/02/2026 0:00,2602130388,T,,N.888,SUMBER WARNA,PUNGKUR,14,DEPO BANDUNG,1,GUDANG BAIK,2200303,Petalac Ext 4:1 Special White Matt Base 0.8LT,6.00,"144,000.00",KL,7.50,2.50,0.00,"84,780.00","779,220.00",,1,"INDOWIRA, PT"
JUAL,261.001.830,13/02/2026 0:00,2602130388,T,,N.888,SUMBER WARNA,PUNGKUR,14,DEPO BANDUNG,1,GUDANG BAIK,2102069,Meiji Zinc Chromate Primer Grey 20 KG,1.00,"825,000.00",PL,7.50,2.50,0.00,"80,953.12","744,046.88",,1,"INDOWIRA, PT"
JUAL,261.001.831,13/02/2026 0:00,2602130389,T,,C.104,KARYA,TKI I NO.23,C,YONATHAN,1,GUDANG BAIK,2101643,Kingkong Wall Paint Super White 1 KG,2.00,"27,000.00",KL,7.50,0.00,0.00,"4,050.00","49,950.00",,1,"INDOWIRA, PT"
JUAL,261.001.832,13/02/2026 0:00,2602120370,T,,K.521,TOPIC,JATAYU,L,RUDI *,1,GUDANG BAIK,2103148,Petalac Thinner PU  20 LTR,2.00,"834,000.00",JRG,0.00,0.00,0.00,0.00,"1,668,000.00",,1,"INDOWIRA, PT"
JUAL,261.001.834,13/02/2026 0:00,2602120380,T,,H1.100,TOKO MIMING,,H1,MIMING,1,GUDANG BAIK,2102129,Mascot Wall Paint Super White 20 KG,1.00,"215,000.00",PL,7.50,0.00,0.00,"16,125.00","198,875.00",UMUM MIMING,1,"INDOWIRA, PT"
JUAL,261.001.835,13/02/2026 0:00,2602120381,T,,H.218,INDAH WARNA,JL. Raya Galuga KM 195,H1,MIMING,1,GUDANG BAIK,2101915,Meiji Epoxy Filler  1 LTR SET,33.00,"76,000.00",KL,5.00,0.00,0.00,"125,400.00","2,382,600.00",,1,"INDOWIRA, PT"
JUAL,261.001.835,13/02/2026 0:00,2602120381,T,,H.218,INDAH WARNA,JL. Raya Galuga KM 195,H1,MIMING,1,GUDANG BAIK,2101913,Meiji Epoxy Filler  0.25 LTR SET,44.00,"26,500.00",KL,5.00,0.00,0.00,"58,300.00","1,107,700.00",,1,"INDOWIRA, PT"
JUAL,261.001.838,13/02/2026 0:00,2602130394,T,,N.917A,PAK LAURENS,JL.CIBOLERANG NO.203 KAV.22 A,13,BU RINI,1,GUDANG BAIK,2101608,Kingkong Wall Putty Instant Powder  5 KG,6.00,"32,000.00",BKS,0.00,0.00,0.00,0.00,"192,000.00",,1,"INDOWIRA, PT"
JUAL,261.001.839,13/02/2026 0:00,2602130395,T,,K.201,AGUS CENDANA,KIRCON 141,L,RUDI *,1,GUDANG BAIK,2102837,Petalac 2K PU Hardener Normal  200CC,6.00,"55,000.00",KL,10.00,0.00,0.00,"33,000.00","297,000.00",,1,"INDOWIRA, PT"
JUAL,261.001.839,13/02/2026 0:00,2602130395,T,,K.201,AGUS CENDANA,KIRCON 141,L,RUDI *,1,GUDANG BAIK,2200074,Petalac 2K PU Colour Special White Matt Base 0.8Lt,6.00,"133,000.00",KL,10.00,0.00,0.00,"79,800.00","718,200.00",,1,"INDOWIRA, PT"
JUAL,261.001.839,13/02/2026 0:00,2602130395,T,,K.201,AGUS CENDANA,KIRCON 141,L,RUDI *,1,GUDANG BAIK,2103148,Petalac Thinner PU  20 LTR,1.00,"834,000.00",JRG,0.00,0.00,0.00,0.00,"834,000.00",,1,"INDOWIRA, PT"
JUAL,261.001.841,13/02/2026 0:00,2602130397,T,,N.136,CAPRIFARMINDO,JL.PURNAWARMAN NO.47,13,BU RINI,1,GUDANG BAIK,2100068,Adler Primer Surfacer EP 1050  2 LITER SET,20.00,"200,000.00",KL,0.00,0.00,0.00,0.00,"4,000,000.00",U/P.BUKHORI MUSLIM,1,"INDOWIRA, PT"
JUAL,261.001.842,13/02/2026 0:00,2602130399,T,,J.202,GLOBAL KRIYA NUSANTARA/AL IKHS,JL.GOLF TAMAN CINTA/INSPEKSI NO.2,J,FRANSISKUS,1,GUDANG BAIK,2200052,Petalac 2K PU Clear Gloss Base 20lt,3.00,"2,457,000.00",PAIL,10.00,0.00,0.00,"737,100.00","6,633,900.00",,1,"INDOWIRA, PT"
JUAL,261.001.843,13/02/2026 0:00,2602130386,T,,L.531,IBU ETTY,KP.GUNUNG LEUTIK RT.4/12 NO.35 BATUJAJAR,L,RUDI *,1,GUDANG BAIK,2200112,Petalac Hardener Special M20 0.2Lt,5.00,"55,000.00",KL,10.00,0.00,0.00,"27,500.00","247,500.00",,1,"INDOWIRA, PT"
JUAL,261.001.843,13/02/2026 0:00,2602130386,T,,L.531,IBU ETTY,KP.GUNUNG LEUTIK RT.4/12 NO.35 BATUJAJAR,L,RUDI *,1,GUDANG BAIK,2102837,Petalac 2K PU Hardener Normal  200CC,7.00,"55,000.00",KL,10.00,0.00,0.00,"38,500.00","346,500.00",,1,"INDOWIRA, PT"
JUAL,261.001.843,13/02/2026 0:00,2602130386,T,,L.531,IBU ETTY,KP.GUNUNG LEUTIK RT.4/12 NO.35 BATUJAJAR,L,RUDI *,1,GUDANG BAIK,2200047,Petalac 2K PU Clear Satin Base 0.8Lt,5.00,"110,000.00",KL,10.00,0.00,0.00,"55,000.00","495,000.00",,1,"INDOWIRA, PT"
JUAL,261.001.843,13/02/2026 0:00,2602130386,T,,L.531,IBU ETTY,KP.GUNUNG LEUTIK RT.4/12 NO.35 BATUJAJAR,L,RUDI *,1,GUDANG BAIK,2600039,Petalac 2K PU CO Base Broken White 0.8LT,7.00,"140,000.00",KL,10.00,0.00,0.00,"98,000.00","882,000.00",,1,"INDOWIRA, PT"
JUAL,261.001.844,13/02/2026 0:00,2602130392,T,,A.209,NETRAL,PASIRKALIKI 6,Y,KEN - Y,1,GUDANG BAIK,2103625,Petalux Wall Paint Putih Wangi 25 KG,2.00,"765,000.00",PL,7.50,0.00,0.00,"114,750.00","1,415,250.00",,1,"INDOWIRA, PT"
JUAL,261.001.845,13/02/2026 0:00,2602110325,T,,N.191,JAMAFAC,PADALARANG,13,BU RINI,1,GUDANG BAIK,2101657,Kingkong Wall Paint Super White 200 KG,1.00,"2,553,000.00",DRUM,0.00,0.00,0.00,0.00,"2,553,000.00",,1,"INDOWIRA, PT"
JUAL,261.001.846,13/02/2026 0:00,2602110326,T,,J.573,SAPI UNGGUL INDONESIA,JL.RIAU NO.201,J,FRANSISKUS,1,GUDANG BAIK,2104840,PETALUX WALL PAINT NCS S1002-Y 25KG,2.00,"765,000.00",PAIL,0.00,0.00,0.00,0.00,"1,530,000.00",,1,"INDOWIRA, PT"
JUAL,261.001.847,13/02/2026 0:00,2602090260,T,,K.527,PT.AKD,SADANG,14,DEPO BANDUNG,1,GUDANG BAIK,2102837,Petalac 2K PU Hardener Normal  200CC,1.00,"55,000.00",KL,10.00,0.00,0.00,"5,500.00","49,500.00",,1,"INDOWIRA, PT"
JUAL,261.001.847,13/02/2026 0:00,2602090260,T,,K.527,PT.AKD,SADANG,14,DEPO BANDUNG,1,GUDANG BAIK,2200057,Petalac 2K PU Colour Mutiara Base 0.8Lt,1.00,"163,000.00",KL,10.00,0.00,0.00,"16,300.00","146,700.00",,1,"INDOWIRA, PT"
JUAL,261.001.848,13/02/2026 0:00,2602120378,T,,L.427,SANTI,SUMBER SARI,L,RUDI *,1,GUDANG BAIK,2200112,Petalac Hardener Special M20 0.2Lt,6.00,"55,000.00",KL,10.00,0.00,0.00,"33,000.00","297,000.00",,1,"INDOWIRA, PT"
JUAL,261.001.848,13/02/2026 0:00,2602120378,T,,L.427,SANTI,SUMBER SARI,L,RUDI *,1,GUDANG BAIK,2102837,Petalac 2K PU Hardener Normal  200CC,6.00,"55,000.00",KL,10.00,0.00,0.00,"33,000.00","297,000.00",,1,"INDOWIRA, PT"
JUAL,261.001.848,13/02/2026 0:00,2602120378,T,,L.427,SANTI,SUMBER SARI,L,RUDI *,1,GUDANG BAIK,2200047,Petalac 2K PU Clear Satin Base 0.8Lt,6.00,"110,000.00",KL,10.00,0.00,0.00,"66,000.00","594,000.00",,1,"INDOWIRA, PT"
JUAL,261.001.848,13/02/2026 0:00,2602120378,T,,L.427,SANTI,SUMBER SARI,L,RUDI *,1,GUDANG BAIK,2600040,Petalac 2K PU CO Base Blue Lullaby 0.8LT,6.00,"140,000.00",KL,10.00,0.00,0.00,"84,000.00","756,000.00",,1,"INDOWIRA, PT"
JUAL,261.001.849,13/02/2026 0:00,2602130406,T,,A.205,IRON,SUNIARAJA,Y,KEN - Y,1,GUDANG BAIK,2101330,Attaboy Wall Putty Instant Powder  2 KG,60.00,"33,000.00",BKS,7.50,0.00,0.00,"148,500.00","1,831,500.00",,1,"INDOWIRA, PT"
JUAL,261.001.851,13/02/2026 0:00,2602130401,T,,J.112,PRISTAN,JL.S.HATTA 539,J,FRANSISKUS,1,GUDANG BAIK,2101924,Meiji Gum Sealer  1 LTR SET,12.00,"164,000.00",KL,10.00,0.00,0.00,"196,800.00","1,771,200.00",,1,"INDOWIRA, PT"
JUAL,261.001.851,13/02/2026 0:00,2602130401,T,,J.112,PRISTAN,JL.S.HATTA 539,J,FRANSISKUS,1,GUDANG BAIK,2200086,Petalac 2K Surfacer FD 21 Base 1LT,12.00,"80,000.00",KL,10.00,0.00,0.00,"96,000.00","864,000.00",,1,"INDOWIRA, PT"
JUAL,261.001.851,13/02/2026 0:00,2602130401,T,,J.112,PRISTAN,JL.S.HATTA 539,J,FRANSISKUS,1,GUDANG BAIK,2200087,Petalac Hardener Surfacer FD 0.5LT,12.00,"60,000.00",KL,10.00,0.00,0.00,"72,000.00","648,000.00",,1,"INDOWIRA, PT"
JUAL,261.001.852,13/02/2026 0:00,2602130404,T,,K.542,PT.HADI WIRIADINATA,JL.KOPO SAYATI NO.363A,13,BU RINI,1,GUDANG BAIK,2101918,Meiji Epoxy Filler  20 LTR SET,4.00,"1,325,000.00",PL,5.00,0.00,0.00,"265,000.00","5,035,000.00",k/cibolerang 145,1,"INDOWIRA, PT"
JUAL,262.000.177,13/02/2026 0:00,2602120379,T,,D.616,PB.BAROKAH,CIPANJAR 242 CIWARUGA CIGUGUR GIRANG,Y,KEN - Y,1,GUDANG BAIK,2104955,Bonus Sarung,1.00,0.00,PCS,0.00,0.00,0.00,0.00,0.00,,1,"INDOWIRA, PT"
JUAL,262.000.178,13/02/2026 0:00,2602120371,T,,B.213,PARAHYANGAN,JL.MELONG  ASIH 49,U,GANIS,1,GUDANG BAIK,2104955,Bonus Sarung,1.00,0.00,PCS,0.00,0.00,0.00,0.00,0.00,,1,"INDOWIRA, PT"
JUAL,262.000.179,13/02/2026 0:00,2602130388,T,,N.888,SUMBER WARNA,PUNGKUR,14,DEPO BANDUNG,1,GUDANG BAIK,2101915,Meiji Epoxy Filler  1 LTR SET,2.00,0.00,KL,0.00,0.00,0.00,0.00,0.00,,1,"INDOWIRA, PT"
JUAL,262.000.180,13/02/2026 0:00,2602130388,T,,N.888,SUMBER WARNA,PUNGKUR,14,DEPO BANDUNG,1,GUDANG BAIK,2104955,Bonus Sarung,2.00,0.00,PCS,0.00,0.00,0.00,0.00,0.00,,1,"INDOWIRA, PT"
JUAL,262.000.181,13/02/2026 0:00,2602120381,T,,H.218,INDAH WARNA,JL. Raya Galuga KM 195,H1,MIMING,1,GUDANG BAIK,2101915,Meiji Epoxy Filler  1 LTR SET,3.00,0.00,KL,0.00,0.00,0.00,0.00,0.00,,1,"INDOWIRA, PT"
JUAL,262.000.181,13/02/2026 0:00,2602120381,T,,H.218,INDAH WARNA,JL. Raya Galuga KM 195,H1,MIMING,1,GUDANG BAIK,2101913,Meiji Epoxy Filler  0.25 LTR SET,4.00,0.00,KL,0.00,0.00,0.00,0.00,0.00,,1,"INDOWIRA, PT"
JUAL,262.000.182,13/02/2026 0:00,2602120381,T,,H.218,INDAH WARNA,JL. Raya Galuga KM 195,H1,MIMING,1,GUDANG BAIK,2104955,Bonus Sarung,2.00,0.00,PCS,0.00,0.00,0.00,0.00,0.00,,1,"INDOWIRA, PT"
JUAL,262.000.184,13/02/2026 0:00,2602130396,T,,H.124,GAYA WARNA,JL.RAYA TAJUR 162 B BOGOR,H,YANSENG,1,GUDANG BAIK,2100006,Alfa Polyester Putty  1 KG,2.00,0.00,KL,0.00,0.00,0.00,0.00,0.00,u/sample,1,"INDOWIRA, PT"
JUAL,262.000.185,13/02/2026 0:00,2602130400,T,,I.850,JATI PUSAKA,JL.RY LIMBANGAN DKT POM,I,B CIANG,1,GUDANG BAIK,2101951,Meiji PU Rapid Clear  1 LTR SET,1.00,0.00,KL,0.00,0.00,0.00,0.00,0.00,u/penggantian,1,"INDOWIRA, PT"
JUAL,262.000.185,13/02/2026 0:00,2602130400,T,,I.850,JATI PUSAKA,JL.RY LIMBANGAN DKT POM,I,B CIANG,1,GUDANG BAIK,2100012,Alfa Polyester Putty Hardener 60gr,2.00,0.00,tube,0.00,0.00,0.00,0.00,0.00,u/penggantian,1,"INDOWIRA, PT"
JUAL,262.000.186,13/02/2026 0:00,2602130399,T,,J.202,GLOBAL KRIYA NUSANTARA/AL IKHS,JL.GOLF TAMAN CINTA/INSPEKSI NO.2,J,FRANSISKUS,1,GUDANG BAIK,2104955,Bonus Sarung,3.00,0.00,PCS,0.00,0.00,0.00,0.00,0.00,,1,"INDOWIRA, PT"
JUAL,262.000.187,13/02/2026 0:00,2602130401,T,,J.112,PRISTAN,JL.S.HATTA 539,J,FRANSISKUS,1,GUDANG BAIK,2104955,Bonus Sarung,1.00,0.00,PCS,0.00,0.00,0.00,0.00,0.00,,1,"INDOWIRA, PT"
JUAL,261.001.860,16/02/2026 0:00,2602130403,T,,N.521,PT.SAGE KONTRUKSI INDONESIA,JL.GUNUNG RAHAYU II C 7 GUNUNG BATU CIMA,13,BU RINI,1,GUDANG BAIK,240046,Attaboy High Gloss Acrylic Enamel S1002-G50Y 20LT,1.00,"2,094,570.00",PAIL,0.00,0.00,0.00,0.00,"2,094,570.00",K/CERES,1,"INDOWIRA, PT"
JUAL,261.001.861,16/02/2026 0:00,2602130391,T,,GE.116,PT.KENZIE CAHAYA MANDIRI,KP.CISANTRI RT.002 RW.001 CILANDAK CIBATU PURWAKARTA,G,JULIANTO,1,GUDANG BAIK,2100011,AlFa Polyester Putty  3KG,18.00,"103,000.00",GLN,0.00,0.00,0.00,0.00,"1,854,000.00",,1,"INDOWIRA, PT"
JUAL,261.001.862,16/02/2026 0:00,2602160409,T,,N.1081,ARIS RISMANSYAH,JL.SUKAMAJU NO.2 RT.003/005 CIPADUNG KULON,13,BU RINI,1,GUDANG BAIK,2102074,Meiji Zinc Chromate Light Grey 20 KG,2.00,"825,000.00",PL,5.00,0.00,0.00,"82,500.00","1,567,500.00",,1,"INDOWIRA, PT"
JUAL,261.001.864,16/02/2026 0:00,2602160412,T,,Y.289,WARNA DUNIA,KARASAK LAMA NO.184 RT.01/RW.05,Y,KEN - Y,1,GUDANG BAIK,2100049,Adler Polyester Putty 3002  1 KG SET,12.00,"62,000.00",KL,7.50,0.00,0.00,"55,800.00","688,200.00",,1,"INDOWIRA, PT"
JUAL,261.001.865,16/02/2026 0:00,2602160411,T,,Y.303,BENGKEL PUTRA MANDIRI,JL.ARCAMANIK NO.31 SINDANG LAYA DEPAN WARUNG MIE SINLAY,Y,KEN - Y,1,GUDANG BAIK,2102075,Meiji Zinc Chromate Primer Light Grey 5 KG,1.00,"225,000.00",GLN,0.00,0.00,0.00,0.00,"225,000.00",,1,"INDOWIRA, PT"
JUAL,261.001.867,16/02/2026 0:00,2602160426,T,,K.527,PT.AKD,SADANG,14,DEPO BANDUNG,1,GUDANG BAIK,2200046,Petalac 2K PU Clear Gloss Base 0.8LT,6.00,"108,000.00",KL,10.00,0.00,0.00,"64,800.00","583,200.00",,1,"INDOWIRA, PT"
JUAL,261.001.867,16/02/2026 0:00,2602160426,T,,K.527,PT.AKD,SADANG,14,DEPO BANDUNG,1,GUDANG BAIK,2102840,Petalac 2K PU Hardener Special  200 CC,6.00,"55,000.00",KL,10.00,0.00,0.00,"33,000.00","297,000.00",,1,"INDOWIRA, PT"
JUAL,261.001.867,16/02/2026 0:00,2602160426,T,,K.527,PT.AKD,SADANG,14,DEPO BANDUNG,1,GUDANG BAIK,2103148,Petalac Thinner PU  20 LTR,10.00,"834,000.00",JRG,0.00,0.00,0.00,0.00,"8,340,000.00",,1,"INDOWIRA, PT"
JUAL,261.001.878,16/02/2026 0:00,2602160425,T,,G.519,TB.CAHAYA FAMILY,JL.KOLMAS GG.SARI LAKSANA NO.4 PARONGPON,G,JULIANTO,1,GUDANG BAIK,2104141,Wiratex Wall Paint 850 25 KG,1.00,"390,000.00",PL,7.50,0.00,0.00,"29,250.00","360,750.00",,1,"INDOWIRA, PT"
JUAL,261.001.879,16/02/2026 0:00,2602160424,T,,B.213,PARAHYANGAN,JL.MELONG  ASIH 49,U,GANIS,1,GUDANG BAIK,2105214,Meiji Zinc Chromate Primer Dark Grey 20KG,1.00,"825,000.00",PAIL,7.50,0.00,0.00,"61,875.00","763,125.00",,1,"INDOWIRA, PT"
JUAL,261.001.879,16/02/2026 0:00,2602160424,T,,B.213,PARAHYANGAN,JL.MELONG  ASIH 49,U,GANIS,1,GUDANG BAIK,2102069,Meiji Zinc Chromate Primer Grey 20 KG,2.00,"825,000.00",PL,7.50,0.00,0.00,"123,750.00","1,526,250.00",,1,"INDOWIRA, PT"
JUAL,261.001.880,16/02/2026 0:00,2602160423,T,,D.507,INTI LOGAM,PASAR ATAS 38,U,GANIS,1,GUDANG BAIK,2101917,Meiji Epoxy Filler White 1 LTR SET,11.00,"76,000.00",KL,7.50,0.00,0.00,"62,700.00","773,300.00",,1,"INDOWIRA, PT"
JUAL,261.001.881,16/02/2026 0:00,2602160422,T,,D.513,PUTRA REJEKI,RAJAWALI BARAT 45,U,GANIS,1,GUDANG BAIK,2102062,Meiji Zinc Chromate Primer Black 1 KG,24.00,"51,000.00",KL,7.50,0.00,0.00,"91,800.00","1,132,200.00",,1,"INDOWIRA, PT"
JUAL,261.001.881,16/02/2026 0:00,2602160422,T,,D.513,PUTRA REJEKI,RAJAWALI BARAT 45,U,GANIS,1,GUDANG BAIK,2104139,Wiratex Wall Paint 848 25 KG,1.00,"390,000.00",PL,7.50,0.00,0.00,"29,250.00","360,750.00",,1,"INDOWIRA, PT"
JUAL,261.001.881,16/02/2026 0:00,2602160422,T,,D.513,PUTRA REJEKI,RAJAWALI BARAT 45,U,GANIS,1,GUDANG BAIK,2104113,Wiratex Wall Paint 806 Cream 25 KG,2.00,"390,000.00",PL,7.50,0.00,0.00,"58,500.00","721,500.00",,1,"INDOWIRA, PT"
JUAL,261.001.882,16/02/2026 0:00,2602160421,T,,N.254,"SANBE FARMA ,PT",JL.TAMAN SARI NO.10,13,BU RINI,1,GUDANG BAIK,2102061,Meiji Zinc Chromate Primer  1 KG,4.00,"51,000.00",KL,10.00,0.00,0.00,"20,400.00","183,600.00",U/P.NANA SARIPUDIN,1,"INDOWIRA, PT"
JUAL,261.001.883,16/02/2026 0:00,2602060159,T,,R.571,PERUM BUMI CITRA INDAH 4,CIPATIK,R,SIMON QIRENE,1,GUDANG BAIK,2102109,Mascot Wall Paint Super White 200 KG,8.00,"1,365,000.00",DRM,0.00,0.00,0.00,0.00,"10,920,000.00",,1,"INDOWIRA, PT"
JUAL,261.001.883,16/02/2026 0:00,2602060159,T,,R.571,PERUM BUMI CITRA INDAH 4,CIPATIK,R,SIMON QIRENE,1,GUDANG BAIK,2105145,SHINTEX WALL PAINT 999 ADINDA 200KG,2.00,"3,172,500.00",DRUM,0.00,0.00,0.00,0.00,"6,345,000.00",,1,"INDOWIRA, PT"
JUAL,261.001.884,16/02/2026 0:00,2602160427,T,,C.507,LAJU JAYA,JL.BURUJUL 39 TKI II,D,WILLY,1,GUDANG BAIK,2104147,Wiratex Wall Paint Putih Salju 25 KG,15.00,"390,000.00",PL,7.50,0.00,0.00,"438,750.00","5,411,250.00",,1,"INDOWIRA, PT"
JUAL,261.001.885,16/02/2026 0:00,2602160430,T,,R.400,TB.SUMBER REJEKI,JL.CIAWI TALI DEPAN PERUMAHAN BUMI CITEU,R,SIMON QIRENE,1,GUDANG BAIK,2103735,Petalux Wall Paint Putih hemat 06 5KG,1.00,"158,000.00",GLN,7.50,0.00,0.00,"11,850.00","146,150.00",,1,"INDOWIRA, PT"
JUAL,261.001.886,16/02/2026 0:00,2602160418,T,,N.1099,BUDI,PODOMORO PARK JL.BOULEVARD SELATAN KAVLING S6,13,BU RINI,1,GUDANG BAIK,2102068,Meiji Zinc Chromate Primer Broken Whit 20 KG,3.00,"825,000.00",PL,0.00,0.00,0.00,0.00,"2,475,000.00",,1,"INDOWIRA, PT"
JUAL,261.001.887,16/02/2026 0:00,2602160432,T,,J.140,PT.INDONESIA RABBONI GARMEN,JL.BANJARAN 102 (EX UNILON),J,FRANSISKUS,1,GUDANG BAIK,2100016,Alfa Zinc Chromate Primer BM Grey 20kg,3.00,"720,000.00",PL,0.00,0.00,0.00,0.00,"2,160,000.00",,1,"INDOWIRA, PT"
JUAL,261.001.888,16/02/2026 0:00,2602160429,T,,C.408,LANGGENG CEMERLANG,JL.GADOBANGKONG NO.2 CIMAHI,R,SIMON QIRENE,1,GUDANG BAIK,2101915,Meiji Epoxy Filler  1 LTR SET,11.00,"76,000.00",KL,7.50,0.00,0.00,"62,700.00","773,300.00",,1,"INDOWIRA, PT"
JUAL,261.001.890,16/02/2026 0:00,2602160428,T,,W.473,SRI MULYA KENCANA,"JL,RAYA GADOBANGKONG 39 A",U,GANIS,1,GUDANG BAIK,2100049,Adler Polyester Putty 3002  1 KG SET,12.00,"62,000.00",KL,7.50,0.00,0.00,"55,800.00","688,200.00",,1,"INDOWIRA, PT"
JUAL,261.001.891,16/02/2026 0:00,2602160417,T,,B.421,BOGA SENI BERKAH,"JL.RADIO,CILILIN BANDUNG BARAT",C,YONATHAN,1,GUDANG BAIK,2200139,Kingkong Wall Paint Super White 4.5Kg,20.00,"76,000.00",GLN,7.50,0.00,0.00,"114,000.00","1,406,000.00",,1,"INDOWIRA, PT"
JUAL,261.001.892,16/02/2026 0:00,2602160434,T,,M.100,UMUM,,14,DEPO BANDUNG,1,GUDANG BAIK,2105077,Daltone Epoxy Filler Grey 1Lts,3.00,"70,000.00",KL,10.00,0.00,0.00,"21,000.00","189,000.00",JULYANTO,1,"INDOWIRA, PT"
JUAL,261.001.893,16/02/2026 0:00,2602120370,T,,K.521,TOPIC,JATAYU,L,RUDI *,1,GUDANG BAIK,2102837,Petalac 2K PU Hardener Normal  200CC,18.00,"55,000.00",KL,10.00,0.00,0.00,"99,000.00","891,000.00",,1,"INDOWIRA, PT"
JUAL,261.001.893,16/02/2026 0:00,2602120370,T,,K.521,TOPIC,JATAYU,L,RUDI *,1,GUDANG BAIK,2200050,"Petalac 2K PU Clear Matt MV3 Base 0,8Lt",18.00,"121,000.00",KL,10.00,0.00,0.00,"217,800.00","1,960,200.00",,1,"INDOWIRA, PT"
JUAL,261.001.894,16/02/2026 0:00,2602160435,T,,G.227,MUTIARA WARNA,JL.SOMAWINATA 14 TANI MULYA,G,JULIANTO,1,GUDANG BAIK,2103529,Petalux Wall Paint 6303 Stone 25 KG,1.00,"765,000.00",PL,7.50,0.00,0.00,"57,375.00","707,625.00",K/JL.SUSILO NO.4 DEKAT IP U/P.H AA AROM,1,"INDOWIRA, PT"
JUAL,261.001.894,16/02/2026 0:00,2602160435,T,,G.227,MUTIARA WARNA,JL.SOMAWINATA 14 TANI MULYA,G,JULIANTO,1,GUDANG BAIK,2103625,Petalux Wall Paint Putih Wangi 25 KG,2.00,"765,000.00",PL,7.50,0.00,0.00,"114,750.00","1,415,250.00",K/JL.SUSILO NO.4 DEKAT IP U/P.H AA AROM,1,"INDOWIRA, PT"
JUAL,261.001.895,16/02/2026 0:00,2602160415,T,,N.888,SUMBER WARNA,PUNGKUR,14,DEPO BANDUNG,1,GUDANG BAIK,2102069,Meiji Zinc Chromate Primer Grey 20 KG,2.00,"825,000.00",PL,7.50,2.50,0.00,"161,906.24","1,488,093.76",,1,"INDOWIRA, PT"
JUAL,261.001.896,16/02/2026 0:00,2602160416,T,,K.417,ALDI,JL.MOH.TOHA 63,L,RUDI *,1,GUDANG BAIK,2102064,Meiji Zinc Chromate Primer Grey 1 KG,6.00,"51,000.00",KL,7.50,0.00,0.00,"22,950.00","283,050.00",,1,"INDOWIRA, PT"
JUAL,261.001.898,16/02/2026 0:00,2602160419,T,,C.139,TK.SWP,JL.M.TOHA 214  U/P.BP.RIO YUDITH,13,BU RINI,1,GUDANG BAIK,2101607,Kingkong Wall Putty Instant Powder  25 KG,11.00,"133,000.00",ZAK,5.00,0.00,0.00,"73,150.00","1,389,850.00",,1,"INDOWIRA, PT"
JUAL,261.001.898,16/02/2026 0:00,2602160419,T,,C.139,TK.SWP,JL.M.TOHA 214  U/P.BP.RIO YUDITH,13,BU RINI,1,GUDANG BAIK,2101608,Kingkong Wall Putty Instant Powder  5 KG,5.00,"32,000.00",BKS,5.00,0.00,0.00,"8,000.00","152,000.00",,1,"INDOWIRA, PT"
JUAL,261.001.899,16/02/2026 0:00,2602130404,T,,K.542,PT.HADI WIRIADINATA,JL.KOPO SAYATI NO.363A,13,BU RINI,1,GUDANG BAIK,2101918,Meiji Epoxy Filler  20 LTR SET,3.00,"1,325,000.00",PL,5.00,0.00,0.00,"198,750.00","3,776,250.00",k/cibolerang 145T,1,"INDOWIRA, PT"
JUAL,261.001.900,16/02/2026 0:00,2602160447,T,,C.138,AL-BAROKAH,JL.POJOK SELATAN 226 CIMAHI,C,YONATHAN,1,GUDANG BAIK,2104183,Wiratex Wall paint 848 5KG,4.00,"83,000.00",GL,7.50,0.00,0.00,"24,900.00","307,100.00",,1,"INDOWIRA, PT"
JUAL,261.001.900,16/02/2026 0:00,2602160447,T,,C.138,AL-BAROKAH,JL.POJOK SELATAN 226 CIMAHI,C,YONATHAN,1,GUDANG BAIK,2104180,Wiratex Wall Paint 845 River S 5KG,4.00,"83,000.00",GL,7.50,0.00,0.00,"24,900.00","307,100.00",,1,"INDOWIRA, PT"
JUAL,261.001.900,16/02/2026 0:00,2602160447,T,,C.138,AL-BAROKAH,JL.POJOK SELATAN 226 CIMAHI,C,YONATHAN,1,GUDANG BAIK,2104192,Wiratex Wall Paint Super White 5KG,4.00,"83,000.00",GL,7.50,0.00,0.00,"24,900.00","307,100.00",,1,"INDOWIRA, PT"
JUAL,261.001.901,16/02/2026 0:00,2602160441,T,,G.524,ANUGRAH,Kp.Pasir Calung RT.02/07 DS.Cipada Cisarua,G,JULIANTO,1,GUDANG BAIK,2200373,Petalux Base C 25KG,2.00,"450,000.00",PAIL,15.00,0.00,0.00,"135,000.00","765,000.00",,1,"INDOWIRA, PT"
JUAL,261.001.901,16/02/2026 0:00,2602160441,T,,G.524,ANUGRAH,Kp.Pasir Calung RT.02/07 DS.Cipada Cisarua,G,JULIANTO,1,GUDANG BAIK,2103286,Petalux Base A  5KG,8.00,"157,000.00",GLN,15.00,0.00,0.00,"188,400.00","1,067,600.00",,1,"INDOWIRA, PT"
JUAL,261.001.901,16/02/2026 0:00,2602160441,T,,G.524,ANUGRAH,Kp.Pasir Calung RT.02/07 DS.Cipada Cisarua,G,JULIANTO,1,GUDANG BAIK,2103287,Petalux Base B  5KG,8.00,"128,000.00",GLN,15.00,0.00,0.00,"153,600.00","870,400.00",,1,"INDOWIRA, PT"
JUAL,261.001.901,16/02/2026 0:00,2602160441,T,,G.524,ANUGRAH,Kp.Pasir Calung RT.02/07 DS.Cipada Cisarua,G,JULIANTO,1,GUDANG BAIK,2103284,Petalux Base A  25 KG,5.00,"721,000.00",PL,15.00,0.00,0.00,"540,750.00","3,064,250.00",,1,"INDOWIRA, PT"
JUAL,261.001.901,16/02/2026 0:00,2602160441,T,,G.524,ANUGRAH,Kp.Pasir Calung RT.02/07 DS.Cipada Cisarua,G,JULIANTO,1,GUDANG BAIK,2103285,Petalux Base B  25 KG,5.00,"590,000.00",PL,15.00,0.00,0.00,"442,500.00","2,507,500.00",,1,"INDOWIRA, PT"
JUAL,261.001.902,16/02/2026 0:00,2602160438,T,,Y.284,PUTRA SEJATI 3,RANCA BENTANG NO.3,Y,KEN - Y,1,GUDANG BAIK,2104187,Wiratex Wall Paint 852 5KG,4.00,"83,000.00",GL,7.50,0.00,0.00,"24,900.00","307,100.00",,1,"INDOWIRA, PT"
JUAL,261.001.902,16/02/2026 0:00,2602160438,T,,Y.284,PUTRA SEJATI 3,RANCA BENTANG NO.3,Y,KEN - Y,1,GUDANG BAIK,2104162,Wiratex Wall Paint 814 Adinda 5KG,2.00,"83,000.00",GL,7.50,0.00,0.00,"12,450.00","153,550.00",,1,"INDOWIRA, PT"
JUAL,261.001.902,16/02/2026 0:00,2602160438,T,,Y.284,PUTRA SEJATI 3,RANCA BENTANG NO.3,Y,KEN - Y,1,GUDANG BAIK,2104160,Wiratex Wall Paint 809 Jonquil 5KG,2.00,"83,000.00",GL,7.50,0.00,0.00,"12,450.00","153,550.00",,1,"INDOWIRA, PT"
JUAL,261.001.902,16/02/2026 0:00,2602160438,T,,Y.284,PUTRA SEJATI 3,RANCA BENTANG NO.3,Y,KEN - Y,1,GUDANG BAIK,2104191,Wiratex Wall Paint Putih Salju 5KG,4.00,"83,000.00",GL,7.50,0.00,0.00,"24,900.00","307,100.00",,1,"INDOWIRA, PT"
JUAL,261.001.902,16/02/2026 0:00,2602160438,T,,Y.284,PUTRA SEJATI 3,RANCA BENTANG NO.3,Y,KEN - Y,1,GUDANG BAIK,2104147,Wiratex Wall Paint Putih Salju 25 KG,1.00,"390,000.00",PL,7.50,0.00,0.00,"29,250.00","360,750.00",,1,"INDOWIRA, PT"
JUAL,261.001.903,16/02/2026 0:00,2602160455,T,,B.404,BARU,RAYA 494 CIMAHI,C,YONATHAN,1,GUDANG BAIK,2104191,Wiratex Wall Paint Putih Salju 5KG,4.00,"83,000.00",GL,7.50,0.00,0.00,"24,900.00","307,100.00",,1,"INDOWIRA, PT"
JUAL,261.001.903,16/02/2026 0:00,2602160455,T,,B.404,BARU,RAYA 494 CIMAHI,C,YONATHAN,1,GUDANG BAIK,2104147,Wiratex Wall Paint Putih Salju 25 KG,2.00,"390,000.00",PL,7.50,0.00,0.00,"58,500.00","721,500.00",,1,"INDOWIRA, PT"
JUAL,261.001.906,16/02/2026 0:00,2602160452,T,,J.615,DADALI SPORT CENTER,JL.PENGUIN NO.2 KOMP.DADALI,R,SIMON QIRENE,1,GUDANG BAIK,2100065,Adler Primer Surfacer EP 1050  40 LITER SET,1.00,"3,675,000.00",PL,10.00,0.00,0.00,"367,500.00","3,307,500.00",,1,"INDOWIRA, PT"
JUAL,261.001.907,16/02/2026 0:00,2602160437,T,,K.311,PIPING,KEBON KOPI 76,13,BU RINI,1,GUDANG BAIK,2200046,Petalac 2K PU Clear Gloss Base 0.8LT,2.00,"108,000.00",KL,10.00,0.00,0.00,"21,600.00","194,400.00",,1,"INDOWIRA, PT"
JUAL,261.001.907,16/02/2026 0:00,2602160437,T,,K.311,PIPING,KEBON KOPI 76,13,BU RINI,1,GUDANG BAIK,2102840,Petalac 2K PU Hardener Special  200 CC,4.00,"55,000.00",KL,10.00,0.00,0.00,"22,000.00","198,000.00",,1,"INDOWIRA, PT"
JUAL,261.001.907,16/02/2026 0:00,2602160437,T,,K.311,PIPING,KEBON KOPI 76,13,BU RINI,1,GUDANG BAIK,2200068,Petalac 2K PU Colour P.101 Special White Base 0.8L,2.00,"126,000.00",KL,10.00,0.00,0.00,"25,200.00","226,800.00",,1,"INDOWIRA, PT"
JUAL,261.001.908,16/02/2026 0:00,2602160431,T,,N.955,PT.LIKUIDA VALVELINDO TEKNO,GUDANG 1 (LVT) PATARUMAN,14,DEPO BANDUNG,1,GUDANG BAIK,2102077,Meiji Zinc Chromate Primer Black 5 KG,2.00,"225,000.00",GLN,0.00,0.00,0.00,0.00,"450,000.00",,1,"INDOWIRA, PT"
JUAL,261.001.919,16/02/2026 0:00,2602130390,T,,H.178,SINAR WARU III,PUTAT NUTUG,H,YANSENG,1,GUDANG BAIK,2102178,Mascot Wall Paint Super White 5 KG,20.00,"65,000.00",GLN,7.50,0.00,0.00,"97,500.00","1,202,500.00",,1,"INDOWIRA, PT"
JUAL,261.001.920,16/02/2026 0:00,2602160461,T,,M.100,UMUM,,14,DEPO BANDUNG,1,GUDANG BAIK,2104192,Wiratex Wall Paint Super White 5KG,1.00,"83,000.00",GL,10.00,0.00,0.00,"8,300.00","74,700.00",ABDUL,1,"INDOWIRA, PT"
JUAL,262.000.188,16/02/2026 0:00,2602130404,T,,K.542,PT.HADI WIRIADINATA,JL.KOPO SAYATI NO.363A,13,BU RINI,1,GUDANG BAIK,2104955,Bonus Sarung,4.00,0.00,PCS,0.00,0.00,0.00,0.00,0.00,K/CIBOLERANG 145,1,"INDOWIRA, PT"
JUAL,262.000.189,16/02/2026 0:00,2602160426,T,,K.527,PT.AKD,SADANG,14,DEPO BANDUNG,1,GUDANG BAIK,2104955,Bonus Sarung,4.00,0.00,PCS,0.00,0.00,0.00,0.00,0.00,,1,"INDOWIRA, PT"
JUAL,262.000.190,16/02/2026 0:00,2602160424,T,,B.213,PARAHYANGAN,JL.MELONG  ASIH 49,U,GANIS,1,GUDANG BAIK,2104955,Bonus Sarung,1.00,0.00,PCS,0.00,0.00,0.00,0.00,0.00,,1,"INDOWIRA, PT"
JUAL,262.000.191,16/02/2026 0:00,2602160423,T,,D.507,INTI LOGAM,PASAR ATAS 38,U,GANIS,1,GUDANG BAIK,2101917,Meiji Epoxy Filler White 1 LTR SET,1.00,0.00,KL,0.00,0.00,0.00,0.00,0.00,,1,"INDOWIRA, PT"
JUAL,262.000.192,16/02/2026 0:00,2602160422,T,,D.513,PUTRA REJEKI,RAJAWALI BARAT 45,U,GANIS,1,GUDANG BAIK,2104955,Bonus Sarung,1.00,0.00,PCS,0.00,0.00,0.00,0.00,0.00,,1,"INDOWIRA, PT"
JUAL,262.000.193,16/02/2026 0:00,2602160427,T,,C.507,LAJU JAYA,JL.BURUJUL 39 TKI II,D,WILLY,1,GUDANG BAIK,2104955,Bonus Sarung,2.00,0.00,PCS,0.00,0.00,0.00,0.00,0.00,,1,"INDOWIRA, PT"
JUAL,262.000.194,16/02/2026 0:00,2602160429,T,,C.408,LANGGENG CEMERLANG,JL.GADOBANGKONG NO.2 CIMAHI,R,SIMON QIRENE,1,GUDANG BAIK,2101915,Meiji Epoxy Filler  1 LTR SET,1.00,0.00,KL,0.00,0.00,0.00,0.00,0.00,,1,"INDOWIRA, PT"
JUAL,262.000.195,16/02/2026 0:00,2602120370,T,,K.521,TOPIC,JATAYU,L,RUDI *,1,GUDANG BAIK,2104955,Bonus Sarung,2.00,0.00,PCS,0.00,0.00,0.00,0.00,0.00,,1,"INDOWIRA, PT"
JUAL,262.000.196,16/02/2026 0:00,2602160459,T,,M.108,TISNA(OPLOSAN),,M,UMUM,1,GUDANG BAIK,2103145,Petalac Thinner PU  1 LTR,1.00,0.00,KL,0.00,0.00,0.00,0.00,0.00,,1,"INDOWIRA, PT"
JUAL,261.001.933,18/02/2026 0:00,2602130405,T,,T.246,KOKO / TK.BANGUNAN PD.DJAMUJU,JL.KOPO NO.376,J,FRANSISKUS,1,GUDANG BAIK,2103986,Shintex Wall Paint Putih Prima 25 KG,10.00,"510,000.00",PL,7.50,0.00,0.00,"382,500.00","4,717,500.00",,1,"INDOWIRA, PT"
JUAL,261.001.934,18/02/2026 0:00,2602130393,T,,J.103,PT.AKARA INTER DESAIN,JL.INDUSTRI II NO.7A RT.006 RW.009 UTAMA,J,FRANSISKUS,1,GUDANG BAIK,2102837,Petalac 2K PU Hardener Normal  200CC,1.00,"55,000.00",KL,10.00,0.00,0.00,"5,500.00","49,500.00",,1,"INDOWIRA, PT"
JUAL,261.001.934,18/02/2026 0:00,2602130393,T,,J.103,PT.AKARA INTER DESAIN,JL.INDUSTRI II NO.7A RT.006 RW.009 UTAMA,J,FRANSISKUS,1,GUDANG BAIK,2500148,Petalac Ext 4:1 CO Base Abu Satin 0.8LT,1.00,"150,000.00",KL,10.00,0.00,0.00,"15,000.00","135,000.00",,1,"INDOWIRA, PT"
JUAL,261.001.935,18/02/2026 0:00,2602180465,T,,N.726,CV.HIKMAH JAYA SENTOSA,GUDANG BARU JL.SINDANG LAYA UJUNG BERUNG U/P.BP AGUS GOZALI,13,BU RINI,1,GUDANG BAIK,2101330,Attaboy Wall Putty Instant Powder  2 KG,48.00,"33,000.00",BKS,0.00,0.00,0.00,0.00,"1,584,000.00",,1,"INDOWIRA, PT"
JUAL,261.001.937,18/02/2026 0:00,2602180463,T,,G.227,MUTIARA WARNA,JL.SOMAWINATA 14 TANI MULYA,G,JULIANTO,1,GUDANG BAIK,2104863,Shintex Wall Filler 4 KG,4.00,"52,000.00",GL,7.50,0.00,0.00,"15,600.00","192,400.00",,1,"INDOWIRA, PT"
JUAL,261.001.937,18/02/2026 0:00,2602180463,T,,G.227,MUTIARA WARNA,JL.SOMAWINATA 14 TANI MULYA,G,JULIANTO,1,GUDANG BAIK,2102178,Mascot Wall Paint Super White 5 KG,8.00,"65,000.00",GLN,7.50,0.00,0.00,"39,000.00","481,000.00",,1,"INDOWIRA, PT"
JUAL,261.001.937,18/02/2026 0:00,2602180463,T,,G.227,MUTIARA WARNA,JL.SOMAWINATA 14 TANI MULYA,G,JULIANTO,1,GUDANG BAIK,2103863,Shintex Wall Filler  1 KG,2.00,"23,000.00",KL,7.50,0.00,0.00,"3,450.00","42,550.00",,1,"INDOWIRA, PT"
JUAL,261.001.937,18/02/2026 0:00,2602180463,T,,G.227,MUTIARA WARNA,JL.SOMAWINATA 14 TANI MULYA,G,JULIANTO,1,GUDANG BAIK,2102129,Mascot Wall Paint Super White 20 KG,3.00,"215,000.00",PL,7.50,0.00,0.00,"48,375.00","596,625.00",,1,"INDOWIRA, PT"
JUAL,261.001.937,18/02/2026 0:00,2602180463,T,,G.227,MUTIARA WARNA,JL.SOMAWINATA 14 TANI MULYA,G,JULIANTO,1,GUDANG BAIK,2104148,Wiratex Wall Paint Super White 25 KG,5.00,"390,000.00",PL,7.50,0.00,0.00,"146,250.00","1,803,750.00",,1,"INDOWIRA, PT"
JUAL,261.001.937,18/02/2026 0:00,2602180463,T,,G.227,MUTIARA WARNA,JL.SOMAWINATA 14 TANI MULYA,G,JULIANTO,1,GUDANG BAIK,2103989,Shintex Wall Paint Super White 25 KG,3.00,"510,000.00",PL,7.50,0.00,0.00,"114,750.00","1,415,250.00",,1,"INDOWIRA, PT"
JUAL,261.001.938,18/02/2026 0:00,2602180467,T,,A.313,TEGUH,CIROYOM 49,U,GANIS,1,GUDANG BAIK,2104191,Wiratex Wall Paint Putih Salju 5KG,8.00,"83,000.00",GL,7.50,0.00,0.00,"49,800.00","614,200.00",,1,"INDOWIRA, PT"
JUAL,261.001.938,18/02/2026 0:00,2602180467,T,,A.313,TEGUH,CIROYOM 49,U,GANIS,1,GUDANG BAIK,2104147,Wiratex Wall Paint Putih Salju 25 KG,1.00,"390,000.00",PL,7.50,0.00,0.00,"29,250.00","360,750.00",,1,"INDOWIRA, PT"
JUAL,261.001.939,18/02/2026 0:00,2602180466,T,,U.178,TB.YUSUF NANJUNG,JL.DIMENSI NO.16 TLP:6676997,U,GANIS,1,GUDANG BAIK,2104148,Wiratex Wall Paint Super White 25 KG,10.00,"390,000.00",PL,7.50,0.00,0.00,"292,500.00","3,607,500.00",,1,"INDOWIRA, PT"
JUAL,261.001.940,18/02/2026 0:00,2602180469,T,,U.264,BINTANG ABADI,JL.RAYA LEMBANG NO.241,U,GANIS,1,GUDANG BAIK,2102076,Meiji Zinc Chromate Primer  5 KG,4.00,"225,000.00",GLN,7.50,0.00,0.00,"67,500.00","832,500.00",,1,"INDOWIRA, PT"
JUAL,261.001.941,18/02/2026 0:00,2602180470,T,,Y.294,BERKAH ABADI 5,JL.ENCEP KARTIWA CITEUREUP 41C,Y,KEN - Y,1,GUDANG BAIK,2104184,Wiratex Wall Paint 849 5KG,4.00,"83,000.00",GL,7.50,0.00,0.00,"24,900.00","307,100.00",,1,"INDOWIRA, PT"
JUAL,261.001.941,18/02/2026 0:00,2602180470,T,,Y.294,BERKAH ABADI 5,JL.ENCEP KARTIWA CITEUREUP 41C,Y,KEN - Y,1,GUDANG BAIK,2104163,Wiratex Wall Paint 820 Apple W 5KG,4.00,"83,000.00",GL,7.50,0.00,0.00,"24,900.00","307,100.00",,1,"INDOWIRA, PT"
JUAL,261.001.941,18/02/2026 0:00,2602180470,T,,Y.294,BERKAH ABADI 5,JL.ENCEP KARTIWA CITEUREUP 41C,Y,KEN - Y,1,GUDANG BAIK,2104172,Wiratex Wall Paint 831 Fresh B 5KG,4.00,"83,000.00",GL,7.50,0.00,0.00,"24,900.00","307,100.00",,1,"INDOWIRA, PT"
JUAL,261.001.941,18/02/2026 0:00,2602180470,T,,Y.294,BERKAH ABADI 5,JL.ENCEP KARTIWA CITEUREUP 41C,Y,KEN - Y,1,GUDANG BAIK,2104165,Wiratex Wall Paint 823 Poppy O 5KG,4.00,"83,000.00",GL,7.50,0.00,0.00,"24,900.00","307,100.00",,1,"INDOWIRA, PT"
JUAL,261.001.941,18/02/2026 0:00,2602180470,T,,Y.294,BERKAH ABADI 5,JL.ENCEP KARTIWA CITEUREUP 41C,Y,KEN - Y,1,GUDANG BAIK,2104192,Wiratex Wall Paint Super White 5KG,8.00,"83,000.00",GL,7.50,0.00,0.00,"49,800.00","614,200.00",,1,"INDOWIRA, PT"
JUAL,261.001.942,18/02/2026 0:00,2602180471,T,,K.410,SUMBER JAYA,PUNGKUR 21,L,RUDI *,1,GUDANG BAIK,2102837,Petalac 2K PU Hardener Normal  200CC,4.00,"55,000.00",KL,10.00,0.00,0.00,"22,000.00","198,000.00",,1,"INDOWIRA, PT"
JUAL,261.001.942,18/02/2026 0:00,2602180471,T,,K.410,SUMBER JAYA,PUNGKUR 21,L,RUDI *,1,GUDANG BAIK,2200071,Petalac 2K PU Colour P.002 Black Base 0.8Lt,4.00,"126,000.00",KL,10.00,0.00,0.00,"50,400.00","453,600.00",,1,"INDOWIRA, PT"
JUAL,261.001.943,18/02/2026 0:00,2602180472,T,,G.129,GUNUNG MAS,JL.TARUMA NEGARA ARAH TOL KRW BARAT,G,JULIANTO,1,GUDANG BAIK,2300317,Shintex Base B 25KG,2.00,"440,000.00",PAIL,12.50,0.00,0.00,"110,000.00","770,000.00",,1,"INDOWIRA, PT"
JUAL,261.001.943,18/02/2026 0:00,2602180472,T,,G.129,GUNUNG MAS,JL.TARUMA NEGARA ARAH TOL KRW BARAT,G,JULIANTO,1,GUDANG BAIK,2300314,Shintex Base A 5KG,4.00,"103,000.00",GLN,12.50,0.00,0.00,"51,500.00","360,500.00",,1,"INDOWIRA, PT"
JUAL,261.001.943,18/02/2026 0:00,2602180472,T,,G.129,GUNUNG MAS,JL.TARUMA NEGARA ARAH TOL KRW BARAT,G,JULIANTO,1,GUDANG BAIK,2300316,Shintex Base B 5KG,4.00,"93,000.00",GLN,12.50,0.00,0.00,"46,500.00","325,500.00",,1,"INDOWIRA, PT"
JUAL,261.001.944,18/02/2026 0:00,2602180473,T,,A.219,MEDAL LIGAR,JL.BBK CIPARAY 147-172,Y,KEN - Y,1,GUDANG BAIK,2104153,Wiratex Wall Paint 801 Spanish 5KG,4.00,"83,000.00",GL,7.50,0.00,0.00,"24,900.00","307,100.00",,1,"INDOWIRA, PT"
JUAL,261.001.944,18/02/2026 0:00,2602180473,T,,A.219,MEDAL LIGAR,JL.BBK CIPARAY 147-172,Y,KEN - Y,1,GUDANG BAIK,2104192,Wiratex Wall Paint Super White 5KG,8.00,"83,000.00",GL,7.50,0.00,0.00,"49,800.00","614,200.00",,1,"INDOWIRA, PT"
JUAL,261.001.944,18/02/2026 0:00,2602180473,T,,A.219,MEDAL LIGAR,JL.BBK CIPARAY 147-172,Y,KEN - Y,1,GUDANG BAIK,2102178,Mascot Wall Paint Super White 5 KG,8.00,"65,000.00",GLN,7.50,0.00,0.00,"39,000.00","481,000.00",,1,"INDOWIRA, PT"
JUAL,261.001.945,18/02/2026 0:00,2602180474,T,,R.494,PT.PESONA JAYA ABADI,BALI GARDEN CITY VIEW JL.AWILIGAR RAYA ATAS DEKAT HOTEL CLOVE GARDEN R,R,SIMON QIRENE,1,GUDANG BAIK,2103815,Shintex Cat Genteng 309 Leather 4KG,3.00,"185,000.00",GLN,0.00,0.00,0.00,0.00,"555,000.00",U/P.ATEP G5,1,"INDOWIRA, PT"
JUAL,261.001.946,18/02/2026 0:00,2602180475,T,,R.494,PT.PESONA JAYA ABADI,BALI GARDEN CITY VIEW JL.AWILIGAR RAYA ATAS DEKAT HOTEL CLOVE GARDEN R,R,SIMON QIRENE,1,GUDANG BAIK,2103815,Shintex Cat Genteng 309 Leather 4KG,3.00,"185,000.00",GLN,0.00,0.00,0.00,0.00,"555,000.00",U/P.AHMAD G6,1,"INDOWIRA, PT"
JUAL,261.001.947,18/02/2026 0:00,2602180476,T,,R.494,PT.PESONA JAYA ABADI,BALI GARDEN CITY VIEW JL.AWILIGAR RAYA ATAS DEKAT HOTEL CLOVE GARDEN R,R,SIMON QIRENE,1,GUDANG BAIK,2103815,Shintex Cat Genteng 309 Leather 4KG,3.00,"185,000.00",GLN,0.00,0.00,0.00,0.00,"555,000.00",U/P.IHIN G6,1,"INDOWIRA, PT"
JUAL,261.001.948,18/02/2026 0:00,2602180477,T,,R.494,PT.PESONA JAYA ABADI,BALI GARDEN CITY VIEW JL.AWILIGAR RAYA ATAS DEKAT HOTEL CLOVE GARDEN R,R,SIMON QIRENE,1,GUDANG BAIK,2103815,Shintex Cat Genteng 309 Leather 4KG,3.00,"185,000.00",GLN,0.00,0.00,0.00,0.00,"555,000.00",U/P.YANA G5,1,"INDOWIRA, PT"
JUAL,261.001.949,18/02/2026 0:00,2602180478,T,,R.494,PT.PESONA JAYA ABADI,BALI GARDEN CITY VIEW JL.AWILIGAR RAYA ATAS DEKAT HOTEL CLOVE GARDEN R,R,SIMON QIRENE,1,GUDANG BAIK,2103815,Shintex Cat Genteng 309 Leather 4KG,3.00,"185,000.00",GLN,0.00,0.00,0.00,0.00,"555,000.00",U/P.TATA G5,1,"INDOWIRA, PT"
JUAL,261.001.950,18/02/2026 0:00,2602180479,T,,T.174,HOTEL ATLANTIK (WEMPI/HENDRA),JL.PASIR KALIKI NO.126 DEPAN POLSEK CI,R,SIMON QIRENE,1,GUDANG BAIK,2103664,Petalux Wall Paint 6303 Stone 5KG,1.00,"158,000.00",GLN,0.00,0.00,0.00,0.00,"158,000.00",U/P.YUDHA,1,"INDOWIRA, PT"
JUAL,261.001.952,18/02/2026 0:00,2602160443,T,,L.125,TSJ AUTO,TRS.BUAH BATU NO.32,L,RUDI *,1,GUDANG BAIK,2105139,DALTONE CLEAR COAT HS8021 1.5LTS,2.00,"197,500.00",KL,10.00,0.00,0.00,"39,500.00","355,500.00",,1,"INDOWIRA, PT"
JUAL,261.001.953,18/02/2026 0:00,2602160444,T,,D.221,RESTU IBU,JL.BALADEWA NO.3,Y,KEN - Y,1,GUDANG BAIK,2104187,Wiratex Wall Paint 852 5KG,4.00,"83,000.00",GL,7.50,0.00,0.00,"24,900.00","307,100.00",,1,"INDOWIRA, PT"
JUAL,261.001.953,18/02/2026 0:00,2602160444,T,,D.221,RESTU IBU,JL.BALADEWA NO.3,Y,KEN - Y,1,GUDANG BAIK,2104188,Wiratex Wall Paint 853 5KG,4.00,"83,000.00",GL,7.50,0.00,0.00,"24,900.00","307,100.00",,1,"INDOWIRA, PT"
JUAL,261.001.953,18/02/2026 0:00,2602160444,T,,D.221,RESTU IBU,JL.BALADEWA NO.3,Y,KEN - Y,1,GUDANG BAIK,2104183,Wiratex Wall paint 848 5KG,4.00,"83,000.00",GL,7.50,0.00,0.00,"24,900.00","307,100.00",,1,"INDOWIRA, PT"
JUAL,261.001.953,18/02/2026 0:00,2602160444,T,,D.221,RESTU IBU,JL.BALADEWA NO.3,Y,KEN - Y,1,GUDANG BAIK,2104189,Wiratex Wall Paint Black 5KG,4.00,"83,000.00",GL,7.50,0.00,0.00,"24,900.00","307,100.00",,1,"INDOWIRA, PT"
JUAL,261.001.953,18/02/2026 0:00,2602160444,T,,D.221,RESTU IBU,JL.BALADEWA NO.3,Y,KEN - Y,1,GUDANG BAIK,2104157,Wiratex Wall Paint 806 Cream 5KG,4.00,"83,000.00",GL,7.50,0.00,0.00,"24,900.00","307,100.00",,1,"INDOWIRA, PT"
JUAL,261.001.953,18/02/2026 0:00,2602160444,T,,D.221,RESTU IBU,JL.BALADEWA NO.3,Y,KEN - Y,1,GUDANG BAIK,2104163,Wiratex Wall Paint 820 Apple W 5KG,4.00,"83,000.00",GL,7.50,0.00,0.00,"24,900.00","307,100.00",,1,"INDOWIRA, PT"
JUAL,261.001.953,18/02/2026 0:00,2602160444,T,,D.221,RESTU IBU,JL.BALADEWA NO.3,Y,KEN - Y,1,GUDANG BAIK,2104192,Wiratex Wall Paint Super White 5KG,20.00,"83,000.00",GL,7.50,0.00,0.00,"124,500.00","1,535,500.00",,1,"INDOWIRA, PT"
JUAL,261.001.953,18/02/2026 0:00,2602160444,T,,D.221,RESTU IBU,JL.BALADEWA NO.3,Y,KEN - Y,1,GUDANG BAIK,2104148,Wiratex Wall Paint Super White 25 KG,2.00,"390,000.00",PL,7.50,0.00,0.00,"58,500.00","721,500.00",,1,"INDOWIRA, PT"
JUAL,261.001.954,18/02/2026 0:00,2602180465,T,,N.726,CV.HIKMAH JAYA SENTOSA,GUDANG BARU JL.SINDANG LAYA UJUNG BERUNG U/P.BP AGUS GOZALI,13,BU RINI,1,GUDANG BAIK,2101330,Attaboy Wall Putty Instant Powder  2 KG,12.00,"33,000.00",BKS,0.00,0.00,0.00,0.00,"396,000.00",,1,"INDOWIRA, PT"
JUAL,261.001.955,18/02/2026 0:00,2602060159,T,,R.571,PERUM BUMI CITRA INDAH 4,CIPATIK,R,SIMON QIRENE,1,GUDANG BAIK,2102109,Mascot Wall Paint Super White 200 KG,10.00,"1,365,000.00",DRM,0.00,0.00,0.00,0.00,"13,650,000.00",,1,"INDOWIRA, PT"
JUAL,261.001.956,18/02/2026 0:00,2602180486,T,,C.356,CV.KAIROS KERTA KARYA,JL.RAYA PADALARANG NO.463 N BANDUNG BARAT,C,YONATHAN,1,GUDANG BAIK,2102076,Meiji Zinc Chromate Primer  5 KG,3.00,"225,000.00",GLN,7.50,2.50,0.00,"66,234.36","608,765.64",,1,"INDOWIRA, PT"
JUAL,261.001.956,18/02/2026 0:00,2602180486,T,,C.356,CV.KAIROS KERTA KARYA,JL.RAYA PADALARANG NO.463 N BANDUNG BARAT,C,YONATHAN,1,GUDANG BAIK,2102075,Meiji Zinc Chromate Primer Light Grey 5 KG,2.00,"225,000.00",GLN,7.50,2.50,0.00,"44,156.24","405,843.76",,1,"INDOWIRA, PT"
JUAL,261.001.968,18/02/2026 0:00,2602090260,T,,K.527,PT.AKD,SADANG,14,DEPO BANDUNG,1,GUDANG BAIK,2102837,Petalac 2K PU Hardener Normal  200CC,2.00,"55,000.00",KL,10.00,0.00,0.00,"11,000.00","99,000.00",,1,"INDOWIRA, PT"
JUAL,261.001.968,18/02/2026 0:00,2602090260,T,,K.527,PT.AKD,SADANG,14,DEPO BANDUNG,1,GUDANG BAIK,2200057,Petalac 2K PU Colour Mutiara Base 0.8Lt,1.00,"163,000.00",KL,10.00,0.00,0.00,"16,300.00","146,700.00",,1,"INDOWIRA, PT"
JUAL,261.001.969,18/02/2026 0:00,2602120367,T,,X.211,PD.SINAR TEKNIK,KOMPLEK BANCEUY PERMAI BLOK B.5 JL.ABC 76,R,SIMON QIRENE,1,GUDANG BAIK,2500052,Wiratex Wall Paint Black 200KG,2.00,"2,750,000.00",DRUM,0.00,0.00,0.00,0.00,"5,500,000.00",,1,"INDOWIRA, PT"
JUAL,261.001.970,18/02/2026 0:00,2602160456,T,,N.701,DENI,BATU NUNGGAL PERMAI 2 NO.43,13,BU RINI,1,GUDANG BAIK,2101337,Attaboy Water Repellent Sealer  1lt,10.00,"98,000.00",KL,0.00,0.00,0.00,0.00,"980,000.00",,1,"INDOWIRA, PT"
JUAL,261.001.972,18/02/2026 0:00,2602180492,T,,C.102,BUANA,TKI II RUKO 2A NO.58,C,YONATHAN,1,GUDANG BAIK,2101917,Meiji Epoxy Filler White 1 LTR SET,11.00,"76,000.00",KL,7.50,0.00,0.00,"62,700.00","773,300.00",,1,"INDOWIRA, PT"
JUAL,261.001.973,18/02/2026 0:00,2602180493,T,,U.232,BINTANG JAYA,JL.GUNUNG BATU 93C,D,WILLY,1,GUDANG BAIK,2104075,Tawon Kembang Meni Kayu & Besi  4.5 KG,11.00,"195,000.00",GLN,7.50,0.00,0.00,"160,875.00","1,984,125.00",,1,"INDOWIRA, PT"
JUAL,261.001.974,18/02/2026 0:00,2602180494,T,,D.231,BANGUN BERKAT SAUDARA(PD.DEWI),JL.PUNGKUR 89,D,WILLY,1,GUDANG BAIK,2101920,Meiji Epoxy Filler White 20 LTR SET,3.00,"1,325,000.00",PL,5.00,0.00,0.00,"198,750.00","3,776,250.00",,1,"INDOWIRA, PT"
JUAL,261.001.975,18/02/2026 0:00,2602180495,T,,U.261,WIJAYA,JL.RAYA BATUJAJAR NO.178,U,GANIS,1,GUDANG BAIK,2104182,Wiratex Wall Paint 847 Spring 5KG,4.00,"83,000.00",GL,7.50,0.00,0.00,"24,900.00","307,100.00",,1,"INDOWIRA, PT"
JUAL,261.001.975,18/02/2026 0:00,2602180495,T,,U.261,WIJAYA,JL.RAYA BATUJAJAR NO.178,U,GANIS,1,GUDANG BAIK,2104163,Wiratex Wall Paint 820 Apple W 5KG,4.00,"83,000.00",GL,7.50,0.00,0.00,"24,900.00","307,100.00",,1,"INDOWIRA, PT"
JUAL,261.001.976,18/02/2026 0:00,2602180496,T,,A.313,TEGUH,CIROYOM 49,U,GANIS,1,GUDANG BAIK,2300117,Kingkong Wall Paint 107 Broken 4.5KG,2.00,"76,000.00",GLN,7.50,0.00,0.00,"11,400.00","140,600.00",,1,"INDOWIRA, PT"
JUAL,261.001.976,18/02/2026 0:00,2602180496,T,,A.313,TEGUH,CIROYOM 49,U,GANIS,1,GUDANG BAIK,2200249,Kingkong Wall Paint 119 Canary 4.5KG,2.00,"76,000.00",GLN,7.50,0.00,0.00,"11,400.00","140,600.00",,1,"INDOWIRA, PT"
JUAL,261.001.976,18/02/2026 0:00,2602180496,T,,A.313,TEGUH,CIROYOM 49,U,GANIS,1,GUDANG BAIK,2300063,Kingkong Wall Paint 110 Irish W 4.5KG,2.00,"76,000.00",GLN,7.50,0.00,0.00,"11,400.00","140,600.00",,1,"INDOWIRA, PT"
JUAL,261.001.976,18/02/2026 0:00,2602180496,T,,A.313,TEGUH,CIROYOM 49,U,GANIS,1,GUDANG BAIK,2300024,Kingkong Wall Paint 126 Bali Gr 4.5KG,4.00,"76,000.00",GLN,7.50,0.00,0.00,"22,800.00","281,200.00",,1,"INDOWIRA, PT"
JUAL,261.001.976,18/02/2026 0:00,2602180496,T,,A.313,TEGUH,CIROYOM 49,U,GANIS,1,GUDANG BAIK,2200139,Kingkong Wall Paint Super White 4.5Kg,4.00,"76,000.00",GLN,7.50,0.00,0.00,"22,800.00","281,200.00",,1,"INDOWIRA, PT"
JUAL,261.001.976,18/02/2026 0:00,2602180496,T,,A.313,TEGUH,CIROYOM 49,U,GANIS,1,GUDANG BAIK,2200248,Kingkong Wall Paint 131 Spring Green 4.5KG,2.00,"76,000.00",GLN,7.50,0.00,0.00,"11,400.00","140,600.00",,1,"INDOWIRA, PT"
JUAL,261.001.976,18/02/2026 0:00,2602180496,T,,A.313,TEGUH,CIROYOM 49,U,GANIS,1,GUDANG BAIK,2200222,Kingkong Wall Paint Putih Metropolitan 4.5KG,2.00,"76,000.00",GLN,7.50,0.00,0.00,"11,400.00","140,600.00",,1,"INDOWIRA, PT"
JUAL,261.001.977,18/02/2026 0:00,2602180497,T,,N.100,PROYEK BU RINI,,13,BU RINI,1,GUDANG BAIK,2103625,Petalux Wall Paint Putih Wangi 25 KG,1.00,"765,000.00",PL,0.00,0.00,0.00,0.00,"765,000.00",BP.UTANG JL.ACEH NO.69 MERDEKA KODAM III,1,"INDOWIRA, PT"
JUAL,261.001.979,18/02/2026 0:00,2602180499,T,,J.514,GIHON/PA BUDI,DEPAN BRI GUNUNG BATU 6C,C,YONATHAN,1,GUDANG BAIK,2100006,Alfa Polyester Putty  1 KG,6.00,"39,000.00",KL,5.00,0.00,0.00,"11,700.00","222,300.00",,1,"INDOWIRA, PT"
JUAL,261.001.980,18/02/2026 0:00,2602180501,T,,N.343,PT.SANBE PRAKARSA HUSADA,PROYEK RSSI-EXISTING JL KEBON JATI NO.38,13,BU RINI,1,GUDANG BAIK,2102066,Meiji Zinc Chromate Primer  20 KG,2.00,"825,000.00",PL,10.00,0.00,0.00,"165,000.00","1,485,000.00",u/p.Nana saripudin,1,"INDOWIRA, PT"
JUAL,261.001.991,18/02/2026 0:00,2602180488,T,,H.328,DUCO JAYA PAINT,JL.RAYA PUNCAK GADOG,H1,MIMING,1,GUDANG BAIK,2100011,AlFa Polyester Putty  3KG,24.00,"103,000.00",GLN,5.00,0.00,0.00,"123,600.00","2,348,400.00",,1,"INDOWIRA, PT"
JUAL,261.001.991,18/02/2026 0:00,2602180488,T,,H.328,DUCO JAYA PAINT,JL.RAYA PUNCAK GADOG,H1,MIMING,1,GUDANG BAIK,2100006,Alfa Polyester Putty  1 KG,36.00,"39,000.00",KL,5.00,0.00,0.00,"70,200.00","1,333,800.00",,1,"INDOWIRA, PT"
JUAL,261.001.991,18/02/2026 0:00,2602180488,T,,H.328,DUCO JAYA PAINT,JL.RAYA PUNCAK GADOG,H1,MIMING,1,GUDANG BAIK,2101915,Meiji Epoxy Filler  1 LTR SET,44.00,"76,000.00",KL,5.00,0.00,0.00,"167,200.00","3,176,800.00",,1,"INDOWIRA, PT"
JUAL,261.001.991,18/02/2026 0:00,2602180488,T,,H.328,DUCO JAYA PAINT,JL.RAYA PUNCAK GADOG,H1,MIMING,1,GUDANG BAIK,2101913,Meiji Epoxy Filler  0.25 LTR SET,44.00,"26,500.00",KL,5.00,0.00,0.00,"58,300.00","1,107,700.00",,1,"INDOWIRA, PT"
JUAL,261.001.991,18/02/2026 0:00,2602180488,T,,H.328,DUCO JAYA PAINT,JL.RAYA PUNCAK GADOG,H1,MIMING,1,GUDANG BAIK,2101917,Meiji Epoxy Filler White 1 LTR SET,11.00,"76,000.00",KL,5.00,0.00,0.00,"41,800.00","794,200.00",,1,"INDOWIRA, PT"
JUAL,261.001.992,18/02/2026 0:00,2602130408,T,,H.733F,SUMBER USAHA CITEUREUP,Citeureup,H,YANSENG,1,GUDANG BAIK,2104148,Wiratex Wall Paint Super White 25 KG,10.00,"390,000.00",PL,7.50,0.00,0.00,"292,500.00","3,607,500.00",,1,"INDOWIRA, PT"
JUAL,261.001.993,18/02/2026 0:00,2602160460,T,,H.733C,SUMBER USAHA,GUNUNG PUTRI,H,YANSENG,1,GUDANG BAIK,2104192,Wiratex Wall Paint Super White 5KG,8.00,"83,000.00",GL,7.50,0.00,0.00,"49,800.00","614,200.00",,1,"INDOWIRA, PT"
JUAL,261.001.993,18/02/2026 0:00,2602160460,T,,H.733C,SUMBER USAHA,GUNUNG PUTRI,H,YANSENG,1,GUDANG BAIK,2102073,Meiji Zinc Chromate Primer Black 20 KG,5.00,"825,000.00",PL,7.50,0.00,0.00,"309,375.00","3,815,625.00",,1,"INDOWIRA, PT"
JUAL,261.001.995,18/02/2026 0:00,2602180462,T,,H.223,MULUS,JL. Raya Drmaga,H1,MIMING,1,GUDANG BAIK,2104191,Wiratex Wall Paint Putih Salju 5KG,20.00,"83,000.00",GL,7.50,0.00,0.00,"124,500.00","1,535,500.00",,1,"INDOWIRA, PT"
JUAL,261.001.996,18/02/2026 0:00,2602160450,T,,H.187,PURA BAJA (PONCOL JAYA 2),"DEPAN MATRIAL SINAR JAYA BANGUNAN JL.RAYA TONJONG ,CIMANGGIS ",H1,MIMING,1,GUDANG BAIK,2100011,AlFa Polyester Putty  3KG,18.00,"103,000.00",GLN,5.00,0.00,0.00,"92,700.00","1,761,300.00",,1,"INDOWIRA, PT"
JUAL,261.001.996,18/02/2026 0:00,2602160450,T,,H.187,PURA BAJA (PONCOL JAYA 2),"DEPAN MATRIAL SINAR JAYA BANGUNAN JL.RAYA TONJONG ,CIMANGGIS ",H1,MIMING,1,GUDANG BAIK,2102069,Meiji Zinc Chromate Primer Grey 20 KG,2.00,"825,000.00",PL,7.50,0.00,0.00,"123,750.00","1,526,250.00",,1,"INDOWIRA, PT"
JUAL,261.001.996,18/02/2026 0:00,2602160450,T,,H.187,PURA BAJA (PONCOL JAYA 2),"DEPAN MATRIAL SINAR JAYA BANGUNAN JL.RAYA TONJONG ,CIMANGGIS ",H1,MIMING,1,GUDANG BAIK,2102073,Meiji Zinc Chromate Primer Black 20 KG,2.00,"825,000.00",PL,7.50,0.00,0.00,"123,750.00","1,526,250.00",,1,"INDOWIRA, PT"
JUAL,261.001.997,18/02/2026 0:00,2602160449,T,,H.186,TOKO TILU WARNA,BOGOR,H1,MIMING,1,GUDANG BAIK,2200156,Kingkong Wall Paint 109 Apple W 18KG,3.00,"288,000.00",PAIL,7.50,0.00,0.00,"64,800.00","799,200.00",,1,"INDOWIRA, PT"
JUAL,261.001.998,18/02/2026 0:00,2602120381,T,,H.218,INDAH WARNA,JL. Raya Galuga KM 195,H1,MIMING,1,GUDANG BAIK,2101914,Meiji Epoxy Filler White 0.25 LTR SET,22.00,"26,500.00",KL,5.00,0.00,0.00,"29,150.00","553,850.00",,1,"INDOWIRA, PT"
JUAL,261.001.999,18/02/2026 0:00,2602180489,T,,H.344,GUNA SENAPUTRA SEJAHTERA,Jl. Pangkalan III Km.2.4 Bogor,H,YANSENG,1,GUDANG BAIK,2500326,Daltone Stoving Enamel New 200-30 Carbon Black 20L,4.00,"2,100,000.00",PAIL,0.00,0.00,0.00,0.00,"8,400,000.00",,1,"INDOWIRA, PT"
JUAL,261.001.999,18/02/2026 0:00,2602180489,T,,H.344,GUNA SENAPUTRA SEJAHTERA,Jl. Pangkalan III Km.2.4 Bogor,H,YANSENG,1,GUDANG BAIK,2500348,Daltone Thinner Stoving Enamel New 20LT,4.00,"750,000.00",JRG,0.00,0.00,0.00,0.00,"3,000,000.00",,1,"INDOWIRA, PT"
JUAL,261.002.000,18/02/2026 0:00,2602180509,T,,D.315,USAHA MEKAR,SARIMANAH II / 29,Y,KEN - Y,1,GUDANG BAIK,2104182,Wiratex Wall Paint 847 Spring 5KG,4.00,"83,000.00",GL,7.50,0.00,0.00,"24,900.00","307,100.00",,1,"INDOWIRA, PT"
JUAL,261.002.000,18/02/2026 0:00,2602180509,T,,D.315,USAHA MEKAR,SARIMANAH II / 29,Y,KEN - Y,1,GUDANG BAIK,2104191,Wiratex Wall Paint Putih Salju 5KG,8.00,"83,000.00",GL,7.50,0.00,0.00,"49,800.00","614,200.00",,1,"INDOWIRA, PT"
JUAL,261.002.001,18/02/2026 0:00,2602180511,T,,B.220,PUTRA MANDIRI,JL.RY.CIPETIR CILILIN,C,YONATHAN,1,GUDANG BAIK,2102061,Meiji Zinc Chromate Primer  1 KG,8.00,"51,000.00",KL,7.50,0.00,0.00,"30,600.00","377,400.00",,1,"INDOWIRA, PT"
JUAL,261.002.001,18/02/2026 0:00,2602180511,T,,B.220,PUTRA MANDIRI,JL.RY.CIPETIR CILILIN,C,YONATHAN,1,GUDANG BAIK,2104539,Meiji Zinc Chromate Light Grey 1 Kg,8.00,"51,000.00",KL,7.50,0.00,0.00,"30,600.00","377,400.00",,1,"INDOWIRA, PT"
JUAL,261.002.001,18/02/2026 0:00,2602180511,T,,B.220,PUTRA MANDIRI,JL.RY.CIPETIR CILILIN,C,YONATHAN,1,GUDANG BAIK,2102064,Meiji Zinc Chromate Primer Grey 1 KG,8.00,"51,000.00",KL,7.50,0.00,0.00,"30,600.00","377,400.00",,1,"INDOWIRA, PT"
JUAL,261.002.003,18/02/2026 0:00,2602180514,T,,U.258,TB.GRAHA,JL.CIHANJUANG 121 JATI CIBABAT,U,GANIS,1,GUDANG BAIK,2104192,Wiratex Wall Paint Super White 5KG,16.00,"83,000.00",GL,7.50,0.00,0.00,"99,600.00","1,228,400.00",,1,"INDOWIRA, PT"
JUAL,261.002.003,18/02/2026 0:00,2602180514,T,,U.258,TB.GRAHA,JL.CIHANJUANG 121 JATI CIBABAT,U,GANIS,1,GUDANG BAIK,2104157,Wiratex Wall Paint 806 Cream 5KG,4.00,"83,000.00",GL,7.50,0.00,0.00,"24,900.00","307,100.00",,1,"INDOWIRA, PT"
JUAL,261.002.003,18/02/2026 0:00,2602180514,T,,U.258,TB.GRAHA,JL.CIHANJUANG 121 JATI CIBABAT,U,GANIS,1,GUDANG BAIK,2104164,Wiratex Wall Paint 822 Palazo 5KG,4.00,"83,000.00",GL,7.50,0.00,0.00,"24,900.00","307,100.00",,1,"INDOWIRA, PT"
JUAL,261.002.003,18/02/2026 0:00,2602180514,T,,U.258,TB.GRAHA,JL.CIHANJUANG 121 JATI CIBABAT,U,GANIS,1,GUDANG BAIK,2104163,Wiratex Wall Paint 820 Apple W 5KG,4.00,"83,000.00",GL,7.50,0.00,0.00,"24,900.00","307,100.00",,1,"INDOWIRA, PT"
JUAL,261.002.004,18/02/2026 0:00,2602180515,T,,J.606,SIMPLICITY,CILISUNG BELAKANG 39,J,FRANSISKUS,1,GUDANG BAIK,2500255,Petalac 2K PU Insulator B 1LTS,1.00,"125,000.00",KL,10.00,0.00,0.00,"12,500.00","112,500.00",,1,"INDOWIRA, PT"
JUAL,261.002.005,18/02/2026 0:00,2602180510,T,,J.572,BROTHER LAND / JOY,"MELONG ASIH 40 D ,CIJERAH RT.08 RW.03 RUKO KUNING DEPAN KANTOR POS",J,FRANSISKUS,1,GUDANG BAIK,2103789,Shintex Cat Genteng 301 Black 1KG,2.00,"57,000.00",KL,7.50,0.00,0.00,"8,550.00","105,450.00",,1,"INDOWIRA, PT"
JUAL,261.002.006,18/02/2026 0:00,2602180505,T,,D.134,SUKSES BERDIKARI,"JL.RAYA SOREANG KOPO KM 14,5",D,WILLY,1,GUDANG BAIK,2104191,Wiratex Wall Paint Putih Salju 5KG,8.00,"83,000.00",GL,7.50,0.00,0.00,"49,800.00","614,200.00",,1,"INDOWIRA, PT"
JUAL,261.002.006,18/02/2026 0:00,2602180505,T,,D.134,SUKSES BERDIKARI,"JL.RAYA SOREANG KOPO KM 14,5",D,WILLY,1,GUDANG BAIK,2104147,Wiratex Wall Paint Putih Salju 25 KG,3.00,"390,000.00",PL,7.50,0.00,0.00,"87,750.00","1,082,250.00",,1,"INDOWIRA, PT"
JUAL,261.002.007,18/02/2026 0:00,2602180506,T,,K.410,SUMBER JAYA,PUNGKUR 21,L,RUDI *,1,GUDANG BAIK,2101387,Crystal Coat Clear Gloss  1 LITER,1.00,"657,000.00",KL,10.00,0.00,0.00,"65,700.00","591,300.00",,1,"INDOWIRA, PT"
JUAL,261.002.007,18/02/2026 0:00,2602180506,T,,K.410,SUMBER JAYA,PUNGKUR 21,L,RUDI *,1,GUDANG BAIK,2101365,Crystal Coat Candytone Golden Lacq 1 LITER,1.00,"657,000.00",KL,10.00,5.00,0.00,"95,265.00","561,735.00",,1,"INDOWIRA, PT"
JUAL,261.002.008,18/02/2026 0:00,2602180508,T,,Q.245,PT.SINAR MULIA PERKASA /HOTEL,JL.SUMATRA 51 - HOTEL ARYA DUTA,R,SIMON QIRENE,1,GUDANG BAIK,2103630,Petalux Wall Paint POS PH04 25 KG,2.00,"765,000.00",PL,0.00,0.00,0.00,0.00,"1,530,000.00",,1,"INDOWIRA, PT"
JUAL,261.002.008,18/02/2026 0:00,2602180508,T,,Q.245,PT.SINAR MULIA PERKASA /HOTEL,JL.SUMATRA 51 - HOTEL ARYA DUTA,R,SIMON QIRENE,1,GUDANG BAIK,2103293,Petalux Celling & Gypsum Paint Putih Wangi 25 KG,1.00,"655,000.00",PL,0.00,0.00,0.00,0.00,"655,000.00",,1,"INDOWIRA, PT"
JUAL,261.002.009,18/02/2026 0:00,2602180504,T,,C.408,LANGGENG CEMERLANG,JL.GADOBANGKONG NO.2 CIMAHI,R,SIMON QIRENE,1,GUDANG BAIK,2100011,AlFa Polyester Putty  3KG,4.00,"103,000.00",GLN,5.00,0.00,0.00,"20,600.00","391,400.00",,1,"INDOWIRA, PT"
JUAL,261.002.010,18/02/2026 0:00,2602180518,T,,G.227,MUTIARA WARNA,JL.SOMAWINATA 14 TANI MULYA,G,JULIANTO,1,GUDANG BAIK,2300319,Shintex Base C 25KG,1.00,"350,000.00",PAIL,7.50,0.00,0.00,"26,250.00","323,750.00",,1,"INDOWIRA, PT"
JUAL,261.002.010,18/02/2026 0:00,2602180518,T,,G.227,MUTIARA WARNA,JL.SOMAWINATA 14 TANI MULYA,G,JULIANTO,1,GUDANG BAIK,2104190,Wiratex Wall Paint Putih Metro 5KG,4.00,"83,000.00",GL,7.50,0.00,0.00,"24,900.00","307,100.00",,1,"INDOWIRA, PT"
JUAL,261.002.010,18/02/2026 0:00,2602180518,T,,G.227,MUTIARA WARNA,JL.SOMAWINATA 14 TANI MULYA,G,JULIANTO,1,GUDANG BAIK,2102177,Mascot Wall Paint Putih Metro 5 KG,4.00,"65,000.00",GLN,7.50,0.00,0.00,"19,500.00","240,500.00",,1,"INDOWIRA, PT"
JUAL,262.000.197,18/02/2026 0:00,2602130405,T,,T.246,KOKO / TK.BANGUNAN PD.DJAMUJU,JL.KOPO NO.376,J,FRANSISKUS,1,GUDANG BAIK,2104955,Bonus Sarung,2.00,0.00,PCS,0.00,0.00,0.00,0.00,0.00,,1,"INDOWIRA, PT"
JUAL,262.000.198,18/02/2026 0:00,2602180463,T,,G.227,MUTIARA WARNA,JL.SOMAWINATA 14 TANI MULYA,G,JULIANTO,1,GUDANG BAIK,2104955,Bonus Sarung,2.00,0.00,PCS,0.00,0.00,0.00,0.00,0.00,,1,"INDOWIRA, PT"
JUAL,262.000.199,18/02/2026 0:00,2602160435,T,,G.227,MUTIARA WARNA,JL.SOMAWINATA 14 TANI MULYA,G,JULIANTO,1,GUDANG BAIK,2104955,Bonus Sarung,1.00,0.00,PCS,0.00,0.00,0.00,0.00,0.00,,1,"INDOWIRA, PT"
JUAL,262.000.200,18/02/2026 0:00,2602180466,T,,U.178,TB.YUSUF NANJUNG,JL.DIMENSI NO.16 TLP:6676997,U,GANIS,1,GUDANG BAIK,2104955,Bonus Sarung,1.00,0.00,PCS,0.00,0.00,0.00,0.00,0.00,,1,"INDOWIRA, PT"
JUAL,262.000.201,18/02/2026 0:00,2602160444,T,,D.221,RESTU IBU,JL.BALADEWA NO.3,Y,KEN - Y,1,GUDANG BAIK,2104955,Bonus Sarung,2.00,0.00,PCS,0.00,0.00,0.00,0.00,0.00,,1,"INDOWIRA, PT"
JUAL,262.000.202,18/02/2026 0:00,2602180492,T,,C.102,BUANA,TKI II RUKO 2A NO.58,C,YONATHAN,1,GUDANG BAIK,2101917,Meiji Epoxy Filler White 1 LTR SET,1.00,0.00,KL,0.00,0.00,0.00,0.00,0.00,,1,"INDOWIRA, PT"
JUAL,262.000.203,18/02/2026 0:00,2602180488,T,,H.328,DUCO JAYA PAINT,JL.RAYA PUNCAK GADOG,H1,MIMING,1,GUDANG BAIK,2101915,Meiji Epoxy Filler  1 LTR SET,4.00,0.00,KL,0.00,0.00,0.00,0.00,0.00,,1,"INDOWIRA, PT"
JUAL,262.000.203,18/02/2026 0:00,2602180488,T,,H.328,DUCO JAYA PAINT,JL.RAYA PUNCAK GADOG,H1,MIMING,1,GUDANG BAIK,2101913,Meiji Epoxy Filler  0.25 LTR SET,4.00,0.00,KL,0.00,0.00,0.00,0.00,0.00,,1,"INDOWIRA, PT"
JUAL,262.000.203,18/02/2026 0:00,2602180488,T,,H.328,DUCO JAYA PAINT,JL.RAYA PUNCAK GADOG,H1,MIMING,1,GUDANG BAIK,2101917,Meiji Epoxy Filler White 1 LTR SET,1.00,0.00,KL,0.00,0.00,0.00,0.00,0.00,,1,"INDOWIRA, PT"
JUAL,262.000.204,18/02/2026 0:00,2602180488,T,,H.328,DUCO JAYA PAINT,JL.RAYA PUNCAK GADOG,H1,MIMING,1,GUDANG BAIK,2104955,Bonus Sarung,3.00,0.00,PCS,0.00,0.00,0.00,0.00,0.00,,1,"INDOWIRA, PT"
JUAL,262.000.205,18/02/2026 0:00,2602130408,T,,H.733F,SUMBER USAHA CITEUREUP,Citeureup,H,YANSENG,1,GUDANG BAIK,2104955,Bonus Sarung,1.00,0.00,PCS,0.00,0.00,0.00,0.00,0.00,,1,"INDOWIRA, PT"
JUAL,262.000.206,18/02/2026 0:00,2602160460,T,,H.733C,SUMBER USAHA,GUNUNG PUTRI,H,YANSENG,1,GUDANG BAIK,2104955,Bonus Sarung,2.00,0.00,PCS,0.00,0.00,0.00,0.00,0.00,,1,"INDOWIRA, PT"
JUAL,262.000.207,18/02/2026 0:00,2602160450,T,,H.187,PURA BAJA (PONCOL JAYA 2),"DEPAN MATRIAL SINAR JAYA BANGUNAN JL.RAYA TONJONG ,CIMANGGIS ",H1,MIMING,1,GUDANG BAIK,2104955,Bonus Sarung,1.00,0.00,PCS,0.00,0.00,0.00,0.00,0.00,,1,"INDOWIRA, PT"
JUAL,262.000.208,18/02/2026 0:00,2602120381,T,,H.218,INDAH WARNA,JL. Raya Galuga KM 195,H1,MIMING,1,GUDANG BAIK,2101914,Meiji Epoxy Filler White 0.25 LTR SET,2.00,0.00,KL,0.00,0.00,0.00,0.00,0.00,,1,"INDOWIRA, PT"
JUAL,262.000.209,18/02/2026 0:00,2602180514,T,,U.258,TB.GRAHA,JL.CIHANJUANG 121 JATI CIBABAT,U,GANIS,1,GUDANG BAIK,2104955,Bonus Sarung,1.00,0.00,PCS,0.00,0.00,0.00,0.00,0.00,,1,"INDOWIRA, PT"
JUAL,262.000.210,18/02/2026 0:00,2602180508,T,,Q.245,PT.SINAR MULIA PERKASA /HOTEL,JL.SUMATRA 51 - HOTEL ARYA DUTA,R,SIMON QIRENE,1,GUDANG BAIK,2400131,COFFEE GAJAH,10.00,0.00,BKS,0.00,0.00,0.00,0.00,0.00,,1,"INDOWIRA, PT"
JUAL,262.000.211,18/02/2026 0:00,2602180481,T,,M.104,DEPO KUNINGAN,,M,UMUM,1,GUDANG BAIK,2104185,Wiratex Wall Paint 850 5KG,1.00,"83,000.00",GL,10.00,10.00,2.00,"17,114.60","65,885.40",PO26020073 KIOS 60,1,"INDOWIRA, PT"
JUAL,262.000.211,18/02/2026 0:00,2602180481,T,,M.104,DEPO KUNINGAN,,M,UMUM,1,GUDANG BAIK,2104157,Wiratex Wall Paint 806 Cream 5KG,2.00,"83,000.00",GL,10.00,10.00,2.00,"34,229.20","131,770.80",PO26020073 KIOS 60,1,"INDOWIRA, PT"
JUAL,262.000.211,18/02/2026 0:00,2602180481,T,,M.104,DEPO KUNINGAN,,M,UMUM,1,GUDANG BAIK,2104182,Wiratex Wall Paint 847 Spring 5KG,2.00,"83,000.00",GL,10.00,10.00,2.00,"34,229.20","131,770.80",PO26020073 KIOS 60,1,"INDOWIRA, PT"
JUAL,262.000.211,18/02/2026 0:00,2602180481,T,,M.104,DEPO KUNINGAN,,M,UMUM,1,GUDANG BAIK,2104170,Wiratex Wall Paint 829 Deep Pi 5KG,2.00,"83,000.00",GL,10.00,10.00,2.00,"34,229.20","131,770.80",PO26020073 KIOS 60,1,"INDOWIRA, PT"
JUAL,262.000.211,18/02/2026 0:00,2602180481,T,,M.104,DEPO KUNINGAN,,M,UMUM,1,GUDANG BAIK,2101567,Kingkong Cat Genteng 714 1 KG,2.00,"61,000.00",KL,10.00,10.00,2.00,"25,156.40","96,843.60",PO26020073 KIOS 60,1,"INDOWIRA, PT"
JUAL,262.000.212,18/02/2026 0:00,2602180482,T,,M.104,DEPO KUNINGAN,,M,UMUM,1,GUDANG BAIK,2104187,Wiratex Wall Paint 852 5KG,2.00,"83,000.00",GL,10.00,10.00,2.00,"34,229.20","131,770.80",PO26020075 BUDI AGUNG,1,"INDOWIRA, PT"
JUAL,262.000.212,18/02/2026 0:00,2602180482,T,,M.104,DEPO KUNINGAN,,M,UMUM,1,GUDANG BAIK,2104183,Wiratex Wall paint 848 5KG,2.00,"83,000.00",GL,10.00,10.00,2.00,"34,229.20","131,770.80",PO26020075 BUDI AGUNG,1,"INDOWIRA, PT"
JUAL,262.000.212,18/02/2026 0:00,2602180482,T,,M.104,DEPO KUNINGAN,,M,UMUM,1,GUDANG BAIK,2104157,Wiratex Wall Paint 806 Cream 5KG,2.00,"83,000.00",GL,10.00,10.00,2.00,"34,229.20","131,770.80",PO26020075 BUDI AGUNG,1,"INDOWIRA, PT"
JUAL,262.000.212,18/02/2026 0:00,2602180482,T,,M.104,DEPO KUNINGAN,,M,UMUM,1,GUDANG BAIK,2104164,Wiratex Wall Paint 822 Palazo 5KG,2.00,"83,000.00",GL,10.00,10.00,2.00,"34,229.20","131,770.80",PO26020075 BUDI AGUNG,1,"INDOWIRA, PT"
JUAL,262.000.212,18/02/2026 0:00,2602180482,T,,M.104,DEPO KUNINGAN,,M,UMUM,1,GUDANG BAIK,2104165,Wiratex Wall Paint 823 Poppy O 5KG,2.00,"83,000.00",GL,10.00,10.00,2.00,"34,229.20","131,770.80",PO26020075 BUDI AGUNG,1,"INDOWIRA, PT"
JUAL,262.000.212,18/02/2026 0:00,2602180482,T,,M.104,DEPO KUNINGAN,,M,UMUM,1,GUDANG BAIK,2104180,Wiratex Wall Paint 845 River S 5KG,2.00,"83,000.00",GL,10.00,10.00,2.00,"34,229.20","131,770.80",PO26020075 BUDI AGUNG,1,"INDOWIRA, PT"
JUAL,262.000.212,18/02/2026 0:00,2602180482,T,,M.104,DEPO KUNINGAN,,M,UMUM,1,GUDANG BAIK,2104191,Wiratex Wall Paint Putih Salju 5KG,2.00,"83,000.00",GL,10.00,10.00,2.00,"34,229.20","131,770.80",PO26020075 BUDI AGUNG,1,"INDOWIRA, PT"
JUAL,262.000.213,18/02/2026 0:00,2602180483,T,,M.104,DEPO KUNINGAN,,M,UMUM,1,GUDANG BAIK,2104185,Wiratex Wall Paint 850 5KG,2.00,"83,000.00",GL,10.00,10.00,2.00,"34,229.20","131,770.80",PO26020074 BUDI AGUNG,1,"INDOWIRA, PT"
JUAL,262.000.213,18/02/2026 0:00,2602180483,T,,M.104,DEPO KUNINGAN,,M,UMUM,1,GUDANG BAIK,2104188,Wiratex Wall Paint 853 5KG,2.00,"83,000.00",GL,10.00,10.00,2.00,"34,229.20","131,770.80",PO26020074 BUDI AGUNG,1,"INDOWIRA, PT"
JUAL,262.000.213,18/02/2026 0:00,2602180483,T,,M.104,DEPO KUNINGAN,,M,UMUM,1,GUDANG BAIK,2104184,Wiratex Wall Paint 849 5KG,2.00,"83,000.00",GL,10.00,10.00,2.00,"34,229.20","131,770.80",PO26020074 BUDI AGUNG,1,"INDOWIRA, PT"
JUAL,262.000.213,18/02/2026 0:00,2602180483,T,,M.104,DEPO KUNINGAN,,M,UMUM,1,GUDANG BAIK,2104186,Wiratex Wall paint 851 5KG,2.00,"83,000.00",GL,10.00,10.00,2.00,"34,229.20","131,770.80",PO26020074 BUDI AGUNG,1,"INDOWIRA, PT"
JUAL,262.000.213,18/02/2026 0:00,2602180483,T,,M.104,DEPO KUNINGAN,,M,UMUM,1,GUDANG BAIK,2104162,Wiratex Wall Paint 814 Adinda 5KG,2.00,"83,000.00",GL,10.00,10.00,2.00,"34,229.20","131,770.80",PO26020074 BUDI AGUNG,1,"INDOWIRA, PT"
JUAL,262.000.213,18/02/2026 0:00,2602180483,T,,M.104,DEPO KUNINGAN,,M,UMUM,1,GUDANG BAIK,2104174,Wiratex Wall Paint 833 Mellow 5KG,2.00,"83,000.00",GL,10.00,10.00,2.00,"34,229.20","131,770.80",PO26020074 BUDI AGUNG,1,"INDOWIRA, PT"
JUAL,262.000.213,18/02/2026 0:00,2602180483,T,,M.104,DEPO KUNINGAN,,M,UMUM,1,GUDANG BAIK,2104182,Wiratex Wall Paint 847 Spring 5KG,2.00,"83,000.00",GL,10.00,10.00,2.00,"34,229.20","131,770.80",PO26020074 BUDI AGUNG,1,"INDOWIRA, PT"
JUAL,262.000.213,18/02/2026 0:00,2602180483,T,,M.104,DEPO KUNINGAN,,M,UMUM,1,GUDANG BAIK,2104158,Wiratex Wall Paint 807 Ice Ber 5KG,2.00,"83,000.00",GL,10.00,10.00,2.00,"34,229.20","131,770.80",PO26020074 BUDI AGUNG,1,"INDOWIRA, PT"
JUAL,262.000.213,18/02/2026 0:00,2602180483,T,,M.104,DEPO KUNINGAN,,M,UMUM,1,GUDANG BAIK,2104153,Wiratex Wall Paint 801 Spanish 5KG,2.00,"83,000.00",GL,10.00,10.00,2.00,"34,229.20","131,770.80",PO26020074 BUDI AGUNG,1,"INDOWIRA, PT"
JUAL,262.000.213,18/02/2026 0:00,2602180483,T,,M.104,DEPO KUNINGAN,,M,UMUM,1,GUDANG BAIK,2104175,Wiratex Wall Paint 834 Warm Gr 5KG,2.00,"83,000.00",GL,10.00,10.00,2.00,"34,229.20","131,770.80",PO26020074 BUDI AGUNG,1,"INDOWIRA, PT"
JUAL,262.000.215,18/02/2026 0:00,2602180485,T,,M.104,DEPO KUNINGAN,,M,UMUM,1,GUDANG BAIK,2102061,Meiji Zinc Chromate Primer  1 KG,6.00,"51,000.00",KL,10.00,10.00,2.00,"63,097.20","242,902.80",,1,"INDOWIRA, PT"
JUAL,261.002.011,19/02/2026 0:00,2602180519,T,,C.507,LAJU JAYA,JL.BURUJUL 39 TKI II,D,WILLY,1,GUDANG BAIK,2104147,Wiratex Wall Paint Putih Salju 25 KG,15.00,"390,000.00",PL,7.50,0.00,0.00,"438,750.00","5,411,250.00",,1,"INDOWIRA, PT"
JUAL,261.002.022,19/02/2026 0:00,2602160446,T,,J.222,KOTA HARUM,JL.KOSAMBI 76,J,FRANSISKUS,1,GUDANG BAIK,2102837,Petalac 2K PU Hardener Normal  200CC,6.00,"55,000.00",KL,10.00,0.00,0.00,"33,000.00","297,000.00",,1,"INDOWIRA, PT"
JUAL,261.002.022,19/02/2026 0:00,2602160446,T,,J.222,KOTA HARUM,JL.KOSAMBI 76,J,FRANSISKUS,1,GUDANG BAIK,2500243,Petalac 2K PU CO Base Eco Grey Matt 0.8LT,6.00,"150,000.00",KL,10.00,0.00,0.00,"90,000.00","810,000.00",,1,"INDOWIRA, PT"
JUAL,261.002.024,19/02/2026 0:00,2602180503,T,,D.114,HIDUP SEJAHTERA,CIMAHI BARAT NO.785,C,YONATHAN,1,GUDANG BAIK,2104192,Wiratex Wall Paint Super White 5KG,8.00,"83,000.00",GL,7.50,0.00,0.00,"49,800.00","614,200.00",,1,"INDOWIRA, PT"
JUAL,261.002.024,19/02/2026 0:00,2602180503,T,,D.114,HIDUP SEJAHTERA,CIMAHI BARAT NO.785,C,YONATHAN,1,GUDANG BAIK,2104127,Wiratex Wall Paint 830 Blue Be 25 KG,2.00,"390,000.00",PL,7.50,0.00,0.00,"58,500.00","721,500.00",,1,"INDOWIRA, PT"
JUAL,261.002.024,19/02/2026 0:00,2602180503,T,,D.114,HIDUP SEJAHTERA,CIMAHI BARAT NO.785,C,YONATHAN,1,GUDANG BAIK,2104115,Wiratex Wall Paint 809 Jonquil 25 KG,1.00,"390,000.00",PL,7.50,0.00,0.00,"29,250.00","360,750.00",,1,"INDOWIRA, PT"
JUAL,261.002.024,19/02/2026 0:00,2602180503,T,,D.114,HIDUP SEJAHTERA,CIMAHI BARAT NO.785,C,YONATHAN,1,GUDANG BAIK,2104148,Wiratex Wall Paint Super White 25 KG,8.00,"390,000.00",PL,7.50,0.00,0.00,"234,000.00","2,886,000.00",,1,"INDOWIRA, PT"
JUAL,261.002.025,19/02/2026 0:00,2602130398,T,,J.103,PT.AKARA INTER DESAIN,JL.INDUSTRI II NO.7A RT.006 RW.009 UTAMA,J,FRANSISKUS,1,GUDANG BAIK,2102077,Meiji Zinc Chromate Primer Black 5 KG,1.00,"225,000.00",GLN,7.50,0.00,0.00,"16,875.00","208,125.00",,1,"INDOWIRA, PT"
JUAL,261.002.026,19/02/2026 0:00,2602110345,T,,K.410,SUMBER JAYA,PUNGKUR 21,L,RUDI *,1,GUDANG BAIK,2101379,Crystal Coat Candytone Yellow 1 LTR SET,1.00,"657,000.00",KL,10.00,5.00,0.00,"95,265.00","561,735.00",,1,"INDOWIRA, PT"
JUAL,261.002.027,19/02/2026 0:00,2602110345,T,,K.410,SUMBER JAYA,PUNGKUR 21,L,RUDI *,1,GUDANG BAIK,2101387,Crystal Coat Clear Gloss  1 LITER,1.00,"657,000.00",KL,10.00,0.00,0.00,"65,700.00","591,300.00",,1,"INDOWIRA, PT"
JUAL,261.002.028,19/02/2026 0:00,2602180529,T,,K.527,PT.AKD,SADANG,14,DEPO BANDUNG,1,GUDANG BAIK,2600042,Petalac 2K PU CO Base Heirloom 0.8LT,28.00,"140,000.00",KL,10.00,0.00,0.00,"392,000.00","3,528,000.00",,1,"INDOWIRA, PT"
JUAL,261.002.029,19/02/2026 0:00,2602120365,T,,U.217,CELLCO,GATSU 43 A,13,BU RINI,1,GUDANG BAIK,2100384,Attaboy Multi Colour Paint DS 505 4 LTR,1.00,"510,000.00",GLN,0.00,0.00,0.00,0.00,"510,000.00",,1,"INDOWIRA, PT"
JUAL,261.002.030,19/02/2026 0:00,2602180538,T,,F.501,APOLLO,RAYA TAGOG 571 PADALARANG,D,WILLY,1,GUDANG BAIK,2100011,AlFa Polyester Putty  3KG,12.00,"103,000.00",GLN,5.00,0.00,0.00,"61,800.00","1,174,200.00",,1,"INDOWIRA, PT"
JUAL,261.002.031,19/02/2026 0:00,2602180520,T,,J.222,KOTA HARUM,JL.KOSAMBI 76,J,FRANSISKUS,1,GUDANG BAIK,2102749,Petalac PU Clear Sealer  1 LTR SET,6.00,"121,000.00",KL,10.00,0.00,0.00,"72,600.00","653,400.00",,1,"INDOWIRA, PT"
JUAL,261.002.031,19/02/2026 0:00,2602180520,T,,J.222,KOTA HARUM,JL.KOSAMBI 76,J,FRANSISKUS,1,GUDANG BAIK,2102837,Petalac 2K PU Hardener Normal  200CC,6.00,"55,000.00",KL,10.00,0.00,0.00,"33,000.00","297,000.00",,1,"INDOWIRA, PT"
JUAL,261.002.031,19/02/2026 0:00,2602180520,T,,J.222,KOTA HARUM,JL.KOSAMBI 76,J,FRANSISKUS,1,GUDANG BAIK,2200050,"Petalac 2K PU Clear Matt MV3 Base 0,8Lt",6.00,"121,000.00",KL,10.00,0.00,0.00,"72,600.00","653,400.00",,1,"INDOWIRA, PT"
JUAL,261.002.032,19/02/2026 0:00,2602160440,T,,GE.109,SUBUR JAYA 2,JL.PRAMUKA NO.254 CIKEMBANG PURWAKARTA,G,JULIANTO,1,GUDANG BAIK,2102178,Mascot Wall Paint Super White 5 KG,10.00,"65,000.00",GLN,7.50,0.00,0.00,"48,750.00","601,250.00",,1,"INDOWIRA, PT"
JUAL,261.002.032,19/02/2026 0:00,2602160440,T,,GE.109,SUBUR JAYA 2,JL.PRAMUKA NO.254 CIKEMBANG PURWAKARTA,G,JULIANTO,1,GUDANG BAIK,2102129,Mascot Wall Paint Super White 20 KG,30.00,"215,000.00",PL,7.50,0.00,0.00,"483,750.00","5,966,250.00",,1,"INDOWIRA, PT"
JUAL,261.002.033,19/02/2026 0:00,2602180522,T,,G.202,TERUS MAKMUR,KLARI,G,JULIANTO,1,GUDANG BAIK,2105214,Meiji Zinc Chromate Primer Dark Grey 20KG,2.00,"825,000.00",PAIL,7.50,0.00,0.00,"123,750.00","1,526,250.00",,1,"INDOWIRA, PT"
JUAL,261.002.034,19/02/2026 0:00,2602120349,T,,G.139,KAPUAS JAYA,R.DENGKLOK,G,JULIANTO,1,GUDANG BAIK,2200287,Kingkong Wall Paint 131 Spring 18 Kg,1.00,"288,000.00",PAIL,7.50,0.00,0.00,"21,600.00","266,400.00",,1,"INDOWIRA, PT"
JUAL,261.002.034,19/02/2026 0:00,2602120349,T,,G.139,KAPUAS JAYA,R.DENGKLOK,G,JULIANTO,1,GUDANG BAIK,2200156,Kingkong Wall Paint 109 Apple W 18KG,2.00,"288,000.00",PAIL,7.50,0.00,0.00,"43,200.00","532,800.00",,1,"INDOWIRA, PT"
JUAL,261.002.034,19/02/2026 0:00,2602120349,T,,G.139,KAPUAS JAYA,R.DENGKLOK,G,JULIANTO,1,GUDANG BAIK,2200162,Kingkong Wall paint Super White 18KG,3.00,"288,000.00",PAIL,7.50,0.00,0.00,"64,800.00","799,200.00",,1,"INDOWIRA, PT"
JUAL,261.002.034,19/02/2026 0:00,2602120349,T,,G.139,KAPUAS JAYA,R.DENGKLOK,G,JULIANTO,1,GUDANG BAIK,2200203,Kingkong Wall Paint Special 507 Poppy O 18KG,1.00,"288,000.00",PAIL,7.50,0.00,0.00,"21,600.00","266,400.00",,1,"INDOWIRA, PT"
JUAL,261.002.034,19/02/2026 0:00,2602120349,T,,G.139,KAPUAS JAYA,R.DENGKLOK,G,JULIANTO,1,GUDANG BAIK,2200297,Kingkong Wall Paint 109 Aple W 4.5KG,4.00,"76,000.00",GLN,7.50,0.00,0.00,"22,800.00","281,200.00",,1,"INDOWIRA, PT"
JUAL,261.002.034,19/02/2026 0:00,2602120349,T,,G.139,KAPUAS JAYA,R.DENGKLOK,G,JULIANTO,1,GUDANG BAIK,2200249,Kingkong Wall Paint 119 Canary 4.5KG,4.00,"76,000.00",GLN,7.50,0.00,0.00,"22,800.00","281,200.00",,1,"INDOWIRA, PT"
JUAL,261.002.034,19/02/2026 0:00,2602120349,T,,G.139,KAPUAS JAYA,R.DENGKLOK,G,JULIANTO,1,GUDANG BAIK,2200341,Kingkong WAll Paint 105 Chiffon 4.5KG,4.00,"76,000.00",GLN,7.50,0.00,0.00,"22,800.00","281,200.00",,1,"INDOWIRA, PT"
JUAL,261.002.034,19/02/2026 0:00,2602120349,T,,G.139,KAPUAS JAYA,R.DENGKLOK,G,JULIANTO,1,GUDANG BAIK,2200139,Kingkong Wall Paint Super White 4.5Kg,20.00,"76,000.00",GLN,7.50,0.00,0.00,"114,000.00","1,406,000.00",,1,"INDOWIRA, PT"
JUAL,261.002.035,19/02/2026 0:00,2602160448,T,,GE.108,KARYA MEKAR,JL.A  YANI 24 PURWAKARTA,G,JULIANTO,1,GUDANG BAIK,2102062,Meiji Zinc Chromate Primer Black 1 KG,24.00,"51,000.00",KL,7.50,0.00,0.00,"91,800.00","1,132,200.00",,1,"INDOWIRA, PT"
JUAL,261.002.036,19/02/2026 0:00,2602160451,T,,GB.50,TB.AFIYAT II,JL.RAYA BOJONG SAWIT PURWAKARTA 026-7015426,G,JULIANTO,1,GUDANG BAIK,2101607,Kingkong Wall Putty Instant Powder  25 KG,20.00,"133,000.00",ZAK,7.50,0.00,0.00,"199,500.00","2,460,500.00",,1,"INDOWIRA, PT"
JUAL,261.002.036,19/02/2026 0:00,2602160451,T,,GB.50,TB.AFIYAT II,JL.RAYA BOJONG SAWIT PURWAKARTA 026-7015426,G,JULIANTO,1,GUDANG BAIK,2101608,Kingkong Wall Putty Instant Powder  5 KG,12.00,"32,000.00",BKS,5.00,0.00,0.00,"19,200.00","364,800.00",,1,"INDOWIRA, PT"
JUAL,261.002.037,19/02/2026 0:00,2602160457,T,,GB.56,TB.KURNIA JAYA,JL.IPIK GANDAMANAH NO.58 DEPAN SMPN 5 PURWAKARTA,G,JULIANTO,1,GUDANG BAIK,2101608,Kingkong Wall Putty Instant Powder  5 KG,10.00,"32,000.00",BKS,5.00,0.00,0.00,"16,000.00","304,000.00",,1,"INDOWIRA, PT"
JUAL,261.002.037,19/02/2026 0:00,2602160457,T,,GB.56,TB.KURNIA JAYA,JL.IPIK GANDAMANAH NO.58 DEPAN SMPN 5 PURWAKARTA,G,JULIANTO,1,GUDANG BAIK,2102178,Mascot Wall Paint Super White 5 KG,40.00,"65,000.00",GLN,7.50,0.00,0.00,"195,000.00","2,405,000.00",,1,"INDOWIRA, PT"
JUAL,261.002.037,19/02/2026 0:00,2602160457,T,,GB.56,TB.KURNIA JAYA,JL.IPIK GANDAMANAH NO.58 DEPAN SMPN 5 PURWAKARTA,G,JULIANTO,1,GUDANG BAIK,2102155,Mascot Wall Paint Super White 25 KG,6.00,"270,000.00",PL,7.50,0.00,0.00,"121,500.00","1,498,500.00",,1,"INDOWIRA, PT"
JUAL,261.002.038,19/02/2026 0:00,2602160458,T,,GB.66,LANGGENG JAYA,DEPAN PERTOKOAN BUMI JAYA MUNJUL JAYA PURWAKARTA,G,JULIANTO,1,GUDANG BAIK,2101607,Kingkong Wall Putty Instant Powder  25 KG,20.00,"133,000.00",ZAK,7.50,0.00,0.00,"199,500.00","2,460,500.00",,1,"INDOWIRA, PT"
JUAL,261.002.046,19/02/2026 0:00,2602090258,T,,G.121,DAMAI/AANG,CIPEUNDEUY CIKALONG,G,JULIANTO,1,GUDANG BAIK,2100011,AlFa Polyester Putty  3KG,12.00,"103,000.00",GLN,5.00,0.00,0.00,"61,800.00","1,174,200.00",,1,"INDOWIRA, PT"
JUAL,261.002.047,19/02/2026 0:00,2602180490,T,,GE.108,KARYA MEKAR,JL.A  YANI 24 PURWAKARTA,G,JULIANTO,1,GUDANG BAIK,2102063,Meiji Zinc Chromate Primer Broken White 1 KG,24.00,"51,000.00",KL,7.50,0.00,0.00,"91,800.00","1,132,200.00",,1,"INDOWIRA, PT"
JUAL,262.000.216,19/02/2026 0:00,2602180519,T,,C.507,LAJU JAYA,JL.BURUJUL 39 TKI II,D,WILLY,1,GUDANG BAIK,2104955,Bonus Sarung,2.00,0.00,PCS,0.00,0.00,0.00,0.00,0.00,,1,"INDOWIRA, PT"
JUAL,262.000.217,19/02/2026 0:00,2602180523,T,,M.104,DEPO KUNINGAN,,M,UMUM,1,GUDANG BAIK,2104184,Wiratex Wall Paint 849 5KG,2.00,"83,000.00",GL,10.00,10.00,2.00,"34,229.20","131,770.80",PO26020085 AGEUNG SINAR JAYA,1,"INDOWIRA, PT"
JUAL,262.000.217,19/02/2026 0:00,2602180523,T,,M.104,DEPO KUNINGAN,,M,UMUM,1,GUDANG BAIK,2104186,Wiratex Wall paint 851 5KG,2.00,"83,000.00",GL,10.00,10.00,2.00,"34,229.20","131,770.80",PO26020085 AGEUNG SINAR JAYA,1,"INDOWIRA, PT"
JUAL,262.000.217,19/02/2026 0:00,2602180523,T,,M.104,DEPO KUNINGAN,,M,UMUM,1,GUDANG BAIK,2104183,Wiratex Wall paint 848 5KG,2.00,"83,000.00",GL,10.00,10.00,2.00,"34,229.20","131,770.80",PO26020085 AGEUNG SINAR JAYA,1,"INDOWIRA, PT"
JUAL,262.000.217,19/02/2026 0:00,2602180523,T,,M.104,DEPO KUNINGAN,,M,UMUM,1,GUDANG BAIK,2104174,Wiratex Wall Paint 833 Mellow 5KG,2.00,"83,000.00",GL,10.00,10.00,2.00,"34,229.20","131,770.80",PO26020085 AGEUNG SINAR JAYA,1,"INDOWIRA, PT"
JUAL,262.000.217,19/02/2026 0:00,2602180523,T,,M.104,DEPO KUNINGAN,,M,UMUM,1,GUDANG BAIK,2104163,Wiratex Wall Paint 820 Apple W 5KG,2.00,"83,000.00",GL,10.00,10.00,2.00,"34,229.20","131,770.80",PO26020085 AGEUNG SINAR JAYA,1,"INDOWIRA, PT"
JUAL,262.000.218,19/02/2026 0:00,2602180524,T,,M.104,DEPO KUNINGAN,,M,UMUM,1,GUDANG BAIK,2101640,Kingkong Wall Paint 132 1 KG,4.00,"27,000.00",KL,10.00,10.00,2.00,"22,269.60","85,730.40",PO26020086 TB.KINGKONG,1,"INDOWIRA, PT"
JUAL,262.000.218,19/02/2026 0:00,2602180524,T,,M.104,DEPO KUNINGAN,,M,UMUM,1,GUDANG BAIK,2101625,Kingkong Wall Paint 117 ROSE 1 KG,4.00,"27,000.00",KL,10.00,10.00,2.00,"22,269.60","85,730.40",PO26020086 TB.KINGKONG,1,"INDOWIRA, PT"
JUAL,262.000.218,19/02/2026 0:00,2602180524,T,,M.104,DEPO KUNINGAN,,M,UMUM,1,GUDANG BAIK,2101615,Kingkong Wall Paint 105 CHIFFON 1 KG,4.00,"27,000.00",KL,10.00,10.00,2.00,"22,269.60","85,730.40",PO26020086 TB.KINGKONG,1,"INDOWIRA, PT"
JUAL,262.000.220,19/02/2026 0:00,2602180526,T,,M.104,DEPO KUNINGAN,,M,UMUM,1,GUDANG BAIK,2104147,Wiratex Wall Paint Putih Salju 25 KG,2.00,"390,000.00",PL,10.00,10.00,2.00,"160,836.00","619,164.00",u/tukar langsung kios 60 via sj.004135,1,"INDOWIRA, PT"
JUAL,262.000.221,19/02/2026 0:00,2602180527,T,,GB.87,TB.INTI WARNA II,JL.PEJUANG 45 NO.72 SUBANG,G,JULIANTO,1,GUDANG BAIK,2105295,ALFA ZINC CHROMATE PRIMER BLACK 20KG,7.00,"699,300.00",PAIL,7.50,0.00,0.00,"367,132.50","4,527,967.50",U/TUKAR LANGSUNG VIA SJ.TARIKAN,1,"INDOWIRA, PT"
JUAL,262.000.223,19/02/2026 0:00,2602160440,T,,GE.109,SUBUR JAYA 2,JL.PRAMUKA NO.254 CIKEMBANG PURWAKARTA,G,JULIANTO,1,GUDANG BAIK,2104955,Bonus Sarung,3.00,0.00,PCS,0.00,0.00,0.00,0.00,0.00,,1,"INDOWIRA, PT"
JUAL,262.000.224,19/02/2026 0:00,2602120349,T,,G.139,KAPUAS JAYA,R.DENGKLOK,G,JULIANTO,1,GUDANG BAIK,2104955,Bonus Sarung,2.00,0.00,PCS,0.00,0.00,0.00,0.00,0.00,,1,"INDOWIRA, PT"
JUAL,262.000.225,19/02/2026 0:00,2602160451,T,,GB.50,TB.AFIYAT II,JL.RAYA BOJONG SAWIT PURWAKARTA 026-7015426,G,JULIANTO,1,GUDANG BAIK,2101607,Kingkong Wall Putty Instant Powder  25 KG,2.00,0.00,ZAK,0.00,0.00,0.00,0.00,0.00,,1,"INDOWIRA, PT"
JUAL,262.000.226,19/02/2026 0:00,2602160451,T,,GB.50,TB.AFIYAT II,JL.RAYA BOJONG SAWIT PURWAKARTA 026-7015426,G,JULIANTO,1,GUDANG BAIK,2104955,Bonus Sarung,1.00,0.00,PCS,0.00,0.00,0.00,0.00,0.00,,1,"INDOWIRA, PT"
JUAL,262.000.227,19/02/2026 0:00,2602160458,T,,GB.66,LANGGENG JAYA,DEPAN PERTOKOAN BUMI JAYA MUNJUL JAYA PURWAKARTA,G,JULIANTO,1,GUDANG BAIK,2101607,Kingkong Wall Putty Instant Powder  25 KG,2.00,0.00,ZAK,0.00,0.00,0.00,0.00,0.00,,1,"INDOWIRA, PT"
JUAL,262.000.228,19/02/2026 0:00,2602160458,T,,GB.66,LANGGENG JAYA,DEPAN PERTOKOAN BUMI JAYA MUNJUL JAYA PURWAKARTA,G,JULIANTO,1,GUDANG BAIK,2104955,Bonus Sarung,1.00,0.00,PCS,0.00,0.00,0.00,0.00,0.00,,1,"INDOWIRA, PT"
RETUR,RJ26020025,19/02/2026 0:00,262.000.220,T,,M.104,DEPO KUNINGAN,,M,UMUM,1,GUDANG BAIK,2104127,Wiratex Wall Paint 830 Blue Be 25 KG,-2.00,"390,000.00",PL,10.00,10.00,2.00,"-160,836.00","-619,164.00",,1,"INDOWIRA, PT"
RETUR,RJ26020026,19/02/2026 0:00,261.001.384,T,,G.215,ELIT GRUP KHARISMA,"JL.RAYA KAMPUNG SUKARAME RT.004 RW.002 LANGENSARI, LEMBANG , KAB.BANDU",G,JULIANTO,2,GUDANG RUSAK,2101575,Kingkong Cat Genteng 709 Coffee 20 KG,-1.00,"694,000.00",PL,7.50,0.00,0.00,"-52,050.00","-641,950.00",,1,"INDOWIRA, PT"
RETUR,RJ26020026,19/02/2026 0:00,261.001.384,T,,G.215,ELIT GRUP KHARISMA,"JL.RAYA KAMPUNG SUKARAME RT.004 RW.002 LANGENSARI, LEMBANG , KAB.BANDU",G,JULIANTO,2,GUDANG RUSAK,2101575,Kingkong Cat Genteng 709 Coffee 20 KG,-1.00,"545,045.05",PL,7.50,0.00,0.00,"-40,878.38","-504,166.67",,1,"INDOWIRA, PT"
RETUR,RJ26020026,19/02/2026 0:00,261.001.384,T,,G.215,ELIT GRUP KHARISMA,"JL.RAYA KAMPUNG SUKARAME RT.004 RW.002 LANGENSARI, LEMBANG , KAB.BANDU",G,JULIANTO,2,GUDANG RUSAK,2101570,Kingkong Cat Genteng 703 Chocola 20 KG,-3.00,"614,414.41",PL,7.50,0.00,0.00,"-138,243.24","-1,704,999.99",,1,"INDOWIRA, PT"
RETUR,RJ26020027,19/02/2026 0:00,262.000.103,T,,N.888,SUMBER WARNA,PUNGKUR,14,DEPO BANDUNG,2,GUDANG RUSAK,2101924,Meiji Gum Sealer  1 LTR SET,-1.00,"164,000.00",KL,7.50,2.50,0.00,"-16,092.50","-147,907.50",,1,"INDOWIRA, PT"
RETUR,RJ26020028,19/02/2026 0:00,,T,,K.412,"YUNIKO,PD",KEBON JATI 224,14,DEPO BANDUNG,2,GUDANG RUSAK,2100048,Adler Polyester Putty 3002 Hardener  25gr,-5.00,"15,750.00",tube,0.00,0.00,0.00,0.00,"-78,750.00",,1,"INDOWIRA, PT"
RETUR,RJ26020029,19/02/2026 0:00,262.000.221,T,,GB.87,TB.INTI WARNA II,JL.PEJUANG 45 NO.72 SUBANG,G,JULIANTO,2,GUDANG RUSAK,2105295,ALFA ZINC CHROMATE PRIMER BLACK 20KG,-7.00,"699,300.00",PAIL,7.50,0.00,0.00,"-367,132.50","-4,527,967.50",,1,"INDOWIRA, PT"
RETUR,RJ26020032,19/02/2026 0:00,,T,,GC.58,TC.PRIMA PAINT,JL.RAYA CIKARANG CIBARUSAH KP.LEUWEUNG MALANG RT.04/04 DS.SUKARESMI,G,JULIANTO,2,GUDANG RUSAK,2100007,Alfa Polyester Putty Hardener  20 GRAM,-2.00,"10,500.00",TB,0.00,0.00,0.00,0.00,"-21,000.00",,1,"INDOWIRA, PT"
JUAL,261.002.048,20/02/2026 0:00,2602180468,T,,R.496,KOSWARA,PERUM BUANA CICALENGKA RAYA BLOK.D8 NO.3 DESA NARAWITA RW .06/03,R,SIMON QIRENE,1,GUDANG BAIK,2102109,Mascot Wall Paint Super White 200 KG,1.00,"1,700,000.00",DRM,0.00,0.00,0.00,0.00,"1,700,000.00",U/P.ASEP,1,"INDOWIRA, PT"
JUAL,261.002.049,20/02/2026 0:00,2602160431,T,,N.955,PT.LIKUIDA VALVELINDO TEKNO,GUDANG 1 (LVT) PATARUMAN,14,DEPO BANDUNG,1,GUDANG BAIK,2100911,Attaboy Thinner Epoxy  20LT,1.00,"920,000.00",PL,0.00,0.00,0.00,0.00,"920,000.00",,1,"INDOWIRA, PT"
JUAL,261.002.050,20/02/2026 0:00,2602200540,T,,Y.291,BERKAH ABADI 2,PERTIGAAN PATROL - PARONGPONG,Y,KEN - Y,1,GUDANG BAIK,2104153,Wiratex Wall Paint 801 Spanish 5KG,2.00,"83,000.00",GL,7.50,0.00,0.00,"12,450.00","153,550.00",,1,"INDOWIRA, PT"
JUAL,261.002.050,20/02/2026 0:00,2602200540,T,,Y.291,BERKAH ABADI 2,PERTIGAAN PATROL - PARONGPONG,Y,KEN - Y,1,GUDANG BAIK,2104192,Wiratex Wall Paint Super White 5KG,8.00,"83,000.00",GL,7.50,0.00,0.00,"49,800.00","614,200.00",,1,"INDOWIRA, PT"
JUAL,261.002.051,20/02/2026 0:00,2602200541,T,,U.230,TB.KENARI,JL.CIJERAH 79,C,YONATHAN,1,GUDANG BAIK,2103516,Petalux Wall Paint 602 Berlian 25 KG,1.00,"765,000.00",PL,7.50,0.00,0.00,"57,375.00","707,625.00",,1,"INDOWIRA, PT"
JUAL,261.002.052,20/02/2026 0:00,2602200542,T,,R.368,LOTUS SEVEN,KAMP.BOJONG UJUNG NO.77 KEL.GAJAH MEKAR,R,SIMON QIRENE,1,GUDANG BAIK,2100006,Alfa Polyester Putty  1 KG,2.00,"39,000.00",KL,0.00,0.00,0.00,0.00,"78,000.00",,1,"INDOWIRA, PT"
JUAL,261.002.053,20/02/2026 0:00,2602200543,T,,U.257,ANTA BARU,JL.PURWAKARTA NO.32 ANTAPANI,U,GANIS,1,GUDANG BAIK,2102095,Mascot Wall Filler  4 KG,20.00,"39,000.00",GLN,7.50,0.00,0.00,"58,500.00","721,500.00",,1,"INDOWIRA, PT"
JUAL,261.002.053,20/02/2026 0:00,2602200543,T,,U.257,ANTA BARU,JL.PURWAKARTA NO.32 ANTAPANI,U,GANIS,1,GUDANG BAIK,2101637,Kingkong Wall Paint 129 River S 1 KG,12.00,"27,000.00",KL,7.50,0.00,0.00,"24,300.00","299,700.00",,1,"INDOWIRA, PT"
JUAL,261.002.054,20/02/2026 0:00,2602180536,T,,L.533,FELIX (NEMAKIDS),JL.KARANGTINGGAL NO.18,L,RUDI *,1,GUDANG BAIK,2101917,Meiji Epoxy Filler White 1 LTR SET,11.00,"76,000.00",KL,10.00,0.00,0.00,"83,600.00","752,400.00",,1,"INDOWIRA, PT"
JUAL,261.002.055,20/02/2026 0:00,2602180504,T,,C.408,LANGGENG CEMERLANG,JL.GADOBANGKONG NO.2 CIMAHI,R,SIMON QIRENE,1,GUDANG BAIK,2100011,AlFa Polyester Putty  3KG,2.00,"103,000.00",GLN,5.00,0.00,0.00,"10,300.00","195,700.00",,1,"INDOWIRA, PT"
JUAL,261.002.056,20/02/2026 0:00,2602180539,T,,J.350,GLOBAL GOLDEN GLOW,JL.INSPEKSI CITARUM NO.89 RT.04 RW.23 CIKAREES BALEENDAH DEKAT MESJID,J,FRANSISKUS,1,GUDANG BAIK,2101416,Crystal Coat Thinner  1 LITER,4.00,"51,000.00",KL,0.00,0.00,0.00,0.00,"204,000.00",,1,"INDOWIRA, PT"
JUAL,261.002.056,20/02/2026 0:00,2602180539,T,,J.350,GLOBAL GOLDEN GLOW,JL.INSPEKSI CITARUM NO.89 RT.04 RW.23 CIKAREES BALEENDAH DEKAT MESJID,J,FRANSISKUS,1,GUDANG BAIK,2101379,Crystal Coat Candytone Yellow 1 LTR SET,1.00,"657,000.00",KL,10.00,0.00,0.00,"65,700.00","591,300.00",,1,"INDOWIRA, PT"
JUAL,261.002.056,20/02/2026 0:00,2602180539,T,,J.350,GLOBAL GOLDEN GLOW,JL.INSPEKSI CITARUM NO.89 RT.04 RW.23 CIKAREES BALEENDAH DEKAT MESJID,J,FRANSISKUS,1,GUDANG BAIK,2101367,Crystal Coat Candytone Golden Oran 1 LITER,2.00,"657,000.00",KL,10.00,0.00,0.00,"131,400.00","1,182,600.00",,1,"INDOWIRA, PT"
JUAL,261.002.069,20/02/2026 0:00,2602180531,T,,N.888,SUMBER WARNA,PUNGKUR,14,DEPO BANDUNG,1,GUDANG BAIK,2103145,Petalac Thinner PU  1 LTR,18.00,"51,000.00",KL,0.00,0.00,0.00,0.00,"918,000.00",,1,"INDOWIRA, PT"
JUAL,261.002.069,20/02/2026 0:00,2602180531,T,,N.888,SUMBER WARNA,PUNGKUR,14,DEPO BANDUNG,1,GUDANG BAIK,2102837,Petalac 2K PU Hardener Normal  200CC,12.00,"55,000.00",KL,7.50,2.50,0.00,"64,762.56","595,237.44",,1,"INDOWIRA, PT"
JUAL,261.002.069,20/02/2026 0:00,2602180531,T,,N.888,SUMBER WARNA,PUNGKUR,14,DEPO BANDUNG,1,GUDANG BAIK,2200303,Petalac Ext 4:1 Special White Matt Base 0.8LT,12.00,"144,000.00",KL,7.50,2.50,0.00,"169,560.00","1,558,440.00",,1,"INDOWIRA, PT"
JUAL,261.002.070,20/02/2026 0:00,2602200544,T,,K.412,"YUNIKO,PD",KEBON JATI 224,14,DEPO BANDUNG,1,GUDANG BAIK,2100068,Adler Primer Surfacer EP 1050  2 LITER SET,6.00,"205,000.00",KL,10.00,0.00,0.00,"123,000.00","1,107,000.00",,1,"INDOWIRA, PT"
JUAL,261.002.071,20/02/2026 0:00,2602180535,T,,A.316,SINAR SELATAN,JL.CIBADUYUT LAMA  66,D,WILLY,1,GUDANG BAIK,2104191,Wiratex Wall Paint Putih Salju 5KG,12.00,"83,000.00",GL,7.50,0.00,0.00,"74,700.00","921,300.00",,1,"INDOWIRA, PT"
JUAL,261.002.071,20/02/2026 0:00,2602180535,T,,A.316,SINAR SELATAN,JL.CIBADUYUT LAMA  66,D,WILLY,1,GUDANG BAIK,2104147,Wiratex Wall Paint Putih Salju 25 KG,3.00,"390,000.00",PL,7.50,0.00,0.00,"87,750.00","1,082,250.00",,1,"INDOWIRA, PT"
JUAL,261.002.072,20/02/2026 0:00,2602180532,T,,J.313,ART DECO,JL.SEKEKUKUMBUNG 103 TKI II,J,FRANSISKUS,1,GUDANG BAIK,2103148,Petalac Thinner PU  20 LTR,1.00,"834,000.00",JRG,0.00,0.00,0.00,0.00,"834,000.00",,1,"INDOWIRA, PT"
JUAL,261.002.073,20/02/2026 0:00,2602200545,T,,M.109,SIA MITRA JAYA PROPERTI,JL.KEDUNGDORO 50-UU.C.10 SAWAHAN,14,DEPO BANDUNG,1,GUDANG BAIK,2400159,Crystal Coat Thinner For Metal 1LITER,1.00,"52,500.00",KL,0.00,0.00,0.00,0.00,"52,500.00",,1,"INDOWIRA, PT"
JUAL,261.002.073,20/02/2026 0:00,2602200545,T,,M.109,SIA MITRA JAYA PROPERTI,JL.KEDUNGDORO 50-UU.C.10 SAWAHAN,14,DEPO BANDUNG,1,GUDANG BAIK,2500304,Crystal Coat Candytone For Metal Golden Metal 1LTS,1.00,"716,000.00",KL,0.00,0.00,0.00,0.00,"716,000.00",,1,"INDOWIRA, PT"
JUAL,261.002.075,20/02/2026 0:00,2602200552,T,,L.531,IBU ETTY,KP.GUNUNG LEUTIK RT.4/12 NO.35 BATUJAJAR,L,RUDI *,1,GUDANG BAIK,2101920,Meiji Epoxy Filler White 20 LTR SET,1.00,"1,325,000.00",PL,10.00,0.00,0.00,"132,500.00","1,192,500.00",,1,"INDOWIRA, PT"
JUAL,261.002.076,20/02/2026 0:00,2602180537,T,,H1.100,TOKO MIMING,,H1,MIMING,1,GUDANG BAIK,2200183,Kingkong Wall Paint 105 Chiffon 18KG,1.00,"288,000.00",PAIL,7.50,0.00,0.00,"21,600.00","266,400.00",,1,"INDOWIRA, PT"
JUAL,261.002.076,20/02/2026 0:00,2602180537,T,,H1.100,TOKO MIMING,,H1,MIMING,1,GUDANG BAIK,2200222,Kingkong Wall Paint Putih Metropolitan 4.5KG,2.00,"76,000.00",GLN,7.50,0.00,0.00,"11,400.00","140,600.00",,1,"INDOWIRA, PT"
JUAL,261.002.077,20/02/2026 0:00,2602200548,T,,H.178,SINAR WARU III,PUTAT NUTUG,H,YANSENG,1,GUDANG BAIK,2200254,Kingkong Wall Paint 132 4.5KG,4.00,"76,000.00",GLN,7.50,0.00,0.00,"22,800.00","281,200.00",,1,"INDOWIRA, PT"
JUAL,261.002.077,20/02/2026 0:00,2602200548,T,,H.178,SINAR WARU III,PUTAT NUTUG,H,YANSENG,1,GUDANG BAIK,2200253,Kingkong Wall Paint 120 Aqua Gr 4.5KG,4.00,"76,000.00",GLN,7.50,0.00,0.00,"22,800.00","281,200.00",,1,"INDOWIRA, PT"
JUAL,261.002.077,20/02/2026 0:00,2602200548,T,,H.178,SINAR WARU III,PUTAT NUTUG,H,YANSENG,1,GUDANG BAIK,2200251,Kingkong Wall Paint 121 Saphire 4.5KG,4.00,"76,000.00",GLN,7.50,0.00,0.00,"22,800.00","281,200.00",,1,"INDOWIRA, PT"
JUAL,261.002.077,20/02/2026 0:00,2602200548,T,,H.178,SINAR WARU III,PUTAT NUTUG,H,YANSENG,1,GUDANG BAIK,2200250,Kingkong Wall Paint 124 Blue La 4.5KG,4.00,"76,000.00",GLN,7.50,0.00,0.00,"22,800.00","281,200.00",,1,"INDOWIRA, PT"
JUAL,261.002.077,20/02/2026 0:00,2602200548,T,,H.178,SINAR WARU III,PUTAT NUTUG,H,YANSENG,1,GUDANG BAIK,2300024,Kingkong Wall Paint 126 Bali Gr 4.5KG,4.00,"76,000.00",GLN,7.50,0.00,0.00,"22,800.00","281,200.00",,1,"INDOWIRA, PT"
JUAL,261.002.077,20/02/2026 0:00,2602200548,T,,H.178,SINAR WARU III,PUTAT NUTUG,H,YANSENG,1,GUDANG BAIK,2200223,Kingkong Wall Paint 127 Sun Flo 4.5KG,4.00,"76,000.00",GLN,7.50,0.00,0.00,"22,800.00","281,200.00",,1,"INDOWIRA, PT"
JUAL,261.002.077,20/02/2026 0:00,2602200548,T,,H.178,SINAR WARU III,PUTAT NUTUG,H,YANSENG,1,GUDANG BAIK,2200139,Kingkong Wall Paint Super White 4.5Kg,4.00,"76,000.00",GLN,7.50,0.00,0.00,"22,800.00","281,200.00",,1,"INDOWIRA, PT"
JUAL,261.002.077,20/02/2026 0:00,2602200548,T,,H.178,SINAR WARU III,PUTAT NUTUG,H,YANSENG,1,GUDANG BAIK,2200248,Kingkong Wall Paint 131 Spring Green 4.5KG,4.00,"76,000.00",GLN,7.50,0.00,0.00,"22,800.00","281,200.00",,1,"INDOWIRA, PT"
JUAL,261.002.081,20/02/2026 0:00,2602200555,T,,D.131,SINAR MAS,TKI III D4 NO.17,D,WILLY,1,GUDANG BAIK,2104191,Wiratex Wall Paint Putih Salju 5KG,8.00,"83,000.00",GL,7.50,0.00,0.00,"49,800.00","614,200.00",,1,"INDOWIRA, PT"
JUAL,261.002.082,20/02/2026 0:00,2602200564,T,,P.191,PT.MBP UNTUK PT CERES,JL.RAYA DAYEUH KOLOT 92,13,BU RINI,1,GUDANG BAIK,240046,Attaboy High Gloss Acrylic Enamel S1002-G50Y 20LT,3.00,"2,036,850.00",PAIL,0.00,0.00,0.00,0.00,"6,110,550.00",,1,"INDOWIRA, PT"
JUAL,261.002.084,20/02/2026 0:00,2602200560,T,,K.405,MAESTRO LAMP,JL.SASTRA NO.3,L,RUDI *,1,GUDANG BAIK,2101419,Crystal Coat Thinner  5 LITER,1.00,"221,000.00",GLN,0.00,0.00,0.00,0.00,"221,000.00",,1,"INDOWIRA, PT"
JUAL,261.002.084,20/02/2026 0:00,2602200560,T,,K.405,MAESTRO LAMP,JL.SASTRA NO.3,L,RUDI *,1,GUDANG BAIK,2101387,Crystal Coat Clear Gloss  1 LITER,1.00,"657,000.00",KL,10.00,0.00,0.00,"65,700.00","591,300.00",,1,"INDOWIRA, PT"
JUAL,261.002.086,20/02/2026 0:00,2602200558,T,,R.127,HARYANTO,BUDI SARI 6 NO.10 SETIA BUDI,13,BU RINI,1,GUDANG BAIK,2104192,Wiratex Wall Paint Super White 5KG,4.00,"83,000.00",GL,0.00,0.00,0.00,0.00,"332,000.00",,1,"INDOWIRA, PT"
JUAL,261.002.088,20/02/2026 0:00,2602180521,T,,J.202,GLOBAL KRIYA NUSANTARA/AL IKHS,JL.GOLF TAMAN CINTA/INSPEKSI NO.2,J,FRANSISKUS,1,GUDANG BAIK,2500145,Daltone PU Base Coat CO Pentone 2965 C Metalix 1LT,2.00,"201,000.00",KL,10.00,5.00,0.00,"58,290.00","343,710.00",VIA SJ.4240,1,"INDOWIRA, PT"
JUAL,261.002.089,20/02/2026 0:00,2602200569,T,,K.201,AGUS CENDANA,KIRCON 141,L,RUDI *,1,GUDANG BAIK,2102749,Petalac PU Clear Sealer  1 LTR SET,6.00,"121,000.00",KL,10.00,0.00,0.00,"72,600.00","653,400.00",,1,"INDOWIRA, PT"
JUAL,261.002.090,20/02/2026 0:00,2602200567,T,,K.410,SUMBER JAYA,PUNGKUR 21,L,RUDI *,1,GUDANG BAIK,2101391,Crystal Coat Clear Matt MV3 1 LITER,1.00,"657,000.00",KL,10.00,0.00,0.00,"65,700.00","591,300.00",,1,"INDOWIRA, PT"
JUAL,261.002.091,20/02/2026 0:00,2602200566,T,,L.427,SANTI,SUMBER SARI,L,RUDI *,1,GUDANG BAIK,2103293,Petalux Celling & Gypsum Paint Putih Wangi 25 KG,2.00,"655,000.00",PL,7.50,0.00,0.00,"98,250.00","1,211,750.00",,1,"INDOWIRA, PT"
JUAL,261.002.092,20/02/2026 0:00,2602200565,T,,N.888,SUMBER WARNA,PUNGKUR,14,DEPO BANDUNG,1,GUDANG BAIK,2102840,Petalac 2K PU Hardener Special  200 CC,12.00,"55,000.00",KL,7.50,2.50,0.00,"64,762.56","595,237.44",,1,"INDOWIRA, PT"
JUAL,261.002.092,20/02/2026 0:00,2602200565,T,,N.888,SUMBER WARNA,PUNGKUR,14,DEPO BANDUNG,1,GUDANG BAIK,2200068,Petalac 2K PU Colour P.101 Special White Base 0.8L,12.00,"126,000.00",KL,7.50,2.50,0.00,"148,365.00","1,363,635.00",,1,"INDOWIRA, PT"
JUAL,261.002.094,20/02/2026 0:00,2602200572,T,,K.410,SUMBER JAYA,PUNGKUR 21,L,RUDI *,1,GUDANG BAIK,2104147,Wiratex Wall Paint Putih Salju 25 KG,1.00,"390,000.00",PL,7.50,0.00,0.00,"29,250.00","360,750.00",,1,"INDOWIRA, PT"
JUAL,261.002.096,20/02/2026 0:00,2602200574,T,,K.527,PT.AKD,SADANG,14,DEPO BANDUNG,1,GUDANG BAIK,2200162,Kingkong Wall paint Super White 18KG,2.00,"288,000.00",PAIL,7.50,0.00,0.00,"43,200.00","532,800.00",,1,"INDOWIRA, PT"
JUAL,262.000.229,20/02/2026 0:00,2602180536,T,,L.533,FELIX (NEMAKIDS),JL.KARANGTINGGAL NO.18,L,RUDI *,1,GUDANG BAIK,2101917,Meiji Epoxy Filler White 1 LTR SET,1.00,0.00,KL,0.00,0.00,0.00,0.00,0.00,U/BONUS,1,"INDOWIRA, PT"
JUAL,262.000.230,20/02/2026 0:00,2602180531,T,,N.888,SUMBER WARNA,PUNGKUR,14,DEPO BANDUNG,1,GUDANG BAIK,2104955,Bonus Sarung,1.00,0.00,PCS,0.00,0.00,0.00,0.00,0.00,,1,"INDOWIRA, PT"
JUAL,262.000.231,20/02/2026 0:00,2602180535,T,,A.316,SINAR SELATAN,JL.CIBADUYUT LAMA  66,D,WILLY,1,GUDANG BAIK,2104955,Bonus Sarung,1.00,0.00,PCS,0.00,0.00,0.00,0.00,0.00,,1,"INDOWIRA, PT"
JUAL,262.000.232,20/02/2026 0:00,2602200550,T,,H.236,TB.ALVIAN BAJA,KATULAMPA BOGOR,H1,MIMING,1,GUDANG BAIK,2100006,Alfa Polyester Putty  1 KG,1.00,0.00,KL,0.00,0.00,0.00,0.00,0.00,U/SAMPLE,1,"INDOWIRA, PT"
JUAL,262.000.232,20/02/2026 0:00,2602200550,T,,H.236,TB.ALVIAN BAJA,KATULAMPA BOGOR,H1,MIMING,1,GUDANG BAIK,2102061,Meiji Zinc Chromate Primer  1 KG,1.00,0.00,KL,0.00,0.00,0.00,0.00,0.00,U/SAMPLE,1,"INDOWIRA, PT"
JUAL,262.000.232,20/02/2026 0:00,2602200550,T,,H.236,TB.ALVIAN BAJA,KATULAMPA BOGOR,H1,MIMING,1,GUDANG BAIK,2101913,Meiji Epoxy Filler  0.25 LTR SET,1.00,0.00,KL,0.00,0.00,0.00,0.00,0.00,U/SAMPLE,1,"INDOWIRA, PT"
JUAL,262.000.233,20/02/2026 0:00,2602200551,T,,H.230,KREASI WARNA,JL. Raya Pemda Karadenan no.32 cibinong,H1,MIMING,1,GUDANG BAIK,2100011,AlFa Polyester Putty  3KG,6.00,"103,000.00",GLN,5.00,0.00,0.00,"30,900.00","587,100.00",U/PENGGANTI TUKARAN,1,"INDOWIRA, PT"
JUAL,262.000.234,20/02/2026 0:00,2602200548,T,,H.178,SINAR WARU III,PUTAT NUTUG,H,YANSENG,1,GUDANG BAIK,2104955,Bonus Sarung,1.00,0.00,PCS,0.00,0.00,0.00,0.00,0.00,,1,"INDOWIRA, PT"
JUAL,262.000.235,20/02/2026 0:00,2602180503,T,,D.114,HIDUP SEJAHTERA,CIMAHI BARAT NO.785,C,YONATHAN,1,GUDANG BAIK,2104955,Bonus Sarung,2.00,0.00,PCS,0.00,0.00,0.00,0.00,0.00,,1,"INDOWIRA, PT"
JUAL,262.000.236,20/02/2026 0:00,2602200581,T,,GC.58,TC.PRIMA PAINT,JL.RAYA CIKARANG CIBARUSAH KP.LEUWEUNG MALANG RT.04/04 DS.SUKARESMI,G,JULIANTO,1,GUDANG BAIK,2100007,Alfa Polyester Putty Hardener  20 GRAM,2.00,"10,500.00",TB,0.00,0.00,0.00,0.00,"21,000.00",u/penggantian,1,"INDOWIRA, PT"
JUAL,261.002.116,23/02/2026 0:00,2602223582,T,,B.102,BUANA INDAH II,RUKO TAMAN RAHAYU 24,C,YONATHAN,1,GUDANG BAIK,2104192,Wiratex Wall Paint Super White 5KG,12.00,"83,000.00",GL,7.50,0.00,0.00,"74,700.00","921,300.00",,1,"INDOWIRA, PT"
JUAL,261.002.116,23/02/2026 0:00,2602223582,T,,B.102,BUANA INDAH II,RUKO TAMAN RAHAYU 24,C,YONATHAN,1,GUDANG BAIK,2104148,Wiratex Wall Paint Super White 25 KG,1.00,"390,000.00",PL,7.50,0.00,0.00,"29,250.00","360,750.00",,1,"INDOWIRA, PT"
JUAL,261.002.120,23/02/2026 0:00,2602230586,T,,K.410,SUMBER JAYA,PUNGKUR 21,L,RUDI *,1,GUDANG BAIK,2101387,Crystal Coat Clear Gloss  1 LITER,2.00,"657,000.00",KL,10.00,0.00,0.00,"131,400.00","1,182,600.00",,1,"INDOWIRA, PT"
JUAL,261.002.121,23/02/2026 0:00,2602200580,T,,W.537,CUNCUN WIJAYA,JL.RAYA DAYEUH KOLOT NO.471,R,SIMON QIRENE,1,GUDANG BAIK,2103593,Petalux Wall Paint CM 602 Matahari 25 KG,1.00,"515,000.00",PL,0.00,0.00,0.00,0.00,"515,000.00",U/P.TEDI,1,"INDOWIRA, PT"
JUAL,261.002.122,23/02/2026 0:00,2602200579,T,,W.354,PT.MENTARI AGUNG MANDIRI,JL.RAYA DAYEUH KOLOT O.341C RT 001 RW 006,R,SIMON QIRENE,1,GUDANG BAIK,2103625,Petalux Wall Paint Putih Wangi 25 KG,2.00,"505,000.00",PL,0.00,0.00,0.00,0.00,"1,010,000.00",U/P.TEDI,1,"INDOWIRA, PT"
JUAL,261.002.123,23/02/2026 0:00,2602230587,T,,B.510,PADA SURTI,KIRCON 346,C,YONATHAN,1,GUDANG BAIK,2104161,Wiratex Wall Paint 812 Ice Blu 5KG,4.00,"83,000.00",GL,7.50,0.00,0.00,"24,900.00","307,100.00",,1,"INDOWIRA, PT"
JUAL,261.002.123,23/02/2026 0:00,2602230587,T,,B.510,PADA SURTI,KIRCON 346,C,YONATHAN,1,GUDANG BAIK,2102095,Mascot Wall Filler  4 KG,10.00,"39,000.00",GLN,7.50,0.00,0.00,"29,250.00","360,750.00",,1,"INDOWIRA, PT"
JUAL,261.002.123,23/02/2026 0:00,2602230587,T,,B.510,PADA SURTI,KIRCON 346,C,YONATHAN,1,GUDANG BAIK,2101643,Kingkong Wall Paint Super White 1 KG,12.00,"27,000.00",KL,7.50,0.00,0.00,"24,300.00","299,700.00",,1,"INDOWIRA, PT"
JUAL,261.002.125,23/02/2026 0:00,2602230589,T,,N.1099,BUDI,PODOMORO PARK JL.BOULEVARD SELATAN KAVLING S6,13,BU RINI,1,GUDANG BAIK,2102068,Meiji Zinc Chromate Primer Broken Whit 20 KG,3.00,"825,000.00",PL,0.00,0.00,0.00,0.00,"2,475,000.00",,1,"INDOWIRA, PT"
JUAL,261.002.126,23/02/2026 0:00,2602230596,T,,R.100,PROYEK SIMON,,R,SIMON QIRENE,1,GUDANG BAIK,2103593,Petalux Wall Paint CM 602 Matahari 25 KG,1.00,"765,000.00",PL,0.00,0.00,0.00,0.00,"765,000.00",PAK YUDEA - CHERIFIELD CLUSTER CRISTAL 8,1,"INDOWIRA, PT"
JUAL,261.002.132,23/02/2026 0:00,2602230605,T,,G.227,MUTIARA WARNA,JL.SOMAWINATA 14 TANI MULYA,G,JULIANTO,1,GUDANG BAIK,2103664,Petalux Wall Paint 6303 Stone 5KG,1.00,"158,000.00",GLN,7.50,0.00,0.00,"11,850.00","146,150.00",,1,"INDOWIRA, PT"
JUAL,261.002.132,23/02/2026 0:00,2602230605,T,,G.227,MUTIARA WARNA,JL.SOMAWINATA 14 TANI MULYA,G,JULIANTO,1,GUDANG BAIK,2103666,Petalux Wall Paint 6305 Hazel 5KG,1.00,"158,000.00",GLN,7.50,0.00,0.00,"11,850.00","146,150.00",,1,"INDOWIRA, PT"
JUAL,261.002.132,23/02/2026 0:00,2602230605,T,,G.227,MUTIARA WARNA,JL.SOMAWINATA 14 TANI MULYA,G,JULIANTO,1,GUDANG BAIK,2103653,Petalux Wall Paint 605 Adinda 5KG,1.00,"158,000.00",GLN,7.50,0.00,0.00,"11,850.00","146,150.00",,1,"INDOWIRA, PT"
JUAL,261.002.132,23/02/2026 0:00,2602230605,T,,G.227,MUTIARA WARNA,JL.SOMAWINATA 14 TANI MULYA,G,JULIANTO,1,GUDANG BAIK,2103656,Petalux Wall Paint 614 Off Whi 5KG,1.00,"158,000.00",GLN,7.50,0.00,0.00,"11,850.00","146,150.00",,1,"INDOWIRA, PT"
JUAL,261.002.132,23/02/2026 0:00,2602230605,T,,G.227,MUTIARA WARNA,JL.SOMAWINATA 14 TANI MULYA,G,JULIANTO,1,GUDANG BAIK,2102155,Mascot Wall Paint Super White 25 KG,5.00,"270,000.00",PL,7.50,0.00,0.00,"101,250.00","1,248,750.00",,1,"INDOWIRA, PT"
JUAL,261.002.132,23/02/2026 0:00,2602230605,T,,G.227,MUTIARA WARNA,JL.SOMAWINATA 14 TANI MULYA,G,JULIANTO,1,GUDANG BAIK,2103625,Petalux Wall Paint Putih Wangi 25 KG,2.00,"765,000.00",PL,7.50,0.00,0.00,"114,750.00","1,415,250.00",,1,"INDOWIRA, PT"
JUAL,261.002.134,23/02/2026 0:00,2602230609,T,,K.412,"YUNIKO,PD",KEBON JATI 224,14,DEPO BANDUNG,1,GUDANG BAIK,2100052,Adler Polyester Putty 3002  25 KG SET,5.00,"1,300,000.00",PL,10.00,0.00,0.00,"650,000.00","5,850,000.00",,1,"INDOWIRA, PT"
JUAL,261.002.135,23/02/2026 0:00,2602230606,T,,J.148,CITRA ASRI RESIDENCE,LUAR LINGKAR GEDE BAGE,J,FRANSISKUS,1,GUDANG BAIK,2101608,Kingkong Wall Putty Instant Powder  5 KG,1.00,"32,000.00",BKS,0.00,0.00,0.00,0.00,"32,000.00",,1,"INDOWIRA, PT"
JUAL,261.002.135,23/02/2026 0:00,2602230606,T,,J.148,CITRA ASRI RESIDENCE,LUAR LINGKAR GEDE BAGE,J,FRANSISKUS,1,GUDANG BAIK,2104090,Wiratex Ceiling & Gypsum Paint Putih Prima 20 KG,1.00,"305,000.00",PL,0.00,0.00,0.00,0.00,"305,000.00",,1,"INDOWIRA, PT"
JUAL,261.002.136,23/02/2026 0:00,2602230604,T,,J.150,PT.PANCA ANUGERAH INDOMOBILI,JL.PERSATUAN NO.81 CIJERAH,J,FRANSISKUS,1,GUDANG BAIK,2102840,Petalac 2K PU Hardener Special  200 CC,4.00,"55,000.00",KL,10.00,0.00,0.00,"22,000.00","198,000.00",,1,"INDOWIRA, PT"
JUAL,261.002.136,23/02/2026 0:00,2602230604,T,,J.150,PT.PANCA ANUGERAH INDOMOBILI,JL.PERSATUAN NO.81 CIJERAH,J,FRANSISKUS,1,GUDANG BAIK,2200050,"Petalac 2K PU Clear Matt MV3 Base 0,8Lt",4.00,"121,000.00",KL,10.00,0.00,0.00,"48,400.00","435,600.00",,1,"INDOWIRA, PT"
JUAL,261.002.137,23/02/2026 0:00,2602230603,T,,G.529,INTI METAL 2,JL.KOLONEL MASTURI 325A CISARUA - PARONGPONG,G,JULIANTO,1,GUDANG BAIK,2103818,Shintex Cat Genteng 315 Side Gr 4KG,2.00,"185,000.00",GLN,7.50,0.00,0.00,"27,750.00","342,250.00",,1,"INDOWIRA, PT"
JUAL,261.002.137,23/02/2026 0:00,2602230603,T,,G.529,INTI METAL 2,JL.KOLONEL MASTURI 325A CISARUA - PARONGPONG,G,JULIANTO,1,GUDANG BAIK,2103814,Shintex Cat Genteng 308 Tile Re 4KG,2.00,"185,000.00",GLN,7.50,0.00,0.00,"27,750.00","342,250.00",,1,"INDOWIRA, PT"
JUAL,261.002.138,23/02/2026 0:00,2602230602,T,,U.267,TB.ALIF JAYA,JL.SEKEPEER NO.32 RT.4 RW.4 SINDANG JAYA UJUNG BERUNG,U,GANIS,1,GUDANG BAIK,2103793,Shintex Cat Genteng 308 Tile Re 1KG,12.00,"57,000.00",KL,7.50,0.00,0.00,"51,300.00","632,700.00",,1,"INDOWIRA, PT"
JUAL,261.002.139,23/02/2026 0:00,2602230601,T,,D.619,SALUYU,PATROL PARONGPONG,G,JULIANTO,1,GUDANG BAIK,2104191,Wiratex Wall Paint Putih Salju 5KG,40.00,"83,000.00",GL,7.50,0.00,0.00,"249,000.00","3,071,000.00",,1,"INDOWIRA, PT"
JUAL,261.002.140,23/02/2026 0:00,2602230611,T,,U.264,BINTANG ABADI,JL.RAYA LEMBANG NO.241,U,GANIS,1,GUDANG BAIK,2102076,Meiji Zinc Chromate Primer  5 KG,8.00,"225,000.00",GLN,7.50,0.00,0.00,"135,000.00","1,665,000.00",,1,"INDOWIRA, PT"
JUAL,261.002.140,23/02/2026 0:00,2602230611,T,,U.264,BINTANG ABADI,JL.RAYA LEMBANG NO.241,U,GANIS,1,GUDANG BAIK,2102079,Meiji Zinc Chromate Primer Grey 5 KG,4.00,"225,000.00",GLN,7.50,0.00,0.00,"67,500.00","832,500.00",,1,"INDOWIRA, PT"
JUAL,261.002.142,23/02/2026 0:00,2602230600,T,,U.178,TB.YUSUF NANJUNG,JL.DIMENSI NO.16 TLP:6676997,U,GANIS,1,GUDANG BAIK,2104131,Wiratex Wall Paint 834 Warm Gr 25 KG,2.00,"390,000.00",PL,7.50,0.00,0.00,"58,500.00","721,500.00",,1,"INDOWIRA, PT"
JUAL,261.002.143,23/02/2026 0:00,2602230612,T,,J.406,HARTA FURNITURE,JL.GEMPOL SARI 313 CIJERAH,J,FRANSISKUS,1,GUDANG BAIK,2101926,Meiji Lacquer Primer Surfacer IK  1 LITER,24.00,"57,000.00",KL,5.00,0.00,0.00,"68,400.00","1,299,600.00",,1,"INDOWIRA, PT"
JUAL,261.002.144,23/02/2026 0:00,2602230597,T,,D.622,SETIA,GEGERKALONG GIRANG 145,R,SIMON QIRENE,1,GUDANG BAIK,2100710,Attaboy OS Super Primer White 2 LITER,2.00,"180,000.00",GL,7.50,0.00,0.00,"27,000.00","333,000.00",U/PROYEK GRIYA JAMBUDIPA,1,"INDOWIRA, PT"
JUAL,261.002.144,23/02/2026 0:00,2602230597,T,,D.622,SETIA,GEGERKALONG GIRANG 145,R,SIMON QIRENE,1,GUDANG BAIK,2100913,Attaboy Thinner OS 2000  1 LITER,1.00,"43,000.00",KL,0.00,0.00,0.00,0.00,"43,000.00",U/PROYEK GRIYA JAMBUDIPA,1,"INDOWIRA, PT"
JUAL,261.002.145,23/02/2026 0:00,2602230614,T,,GA.27,TB.PUTRA SIMPANG,KOMP.BTN BALITSA BLOK.N NO.38 CIKOLE M/D,G,JULIANTO,1,GUDANG BAIK,2102061,Meiji Zinc Chromate Primer  1 KG,6.00,"51,000.00",KL,7.50,0.00,0.00,"22,950.00","283,050.00",,1,"INDOWIRA, PT"
JUAL,261.002.145,23/02/2026 0:00,2602230614,T,,GA.27,TB.PUTRA SIMPANG,KOMP.BTN BALITSA BLOK.N NO.38 CIKOLE M/D,G,JULIANTO,1,GUDANG BAIK,2104539,Meiji Zinc Chromate Light Grey 1 Kg,12.00,"51,000.00",KL,7.50,0.00,0.00,"45,900.00","566,100.00",,1,"INDOWIRA, PT"
JUAL,261.002.145,23/02/2026 0:00,2602230614,T,,GA.27,TB.PUTRA SIMPANG,KOMP.BTN BALITSA BLOK.N NO.38 CIKOLE M/D,G,JULIANTO,1,GUDANG BAIK,2104147,Wiratex Wall Paint Putih Salju 25 KG,2.00,"390,000.00",PL,7.50,0.00,0.00,"58,500.00","721,500.00",,1,"INDOWIRA, PT"
JUAL,261.002.146,23/02/2026 0:00,2602230615,T,,G.202,TERUS MAKMUR,KLARI,G,JULIANTO,1,GUDANG BAIK,2102076,Meiji Zinc Chromate Primer  5 KG,8.00,"225,000.00",GLN,7.50,0.00,0.00,"135,000.00","1,665,000.00",,1,"INDOWIRA, PT"
JUAL,261.002.147,23/02/2026 0:00,2602200563,T,,G.231,TC.SUGIH MAKMUR,JL.ADIARSA BARAT KARAWANG,G,JULIANTO,1,GUDANG BAIK,2104494,Daltone Clear CoaT MS 4100 1LTS,24.00,"112,000.00",KL,5.00,0.00,0.00,"134,400.00","2,553,600.00",,1,"INDOWIRA, PT"
JUAL,261.002.148,23/02/2026 0:00,2602160420,T,,N.1095,PT.BUKIT SURYA NUSANTARA,CIWARUGA RESORT MAHIA,13,BU RINI,1,GUDANG BAIK,2500297,Attaboy Natural Stone Protector Black Doff V2 1LT,25.00,"98,000.00",KL,0.00,0.00,0.00,0.00,"2,450,000.00",,1,"INDOWIRA, PT"
JUAL,261.002.149,23/02/2026 0:00,2602230617,T,,G.197,SUMBER ALAM II,PAMANUKAN,G,JULIANTO,1,GUDANG BAIK,2103835,Shintex Cat Genteng Sp 306 Tropic 4 KG,4.00,"231,000.00",GLN,7.50,0.00,0.00,"69,300.00","854,700.00",,1,"INDOWIRA, PT"
JUAL,261.002.150,23/02/2026 0:00,2602230616,T,,J.413,NYOMAN NUARTA,JL.SETRA SARIV/16,J,FRANSISKUS,1,GUDANG BAIK,2100068,Adler Primer Surfacer EP 1050  2 LITER SET,10.00,"205,000.00",KL,0.00,0.00,0.00,0.00,"2,050,000.00",,1,"INDOWIRA, PT"
JUAL,261.002.151,23/02/2026 0:00,2602230619,T,,N.1102,PT.UTAMA TIGA DIHARJA,SUMARECON CLUSTER HILARI GEDE BAGE,13,BU RINI,1,GUDANG BAIK,2105214,Meiji Zinc Chromate Primer Dark Grey 20KG,4.00,"825,000.00",PAIL,5.00,0.00,0.00,"165,000.00","3,135,000.00",,1,"INDOWIRA, PT"
JUAL,261.002.151,23/02/2026 0:00,2602230619,T,,N.1102,PT.UTAMA TIGA DIHARJA,SUMARECON CLUSTER HILARI GEDE BAGE,13,BU RINI,1,GUDANG BAIK,2102073,Meiji Zinc Chromate Primer Black 20 KG,2.00,"825,000.00",PL,5.00,0.00,0.00,"82,500.00","1,567,500.00",,1,"INDOWIRA, PT"
JUAL,261.002.152,23/02/2026 0:00,2602230595,T,,R.427,GAN PROPERTI,KANTOR PEMASARAN CITY GARDEN JL.ATPU KOMPLEK PUSBITEX,R,SIMON QIRENE,1,GUDANG BAIK,2101330,Attaboy Wall Putty Instant Powder  2 KG,12.00,"33,000.00",BKS,0.00,0.00,0.00,0.00,"396,000.00",U/P.DEDE 081223458586,1,"INDOWIRA, PT"
JUAL,261.002.153,23/02/2026 0:00,2602230608,T,,P.160,SENTRAD,RANCAEKEK PERMAI II,13,BU RINI,1,GUDANG BAIK,2102109,Mascot Wall Paint Super White 200 KG,3.00,"1,700,000.00",DRM,0.00,0.00,0.00,0.00,"5,100,000.00",K/RUMAH PAK YONO KAMP.WALINI,1,"INDOWIRA, PT"
JUAL,261.002.154,23/02/2026 0:00,2602230610,T,,D.131,SINAR MAS,TKI III D4 NO.17,D,WILLY,1,GUDANG BAIK,2104180,Wiratex Wall Paint 845 River S 5KG,4.00,"83,000.00",GL,7.50,0.00,0.00,"24,900.00","307,100.00",,1,"INDOWIRA, PT"
JUAL,261.002.155,23/02/2026 0:00,2602230599,T,,Y.289,WARNA DUNIA,KARASAK LAMA NO.184 RT.01/RW.05,Y,KEN - Y,1,GUDANG BAIK,2100049,Adler Polyester Putty 3002  1 KG SET,12.00,"62,000.00",KL,7.50,0.00,0.00,"55,800.00","688,200.00",,1,"INDOWIRA, PT"
JUAL,261.002.156,23/02/2026 0:00,2602230593,T,,J.313,ART DECO,JL.SEKEKUKUMBUNG 103 TKI II,J,FRANSISKUS,1,GUDANG BAIK,2102837,Petalac 2K PU Hardener Normal  200CC,5.00,"55,000.00",KL,10.00,0.00,0.00,"27,500.00","247,500.00",,1,"INDOWIRA, PT"
JUAL,261.002.156,23/02/2026 0:00,2602230593,T,,J.313,ART DECO,JL.SEKEKUKUMBUNG 103 TKI II,J,FRANSISKUS,1,GUDANG BAIK,2200178,Petalac 2K PU Colour Special White Satin Base 0.8L,5.00,"133,000.00",KL,10.00,0.00,0.00,"66,500.00","598,500.00",,1,"INDOWIRA, PT"
JUAL,261.002.157,23/02/2026 0:00,2602230592,T,,J.346,PT.MORASHA INTI SHABIRA,JL.PUNGKUR NO.220 RT.004 RW.01 CIATEUL REGOL,J,FRANSISKUS,1,GUDANG BAIK,2102074,Meiji Zinc Chromate Light Grey 20 KG,2.00,"825,000.00",PL,0.00,0.00,0.00,0.00,"1,650,000.00",,1,"INDOWIRA, PT"
JUAL,261.002.158,23/02/2026 0:00,2602230598,T,,A.209,NETRAL,PASIRKALIKI 6,Y,KEN - Y,1,GUDANG BAIK,2102075,Meiji Zinc Chromate Primer Light Grey 5 KG,4.00,"225,000.00",GLN,7.50,0.00,0.00,"67,500.00","832,500.00",,1,"INDOWIRA, PT"
JUAL,261.002.158,23/02/2026 0:00,2602230598,T,,A.209,NETRAL,PASIRKALIKI 6,Y,KEN - Y,1,GUDANG BAIK,2103863,Shintex Wall Filler  1 KG,12.00,"23,000.00",KL,7.50,0.00,0.00,"20,700.00","255,300.00",,1,"INDOWIRA, PT"
JUAL,261.002.158,23/02/2026 0:00,2602230598,T,,A.209,NETRAL,PASIRKALIKI 6,Y,KEN - Y,1,GUDANG BAIK,2104147,Wiratex Wall Paint Putih Salju 25 KG,2.00,"390,000.00",PL,7.50,0.00,0.00,"58,500.00","721,500.00",,1,"INDOWIRA, PT"
JUAL,261.002.159,23/02/2026 0:00,2602230624,T,,U.199,TB.MITRA BARU,JL.KARYAWANGI PARONGPONG,U,GANIS,1,GUDANG BAIK,2103815,Shintex Cat Genteng 309 Leather 4KG,4.00,"185,000.00",GLN,7.50,0.00,0.00,"55,500.00","684,500.00",,1,"INDOWIRA, PT"
JUAL,261.002.170,23/02/2026 0:00,2602180488,T,,H.328,DUCO JAYA PAINT,JL.RAYA PUNCAK GADOG,H1,MIMING,1,GUDANG BAIK,2100011,AlFa Polyester Putty  3KG,6.00,"103,000.00",GLN,5.00,0.00,0.00,"30,900.00","587,100.00",,1,"INDOWIRA, PT"
JUAL,261.002.170,23/02/2026 0:00,2602180488,T,,H.328,DUCO JAYA PAINT,JL.RAYA PUNCAK GADOG,H1,MIMING,1,GUDANG BAIK,2101913,Meiji Epoxy Filler  0.25 LTR SET,44.00,"26,500.00",KL,5.00,0.00,0.00,"58,300.00","1,107,700.00",,1,"INDOWIRA, PT"
JUAL,261.002.171,23/02/2026 0:00,2602230638,T,,N.870,PT.KSS,JL.PATARUMAN,13,BU RINI,1,GUDANG BAIK,2103625,Petalux Wall Paint Putih Wangi 25 KG,1.00,"765,000.00",PL,5.00,0.00,0.00,"38,250.00","726,750.00",,1,"INDOWIRA, PT"
JUAL,261.002.175,23/02/2026 0:00,2602200570,T,,H.186,TOKO TILU WARNA,BOGOR,H1,MIMING,1,GUDANG BAIK,2200183,Kingkong Wall Paint 105 Chiffon 18KG,1.00,"288,000.00",PAIL,7.50,0.00,0.00,"21,600.00","266,400.00",,1,"INDOWIRA, PT"
JUAL,261.002.175,23/02/2026 0:00,2602200570,T,,H.186,TOKO TILU WARNA,BOGOR,H1,MIMING,1,GUDANG BAIK,2200340,Kingkong Wall Paint 128 Minimal 18KG,1.00,"288,000.00",PAIL,7.50,0.00,0.00,"21,600.00","266,400.00",,1,"INDOWIRA, PT"
JUAL,261.002.175,23/02/2026 0:00,2602200570,T,,H.186,TOKO TILU WARNA,BOGOR,H1,MIMING,1,GUDANG BAIK,2200156,Kingkong Wall Paint 109 Apple W 18KG,2.00,"288,000.00",PAIL,7.50,0.00,0.00,"43,200.00","532,800.00",,1,"INDOWIRA, PT"
JUAL,261.002.175,23/02/2026 0:00,2602200570,T,,H.186,TOKO TILU WARNA,BOGOR,H1,MIMING,1,GUDANG BAIK,2200162,Kingkong Wall paint Super White 18KG,2.00,"288,000.00",PAIL,7.50,0.00,0.00,"43,200.00","532,800.00",,1,"INDOWIRA, PT"
JUAL,261.002.175,23/02/2026 0:00,2602200570,T,,H.186,TOKO TILU WARNA,BOGOR,H1,MIMING,1,GUDANG BAIK,2200139,Kingkong Wall Paint Super White 4.5Kg,8.00,"76,000.00",GLN,7.50,0.00,0.00,"45,600.00","562,400.00",,1,"INDOWIRA, PT"
JUAL,261.002.176,23/02/2026 0:00,2602230629,T,,H.224,ROYAL,JL. Siliwangi no.396 Kab.Sukabumi,H1,MIMING,1,GUDANG BAIK,2101643,Kingkong Wall Paint Super White 1 KG,12.00,"27,000.00",KL,7.50,0.00,0.00,"24,300.00","299,700.00",,1,"INDOWIRA, PT"
JUAL,261.002.177,23/02/2026 0:00,2602180512,T,,H.354,PELITA MAS,JL. Pelabuhan 2 No 92 Sukabumi,H,YANSENG,1,GUDANG BAIK,2200249,Kingkong Wall Paint 119 Canary 4.5KG,4.00,"76,000.00",GLN,7.50,0.00,0.00,"22,800.00","281,200.00",,1,"INDOWIRA, PT"
JUAL,261.002.177,23/02/2026 0:00,2602180512,T,,H.354,PELITA MAS,JL. Pelabuhan 2 No 92 Sukabumi,H,YANSENG,1,GUDANG BAIK,2200139,Kingkong Wall Paint Super White 4.5Kg,8.00,"76,000.00",GLN,7.50,0.00,0.00,"45,600.00","562,400.00",,1,"INDOWIRA, PT"
JUAL,261.002.177,23/02/2026 0:00,2602180512,T,,H.354,PELITA MAS,JL. Pelabuhan 2 No 92 Sukabumi,H,YANSENG,1,GUDANG BAIK,2300026,Kingkong Wall Paint 129 River Stone 4.5KG,4.00,"76,000.00",GLN,7.50,0.00,0.00,"22,800.00","281,200.00",,1,"INDOWIRA, PT"
JUAL,261.002.177,23/02/2026 0:00,2602180512,T,,H.354,PELITA MAS,JL. Pelabuhan 2 No 92 Sukabumi,H,YANSENG,1,GUDANG BAIK,2101619,Kingkong Wall Paint 109 APPLE W 1 KG,9.00,"27,000.00",KL,7.50,0.00,0.00,"18,225.00","224,775.00",,1,"INDOWIRA, PT"
JUAL,261.002.178,23/02/2026 0:00,2602230627,T,,H.345,PT. SUMBER MILIK KOKOH PERKASA,Jl. Otista RT. 003  RW. 001,H,YANSENG,1,GUDANG BAIK,2200342,Kingkong Wall Paint 124 Blue La 18KG,3.00,"288,000.00",PAIL,7.50,0.00,0.00,"64,800.00","799,200.00",,1,"INDOWIRA, PT"
JUAL,261.002.178,23/02/2026 0:00,2602230627,T,,H.345,PT. SUMBER MILIK KOKOH PERKASA,Jl. Otista RT. 003  RW. 001,H,YANSENG,1,GUDANG BAIK,2200167,Kingkong Wall Paint Putih Metro 18KG,3.00,"288,000.00",PAIL,7.50,0.00,0.00,"64,800.00","799,200.00",,1,"INDOWIRA, PT"
JUAL,261.002.178,23/02/2026 0:00,2602230627,T,,H.345,PT. SUMBER MILIK KOKOH PERKASA,Jl. Otista RT. 003  RW. 001,H,YANSENG,1,GUDANG BAIK,2200162,Kingkong Wall paint Super White 18KG,20.00,"288,000.00",PAIL,7.50,0.00,0.00,"432,000.00","5,328,000.00",,1,"INDOWIRA, PT"
JUAL,261.002.178,23/02/2026 0:00,2602230627,T,,H.345,PT. SUMBER MILIK KOKOH PERKASA,Jl. Otista RT. 003  RW. 001,H,YANSENG,1,GUDANG BAIK,2200250,Kingkong Wall Paint 124 Blue La 4.5KG,16.00,"76,000.00",GLN,7.50,0.00,0.00,"91,200.00","1,124,800.00",,1,"INDOWIRA, PT"
JUAL,261.002.178,23/02/2026 0:00,2602230627,T,,H.345,PT. SUMBER MILIK KOKOH PERKASA,Jl. Otista RT. 003  RW. 001,H,YANSENG,1,GUDANG BAIK,2200139,Kingkong Wall Paint Super White 4.5Kg,40.00,"76,000.00",GLN,7.50,0.00,0.00,"228,000.00","2,812,000.00",,1,"INDOWIRA, PT"
JUAL,261.002.178,23/02/2026 0:00,2602230627,T,,H.345,PT. SUMBER MILIK KOKOH PERKASA,Jl. Otista RT. 003  RW. 001,H,YANSENG,1,GUDANG BAIK,2200222,Kingkong Wall Paint Putih Metropolitan 4.5KG,20.00,"76,000.00",GLN,7.50,0.00,0.00,"114,000.00","1,406,000.00",,1,"INDOWIRA, PT"
JUAL,261.002.179,23/02/2026 0:00,2602230634,T,,H.343,BAROS JAYA,JL.RH DIDI SUKARDI 156 SUKABUMI,H,YANSENG,1,GUDANG BAIK,2200369,Kingkong Wall Paint 132 18KG,1.00,"288,000.00",PAIL,7.50,0.00,0.00,"21,600.00","266,400.00",,1,"INDOWIRA, PT"
JUAL,261.002.179,23/02/2026 0:00,2602230634,T,,H.343,BAROS JAYA,JL.RH DIDI SUKARDI 156 SUKABUMI,H,YANSENG,1,GUDANG BAIK,2200286,Kingkong Wall Paint 104 Cream 18KG,1.00,"288,000.00",PAIL,7.50,0.00,0.00,"21,600.00","266,400.00",,1,"INDOWIRA, PT"
JUAL,261.002.179,23/02/2026 0:00,2602230634,T,,H.343,BAROS JAYA,JL.RH DIDI SUKARDI 156 SUKABUMI,H,YANSENG,1,GUDANG BAIK,2300068,Kingkong Wall Paint 118 Poplar 18KG,1.00,"288,000.00",PAIL,7.50,0.00,0.00,"21,600.00","266,400.00",,1,"INDOWIRA, PT"
JUAL,261.002.179,23/02/2026 0:00,2602230634,T,,H.343,BAROS JAYA,JL.RH DIDI SUKARDI 156 SUKABUMI,H,YANSENG,1,GUDANG BAIK,2200143,Kingkong Wall Paint 121 Shapire 18KG,1.00,"288,000.00",PAIL,7.50,0.00,0.00,"21,600.00","266,400.00",,1,"INDOWIRA, PT"
JUAL,261.002.179,23/02/2026 0:00,2602230634,T,,H.343,BAROS JAYA,JL.RH DIDI SUKARDI 156 SUKABUMI,H,YANSENG,1,GUDANG BAIK,2200287,Kingkong Wall Paint 131 Spring 18 Kg,1.00,"288,000.00",PAIL,7.50,0.00,0.00,"21,600.00","266,400.00",,1,"INDOWIRA, PT"
JUAL,261.002.179,23/02/2026 0:00,2602230634,T,,H.343,BAROS JAYA,JL.RH DIDI SUKARDI 156 SUKABUMI,H,YANSENG,1,GUDANG BAIK,2200156,Kingkong Wall Paint 109 Apple W 18KG,1.00,"288,000.00",PAIL,7.50,0.00,0.00,"21,600.00","266,400.00",,1,"INDOWIRA, PT"
JUAL,261.002.179,23/02/2026 0:00,2602230634,T,,H.343,BAROS JAYA,JL.RH DIDI SUKARDI 156 SUKABUMI,H,YANSENG,1,GUDANG BAIK,2300111,Kingkong Wall Paint 129 River S 18KG,1.00,"288,000.00",PAIL,7.50,0.00,0.00,"21,600.00","266,400.00",,1,"INDOWIRA, PT"
JUAL,261.002.179,23/02/2026 0:00,2602230634,T,,H.343,BAROS JAYA,JL.RH DIDI SUKARDI 156 SUKABUMI,H,YANSENG,1,GUDANG BAIK,2200319,Kingkong Wall Paint 127 Sun Flower 18KG,1.00,"288,000.00",PAIL,7.50,0.00,0.00,"21,600.00","266,400.00",,1,"INDOWIRA, PT"
JUAL,261.002.180,23/02/2026 0:00,2602230634,T,,H.343,BAROS JAYA,JL.RH DIDI SUKARDI 156 SUKABUMI,H,YANSENG,1,GUDANG BAIK,2200254,Kingkong Wall Paint 132 4.5KG,8.00,"76,000.00",GLN,7.50,0.00,0.00,"45,600.00","562,400.00",,1,"INDOWIRA, PT"
JUAL,261.002.180,23/02/2026 0:00,2602230634,T,,H.343,BAROS JAYA,JL.RH DIDI SUKARDI 156 SUKABUMI,H,YANSENG,1,GUDANG BAIK,2300050,Kingkong Wall Paint 104 Cream 4.5KG,8.00,"76,000.00",GLN,7.50,0.00,0.00,"45,600.00","562,400.00",,1,"INDOWIRA, PT"
JUAL,261.002.180,23/02/2026 0:00,2602230634,T,,H.343,BAROS JAYA,JL.RH DIDI SUKARDI 156 SUKABUMI,H,YANSENG,1,GUDANG BAIK,2200344,Kingkong Wall Paint 118 Poplar4.5KG,4.00,"76,000.00",GLN,7.50,0.00,0.00,"22,800.00","281,200.00",,1,"INDOWIRA, PT"
JUAL,261.002.180,23/02/2026 0:00,2602230634,T,,H.343,BAROS JAYA,JL.RH DIDI SUKARDI 156 SUKABUMI,H,YANSENG,1,GUDANG BAIK,2200297,Kingkong Wall Paint 109 Aple W 4.5KG,4.00,"76,000.00",GLN,7.50,0.00,0.00,"22,800.00","281,200.00",,1,"INDOWIRA, PT"
JUAL,261.002.180,23/02/2026 0:00,2602230634,T,,H.343,BAROS JAYA,JL.RH DIDI SUKARDI 156 SUKABUMI,H,YANSENG,1,GUDANG BAIK,2200251,Kingkong Wall Paint 121 Saphire 4.5KG,8.00,"76,000.00",GLN,7.50,0.00,0.00,"45,600.00","562,400.00",,1,"INDOWIRA, PT"
JUAL,261.002.180,23/02/2026 0:00,2602230634,T,,H.343,BAROS JAYA,JL.RH DIDI SUKARDI 156 SUKABUMI,H,YANSENG,1,GUDANG BAIK,2200223,Kingkong Wall Paint 127 Sun Flo 4.5KG,8.00,"76,000.00",GLN,7.50,0.00,0.00,"45,600.00","562,400.00",,1,"INDOWIRA, PT"
JUAL,261.002.180,23/02/2026 0:00,2602230634,T,,H.343,BAROS JAYA,JL.RH DIDI SUKARDI 156 SUKABUMI,H,YANSENG,1,GUDANG BAIK,2300026,Kingkong Wall Paint 129 River Stone 4.5KG,8.00,"76,000.00",GLN,7.50,0.00,0.00,"45,600.00","562,400.00",,1,"INDOWIRA, PT"
JUAL,261.002.180,23/02/2026 0:00,2602230634,T,,H.343,BAROS JAYA,JL.RH DIDI SUKARDI 156 SUKABUMI,H,YANSENG,1,GUDANG BAIK,2200248,Kingkong Wall Paint 131 Spring Green 4.5KG,8.00,"76,000.00",GLN,7.50,0.00,0.00,"45,600.00","562,400.00",,1,"INDOWIRA, PT"
JUAL,261.002.181,23/02/2026 0:00,2602180507,T,,H.160,SERBA GUNA,JL.PELABUHAN 2 SUKABUMI,H,YANSENG,1,GUDANG BAIK,2103863,Shintex Wall Filler  1 KG,10.00,"23,000.00",KL,7.50,0.00,0.00,"17,250.00","212,750.00",,1,"INDOWIRA, PT"
JUAL,261.002.182,23/02/2026 0:00,2602230630,T,,H.729,DUNIA BANGUNAN,JL.TUMENGGUNG WIRADIREJA RT.02 RW07 CIMAHFAR BOGOR UTARA,H,YANSENG,1,GUDANG BAIK,2103810,Shintex Cat Genteng 301 Black 4KG,4.00,"185,000.00",GLN,7.50,0.00,0.00,"55,500.00","684,500.00",,1,"INDOWIRA, PT"
JUAL,261.002.183,23/02/2026 0:00,2602200578,T,,H.187,PURA BAJA (PONCOL JAYA 2),"DEPAN MATRIAL SINAR JAYA BANGUNAN JL.RAYA TONJONG ,CIMANGGIS ",H1,MIMING,1,GUDANG BAIK,2100007,Alfa Polyester Putty Hardener  20 GRAM,3.00,"14,000.00",TB,0.00,0.00,0.00,0.00,"42,000.00",,1,"INDOWIRA, PT"
JUAL,261.002.184,23/02/2026 0:00,2602200547,T,,H.224,ROYAL,JL. Siliwangi no.396 Kab.Sukabumi,H1,MIMING,1,GUDANG BAIK,2200162,Kingkong Wall paint Super White 18KG,1.00,"288,000.00",PAIL,7.50,0.00,0.00,"21,600.00","266,400.00",,1,"INDOWIRA, PT"
JUAL,261.002.184,23/02/2026 0:00,2602200547,T,,H.224,ROYAL,JL. Siliwangi no.396 Kab.Sukabumi,H1,MIMING,1,GUDANG BAIK,2102076,Meiji Zinc Chromate Primer  5 KG,2.00,"225,000.00",GLN,7.50,0.00,0.00,"33,750.00","416,250.00",,1,"INDOWIRA, PT"
JUAL,261.002.184,23/02/2026 0:00,2602200547,T,,H.224,ROYAL,JL. Siliwangi no.396 Kab.Sukabumi,H1,MIMING,1,GUDANG BAIK,2102079,Meiji Zinc Chromate Primer Grey 5 KG,3.00,"225,000.00",GLN,7.50,0.00,0.00,"50,625.00","624,375.00",,1,"INDOWIRA, PT"
JUAL,261.002.184,23/02/2026 0:00,2602200547,T,,H.224,ROYAL,JL. Siliwangi no.396 Kab.Sukabumi,H1,MIMING,1,GUDANG BAIK,2200139,Kingkong Wall Paint Super White 4.5Kg,12.00,"76,000.00",GLN,7.50,0.00,0.00,"68,400.00","843,600.00",,1,"INDOWIRA, PT"
JUAL,261.002.185,23/02/2026 0:00,2602230635,T,,H.146,MURAH MAKMUR,RY.CIGOMBONG 348 CIANJUR,H,YANSENG,1,GUDANG BAIK,2102068,Meiji Zinc Chromate Primer Broken Whit 20 KG,2.00,"825,000.00",PL,7.50,0.00,0.00,"123,750.00","1,526,250.00",,1,"INDOWIRA, PT"
JUAL,261.002.186,23/02/2026 0:00,2602230650,T,,H.229,WARNA JAYA,JL. Cigudeg,H1,MIMING,1,GUDANG BAIK,2100011,AlFa Polyester Putty  3KG,30.00,"103,000.00",GLN,5.00,0.00,0.00,"154,500.00","2,935,500.00",,1,"INDOWIRA, PT"
JUAL,261.002.186,23/02/2026 0:00,2602230650,T,,H.229,WARNA JAYA,JL. Cigudeg,H1,MIMING,1,GUDANG BAIK,2100006,Alfa Polyester Putty  1 KG,24.00,"39,000.00",KL,5.00,0.00,0.00,"46,800.00","889,200.00",,1,"INDOWIRA, PT"
JUAL,261.002.186,23/02/2026 0:00,2602230650,T,,H.229,WARNA JAYA,JL. Cigudeg,H1,MIMING,1,GUDANG BAIK,2101915,Meiji Epoxy Filler  1 LTR SET,22.00,"76,000.00",KL,5.00,0.00,0.00,"83,600.00","1,588,400.00",,1,"INDOWIRA, PT"
JUAL,261.002.187,23/02/2026 0:00,2602230651,T,,H.338,TB.SINAR BINTANG,JL.OTTO ISKANDAR NO.43 KEBONJATI KEC.CIKOLE SUKABUMI,H,YANSENG,1,GUDANG BAIK,2102066,Meiji Zinc Chromate Primer  20 KG,7.00,"825,000.00",PL,7.50,0.00,0.00,"433,125.00","5,341,875.00",,1,"INDOWIRA, PT"
JUAL,261.002.188,23/02/2026 0:00,2602230643,T,,M.100,UMUM,,14,DEPO BANDUNG,1,GUDANG BAIK,2103737,Petalux Wall Paint Putih Wangi 5KG,1.00,"158,000.00",GLN,10.00,0.00,0.00,"15,800.00","142,200.00",TINA,1,"INDOWIRA, PT"
JUAL,262.000.237,23/02/2026 0:00,2602230594,T,,M.104,DEPO KUNINGAN,,M,UMUM,1,GUDANG BAIK,2100011,AlFa Polyester Putty  3KG,3.00,"103,000.00",GLN,10.00,5.00,0.00,"44,805.00","264,195.00","PO26020095 PA OZON,TANJUNG CEMERLANG",1,"INDOWIRA, PT"
JUAL,262.000.238,23/02/2026 0:00,2602230605,T,,G.227,MUTIARA WARNA,JL.SOMAWINATA 14 TANI MULYA,G,JULIANTO,1,GUDANG BAIK,2104955,Bonus Sarung,1.00,0.00,PCS,0.00,0.00,0.00,0.00,0.00,,1,"INDOWIRA, PT"
JUAL,262.000.239,23/02/2026 0:00,2602230609,T,,K.412,"YUNIKO,PD",KEBON JATI 224,14,DEPO BANDUNG,1,GUDANG BAIK,2104955,Bonus Sarung,2.00,0.00,PCS,0.00,0.00,0.00,0.00,0.00,,1,"INDOWIRA, PT"
JUAL,262.000.240,23/02/2026 0:00,2602230601,T,,D.619,SALUYU,PATROL PARONGPONG,G,JULIANTO,1,GUDANG BAIK,2104955,Bonus Sarung,1.00,0.00,PCS,0.00,0.00,0.00,0.00,0.00,,1,"INDOWIRA, PT"
JUAL,262.000.241,23/02/2026 0:00,2602200563,T,,G.231,TC.SUGIH MAKMUR,JL.ADIARSA BARAT KARAWANG,G,JULIANTO,1,GUDANG BAIK,2104955,Bonus Sarung,1.00,0.00,PCS,0.00,0.00,0.00,0.00,0.00,,1,"INDOWIRA, PT"
JUAL,262.000.242,23/02/2026 0:00,2602230616,T,,J.413,NYOMAN NUARTA,JL.SETRA SARIV/16,J,FRANSISKUS,1,GUDANG BAIK,2104955,Bonus Sarung,1.00,0.00,PCS,0.00,0.00,0.00,0.00,0.00,,1,"INDOWIRA, PT"
JUAL,262.000.243,23/02/2026 0:00,2602180488,T,,H.328,DUCO JAYA PAINT,JL.RAYA PUNCAK GADOG,H1,MIMING,1,GUDANG BAIK,2101913,Meiji Epoxy Filler  0.25 LTR SET,4.00,0.00,KL,0.00,0.00,0.00,0.00,0.00,,1,"INDOWIRA, PT"
JUAL,262.000.244,23/02/2026 0:00,2602230637,T,,H.343,BAROS JAYA,JL.RH DIDI SUKARDI 156 SUKABUMI,H,YANSENG,1,GUDANG BAIK,2102069,Meiji Zinc Chromate Primer Grey 20 KG,1.00,"825,000.00",PL,7.50,0.00,0.00,"61,875.00","763,125.00",U/PERUBAHAN CN 55/01,1,"INDOWIRA, PT"
JUAL,262.000.245,23/02/2026 0:00,2602200570,T,,H.186,TOKO TILU WARNA,BOGOR,H1,MIMING,1,GUDANG BAIK,2104955,Bonus Sarung,1.00,0.00,PCS,0.00,0.00,0.00,0.00,0.00,,1,"INDOWIRA, PT"
JUAL,262.000.246,23/02/2026 0:00,2602230627,T,,H.345,PT. SUMBER MILIK KOKOH PERKASA,Jl. Otista RT. 003  RW. 001,H,YANSENG,1,GUDANG BAIK,2104955,Bonus Sarung,6.00,0.00,PCS,0.00,0.00,0.00,0.00,0.00,,1,"INDOWIRA, PT"
JUAL,262.000.247,23/02/2026 0:00,2602230634,T,,H.343,BAROS JAYA,JL.RH DIDI SUKARDI 156 SUKABUMI,H,YANSENG,1,GUDANG BAIK,2104955,Bonus Sarung,3.00,0.00,PCS,0.00,0.00,0.00,0.00,0.00,,1,"INDOWIRA, PT"
JUAL,262.000.248,23/02/2026 0:00,2602230650,T,,H.229,WARNA JAYA,JL. Cigudeg,H1,MIMING,1,GUDANG BAIK,2101915,Meiji Epoxy Filler  1 LTR SET,2.00,0.00,KL,0.00,0.00,0.00,0.00,0.00,,1,"INDOWIRA, PT"
JUAL,262.000.249,23/02/2026 0:00,2602230651,T,,H.338,TB.SINAR BINTANG,JL.OTTO ISKANDAR NO.43 KEBONJATI KEC.CIKOLE SUKABUMI,H,YANSENG,1,GUDANG BAIK,2104955,Bonus Sarung,2.00,0.00,PCS,0.00,0.00,0.00,0.00,0.00,,1,"INDOWIRA, PT"
RETUR,RJ26020039,23/02/2026 0:00,262.000.244,T,,H.343,BAROS JAYA,JL.RH DIDI SUKARDI 156 SUKABUMI,H,YANSENG,1,GUDANG BAIK,2102066,Meiji Zinc Chromate Primer  20 KG,-1.00,"825,000.00",PL,7.50,0.00,0.00,"-61,875.00","-763,125.00",U/KOREKSI CN 55/01,1,"INDOWIRA, PT"
JUAL,261.002.189,24/02/2026 0:00,2602180532,T,,J.313,ART DECO,JL.SEKEKUKUMBUNG 103 TKI II,J,FRANSISKUS,1,GUDANG BAIK,2102837,Petalac 2K PU Hardener Normal  200CC,2.00,"55,000.00",KL,10.00,0.00,0.00,"11,000.00","99,000.00",,1,"INDOWIRA, PT"
JUAL,261.002.189,24/02/2026 0:00,2602180532,T,,J.313,ART DECO,JL.SEKEKUKUMBUNG 103 TKI II,J,FRANSISKUS,1,GUDANG BAIK,2200321,Petalac 2K PU Colour Base P.114 Eart Br 0.8LT,2.00,"140,000.00",KL,10.00,0.00,0.00,"28,000.00","252,000.00",,1,"INDOWIRA, PT"
JUAL,261.002.190,24/02/2026 0:00,2602180529,T,,K.527,PT.AKD,SADANG,14,DEPO BANDUNG,1,GUDANG BAIK,2600043,Petalac 2K PU CO Base Connesticut Blue 0.8LT,22.00,"150,000.00",KL,10.00,0.00,0.00,"330,000.00","2,970,000.00",,1,"INDOWIRA, PT"
JUAL,261.002.191,24/02/2026 0:00,2602230654,T,,N.682,SARANA MOTOR,JL.RAYA SAPAN NO.55A,L,RUDI *,1,GUDANG BAIK,2400123,Adler PU Base Coat CO Base APV Blind Van White 1LT,6.00,"161,363.00",KL,10.00,0.00,0.00,"96,817.80","871,360.20",,1,"INDOWIRA, PT"
JUAL,261.002.192,24/02/2026 0:00,2602180494,T,,D.231,BANGUN BERKAT SAUDARA(PD.DEWI),JL.PUNGKUR 89,D,WILLY,1,GUDANG BAIK,2101920,Meiji Epoxy Filler White 20 LTR SET,2.00,"1,325,000.00",PL,5.00,0.00,0.00,"132,500.00","2,517,500.00",,1,"INDOWIRA, PT"
JUAL,261.002.194,24/02/2026 0:00,2602200554,T,,D.231,BANGUN BERKAT SAUDARA(PD.DEWI),JL.PUNGKUR 89,D,WILLY,1,GUDANG BAIK,2101920,Meiji Epoxy Filler White 20 LTR SET,1.00,"1,325,000.00",PL,5.00,0.00,0.00,"66,250.00","1,258,750.00",,1,"INDOWIRA, PT"
JUAL,261.002.195,24/02/2026 0:00,2602090269,T,,G.227,MUTIARA WARNA,JL.SOMAWINATA 14 TANI MULYA,G,JULIANTO,1,GUDANG BAIK,2102156,MASCOT WALL PAINT BLACK 25KG,1.00,"270,000.00",PAIL,7.50,0.00,0.00,"20,250.00","249,750.00",,1,"INDOWIRA, PT"
JUAL,261.002.226,24/02/2026 0:00,2602240659,T,,D.231,BANGUN BERKAT SAUDARA(PD.DEWI),JL.PUNGKUR 89,D,WILLY,1,GUDANG BAIK,2101920,Meiji Epoxy Filler White 20 LTR SET,2.00,"1,325,000.00",PL,5.00,0.00,0.00,"132,500.00","2,517,500.00",,1,"INDOWIRA, PT"
JUAL,261.002.227,24/02/2026 0:00,2602240657,T,,D.622,SETIA,GEGERKALONG GIRANG 145,R,SIMON QIRENE,1,GUDANG BAIK,2103625,Petalux Wall Paint Putih Wangi 25 KG,1.00,"765,000.00",PL,7.50,0.00,0.00,"57,375.00","707,625.00",U/PROYEK JAMBUDIPA,1,"INDOWIRA, PT"
JUAL,261.002.228,24/02/2026 0:00,2602230652,T,,R.575,CAHAYA MEGA,JL.GERLONG  78,R,SIMON QIRENE,1,GUDANG BAIK,2101915,Meiji Epoxy Filler  1 LTR SET,22.00,"76,000.00",KL,7.50,0.00,0.00,"125,400.00","1,546,600.00",,1,"INDOWIRA, PT"
JUAL,261.002.228,24/02/2026 0:00,2602230652,T,,R.575,CAHAYA MEGA,JL.GERLONG  78,R,SIMON QIRENE,1,GUDANG BAIK,2101916,Meiji Epoxy Filler Black 1 LTR SET,11.00,"76,000.00",KL,7.50,0.00,0.00,"62,700.00","773,300.00",,1,"INDOWIRA, PT"
JUAL,261.002.228,24/02/2026 0:00,2602230652,T,,R.575,CAHAYA MEGA,JL.GERLONG  78,R,SIMON QIRENE,1,GUDANG BAIK,2101917,Meiji Epoxy Filler White 1 LTR SET,33.00,"76,000.00",KL,7.50,0.00,0.00,"188,100.00","2,319,900.00",,1,"INDOWIRA, PT"
JUAL,261.002.229,24/02/2026 0:00,2602240660,T,,A.313,TEGUH,CIROYOM 49,U,GANIS,1,GUDANG BAIK,2103623,Petalux Wall Paint Putih hemat 06 25 KG,1.00,"765,000.00",PL,7.50,0.00,0.00,"57,375.00","707,625.00",,1,"INDOWIRA, PT"
JUAL,261.002.230,24/02/2026 0:00,2602240661,T,,U.248,TB.BINTANG JAYA,TAMAN KOPO INDAH III RUKO BLOK F NO.43,U,GANIS,1,GUDANG BAIK,2400109,Meiji Zinc Chromate Primer Blue 20KG,1.00,"825,000.00",PAIL,7.50,0.00,0.00,"61,875.00","763,125.00",,1,"INDOWIRA, PT"
JUAL,261.002.231,24/02/2026 0:00,2602240662,T,,G.524,ANUGRAH,Kp.Pasir Calung RT.02/07 DS.Cipada Cisarua,G,JULIANTO,1,GUDANG BAIK,2103284,Petalux Base A  25 KG,1.00,"721,000.00",PL,15.00,0.00,0.00,"108,150.00","612,850.00",,1,"INDOWIRA, PT"
JUAL,261.002.231,24/02/2026 0:00,2602240662,T,,G.524,ANUGRAH,Kp.Pasir Calung RT.02/07 DS.Cipada Cisarua,G,JULIANTO,1,GUDANG BAIK,2103285,Petalux Base B  25 KG,1.00,"590,000.00",PL,15.00,0.00,0.00,"88,500.00","501,500.00",,1,"INDOWIRA, PT"
JUAL,261.002.232,24/02/2026 0:00,2602160441,T,,G.524,ANUGRAH,Kp.Pasir Calung RT.02/07 DS.Cipada Cisarua,G,JULIANTO,1,GUDANG BAIK,2101319,"Attaboy Weatherguard Base B  2,5 LITER",4.00,"260,000.00",GL,15.00,0.00,0.00,"156,000.00","884,000.00",,1,"INDOWIRA, PT"
JUAL,261.002.232,24/02/2026 0:00,2602160441,T,,G.524,ANUGRAH,Kp.Pasir Calung RT.02/07 DS.Cipada Cisarua,G,JULIANTO,1,GUDANG BAIK,2100891,Attaboy Supercryl Base A  2.5 LTR,4.00,"237,000.00",GL,15.00,0.00,0.00,"142,200.00","805,800.00",,1,"INDOWIRA, PT"
JUAL,261.002.232,24/02/2026 0:00,2602160441,T,,G.524,ANUGRAH,Kp.Pasir Calung RT.02/07 DS.Cipada Cisarua,G,JULIANTO,1,GUDANG BAIK,2100894,Attaboy Supercryl Base B  2.5 LTR,4.00,"196,000.00",GL,15.00,0.00,0.00,"117,600.00","666,400.00",,1,"INDOWIRA, PT"
JUAL,261.002.232,24/02/2026 0:00,2602160441,T,,G.524,ANUGRAH,Kp.Pasir Calung RT.02/07 DS.Cipada Cisarua,G,JULIANTO,1,GUDANG BAIK,2101318,"Attaboy Weatherguard Base A  2,5 LITER",2.00,"339,000.00",GL,15.00,0.00,0.00,"101,700.00","576,300.00",,1,"INDOWIRA, PT"
JUAL,261.002.233,24/02/2026 0:00,2602230636,T,,D.221,RESTU IBU,JL.BALADEWA NO.3,Y,KEN - Y,1,GUDANG BAIK,2104127,Wiratex Wall Paint 830 Blue Be 25 KG,1.00,"390,000.00",PL,7.50,0.00,0.00,"29,250.00","360,750.00",,1,"INDOWIRA, PT"
JUAL,261.002.234,24/02/2026 0:00,2602230641,T,,C.322,CV. BERKAT TANAH MAKMUR,BATUNUNGGAL INDAH I NO.26,C,YONATHAN,1,GUDANG BAIK,2104075,Tawon Kembang Meni Kayu & Besi  4.5 KG,23.00,"195,000.00",GLN,7.50,0.00,0.00,"336,375.00","4,148,625.00",,1,"INDOWIRA, PT"
JUAL,261.002.235,24/02/2026 0:00,2602240663,T,,K.410,SUMBER JAYA,PUNGKUR 21,L,RUDI *,1,GUDANG BAIK,2104161,Wiratex Wall Paint 812 Ice Blu 5KG,1.00,"83,000.00",GL,7.50,0.00,0.00,"6,225.00","76,775.00",,1,"INDOWIRA, PT"
JUAL,261.002.236,24/02/2026 0:00,2602230631,T,,K.331,ATEP,JL.MANGLID NO.10,L,RUDI *,1,GUDANG BAIK,2104494,Daltone Clear CoaT MS 4100 1LTS,6.00,"112,000.00",KL,10.00,0.00,0.00,"67,200.00","604,800.00",,1,"INDOWIRA, PT"
JUAL,261.002.237,24/02/2026 0:00,2602230625,T,,J.303,ASTA ARTHA/DIRGANTARA YUDHA,JL.KOPO JAYA II NO.13A,J,FRANSISKUS,1,GUDANG BAIK,2101419,Crystal Coat Thinner  5 LITER,2.00,"221,000.00",GLN,0.00,0.00,0.00,0.00,"442,000.00",,1,"INDOWIRA, PT"
JUAL,261.002.237,24/02/2026 0:00,2602230625,T,,J.303,ASTA ARTHA/DIRGANTARA YUDHA,JL.KOPO JAYA II NO.13A,J,FRANSISKUS,1,GUDANG BAIK,2101387,Crystal Coat Clear Gloss  1 LITER,1.00,"657,000.00",KL,10.00,0.00,0.00,"65,700.00","591,300.00",,1,"INDOWIRA, PT"
JUAL,261.002.237,24/02/2026 0:00,2602230625,T,,J.303,ASTA ARTHA/DIRGANTARA YUDHA,JL.KOPO JAYA II NO.13A,J,FRANSISKUS,1,GUDANG BAIK,2101391,Crystal Coat Clear Matt MV3 1 LITER,2.00,"657,000.00",KL,10.00,0.00,0.00,"131,400.00","1,182,600.00",,1,"INDOWIRA, PT"
JUAL,261.002.238,24/02/2026 0:00,2602230622,T,,J.611,SINAR WARNA,MOH TOHA 250C,L,RUDI *,1,GUDANG BAIK,2100049,Adler Polyester Putty 3002  1 KG SET,48.00,"62,000.00",KL,10.00,0.00,0.00,"297,600.00","2,678,400.00",,1,"INDOWIRA, PT"
JUAL,261.002.239,24/02/2026 0:00,2602230633,T,,J.206,BOROBUDUR INDAH,JL.TRS.KOPO KATAPANG KM.12 NO.110,J,FRANSISKUS,1,GUDANG BAIK,2102081,Meiji Zinc Chromate Primer Dark Grey 5 KG,2.00,"225,000.00",GLN,7.50,0.00,0.00,"33,750.00","416,250.00",,1,"INDOWIRA, PT"
JUAL,261.002.239,24/02/2026 0:00,2602230633,T,,J.206,BOROBUDUR INDAH,JL.TRS.KOPO KATAPANG KM.12 NO.110,J,FRANSISKUS,1,GUDANG BAIK,2101387,Crystal Coat Clear Gloss  1 LITER,3.00,"657,000.00",KL,10.00,0.00,0.00,"197,100.00","1,773,900.00",,1,"INDOWIRA, PT"
JUAL,261.002.239,24/02/2026 0:00,2602230633,T,,J.206,BOROBUDUR INDAH,JL.TRS.KOPO KATAPANG KM.12 NO.110,J,FRANSISKUS,1,GUDANG BAIK,2101391,Crystal Coat Clear Matt MV3 1 LITER,3.00,"657,000.00",KL,10.00,0.00,0.00,"197,100.00","1,773,900.00",,1,"INDOWIRA, PT"
JUAL,261.002.239,24/02/2026 0:00,2602230633,T,,J.206,BOROBUDUR INDAH,JL.TRS.KOPO KATAPANG KM.12 NO.110,J,FRANSISKUS,1,GUDANG BAIK,2100068,Adler Primer Surfacer EP 1050  2 LITER SET,5.00,"205,000.00",KL,10.00,0.00,0.00,"102,500.00","922,500.00",,1,"INDOWIRA, PT"
JUAL,261.002.240,24/02/2026 0:00,2602230649,T,,J.136,HENDRA,KANTOR PEMASARAN TKI 3,R,SIMON QIRENE,1,GUDANG BAIK,2100068,Adler Primer Surfacer EP 1050  2 LITER SET,24.00,"205,000.00",KL,10.00,0.00,0.00,"492,000.00","4,428,000.00",,1,"INDOWIRA, PT"
JUAL,261.002.241,24/02/2026 0:00,2602230623,T,,K.406,OPTIMA,JL.SASTRA NO.2,L,RUDI *,1,GUDANG BAIK,2101917,Meiji Epoxy Filler White 1 LTR SET,2.00,"76,000.00",KL,10.00,0.00,0.00,"15,200.00","136,800.00",,1,"INDOWIRA, PT"
JUAL,261.002.242,24/02/2026 0:00,2602230620,T,,L.428,DERISYA INTERIOR U/P.UJANG RUS,KAMP.CUKANG KAWUNG NO.33 DS.PAKUHAJI NGAMPRAH KETUA RT.04/05,L,RUDI *,1,GUDANG BAIK,2100011,AlFa Polyester Putty  3KG,6.00,"103,000.00",GLN,5.00,0.00,0.00,"30,900.00","587,100.00",,1,"INDOWIRA, PT"
JUAL,261.002.243,24/02/2026 0:00,2602230644,T,,C.408,LANGGENG CEMERLANG,JL.GADOBANGKONG NO.2 CIMAHI,R,SIMON QIRENE,1,GUDANG BAIK,2101917,Meiji Epoxy Filler White 1 LTR SET,11.00,"76,000.00",KL,7.50,0.00,0.00,"62,700.00","773,300.00",,1,"INDOWIRA, PT"
JUAL,261.002.244,24/02/2026 0:00,2602230645,T,,U.264,BINTANG ABADI,JL.RAYA LEMBANG NO.241,U,GANIS,1,GUDANG BAIK,2102076,Meiji Zinc Chromate Primer  5 KG,12.00,"225,000.00",GLN,7.50,0.00,0.00,"202,500.00","2,497,500.00",,1,"INDOWIRA, PT"
JUAL,261.002.244,24/02/2026 0:00,2602230645,T,,U.264,BINTANG ABADI,JL.RAYA LEMBANG NO.241,U,GANIS,1,GUDANG BAIK,2102079,Meiji Zinc Chromate Primer Grey 5 KG,3.00,"225,000.00",GLN,7.50,0.00,0.00,"50,625.00","624,375.00",,1,"INDOWIRA, PT"
JUAL,261.002.244,24/02/2026 0:00,2602230645,T,,U.264,BINTANG ABADI,JL.RAYA LEMBANG NO.241,U,GANIS,1,GUDANG BAIK,2102064,Meiji Zinc Chromate Primer Grey 1 KG,12.00,"51,000.00",KL,7.50,0.00,0.00,"45,900.00","566,100.00",,1,"INDOWIRA, PT"
JUAL,261.002.244,24/02/2026 0:00,2602230645,T,,U.264,BINTANG ABADI,JL.RAYA LEMBANG NO.241,U,GANIS,1,GUDANG BAIK,2104073,Tawon Kembang Meni Kayu & Besi 0.8 KG,12.00,"40,000.00",KL,7.50,0.00,0.00,"36,000.00","444,000.00",,1,"INDOWIRA, PT"
JUAL,261.002.245,24/02/2026 0:00,2602230626,T,,B.213,PARAHYANGAN,JL.MELONG  ASIH 49,U,GANIS,1,GUDANG BAIK,2102069,Meiji Zinc Chromate Primer Grey 20 KG,1.00,"825,000.00",PL,7.50,0.00,0.00,"61,875.00","763,125.00",,1,"INDOWIRA, PT"
JUAL,261.002.246,24/02/2026 0:00,2602230646,T,,Y.279,PD.BERKAH AMANAH,KP.CILIMUS PADA ASIH CISARUA,Y,KEN - Y,1,GUDANG BAIK,2104192,Wiratex Wall Paint Super White 5KG,8.00,"83,000.00",GL,7.50,0.00,0.00,"49,800.00","614,200.00",,1,"INDOWIRA, PT"
JUAL,261.002.246,24/02/2026 0:00,2602230646,T,,Y.279,PD.BERKAH AMANAH,KP.CILIMUS PADA ASIH CISARUA,Y,KEN - Y,1,GUDANG BAIK,2103818,Shintex Cat Genteng 315 Side Gr 4KG,2.00,"185,000.00",GLN,7.50,0.00,0.00,"27,750.00","342,250.00",,1,"INDOWIRA, PT"
JUAL,261.002.246,24/02/2026 0:00,2602230646,T,,Y.279,PD.BERKAH AMANAH,KP.CILIMUS PADA ASIH CISARUA,Y,KEN - Y,1,GUDANG BAIK,2103831,Shintex Cat Genteng Sp 311 Special 20 KG,1.00,"1,100,000.00",PL,7.50,0.00,0.00,"82,500.00","1,017,500.00",,1,"INDOWIRA, PT"
JUAL,261.002.247,24/02/2026 0:00,2602230632,T,,C.602,BERKAH,PESANTREN 195/96,C,YONATHAN,1,GUDANG BAIK,2104113,Wiratex Wall Paint 806 Cream 25 KG,2.00,"390,000.00",PL,7.50,0.00,0.00,"58,500.00","721,500.00",,1,"INDOWIRA, PT"
JUAL,261.002.247,24/02/2026 0:00,2602230632,T,,C.602,BERKAH,PESANTREN 195/96,C,YONATHAN,1,GUDANG BAIK,2104119,Wiratex Wall Paint 820 Apple W 25 KG,2.00,"390,000.00",PL,7.50,0.00,0.00,"58,500.00","721,500.00",,1,"INDOWIRA, PT"
JUAL,261.002.247,24/02/2026 0:00,2602230632,T,,C.602,BERKAH,PESANTREN 195/96,C,YONATHAN,1,GUDANG BAIK,2104115,Wiratex Wall Paint 809 Jonquil 25 KG,2.00,"390,000.00",PL,7.50,0.00,0.00,"58,500.00","721,500.00",,1,"INDOWIRA, PT"
JUAL,261.002.249,24/02/2026 0:00,2602240665,T,,M.100,UMUM,,14,DEPO BANDUNG,1,GUDANG BAIK,2103989,Shintex Wall Paint Super White 25 KG,2.00,"510,000.00",PL,10.00,0.00,0.00,"102,000.00","918,000.00",ZUHROH - K/GUDANG 4,1,"INDOWIRA, PT"
JUAL,261.002.251,24/02/2026 0:00,2602240669,T,,D.131,SINAR MAS,TKI III D4 NO.17,D,WILLY,1,GUDANG BAIK,2104187,Wiratex Wall Paint 852 5KG,8.00,"83,000.00",GL,7.50,0.00,0.00,"49,800.00","614,200.00",,1,"INDOWIRA, PT"
JUAL,261.002.252,24/02/2026 0:00,2602230640,T,,J.518,ANGGA STUDIO,KP.BOJONG HALEUANG NO.80 RT.03 RW.01 KEC.SAGULING,J,FRANSISKUS,1,GUDANG BAIK,2400159,Crystal Coat Thinner For Metal 1LITER,1.00,"52,500.00",KL,0.00,0.00,0.00,0.00,"52,500.00",,1,"INDOWIRA, PT"
JUAL,261.002.252,24/02/2026 0:00,2602230640,T,,J.518,ANGGA STUDIO,KP.BOJONG HALEUANG NO.80 RT.03 RW.01 KEC.SAGULING,J,FRANSISKUS,1,GUDANG BAIK,2400314,Crystal Coat For Metal Rose Gold 2 1LT,1.00,"716,000.00",KL,0.00,0.00,0.00,0.00,"716,000.00",,1,"INDOWIRA, PT"
JUAL,261.002.253,24/02/2026 0:00,2602240670,T,,J.518,ANGGA STUDIO,KP.BOJONG HALEUANG NO.80 RT.03 RW.01 KEC.SAGULING,J,FRANSISKUS,1,GUDANG BAIK,2101416,Crystal Coat Thinner  1 LITER,1.00,"51,000.00",KL,0.00,0.00,0.00,0.00,"51,000.00",,1,"INDOWIRA, PT"
JUAL,261.002.253,24/02/2026 0:00,2602240670,T,,J.518,ANGGA STUDIO,KP.BOJONG HALEUANG NO.80 RT.03 RW.01 KEC.SAGULING,J,FRANSISKUS,1,GUDANG BAIK,2101387,Crystal Coat Clear Gloss  1 LITER,1.00,"657,000.00",KL,0.00,0.00,0.00,0.00,"657,000.00",,1,"INDOWIRA, PT"
JUAL,261.002.259,24/02/2026 0:00,2602120373,T,,G.217,PALEMBANG,JL.SUTAATMAJA PASAR INPRES SUBANG,G,JULIANTO,1,GUDANG BAIK,2200162,Kingkong Wall paint Super White 18KG,6.00,"288,000.00",PAIL,7.50,0.00,0.00,"129,600.00","1,598,400.00",,1,"INDOWIRA, PT"
JUAL,261.002.259,24/02/2026 0:00,2602120373,T,,G.217,PALEMBANG,JL.SUTAATMAJA PASAR INPRES SUBANG,G,JULIANTO,1,GUDANG BAIK,2200207,Kingkong Wall Paint Special 521 Meadow 18KG,1.00,"288,000.00",PAIL,7.50,0.00,0.00,"21,600.00","266,400.00",,1,"INDOWIRA, PT"
JUAL,261.002.259,24/02/2026 0:00,2602120373,T,,G.217,PALEMBANG,JL.SUTAATMAJA PASAR INPRES SUBANG,G,JULIANTO,1,GUDANG BAIK,2200214,Kingkong Wall Paint Special 519 Bahama 18KG,1.00,"288,000.00",PAIL,7.50,0.00,0.00,"21,600.00","266,400.00",,1,"INDOWIRA, PT"
JUAL,261.002.260,24/02/2026 0:00,2602110328,T,,GF.101,LANGGENG QUICK,JL.RAYA KESAMBI DEPAN MASJID KESAMBI DESA KADUNG WUNGU KEC.ANJATAN IND,G,JULIANTO,1,GUDANG BAIK,2101915,Meiji Epoxy Filler  1 LTR SET,33.00,"76,000.00",KL,7.50,0.00,0.00,"188,100.00","2,319,900.00",,1,"INDOWIRA, PT"
JUAL,261.002.260,24/02/2026 0:00,2602110328,T,,GF.101,LANGGENG QUICK,JL.RAYA KESAMBI DEPAN MASJID KESAMBI DESA KADUNG WUNGU KEC.ANJATAN IND,G,JULIANTO,1,GUDANG BAIK,2101916,Meiji Epoxy Filler Black 1 LTR SET,11.00,"76,000.00",KL,7.50,0.00,0.00,"62,700.00","773,300.00",,1,"INDOWIRA, PT"
JUAL,261.002.261,24/02/2026 0:00,2602060185,T,,GA.101,TB.PUTRA MANDIRI,JL.PALASARI 1 CIATER SUBANG,G,JULIANTO,1,GUDANG BAIK,2104157,Wiratex Wall Paint 806 Cream 5KG,4.00,"83,000.00",GL,7.50,0.00,0.00,"24,900.00","307,100.00",,1,"INDOWIRA, PT"
JUAL,261.002.261,24/02/2026 0:00,2602060185,T,,GA.101,TB.PUTRA MANDIRI,JL.PALASARI 1 CIATER SUBANG,G,JULIANTO,1,GUDANG BAIK,2104174,Wiratex Wall Paint 833 Mellow 5KG,4.00,"83,000.00",GL,7.50,0.00,0.00,"24,900.00","307,100.00",,1,"INDOWIRA, PT"
JUAL,261.002.261,24/02/2026 0:00,2602060185,T,,GA.101,TB.PUTRA MANDIRI,JL.PALASARI 1 CIATER SUBANG,G,JULIANTO,1,GUDANG BAIK,2104170,Wiratex Wall Paint 829 Deep Pi 5KG,4.00,"83,000.00",GL,7.50,0.00,0.00,"24,900.00","307,100.00",,1,"INDOWIRA, PT"
JUAL,261.002.261,24/02/2026 0:00,2602060185,T,,GA.101,TB.PUTRA MANDIRI,JL.PALASARI 1 CIATER SUBANG,G,JULIANTO,1,GUDANG BAIK,2104158,Wiratex Wall Paint 807 Ice Ber 5KG,4.00,"83,000.00",GL,7.50,0.00,0.00,"24,900.00","307,100.00",,1,"INDOWIRA, PT"
JUAL,261.002.261,24/02/2026 0:00,2602060185,T,,GA.101,TB.PUTRA MANDIRI,JL.PALASARI 1 CIATER SUBANG,G,JULIANTO,1,GUDANG BAIK,2104191,Wiratex Wall Paint Putih Salju 5KG,44.00,"83,000.00",GL,7.50,0.00,0.00,"273,900.00","3,378,100.00",,1,"INDOWIRA, PT"
JUAL,261.002.262,24/02/2026 0:00,2602110343,T,,G.163,PELITA,HAURGEULIS,G,JULIANTO,1,GUDANG BAIK,2102061,Meiji Zinc Chromate Primer  1 KG,24.00,"51,000.00",KL,7.50,0.00,0.00,"91,800.00","1,132,200.00",,1,"INDOWIRA, PT"
JUAL,261.002.263,24/02/2026 0:00,2602230607,T,,GA.16,TB.MUSTIKA BANGUNAN,JL.RY.GARDU SAYANG CISAUK - SUBANG TLP :,G,JULIANTO,1,GUDANG BAIK,2101591,Kingkong Cat Genteng 712 White 4 KG,12.00,"198,000.00",GLN,7.50,0.00,0.00,"178,200.00","2,197,800.00",,1,"INDOWIRA, PT"
JUAL,261.002.263,24/02/2026 0:00,2602230607,T,,GA.16,TB.MUSTIKA BANGUNAN,JL.RY.GARDU SAYANG CISAUK - SUBANG TLP :,G,JULIANTO,1,GUDANG BAIK,2101589,Kingkong Cat Genteng 710 Willow 4 KG,4.00,"198,000.00",GLN,7.50,0.00,0.00,"59,400.00","732,600.00",,1,"INDOWIRA, PT"
JUAL,261.002.263,24/02/2026 0:00,2602230607,T,,GA.16,TB.MUSTIKA BANGUNAN,JL.RY.GARDU SAYANG CISAUK - SUBANG TLP :,G,JULIANTO,1,GUDANG BAIK,2101588,Kingkong Cat Genteng 709 Coffee 4 KG,4.00,"198,000.00",GLN,7.50,0.00,0.00,"59,400.00","732,600.00",,1,"INDOWIRA, PT"
JUAL,261.002.263,24/02/2026 0:00,2602230607,T,,GA.16,TB.MUSTIKA BANGUNAN,JL.RY.GARDU SAYANG CISAUK - SUBANG TLP :,G,JULIANTO,1,GUDANG BAIK,2101590,Kingkong Cat Genteng 711 Special 4 KG,4.00,"198,000.00",GLN,7.50,0.00,0.00,"59,400.00","732,600.00",,1,"INDOWIRA, PT"
JUAL,261.002.263,24/02/2026 0:00,2602230607,T,,GA.16,TB.MUSTIKA BANGUNAN,JL.RY.GARDU SAYANG CISAUK - SUBANG TLP :,G,JULIANTO,1,GUDANG BAIK,2101583,Kingkong Cat Genteng 703 Chocola 4 KG,4.00,"198,000.00",GLN,7.50,0.00,0.00,"59,400.00","732,600.00",,1,"INDOWIRA, PT"
JUAL,261.002.263,24/02/2026 0:00,2602230607,T,,GA.16,TB.MUSTIKA BANGUNAN,JL.RY.GARDU SAYANG CISAUK - SUBANG TLP :,G,JULIANTO,1,GUDANG BAIK,2101587,Kingkong Cat Genteng 708 Tile Re 4 KG,8.00,"198,000.00",GLN,7.50,0.00,0.00,"118,800.00","1,465,200.00",,1,"INDOWIRA, PT"
JUAL,261.002.264,24/02/2026 0:00,2602180500,T,,G.184,SUBUR,RAYA 26 ERETAN,G,JULIANTO,1,GUDANG BAIK,2103892,Shintex Wall Paint 9111 1KG,12.00,"32,000.00",KL,7.50,0.00,0.00,"28,800.00","355,200.00",,1,"INDOWIRA, PT"
JUAL,261.002.264,24/02/2026 0:00,2602180500,T,,G.184,SUBUR,RAYA 26 ERETAN,G,JULIANTO,1,GUDANG BAIK,2103891,Shintex Wall paint 9110 1KG,12.00,"32,000.00",KL,7.50,0.00,0.00,"28,800.00","355,200.00",,1,"INDOWIRA, PT"
JUAL,261.002.264,24/02/2026 0:00,2602180500,T,,G.184,SUBUR,RAYA 26 ERETAN,G,JULIANTO,1,GUDANG BAIK,2103918,Shintex Wall Paint Black 1KG,12.00,"32,000.00",KL,7.50,0.00,0.00,"28,800.00","355,200.00",,1,"INDOWIRA, PT"
JUAL,261.002.264,24/02/2026 0:00,2602180500,T,,G.184,SUBUR,RAYA 26 ERETAN,G,JULIANTO,1,GUDANG BAIK,2103882,Shintex Wall Paint 9101 Orange 1KG,12.00,"32,000.00",KL,7.50,0.00,0.00,"28,800.00","355,200.00",,1,"INDOWIRA, PT"
JUAL,261.002.264,24/02/2026 0:00,2602180500,T,,G.184,SUBUR,RAYA 26 ERETAN,G,JULIANTO,1,GUDANG BAIK,2103883,Shintex Wall Paint 9102 Yellow 1KG,12.00,"32,000.00",KL,7.50,0.00,0.00,"28,800.00","355,200.00",,1,"INDOWIRA, PT"
JUAL,261.002.264,24/02/2026 0:00,2602180500,T,,G.184,SUBUR,RAYA 26 ERETAN,G,JULIANTO,1,GUDANG BAIK,2103896,Shintex Wall Paint 914 Lake Bl 1KG,12.00,"32,000.00",KL,7.50,0.00,0.00,"28,800.00","355,200.00",,1,"INDOWIRA, PT"
JUAL,261.002.264,24/02/2026 0:00,2602180500,T,,G.184,SUBUR,RAYA 26 ERETAN,G,JULIANTO,1,GUDANG BAIK,2103906,Shintex Wall Paint 943 Sunshin 1KG,12.00,"32,000.00",KL,7.50,0.00,0.00,"28,800.00","355,200.00",,1,"INDOWIRA, PT"
JUAL,261.002.264,24/02/2026 0:00,2602180500,T,,G.184,SUBUR,RAYA 26 ERETAN,G,JULIANTO,1,GUDANG BAIK,2103873,Shintex Wall Paint BS4053 Prim 1KG,12.00,"32,000.00",KL,7.50,0.00,0.00,"28,800.00","355,200.00",,1,"INDOWIRA, PT"
JUAL,261.002.264,24/02/2026 0:00,2602180500,T,,G.184,SUBUR,RAYA 26 ERETAN,G,JULIANTO,1,GUDANG BAIK,2103894,Shintex Wall Paint 9114 Rosy Brown 1KG,12.00,"32,000.00",KL,7.50,0.00,0.00,"28,800.00","355,200.00",,1,"INDOWIRA, PT"
JUAL,261.002.264,24/02/2026 0:00,2602180500,T,,G.184,SUBUR,RAYA 26 ERETAN,G,JULIANTO,1,GUDANG BAIK,2104046,Shintex Wall Paint Warna Khusus A Kuning Muda 1KG,12.00,"32,000.00",KL,7.50,0.00,0.00,"28,800.00","355,200.00",,1,"INDOWIRA, PT"
JUAL,261.002.265,24/02/2026 0:00,2602240671,T,,G.197,SUMBER ALAM II,PAMANUKAN,G,JULIANTO,1,GUDANG BAIK,2200162,Kingkong Wall paint Super White 18KG,3.00,"288,000.00",PAIL,7.50,0.00,0.00,"64,800.00","799,200.00",,1,"INDOWIRA, PT"
JUAL,261.002.265,24/02/2026 0:00,2602240671,T,,G.197,SUMBER ALAM II,PAMANUKAN,G,JULIANTO,1,GUDANG BAIK,2104042,Shintex Wall Paint Super White 5KG,4.00,"110,000.00",GLN,7.50,0.00,0.00,"33,000.00","407,000.00",,1,"INDOWIRA, PT"
JUAL,261.002.265,24/02/2026 0:00,2602240671,T,,G.197,SUMBER ALAM II,PAMANUKAN,G,JULIANTO,1,GUDANG BAIK,2200139,Kingkong Wall Paint Super White 4.5Kg,8.00,"76,000.00",GLN,7.50,0.00,0.00,"45,600.00","562,400.00",,1,"INDOWIRA, PT"
JUAL,261.002.265,24/02/2026 0:00,2602240671,T,,G.197,SUMBER ALAM II,PAMANUKAN,G,JULIANTO,1,GUDANG BAIK,2103835,Shintex Cat Genteng Sp 306 Tropic 4 KG,4.00,"231,000.00",GLN,7.50,0.00,0.00,"69,300.00","854,700.00",,1,"INDOWIRA, PT"
JUAL,261.002.265,24/02/2026 0:00,2602240671,T,,G.197,SUMBER ALAM II,PAMANUKAN,G,JULIANTO,1,GUDANG BAIK,2103830,Shintex Cat Genteng Sp 306 Tropic 20 KG,1.00,"1,100,000.00",PL,7.50,0.00,0.00,"82,500.00","1,017,500.00",,1,"INDOWIRA, PT"
JUAL,261.002.266,24/02/2026 0:00,2602230628,T,,GF.101,LANGGENG QUICK,JL.RAYA KESAMBI DEPAN MASJID KESAMBI DESA KADUNG WUNGU KEC.ANJATAN IND,G,JULIANTO,1,GUDANG BAIK,2101915,Meiji Epoxy Filler  1 LTR SET,66.00,"76,000.00",KL,7.50,0.00,0.00,"376,200.00","4,639,800.00",,1,"INDOWIRA, PT"
JUAL,261.002.266,24/02/2026 0:00,2602230628,T,,GF.101,LANGGENG QUICK,JL.RAYA KESAMBI DEPAN MASJID KESAMBI DESA KADUNG WUNGU KEC.ANJATAN IND,G,JULIANTO,1,GUDANG BAIK,2101913,Meiji Epoxy Filler  0.25 LTR SET,22.00,"26,500.00",KL,7.50,0.00,0.00,"43,725.00","539,275.00",,1,"INDOWIRA, PT"
JUAL,261.002.267,24/02/2026 0:00,2602090231,T,,G.152,METRO JAYA,PASAR BARU 10 SUBANG,G,JULIANTO,1,GUDANG BAIK,2200342,Kingkong Wall Paint 124 Blue La 18KG,1.00,"288,000.00",PAIL,7.50,0.00,0.00,"21,600.00","266,400.00",,1,"INDOWIRA, PT"
JUAL,261.002.267,24/02/2026 0:00,2602090231,T,,G.152,METRO JAYA,PASAR BARU 10 SUBANG,G,JULIANTO,1,GUDANG BAIK,2200162,Kingkong Wall paint Super White 18KG,3.00,"288,000.00",PAIL,7.50,0.00,0.00,"64,800.00","799,200.00",,1,"INDOWIRA, PT"
JUAL,261.002.267,24/02/2026 0:00,2602090231,T,,G.152,METRO JAYA,PASAR BARU 10 SUBANG,G,JULIANTO,1,GUDANG BAIK,2300026,Kingkong Wall Paint 129 River Stone 4.5KG,8.00,"76,000.00",GLN,7.50,0.00,0.00,"45,600.00","562,400.00",,1,"INDOWIRA, PT"
JUAL,261.002.273,24/02/2026 0:00,2602240689,T,,D.427,TRI JAYA STEEL,JL.MELONG BLOK SUKARINTIH NO.17 RT.04 RW.05 MELONG CIMAHI SELATAN,D,WILLY,1,GUDANG BAIK,2105295,ALFA ZINC CHROMATE PRIMER BLACK 20KG,2.00,"720,000.00",PAIL,7.50,0.00,0.00,"108,000.00","1,332,000.00",,1,"INDOWIRA, PT"
JUAL,261.002.274,24/02/2026 0:00,2602240676,T,,G.143,LAKSANA JAYA,PRAPATAN LANGKANG - LANCAR LANGKAP CIKARANG,G,JULIANTO,1,GUDANG BAIK,2200139,Kingkong Wall Paint Super White 4.5Kg,20.00,"76,000.00",GLN,7.50,0.00,0.00,"114,000.00","1,406,000.00",,1,"INDOWIRA, PT"
JUAL,261.002.275,24/02/2026 0:00,2602240683,T,,G.223,HARAPAN BARU,RAYA BARAT PURWAKARTA,G,JULIANTO,1,GUDANG BAIK,2200339,Kingkong Wall Paint 119 Canary 18KG,7.00,"288,000.00",PAIL,7.50,0.00,0.00,"151,200.00","1,864,800.00",,1,"INDOWIRA, PT"
JUAL,261.002.277,24/02/2026 0:00,2602230639,T,,G.223,HARAPAN BARU,RAYA BARAT PURWAKARTA,G,JULIANTO,1,GUDANG BAIK,2300050,Kingkong Wall Paint 104 Cream 4.5KG,4.00,"76,000.00",GLN,7.50,0.00,0.00,"22,800.00","281,200.00",,1,"INDOWIRA, PT"
JUAL,261.002.277,24/02/2026 0:00,2602230639,T,,G.223,HARAPAN BARU,RAYA BARAT PURWAKARTA,G,JULIANTO,1,GUDANG BAIK,2200341,Kingkong WAll Paint 105 Chiffon 4.5KG,4.00,"76,000.00",GLN,7.50,0.00,0.00,"22,800.00","281,200.00",,1,"INDOWIRA, PT"
JUAL,261.002.277,24/02/2026 0:00,2602230639,T,,G.223,HARAPAN BARU,RAYA BARAT PURWAKARTA,G,JULIANTO,1,GUDANG BAIK,2200139,Kingkong Wall Paint Super White 4.5Kg,4.00,"76,000.00",GLN,7.50,0.00,0.00,"22,800.00","281,200.00",,1,"INDOWIRA, PT"
JUAL,261.002.278,24/02/2026 0:00,2602180534,T,,G.129,GUNUNG MAS,JL.TARUMA NEGARA ARAH TOL KRW BARAT,G,JULIANTO,1,GUDANG BAIK,2300315,Shintex Base A 25KG,5.00,"485,000.00",PAIL,12.50,0.00,0.00,"303,125.00","2,121,875.00",,1,"INDOWIRA, PT"
JUAL,261.002.278,24/02/2026 0:00,2602180534,T,,G.129,GUNUNG MAS,JL.TARUMA NEGARA ARAH TOL KRW BARAT,G,JULIANTO,1,GUDANG BAIK,2300317,Shintex Base B 25KG,2.00,"440,000.00",PAIL,12.50,0.00,0.00,"110,000.00","770,000.00",,1,"INDOWIRA, PT"
JUAL,261.002.278,24/02/2026 0:00,2602180534,T,,G.129,GUNUNG MAS,JL.TARUMA NEGARA ARAH TOL KRW BARAT,G,JULIANTO,1,GUDANG BAIK,2300319,Shintex Base C 25KG,2.00,"350,000.00",PAIL,12.50,0.00,0.00,"87,500.00","612,500.00",,1,"INDOWIRA, PT"
JUAL,261.002.278,24/02/2026 0:00,2602180534,T,,G.129,GUNUNG MAS,JL.TARUMA NEGARA ARAH TOL KRW BARAT,G,JULIANTO,1,GUDANG BAIK,2300314,Shintex Base A 5KG,12.00,"103,000.00",GLN,12.50,0.00,0.00,"154,500.00","1,081,500.00",,1,"INDOWIRA, PT"
JUAL,261.002.278,24/02/2026 0:00,2602180534,T,,G.129,GUNUNG MAS,JL.TARUMA NEGARA ARAH TOL KRW BARAT,G,JULIANTO,1,GUDANG BAIK,2300316,Shintex Base B 5KG,8.00,"93,000.00",GLN,12.50,0.00,0.00,"93,000.00","651,000.00",,1,"INDOWIRA, PT"
JUAL,261.002.278,24/02/2026 0:00,2602180534,T,,G.129,GUNUNG MAS,JL.TARUMA NEGARA ARAH TOL KRW BARAT,G,JULIANTO,1,GUDANG BAIK,2300318,Shintex Base C 5KG,8.00,"77,000.00",GLN,12.50,0.00,0.00,"77,000.00","539,000.00",,1,"INDOWIRA, PT"
JUAL,261.002.278,24/02/2026 0:00,2602180534,T,,G.129,GUNUNG MAS,JL.TARUMA NEGARA ARAH TOL KRW BARAT,G,JULIANTO,1,GUDANG BAIK,2100230,Attaboy Colorant White XT 1 LITER,2.00,"411,000.00",KL,0.00,0.00,0.00,0.00,"822,000.00",,1,"INDOWIRA, PT"
JUAL,261.002.278,24/02/2026 0:00,2602180534,T,,G.129,GUNUNG MAS,JL.TARUMA NEGARA ARAH TOL KRW BARAT,G,JULIANTO,1,GUDANG BAIK,2100231,Attaboy Colorant Yellow KS 1 LITER,2.00,"400,000.00",KL,0.00,0.00,0.00,0.00,"800,000.00",,1,"INDOWIRA, PT"
JUAL,261.002.278,24/02/2026 0:00,2602180534,T,,G.129,GUNUNG MAS,JL.TARUMA NEGARA ARAH TOL KRW BARAT,G,JULIANTO,1,GUDANG BAIK,2100225,Attaboy Colorant Red Oxide VT 1 LITER,1.00,"306,000.00",KL,0.00,0.00,0.00,0.00,"306,000.00",,1,"INDOWIRA, PT"
JUAL,261.002.279,24/02/2026 0:00,2602230647,T,,GB.23,TB.SKJ,JL.RAYA CITALANG TEGAL WARU PLERED PWK,G,JULIANTO,1,GUDANG BAIK,2104863,Shintex Wall Filler 4 KG,8.00,"52,000.00",GL,7.50,0.00,0.00,"31,200.00","384,800.00",,1,"INDOWIRA, PT"
JUAL,261.002.279,24/02/2026 0:00,2602230647,T,,GB.23,TB.SKJ,JL.RAYA CITALANG TEGAL WARU PLERED PWK,G,JULIANTO,1,GUDANG BAIK,2100011,AlFa Polyester Putty  3KG,36.00,"103,000.00",GLN,5.00,0.00,0.00,"185,400.00","3,522,600.00",,1,"INDOWIRA, PT"
JUAL,261.002.280,24/02/2026 0:00,2601210513,T,,GD.4,TB.AGUNG JAYA,PERUM CITRA KEBUN MAS BLOK H10 NO.11 DPN,G,JULIANTO,1,GUDANG BAIK,2104960,Protar Raston CK 1 KG,12.00,"46,000.00",KLG,7.50,0.00,0.00,"41,400.00","510,600.00",,1,"INDOWIRA, PT"
JUAL,262.000.250,24/02/2026 0:00,2602180494,T,,D.231,BANGUN BERKAT SAUDARA(PD.DEWI),JL.PUNGKUR 89,D,WILLY,1,GUDANG BAIK,2104955,Bonus Sarung,3.00,0.00,PCS,0.00,0.00,0.00,0.00,0.00,,1,"INDOWIRA, PT"
JUAL,262.000.251,24/02/2026 0:00,2602240659,T,,D.231,BANGUN BERKAT SAUDARA(PD.DEWI),JL.PUNGKUR 89,D,WILLY,1,GUDANG BAIK,2104955,Bonus Sarung,1.00,0.00,PCS,0.00,0.00,0.00,0.00,0.00,,1,"INDOWIRA, PT"
JUAL,262.000.252,24/02/2026 0:00,2602230641,T,,C.322,CV. BERKAT TANAH MAKMUR,BATUNUNGGAL INDAH I NO.26,C,YONATHAN,1,GUDANG BAIK,2104955,Bonus Sarung,2.00,0.00,PCS,0.00,0.00,0.00,0.00,0.00,,1,"INDOWIRA, PT"
JUAL,262.000.253,24/02/2026 0:00,2602230625,T,,J.303,ASTA ARTHA/DIRGANTARA YUDHA,JL.KOPO JAYA II NO.13A,J,FRANSISKUS,1,GUDANG BAIK,2104955,Bonus Sarung,1.00,0.00,PCS,0.00,0.00,0.00,0.00,0.00,,1,"INDOWIRA, PT"
JUAL,262.000.254,24/02/2026 0:00,2602230622,T,,J.611,SINAR WARNA,MOH TOHA 250C,L,RUDI *,1,GUDANG BAIK,2104955,Bonus Sarung,1.00,0.00,PCS,0.00,0.00,0.00,0.00,0.00,,1,"INDOWIRA, PT"
JUAL,262.000.255,24/02/2026 0:00,2602230652,T,,R.575,CAHAYA MEGA,JL.GERLONG  78,R,SIMON QIRENE,1,GUDANG BAIK,2101915,Meiji Epoxy Filler  1 LTR SET,2.00,0.00,KL,0.00,0.00,0.00,0.00,0.00,,1,"INDOWIRA, PT"
JUAL,262.000.255,24/02/2026 0:00,2602230652,T,,R.575,CAHAYA MEGA,JL.GERLONG  78,R,SIMON QIRENE,1,GUDANG BAIK,2101916,Meiji Epoxy Filler Black 1 LTR SET,1.00,0.00,KL,0.00,0.00,0.00,0.00,0.00,,1,"INDOWIRA, PT"
JUAL,262.000.255,24/02/2026 0:00,2602230652,T,,R.575,CAHAYA MEGA,JL.GERLONG  78,R,SIMON QIRENE,1,GUDANG BAIK,2101917,Meiji Epoxy Filler White 1 LTR SET,3.00,0.00,KL,0.00,0.00,0.00,0.00,0.00,,1,"INDOWIRA, PT"
JUAL,262.000.256,24/02/2026 0:00,2602230652,T,,R.575,CAHAYA MEGA,JL.GERLONG  78,R,SIMON QIRENE,1,GUDANG BAIK,2104955,Bonus Sarung,2.00,0.00,PCS,0.00,0.00,0.00,0.00,0.00,,1,"INDOWIRA, PT"
JUAL,262.000.257,24/02/2026 0:00,2602230644,T,,C.408,LANGGENG CEMERLANG,JL.GADOBANGKONG NO.2 CIMAHI,R,SIMON QIRENE,1,GUDANG BAIK,2101917,Meiji Epoxy Filler White 1 LTR SET,1.00,0.00,KL,0.00,0.00,0.00,0.00,0.00,,1,"INDOWIRA, PT"
JUAL,262.000.258,24/02/2026 0:00,2602230645,T,,U.264,BINTANG ABADI,JL.RAYA LEMBANG NO.241,U,GANIS,1,GUDANG BAIK,2104955,Bonus Sarung,2.00,0.00,PCS,0.00,0.00,0.00,0.00,0.00,,1,"INDOWIRA, PT"
JUAL,262.000.259,24/02/2026 0:00,2602230632,T,,C.602,BERKAH,PESANTREN 195/96,C,YONATHAN,1,GUDANG BAIK,2104955,Bonus Sarung,1.00,0.00,PCS,0.00,0.00,0.00,0.00,0.00,,1,"INDOWIRA, PT"
JUAL,262.000.261,24/02/2026 0:00,2602240667,T,,M.104,DEPO KUNINGAN,,M,UMUM,1,GUDANG BAIK,2100011,AlFa Polyester Putty  3KG,4.00,"103,000.00",GLN,10.00,5.00,0.00,"59,740.00","352,260.00",PO26020113 DADANG - GARUT,1,"INDOWIRA, PT"
JUAL,262.000.262,24/02/2026 0:00,2602240668,T,,M.104,DEPO KUNINGAN,,M,UMUM,1,GUDANG BAIK,2200320,Kingkong Wall Paint 117 Rose 4.5KG,2.00,"76,000.00",GLN,10.00,10.00,2.00,"31,342.40","120,657.60",PO26020120 TB.KINGKONG,1,"INDOWIRA, PT"
JUAL,262.000.262,24/02/2026 0:00,2602240668,T,,M.104,DEPO KUNINGAN,,M,UMUM,1,GUDANG BAIK,2200297,Kingkong Wall Paint 109 Aple W 4.5KG,2.00,"76,000.00",GLN,10.00,10.00,2.00,"31,342.40","120,657.60",PO26020120 TB.KINGKONG,1,"INDOWIRA, PT"
JUAL,262.000.262,24/02/2026 0:00,2602240668,T,,M.104,DEPO KUNINGAN,,M,UMUM,1,GUDANG BAIK,2300063,Kingkong Wall Paint 110 Irish W 4.5KG,2.00,"76,000.00",GLN,10.00,10.00,2.00,"31,342.40","120,657.60",PO26020120 TB.KINGKONG,1,"INDOWIRA, PT"
JUAL,262.000.262,24/02/2026 0:00,2602240668,T,,M.104,DEPO KUNINGAN,,M,UMUM,1,GUDANG BAIK,2200251,Kingkong Wall Paint 121 Saphire 4.5KG,2.00,"76,000.00",GLN,10.00,10.00,2.00,"31,342.40","120,657.60",PO26020120 TB.KINGKONG,1,"INDOWIRA, PT"
JUAL,262.000.262,24/02/2026 0:00,2602240668,T,,M.104,DEPO KUNINGAN,,M,UMUM,1,GUDANG BAIK,2200313,Kingkong Wall Paint 113 Tile Re 4.5kg,2.00,"76,000.00",GLN,10.00,10.00,2.00,"31,342.40","120,657.60",PO26020120 TB.KINGKONG,1,"INDOWIRA, PT"
JUAL,262.000.262,24/02/2026 0:00,2602240668,T,,M.104,DEPO KUNINGAN,,M,UMUM,1,GUDANG BAIK,2300024,Kingkong Wall Paint 126 Bali Gr 4.5KG,2.00,"76,000.00",GLN,10.00,10.00,2.00,"31,342.40","120,657.60",PO26020120 TB.KINGKONG,1,"INDOWIRA, PT"
JUAL,262.000.262,24/02/2026 0:00,2602240668,T,,M.104,DEPO KUNINGAN,,M,UMUM,1,GUDANG BAIK,2200252,Kingkong Wall Paint 128 Minimal 4.5KG,2.00,"76,000.00",GLN,10.00,10.00,2.00,"31,342.40","120,657.60",PO26020120 TB.KINGKONG,1,"INDOWIRA, PT"
JUAL,262.000.262,24/02/2026 0:00,2602240668,T,,M.104,DEPO KUNINGAN,,M,UMUM,1,GUDANG BAIK,2200248,Kingkong Wall Paint 131 Spring Green 4.5KG,2.00,"76,000.00",GLN,10.00,10.00,2.00,"31,342.40","120,657.60",PO26020120 TB.KINGKONG,1,"INDOWIRA, PT"
JUAL,262.000.263,24/02/2026 0:00,2602120373,T,,G.217,PALEMBANG,JL.SUTAATMAJA PASAR INPRES SUBANG,G,JULIANTO,1,GUDANG BAIK,2104955,Bonus Sarung,1.00,0.00,PCS,0.00,0.00,0.00,0.00,0.00,,1,"INDOWIRA, PT"
JUAL,262.000.264,24/02/2026 0:00,2602110328,T,,GF.101,LANGGENG QUICK,JL.RAYA KESAMBI DEPAN MASJID KESAMBI DESA KADUNG WUNGU KEC.ANJATAN IND,G,JULIANTO,1,GUDANG BAIK,2101915,Meiji Epoxy Filler  1 LTR SET,3.00,0.00,KL,0.00,0.00,0.00,0.00,0.00,,1,"INDOWIRA, PT"
JUAL,262.000.264,24/02/2026 0:00,2602110328,T,,GF.101,LANGGENG QUICK,JL.RAYA KESAMBI DEPAN MASJID KESAMBI DESA KADUNG WUNGU KEC.ANJATAN IND,G,JULIANTO,1,GUDANG BAIK,2101916,Meiji Epoxy Filler Black 1 LTR SET,1.00,0.00,KL,0.00,0.00,0.00,0.00,0.00,,1,"INDOWIRA, PT"
JUAL,262.000.265,24/02/2026 0:00,2602110328,T,,GF.101,LANGGENG QUICK,JL.RAYA KESAMBI DEPAN MASJID KESAMBI DESA KADUNG WUNGU KEC.ANJATAN IND,G,JULIANTO,1,GUDANG BAIK,2104955,Bonus Sarung,1.00,0.00,PCS,0.00,0.00,0.00,0.00,0.00,,1,"INDOWIRA, PT"
JUAL,262.000.266,24/02/2026 0:00,2602060185,T,,GA.101,TB.PUTRA MANDIRI,JL.PALASARI 1 CIATER SUBANG,G,JULIANTO,1,GUDANG BAIK,2104955,Bonus Sarung,2.00,0.00,PCS,0.00,0.00,0.00,0.00,0.00,,1,"INDOWIRA, PT"
JUAL,262.000.267,24/02/2026 0:00,2602230607,T,,GA.16,TB.MUSTIKA BANGUNAN,JL.RY.GARDU SAYANG CISAUK - SUBANG TLP :,G,JULIANTO,1,GUDANG BAIK,2104955,Bonus Sarung,3.00,0.00,PCS,0.00,0.00,0.00,0.00,0.00,,1,"INDOWIRA, PT"
JUAL,262.000.268,24/02/2026 0:00,2602180500,T,,G.184,SUBUR,RAYA 26 ERETAN,G,JULIANTO,1,GUDANG BAIK,2104955,Bonus Sarung,1.00,0.00,PCS,0.00,0.00,0.00,0.00,0.00,,1,"INDOWIRA, PT"
JUAL,262.000.269,24/02/2026 0:00,2602240671,T,,G.197,SUMBER ALAM II,PAMANUKAN,G,JULIANTO,1,GUDANG BAIK,2104955,Bonus Sarung,1.00,0.00,PCS,0.00,0.00,0.00,0.00,0.00,,1,"INDOWIRA, PT"
JUAL,262.000.270,24/02/2026 0:00,2602230628,T,,GF.101,LANGGENG QUICK,JL.RAYA KESAMBI DEPAN MASJID KESAMBI DESA KADUNG WUNGU KEC.ANJATAN IND,G,JULIANTO,1,GUDANG BAIK,2101915,Meiji Epoxy Filler  1 LTR SET,6.00,0.00,KL,0.00,0.00,0.00,0.00,0.00,,1,"INDOWIRA, PT"
JUAL,262.000.270,24/02/2026 0:00,2602230628,T,,GF.101,LANGGENG QUICK,JL.RAYA KESAMBI DEPAN MASJID KESAMBI DESA KADUNG WUNGU KEC.ANJATAN IND,G,JULIANTO,1,GUDANG BAIK,2101913,Meiji Epoxy Filler  0.25 LTR SET,2.00,0.00,KL,0.00,0.00,0.00,0.00,0.00,,1,"INDOWIRA, PT"
JUAL,262.000.271,24/02/2026 0:00,2602230628,T,,GF.101,LANGGENG QUICK,JL.RAYA KESAMBI DEPAN MASJID KESAMBI DESA KADUNG WUNGU KEC.ANJATAN IND,G,JULIANTO,1,GUDANG BAIK,2104955,Bonus Sarung,2.00,0.00,PCS,0.00,0.00,0.00,0.00,0.00,,1,"INDOWIRA, PT"
JUAL,262.000.272,24/02/2026 0:00,2602180534,T,,G.129,GUNUNG MAS,JL.TARUMA NEGARA ARAH TOL KRW BARAT,G,JULIANTO,1,GUDANG BAIK,2104955,Bonus Sarung,3.00,0.00,PCS,0.00,0.00,0.00,0.00,0.00,,1,"INDOWIRA, PT"
JUAL,261.002.281,25/02/2026 0:00,2601300756,T,,N.971,UJANG DANI,PERUMAHAN MARISON KP.LEMAH LUHUR PASEH MAJALAYA,13,BU RINI,1,GUDANG BAIK,2600024,Kingkong Wall Paint 12601 PJK Grey Marison 200KG,2.00,"2,300,000.00",DRUM,5.00,0.00,0.00,"230,000.00","4,370,000.00",,1,"INDOWIRA, PT"
JUAL,261.002.282,25/02/2026 0:00,2602230588,T,,N.971,UJANG DANI,PERUMAHAN MARISON KP.LEMAH LUHUR PASEH MAJALAYA,13,BU RINI,1,GUDANG BAIK,2102109,Mascot Wall Paint Super White 200 KG,1.00,"1,700,000.00",DRM,5.00,0.00,0.00,"85,000.00","1,615,000.00",,1,"INDOWIRA, PT"
JUAL,261.002.283,25/02/2026 0:00,2602240656,T,,J.331,INA JAYA ABADI,JL.AKI PADMA SELATAN NO.21,J,FRANSISKUS,1,GUDANG BAIK,2105214,Meiji Zinc Chromate Primer Dark Grey 20KG,2.00,"825,000.00",PAIL,5.00,0.00,0.00,"82,500.00","1,567,500.00",,1,"INDOWIRA, PT"
JUAL,261.002.284,25/02/2026 0:00,2602200568,T,,J.401,APIN GLASS,PERUM TAMAN BURUNG B.22 GEMPOL SARI,J,FRANSISKUS,1,GUDANG BAIK,2101347,Crystal Coat Candytone Base Yellow,1.00,"400,500.00",KL,0.00,0.00,0.00,0.00,"400,500.00",,1,"INDOWIRA, PT"
JUAL,261.002.285,25/02/2026 0:00,2602230633,T,,J.206,BOROBUDUR INDAH,JL.TRS.KOPO KATAPANG KM.12 NO.110,J,FRANSISKUS,1,GUDANG BAIK,2101398,Crystal Coat Clear Supermatt MV3 1 Lts,3.00,"657,000.00",KL,10.00,0.00,0.00,"197,100.00","1,773,900.00",,1,"INDOWIRA, PT"
JUAL,261.002.286,25/02/2026 0:00,2602230652,T,,R.575,CAHAYA MEGA,JL.GERLONG  78,R,SIMON QIRENE,1,GUDANG BAIK,2101913,Meiji Epoxy Filler  0.25 LTR SET,44.00,"26,500.00",KL,7.50,0.00,0.00,"87,450.00","1,078,550.00",,1,"INDOWIRA, PT"
JUAL,261.002.287,25/02/2026 0:00,2602240690,T,,D.315,USAHA MEKAR,SARIMANAH II / 29,Y,KEN - Y,1,GUDANG BAIK,2104191,Wiratex Wall Paint Putih Salju 5KG,12.00,"83,000.00",GL,7.50,0.00,0.00,"74,700.00","921,300.00",,1,"INDOWIRA, PT"
JUAL,261.002.287,25/02/2026 0:00,2602240690,T,,D.315,USAHA MEKAR,SARIMANAH II / 29,Y,KEN - Y,1,GUDANG BAIK,2104192,Wiratex Wall Paint Super White 5KG,12.00,"83,000.00",GL,7.50,0.00,0.00,"74,700.00","921,300.00",,1,"INDOWIRA, PT"
JUAL,261.002.288,25/02/2026 0:00,2602230621,T,,J.202,GLOBAL KRIYA NUSANTARA/AL IKHS,JL.GOLF TAMAN CINTA/INSPEKSI NO.2,J,FRANSISKUS,1,GUDANG BAIK,2101416,Crystal Coat Thinner  1 LITER,2.00,"51,000.00",KL,0.00,0.00,0.00,0.00,"102,000.00",,1,"INDOWIRA, PT"
JUAL,261.002.288,25/02/2026 0:00,2602230621,T,,J.202,GLOBAL KRIYA NUSANTARA/AL IKHS,JL.GOLF TAMAN CINTA/INSPEKSI NO.2,J,FRANSISKUS,1,GUDANG BAIK,2101391,Crystal Coat Clear Matt MV3 1 LITER,1.00,"657,000.00",KL,10.00,0.00,0.00,"65,700.00","591,300.00",,1,"INDOWIRA, PT"
JUAL,261.002.289,25/02/2026 0:00,2602240691,T,,J.303,ASTA ARTHA/DIRGANTARA YUDHA,JL.KOPO JAYA II NO.13A,J,FRANSISKUS,1,GUDANG BAIK,2102837,Petalac 2K PU Hardener Normal  200CC,2.00,"55,000.00",KL,10.00,0.00,0.00,"11,000.00","99,000.00",,1,"INDOWIRA, PT"
JUAL,261.002.289,25/02/2026 0:00,2602240691,T,,J.303,ASTA ARTHA/DIRGANTARA YUDHA,JL.KOPO JAYA II NO.13A,J,FRANSISKUS,1,GUDANG BAIK,2102840,Petalac 2K PU Hardener Special  200 CC,2.00,"55,000.00",KL,10.00,0.00,0.00,"11,000.00","99,000.00",,1,"INDOWIRA, PT"
JUAL,261.002.289,25/02/2026 0:00,2602240691,T,,J.303,ASTA ARTHA/DIRGANTARA YUDHA,JL.KOPO JAYA II NO.13A,J,FRANSISKUS,1,GUDANG BAIK,2101411,"Crystal Coat Surfacer White 1,2 KG SET",3.00,"125,000.00",KL,10.00,0.00,0.00,"37,500.00","337,500.00",,1,"INDOWIRA, PT"
JUAL,261.002.289,25/02/2026 0:00,2602240691,T,,J.303,ASTA ARTHA/DIRGANTARA YUDHA,JL.KOPO JAYA II NO.13A,J,FRANSISKUS,1,GUDANG BAIK,2200071,Petalac 2K PU Colour P.002 Black Base 0.8Lt,2.00,"126,000.00",KL,10.00,0.00,0.00,"25,200.00","226,800.00",,1,"INDOWIRA, PT"
JUAL,261.002.289,25/02/2026 0:00,2602240691,T,,J.303,ASTA ARTHA/DIRGANTARA YUDHA,JL.KOPO JAYA II NO.13A,J,FRANSISKUS,1,GUDANG BAIK,2200068,Petalac 2K PU Colour P.101 Special White Base 0.8L,2.00,"126,000.00",KL,10.00,0.00,0.00,"25,200.00","226,800.00",,1,"INDOWIRA, PT"
JUAL,261.002.290,25/02/2026 0:00,2602240694,T,,K.527,PT.AKD,SADANG,14,DEPO BANDUNG,1,GUDANG BAIK,2100049,Adler Polyester Putty 3002  1 KG SET,48.00,"62,000.00",KL,10.00,0.00,0.00,"297,600.00","2,678,400.00",,1,"INDOWIRA, PT"
JUAL,261.002.290,25/02/2026 0:00,2602240694,T,,K.527,PT.AKD,SADANG,14,DEPO BANDUNG,1,GUDANG BAIK,2200050,"Petalac 2K PU Clear Matt MV3 Base 0,8Lt",30.00,"121,000.00",KL,10.00,0.00,0.00,"363,000.00","3,267,000.00",,1,"INDOWIRA, PT"
JUAL,261.002.290,25/02/2026 0:00,2602240694,T,,K.527,PT.AKD,SADANG,14,DEPO BANDUNG,1,GUDANG BAIK,2103148,Petalac Thinner PU  20 LTR,5.00,"834,000.00",JRG,0.00,0.00,0.00,0.00,"4,170,000.00",,1,"INDOWIRA, PT"
JUAL,261.002.291,25/02/2026 0:00,2602240693,T,,N.521,PT.SAGE KONTRUKSI INDONESIA,JL.GUNUNG RAHAYU II C 7 GUNUNG BATU CIMA,13,BU RINI,1,GUDANG BAIK,240046,Attaboy High Gloss Acrylic Enamel S1002-G50Y 20LT,1.00,"2,094,570.00",PAIL,0.00,0.00,0.00,0.00,"2,094,570.00",K/PT.CERES,1,"INDOWIRA, PT"
JUAL,261.002.292,25/02/2026 0:00,2602240688,T,,U.230,TB.KENARI,JL.CIJERAH 79,C,YONATHAN,1,GUDANG BAIK,2103737,Petalux Wall Paint Putih Wangi 5KG,1.00,"158,000.00",GLN,7.50,0.00,0.00,"11,850.00","146,150.00",,1,"INDOWIRA, PT"
JUAL,261.002.300,25/02/2026 0:00,2602240673,T,,W.354,PT.MENTARI AGUNG MANDIRI,JL.RAYA DAYEUH KOLOT O.341C RT 001 RW 006,R,SIMON QIRENE,1,GUDANG BAIK,2103625,Petalux Wall Paint Putih Wangi 25 KG,3.00,"505,000.00",PL,0.00,0.00,0.00,0.00,"1,515,000.00",U/P.NANANG,1,"INDOWIRA, PT"
JUAL,261.002.301,25/02/2026 0:00,2602240674,T,,W.354,PT.MENTARI AGUNG MANDIRI,JL.RAYA DAYEUH KOLOT O.341C RT 001 RW 006,R,SIMON QIRENE,1,GUDANG BAIK,2103737,Petalux Wall Paint Putih Wangi 5KG,2.00,"158,000.00",GLN,0.00,0.00,0.00,0.00,"316,000.00",U/P.ANTON,1,"INDOWIRA, PT"
JUAL,261.002.301,25/02/2026 0:00,2602240674,T,,W.354,PT.MENTARI AGUNG MANDIRI,JL.RAYA DAYEUH KOLOT O.341C RT 001 RW 006,R,SIMON QIRENE,1,GUDANG BAIK,2103618,Petalux Wall Paint Putih Hemat 01 25 KG,1.00,"505,000.00",PL,0.00,0.00,0.00,0.00,"505,000.00",U/P.ANTON,1,"INDOWIRA, PT"
JUAL,261.002.302,25/02/2026 0:00,2602240675,T,,W.354,PT.MENTARI AGUNG MANDIRI,JL.RAYA DAYEUH KOLOT O.341C RT 001 RW 006,R,SIMON QIRENE,1,GUDANG BAIK,2103625,Petalux Wall Paint Putih Wangi 25 KG,1.00,"505,000.00",PL,0.00,0.00,0.00,0.00,"505,000.00",U/P.ANTON,1,"INDOWIRA, PT"
JUAL,261.002.302,25/02/2026 0:00,2602240675,T,,W.354,PT.MENTARI AGUNG MANDIRI,JL.RAYA DAYEUH KOLOT O.341C RT 001 RW 006,R,SIMON QIRENE,1,GUDANG BAIK,2103618,Petalux Wall Paint Putih Hemat 01 25 KG,1.00,"505,000.00",PL,0.00,0.00,0.00,0.00,"505,000.00",U/P.ANTON,1,"INDOWIRA, PT"
JUAL,261.002.303,25/02/2026 0:00,2602240679,T,,C.319,SINAR SEKELIMUS,BY PASS 97,C,YONATHAN,1,GUDANG BAIK,2104073,Tawon Kembang Meni Kayu & Besi 0.8 KG,12.00,"40,000.00",KL,7.50,0.00,0.00,"36,000.00","444,000.00",,1,"INDOWIRA, PT"
JUAL,261.002.304,25/02/2026 0:00,2602230641,T,,C.322,CV. BERKAT TANAH MAKMUR,BATUNUNGGAL INDAH I NO.26,C,YONATHAN,1,GUDANG BAIK,2104075,Tawon Kembang Meni Kayu & Besi  4.5 KG,5.00,"195,000.00",GLN,7.50,0.00,0.00,"73,125.00","901,875.00",,1,"INDOWIRA, PT"
JUAL,261.002.305,25/02/2026 0:00,2602250696,T,,L.326,ABDUL LATIEF,KP.ANDAMUJOMBANG RT.2/1 SERANG,L,RUDI *,1,GUDANG BAIK,2102066,Meiji Zinc Chromate Primer  20 KG,5.00,"825,000.00",PL,7.50,0.00,0.00,"309,375.00","3,815,625.00",,1,"INDOWIRA, PT"
JUAL,261.002.306,25/02/2026 0:00,2602120365,T,,U.217,CELLCO,GATSU 43 A,13,BU RINI,1,GUDANG BAIK,2100370,Attaboy Multi Colour Paint S6627 4 LTR,1.00,"510,000.00",GLN,0.00,0.00,0.00,0.00,"510,000.00",,1,"INDOWIRA, PT"
JUAL,261.002.307,25/02/2026 0:00,2602240677,T,,U.268,TB.SETIA NUGRAHA 2,JL.CIGUGUR GIRANG KEC.PARONGPONG,U,GANIS,1,GUDANG BAIK,2103835,Shintex Cat Genteng Sp 306 Tropic 4 KG,4.00,"231,000.00",GLN,7.50,0.00,0.00,"69,300.00","854,700.00",,1,"INDOWIRA, PT"
JUAL,261.002.309,25/02/2026 0:00,2602240684,T,,N.191,JAMAFAC,PADALARANG,13,BU RINI,1,GUDANG BAIK,2100018,Alfa Zinc Chromate Primer GREEN 20 KG,5.00,"799,200.00",PL,0.00,0.00,0.00,0.00,"3,996,000.00",,1,"INDOWIRA, PT"
JUAL,261.002.310,25/02/2026 0:00,2602240682,T,,A.411,MENARA,HOLIS 171 H (CIBUNTU SELATAN),Y,KEN - Y,1,GUDANG BAIK,2101330,Attaboy Wall Putty Instant Powder  2 KG,12.00,"33,000.00",BKS,7.50,0.00,0.00,"29,700.00","366,300.00",,1,"INDOWIRA, PT"
JUAL,261.002.311,25/02/2026 0:00,2602250697,T,,K.127,RENALDY,JL.KEBON KANGKUNG SUDIRMAN BELAKANG 563,L,RUDI *,1,GUDANG BAIK,2100011,AlFa Polyester Putty  3KG,2.00,"103,000.00",GLN,5.00,0.00,0.00,"10,300.00","195,700.00",,1,"INDOWIRA, PT"
JUAL,261.002.312,25/02/2026 0:00,2602240680,T,,G.227,MUTIARA WARNA,JL.SOMAWINATA 14 TANI MULYA,G,JULIANTO,1,GUDANG BAIK,2102155,Mascot Wall Paint Super White 25 KG,1.00,"270,000.00",PL,7.50,0.00,0.00,"20,250.00","249,750.00",VIA SJ.4264,1,"INDOWIRA, PT"
JUAL,261.002.313,25/02/2026 0:00,2602240678,T,,W.468,TOKO ENO,JL.TERUSAN CIMUNCANG NO.16 JL.SUCI,C,YONATHAN,1,GUDANG BAIK,2104073,Tawon Kembang Meni Kayu & Besi 0.8 KG,12.00,"40,000.00",KL,7.50,0.00,0.00,"36,000.00","444,000.00",,1,"INDOWIRA, PT"
JUAL,261.002.314,25/02/2026 0:00,2602180529,T,,K.527,PT.AKD,SADANG,14,DEPO BANDUNG,1,GUDANG BAIK,2600044,Petalac 2K PU CO Base Veil 0.8LT,14.00,"140,000.00",KL,10.00,0.00,0.00,"196,000.00","1,764,000.00",,1,"INDOWIRA, PT"
JUAL,261.002.314,25/02/2026 0:00,2602180529,T,,K.527,PT.AKD,SADANG,14,DEPO BANDUNG,1,GUDANG BAIK,2600045,Petalac 2K PU CO Base White On White 0.8LT,50.00,"138,000.00",KL,10.00,0.00,0.00,"690,000.00","6,210,000.00",,1,"INDOWIRA, PT"
JUAL,261.002.325,25/02/2026 0:00,2602240691,T,,J.303,ASTA ARTHA/DIRGANTARA YUDHA,JL.KOPO JAYA II NO.13A,J,FRANSISKUS,1,GUDANG BAIK,2102837,Petalac 2K PU Hardener Normal  200CC,6.00,"55,000.00",KL,10.00,0.00,0.00,"33,000.00","297,000.00",,1,"INDOWIRA, PT"
JUAL,261.002.325,25/02/2026 0:00,2602240691,T,,J.303,ASTA ARTHA/DIRGANTARA YUDHA,JL.KOPO JAYA II NO.13A,J,FRANSISKUS,1,GUDANG BAIK,2500107,Petalac 2K PU Colour Base P.001 White 0.8LT,3.00,"126,000.00",KL,10.00,0.00,0.00,"37,800.00","340,200.00",,1,"INDOWIRA, PT"
JUAL,261.002.325,25/02/2026 0:00,2602240691,T,,J.303,ASTA ARTHA/DIRGANTARA YUDHA,JL.KOPO JAYA II NO.13A,J,FRANSISKUS,1,GUDANG BAIK,2200131,Petalac 2K PU CO Base P.013 Bright Red 0.8Lt,2.00,"133,000.00",KL,10.00,0.00,0.00,"26,600.00","239,400.00",,1,"INDOWIRA, PT"
JUAL,261.002.325,25/02/2026 0:00,2602240691,T,,J.303,ASTA ARTHA/DIRGANTARA YUDHA,JL.KOPO JAYA II NO.13A,J,FRANSISKUS,1,GUDANG BAIK,2102728,Petalac 2K PU Colour Base P004 Dark Yellow 0.8lt,1.00,"133,000.00",KL,10.00,0.00,0.00,"13,300.00","119,700.00",,1,"INDOWIRA, PT"
JUAL,261.002.327,25/02/2026 0:00,2602240659,T,,D.231,BANGUN BERKAT SAUDARA(PD.DEWI),JL.PUNGKUR 89,D,WILLY,1,GUDANG BAIK,2101920,Meiji Epoxy Filler White 20 LTR SET,5.00,"1,325,000.00",PL,5.00,0.00,0.00,"331,250.00","6,293,750.00",,1,"INDOWIRA, PT"
JUAL,261.002.328,25/02/2026 0:00,2602230612,T,,J.406,HARTA FURNITURE,JL.GEMPOL SARI 313 CIJERAH,J,FRANSISKUS,1,GUDANG BAIK,2101926,Meiji Lacquer Primer Surfacer IK  1 LITER,12.00,"57,000.00",KL,5.00,0.00,0.00,"34,200.00","649,800.00",,1,"INDOWIRA, PT"
JUAL,261.002.329,25/02/2026 0:00,2602250723,T,,P.160,SENTRAD,RANCAEKEK PERMAI II,13,BU RINI,1,GUDANG BAIK,2102109,Mascot Wall Paint Super White 200 KG,2.00,"1,700,000.00",DRM,0.00,0.00,0.00,0.00,"3,400,000.00",U/P.PA ACIN BLOK E.14,1,"INDOWIRA, PT"
JUAL,261.002.330,25/02/2026 0:00,2602250722,T,,K.311,PIPING,KEBON KOPI 76,13,BU RINI,1,GUDANG BAIK,2300092,Petalac Hardener Special Black Matt 200CC,2.00,"55,000.00",KL,10.00,0.00,0.00,"11,000.00","99,000.00",,1,"INDOWIRA, PT"
JUAL,261.002.330,25/02/2026 0:00,2602250722,T,,K.311,PIPING,KEBON KOPI 76,13,BU RINI,1,GUDANG BAIK,2300088,Petalac 2K PU Colour Base Black Matt 0.8LT,2.00,"133,000.00",KL,10.00,0.00,0.00,"26,600.00","239,400.00",,1,"INDOWIRA, PT"
JUAL,261.002.330,25/02/2026 0:00,2602250722,T,,K.311,PIPING,KEBON KOPI 76,13,BU RINI,1,GUDANG BAIK,2103148,Petalac Thinner PU  20 LTR,1.00,"834,000.00",JRG,0.00,0.00,0.00,0.00,"834,000.00",,1,"INDOWIRA, PT"
JUAL,261.002.332,25/02/2026 0:00,2602250718,T,,K.410,SUMBER JAYA,PUNGKUR 21,L,RUDI *,1,GUDANG BAIK,2104183,Wiratex Wall paint 848 5KG,1.00,"83,000.00",GL,7.50,0.00,0.00,"6,225.00","76,775.00",,1,"INDOWIRA, PT"
JUAL,261.002.333,25/02/2026 0:00,2602250716,T,,J.215,KARYA WARNA,JL.KARASAK LAMA NO.34,J,FRANSISKUS,1,GUDANG BAIK,2100049,Adler Polyester Putty 3002  1 KG SET,60.00,"62,000.00",KL,10.00,0.00,0.00,"372,000.00","3,348,000.00",,1,"INDOWIRA, PT"
JUAL,261.002.334,25/02/2026 0:00,2602250714,T,,G.515,TB.KIAN SENTOSA,JL.GA MANULUNG KMP.SUDI MAMPIR PADALARAN,U,GANIS,1,GUDANG BAIK,2101607,Kingkong Wall Putty Instant Powder  25 KG,10.00,"133,000.00",ZAK,7.50,0.00,0.00,"99,750.00","1,230,250.00",,1,"INDOWIRA, PT"
JUAL,261.002.334,25/02/2026 0:00,2602250714,T,,G.515,TB.KIAN SENTOSA,JL.GA MANULUNG KMP.SUDI MAMPIR PADALARAN,U,GANIS,1,GUDANG BAIK,2100558,Attaboy Natural Stone Protector Gloss  1 LITER,5.00,"98,000.00",KL,7.50,0.00,0.00,"36,750.00","453,250.00",,1,"INDOWIRA, PT"
JUAL,261.002.335,25/02/2026 0:00,2602250713,T,,C.123,TOYO BANGUNAN,GANDASARI 20 TERS.KOPO SOREANG,D,WILLY,1,GUDANG BAIK,2104073,Tawon Kembang Meni Kayu & Besi 0.8 KG,12.00,"40,000.00",KL,7.50,0.00,0.00,"36,000.00","444,000.00",,1,"INDOWIRA, PT"
JUAL,261.002.336,25/02/2026 0:00,2602250712,T,,N.1005A,AGUS,PERUM GMA,R,SIMON QIRENE,1,GUDANG BAIK,2103618,Petalux Wall Paint Putih Hemat 01 25 KG,2.00,"765,000.00",PL,5.00,0.00,0.00,"76,500.00","1,453,500.00",K/CHERIFIELD,1,"INDOWIRA, PT"
JUAL,261.002.337,25/02/2026 0:00,2602250699,T,,D.114,HIDUP SEJAHTERA,CIMAHI BARAT NO.785,C,YONATHAN,1,GUDANG BAIK,2104160,Wiratex Wall Paint 809 Jonquil 5KG,1.00,"83,000.00",GL,7.50,0.00,0.00,"6,225.00","76,775.00",,1,"INDOWIRA, PT"
JUAL,261.002.337,25/02/2026 0:00,2602250699,T,,D.114,HIDUP SEJAHTERA,CIMAHI BARAT NO.785,C,YONATHAN,1,GUDANG BAIK,2104147,Wiratex Wall Paint Putih Salju 25 KG,2.00,"390,000.00",PL,7.50,0.00,0.00,"58,500.00","721,500.00",,1,"INDOWIRA, PT"
JUAL,261.002.340,25/02/2026 0:00,2602250704,T,,U.230,TB.KENARI,JL.CIJERAH 79,C,YONATHAN,1,GUDANG BAIK,2100011,AlFa Polyester Putty  3KG,6.00,"103,000.00",GLN,5.00,0.00,0.00,"30,900.00","587,100.00",,1,"INDOWIRA, PT"
JUAL,261.002.341,25/02/2026 0:00,2602250705,T,,B.414,SALUYU III,PESANTREN 53A,U,GANIS,1,GUDANG BAIK,2104191,Wiratex Wall Paint Putih Salju 5KG,16.00,"83,000.00",GL,7.50,0.00,0.00,"99,600.00","1,228,400.00",,1,"INDOWIRA, PT"
JUAL,261.002.342,25/02/2026 0:00,2602250706,T,,D.211,KARYA AGUNG,LEUWIGAJAH 55,G,JULIANTO,1,GUDANG BAIK,2104147,Wiratex Wall Paint Putih Salju 25 KG,3.00,"390,000.00",PL,7.50,0.00,0.00,"87,750.00","1,082,250.00",,1,"INDOWIRA, PT"
JUAL,261.002.343,25/02/2026 0:00,2602250707,T,,J.606,SIMPLICITY,CILISUNG BELAKANG 39,J,FRANSISKUS,1,GUDANG BAIK,2102837,Petalac 2K PU Hardener Normal  200CC,3.00,"55,000.00",KL,10.00,0.00,0.00,"16,500.00","148,500.00",,1,"INDOWIRA, PT"
JUAL,261.002.343,25/02/2026 0:00,2602250707,T,,J.606,SIMPLICITY,CILISUNG BELAKANG 39,J,FRANSISKUS,1,GUDANG BAIK,2200050,"Petalac 2K PU Clear Matt MV3 Base 0,8Lt",3.00,"121,000.00",KL,10.00,0.00,0.00,"36,300.00","326,700.00",,1,"INDOWIRA, PT"
JUAL,261.002.344,25/02/2026 0:00,2602250710,T,,B.229,SERBA GUNA,PRAPATAN CIHAMPELAS NO.4 CILILIN,C,YONATHAN,1,GUDANG BAIK,2101607,Kingkong Wall Putty Instant Powder  25 KG,2.00,"133,000.00",ZAK,7.50,0.00,0.00,"19,950.00","246,050.00",,1,"INDOWIRA, PT"
JUAL,261.002.345,25/02/2026 0:00,2602250709,T,,C.408,LANGGENG CEMERLANG,JL.GADOBANGKONG NO.2 CIMAHI,R,SIMON QIRENE,1,GUDANG BAIK,2101915,Meiji Epoxy Filler  1 LTR SET,11.00,"76,000.00",KL,7.50,0.00,0.00,"62,700.00","773,300.00",,1,"INDOWIRA, PT"
JUAL,262.000.273,25/02/2026 0:00,2602230652,T,,R.575,CAHAYA MEGA,JL.GERLONG  78,R,SIMON QIRENE,1,GUDANG BAIK,2101913,Meiji Epoxy Filler  0.25 LTR SET,4.00,0.00,KL,0.00,0.00,0.00,0.00,0.00,,1,"INDOWIRA, PT"
JUAL,262.000.274,25/02/2026 0:00,2602240694,T,,K.527,PT.AKD,SADANG,14,DEPO BANDUNG,1,GUDANG BAIK,2104955,Bonus Sarung,5.00,0.00,PCS,0.00,0.00,0.00,0.00,0.00,,1,"INDOWIRA, PT"
JUAL,262.000.275,25/02/2026 0:00,2602240659,T,,D.231,BANGUN BERKAT SAUDARA(PD.DEWI),JL.PUNGKUR 89,D,WILLY,1,GUDANG BAIK,2104955,Bonus Sarung,3.00,0.00,PCS,0.00,0.00,0.00,0.00,0.00,,1,"INDOWIRA, PT"
JUAL,262.000.276,25/02/2026 0:00,2602250716,T,,J.215,KARYA WARNA,JL.KARASAK LAMA NO.34,J,FRANSISKUS,1,GUDANG BAIK,2104955,Bonus Sarung,1.00,0.00,PCS,0.00,0.00,0.00,0.00,0.00,,1,"INDOWIRA, PT"
JUAL,262.000.277,25/02/2026 0:00,2602250714,T,,G.515,TB.KIAN SENTOSA,JL.GA MANULUNG KMP.SUDI MAMPIR PADALARAN,U,GANIS,1,GUDANG BAIK,2101607,Kingkong Wall Putty Instant Powder  25 KG,1.00,0.00,ZAK,0.00,0.00,0.00,0.00,0.00,,1,"INDOWIRA, PT"
JUAL,262.000.278,25/02/2026 0:00,2602250709,T,,C.408,LANGGENG CEMERLANG,JL.GADOBANGKONG NO.2 CIMAHI,R,SIMON QIRENE,1,GUDANG BAIK,2101915,Meiji Epoxy Filler  1 LTR SET,1.00,0.00,KL,0.00,0.00,0.00,0.00,0.00,,1,"INDOWIRA, PT"
JUAL,261.002.346,26/02/2026 0:00,2602180529,T,,K.527,PT.AKD,SADANG,14,DEPO BANDUNG,1,GUDANG BAIK,2600047,Petalac 2K PU CO Base Midnight Hour 0.8LT,12.00,"142,000.00",KL,10.00,0.00,0.00,"170,400.00","1,533,600.00",,1,"INDOWIRA, PT"
JUAL,261.002.347,26/02/2026 0:00,2602180517,T,,K.527,PT.AKD,SADANG,14,DEPO BANDUNG,1,GUDANG BAIK,2600041,Petalac 2K PU CO Base Brush Wood 0.8LT,42.00,"140,000.00",KL,10.00,0.00,0.00,"588,000.00","5,292,000.00",,1,"INDOWIRA, PT"
JUAL,261.002.358,26/02/2026 0:00,2602260731,T,,J.606,SIMPLICITY,CILISUNG BELAKANG 39,J,FRANSISKUS,1,GUDANG BAIK,2102749,Petalac PU Clear Sealer  1 LTR SET,5.00,"121,000.00",KL,10.00,0.00,0.00,"60,500.00","544,500.00",,1,"INDOWIRA, PT"
JUAL,261.002.358,26/02/2026 0:00,2602260731,T,,J.606,SIMPLICITY,CILISUNG BELAKANG 39,J,FRANSISKUS,1,GUDANG BAIK,2102837,Petalac 2K PU Hardener Normal  200CC,2.00,"55,000.00",KL,10.00,0.00,0.00,"11,000.00","99,000.00",,1,"INDOWIRA, PT"
JUAL,261.002.358,26/02/2026 0:00,2602260731,T,,J.606,SIMPLICITY,CILISUNG BELAKANG 39,J,FRANSISKUS,1,GUDANG BAIK,2200050,"Petalac 2K PU Clear Matt MV3 Base 0,8Lt",2.00,"121,000.00",KL,10.00,0.00,0.00,"24,200.00","217,800.00",,1,"INDOWIRA, PT"
JUAL,261.002.359,26/02/2026 0:00,2602260730,T,,N.254,"SANBE FARMA ,PT",JL.TAMAN SARI NO.10,13,BU RINI,1,GUDANG BAIK,2102066,Meiji Zinc Chromate Primer  20 KG,1.00,"825,000.00",PL,10.00,0.00,0.00,"82,500.00","742,500.00",U/P.NASRUL HIDAYAT,1,"INDOWIRA, PT"
JUAL,261.002.360,26/02/2026 0:00,2602260729,T,,C.357,BSL BATUJAJAR,JL.RAYA BATUJAJAR KP.RESMI GALIH RT.04/02,C,YONATHAN,1,GUDANG BAIK,2102061,Meiji Zinc Chromate Primer  1 KG,24.00,"51,000.00",KL,7.50,0.00,0.00,"91,800.00","1,132,200.00",,1,"INDOWIRA, PT"
JUAL,261.002.360,26/02/2026 0:00,2602260729,T,,C.357,BSL BATUJAJAR,JL.RAYA BATUJAJAR KP.RESMI GALIH RT.04/02,C,YONATHAN,1,GUDANG BAIK,2102064,Meiji Zinc Chromate Primer Grey 1 KG,24.00,"51,000.00",KL,7.50,0.00,0.00,"91,800.00","1,132,200.00",,1,"INDOWIRA, PT"
JUAL,261.002.361,26/02/2026 0:00,2602260724,T,,L.125,TSJ AUTO,TRS.BUAH BATU NO.32,L,RUDI *,1,GUDANG BAIK,2105139,DALTONE CLEAR COAT HS8021 1.5LTS,1.00,"197,500.00",KL,10.00,0.00,0.00,"19,750.00","177,750.00",,1,"INDOWIRA, PT"
JUAL,261.002.362,26/02/2026 0:00,2602260728,T,,N.1057,FAJAR INDAH,JL.GIRI ASIH NO.1 B BATUJAJAR CIMAREME,13,BU RINI,1,GUDANG BAIK,2105214,Meiji Zinc Chromate Primer Dark Grey 20KG,2.00,"800,000.00",PAIL,0.00,0.00,0.00,0.00,"1,600,000.00",,1,"INDOWIRA, PT"
JUAL,261.002.362,26/02/2026 0:00,2602260728,T,,N.1057,FAJAR INDAH,JL.GIRI ASIH NO.1 B BATUJAJAR CIMAREME,13,BU RINI,1,GUDANG BAIK,2102068,Meiji Zinc Chromate Primer Broken Whit 20 KG,1.00,"800,000.00",PL,0.00,0.00,0.00,0.00,"800,000.00",,1,"INDOWIRA, PT"
JUAL,261.002.363,26/02/2026 0:00,2602260727,T,,N.888,SUMBER WARNA,PUNGKUR,14,DEPO BANDUNG,1,GUDANG BAIK,2102069,Meiji Zinc Chromate Primer Grey 20 KG,2.00,"825,000.00",PL,7.50,2.50,0.00,"161,906.24","1,488,093.76",,1,"INDOWIRA, PT"
JUAL,261.002.364,26/02/2026 0:00,2602260726,T,,W.354,PT.MENTARI AGUNG MANDIRI,JL.RAYA DAYEUH KOLOT O.341C RT 001 RW 006,R,SIMON QIRENE,1,GUDANG BAIK,2103625,Petalux Wall Paint Putih Wangi 25 KG,3.00,"505,000.00",PL,0.00,0.00,0.00,0.00,"1,515,000.00",U/P.MOMON,1,"INDOWIRA, PT"
JUAL,261.002.365,26/02/2026 0:00,2602250715,T,,G.227,MUTIARA WARNA,JL.SOMAWINATA 14 TANI MULYA,G,JULIANTO,1,GUDANG BAIK,2104163,Wiratex Wall Paint 820 Apple W 5KG,2.00,"83,000.00",GL,7.50,0.00,0.00,"12,450.00","153,550.00",K/JL.SUSILO NO.4,1,"INDOWIRA, PT"
JUAL,261.002.365,26/02/2026 0:00,2602250715,T,,G.227,MUTIARA WARNA,JL.SOMAWINATA 14 TANI MULYA,G,JULIANTO,1,GUDANG BAIK,2104192,Wiratex Wall Paint Super White 5KG,1.00,"83,000.00",GL,7.50,0.00,0.00,"6,225.00","76,775.00",K/JL.SUSILO NO.4,1,"INDOWIRA, PT"